key,sheet_status,net_mw,storage_mw,current_cod,ia_status,deliverability,tpd_group,poi,county,utility,project_name,cluster,node_key,poi_base,report,queue_position
PUBLIC:22,ACTIVE,38.0,38.0,2024-04-01 07:00:00,Executed,PARTIAL CAPACITY,GROUP D,BIRDS LANDING 230 KV,SOLANO,PGAE,MONTEZUMA (HIGH WINDS III),AMEND 39,BIRDS LANDING,BIRDS LANDING,PUBLIC,22
PUBLIC:32,ACTIVE,193.8,131.6,2030-10-31 07:00:00,Executed,PARTIAL CAPACITY,GROUP B,BOULEVARD EAST SUBSTATION 138 KV,SAN DIEGO,SDGE,TULE WIND,SERIAL LGIP,BOULEVARD EAST,BOULEVARD EAST SUBSTATION,PUBLIC,32
PUBLIC:54,ACTIVE,119.9,119.9,2027-06-30 07:00:00,Executed,FULL CAPACITY,,PANOCHE SUBSTATION,FRESNO,PGAE,MIDWAY PEAKING,SERIAL LGIP,PANOCHE,PANOCHE SUBSTATION,PUBLIC,54
PUBLIC:61,ACTIVE,73.27,18.5,2023-02-28 08:00:00,Executed,FULL CAPACITY,,HELM-KERMAN 70 KV LINE,FRESNO,PGAE,FRESNO COGENERATION EXPANSION PROJECT,AMEND 39,HELM KERMAN,HELM-KERMAN,PUBLIC,61
PUBLIC:72,ACTIVE,500.0,500.0,2028-12-31 08:00:00,Executed,FULL CAPACITY,,PROPOSED LEE LAKE SUBSTATION 500 KV,RIVERSIDE,SDGE,BLUEWATER RENEWABLE ENERGY STORAGE,SERIAL LGIP,PROPOSED LEE LAKE,PROPOSED LEE LAKE SUBSTATION,PUBLIC,72
PUBLIC:81,ACTIVE,52.01,47.4465,2027-11-30 08:00:00,Executed,ENERGY ONLY,GROUP A,GEYSERS #17-FULTON 230 KV LINE,LAKE,PGAE,BOTTLE ROCK POWER,SERIAL LGIP,GEYSERS FULTON,GEYSERS #17-FULTON,PUBLIC,81
PUBLIC:96,ACTIVE,600.0,300.0,2026-07-05 07:00:00,Executed,PARTIAL CAPACITY,GROUP A,TEHACHAPI CONCEPTUAL SUBSTATION #1,KERN,SCE,CPC WEST,SERIAL LGIP,TEHACHAPI CONCEPTUAL,TEHACHAPI CONCEPTUAL SUBSTATION #1,PUBLIC,96
PUBLIC:100,ACTIVE,120.0,120.0,2030-10-15 07:00:00,Executed,FULL CAPACITY,,VINCENT SUBSTATION 230KV,KERN,SCE,WINDSTAR I ALTERNATE,SERIAL LGIP,VINCENT,VINCENT SUBSTATION,PUBLIC,100
PUBLIC:124,ACTIVE,600.0,150.0,2027-06-01 07:00:00,Executed,PARTIAL CAPACITY,GROUP B,IMPERIAL VALLEY SUBSTATION 230 KV,IMPERIAL,SDGE,SILVER RIDGE MOUNT SIGNAL,SERIAL LGIP,IMPERIAL VALLEY,IMPERIAL VALLEY SUBSTATION,PUBLIC,124
PUBLIC:138,ACTIVE,150.0,90.0,2030-02-01 08:00:00,Executed,FULL CAPACITY,,DEVERS SUBSTATION 220 KV,RIVERSIDE,SCE,SANDSTORM WIND POWER ,SERIAL LGIP,DEVERS,DEVERS SUBSTATION,PUBLIC,138
PUBLIC:222,ACTIVE,78.0,54.0,2012-01-29 08:00:00,Executed,PARTIAL CAPACITY,GROUP D,BIRDS LANDING 230 KV,SOLANO,PGAE,MONTEZUMA II,TC,BIRDS LANDING,BIRDS LANDING,PUBLIC,222
PUBLIC:268,ACTIVE,145.0,40.0,2027-04-28 07:00:00,Executed,FULL CAPACITY,,TESLA-MANTECA 115KV LINE VIA SCHULTE SWITCHYARD,SAN JOAQUIN,PGAE,TRACY COMBINED-CYCLE POWER PLANT,SERIAL LGIP,TESLA MANTECA VIA SCHULTE,TESLA-MANTECA,PUBLIC,268
PUBLIC:272,ACTIVE,123.0,73.8,2025-12-30 08:00:00,Executed,FULL CAPACITY,GROUP A,HENRIETTA 70 KV,KINGS,PGAE,AMERICAN KINGS SOLAR,TC,HENRIETTA,HENRIETTA,PUBLIC,272
PUBLIC:297,ACTIVE,66.0,66.0,2027-12-11 08:00:00,Executed,FULL CAPACITY,GROUP A,NEENACH-BAILEY 66KV LINE,LOS ANGELES,SCE,ALTA VISTA SUNTOWER GENERATING STATION,TC,NEENACH BAILEY,NEENACH-BAILEY,PUBLIC,297
PUBLIC:356,ACTIVE,40.0,40.0,2028-02-20 08:00:00,Executed,FULL CAPACITY,,TAFT-CUYAMA #1 70KV LINE,SAN LUIS OBISPO,PGAE,CUYAMA SOLAR,TC,TAFT CUYAMA,TAFT-CUYAMA #1,PUBLIC,356
PUBLIC:378,ACTIVE,120.0,3.0,2023-09-01 07:00:00,Executed,FULL CAPACITY,,LOS ESTEROS 115 KV,SANTA CLARA,PGAE,LOS ESTEROS CRITICAL ENERGY FACILITY EXPANSION,TC,LOS ESTEROS,LOS ESTEROS,PUBLIC,378
PUBLIC:493,ACTIVE,265.44,238.989,2030-05-31 07:00:00,Executed,PARTIAL CAPACITY,,OCOTILLO SWITCHYARD 500 KV,IMPERIAL,SDGE,OCOTILLO EXPRESS,C01,OCOTILLO,OCOTILLO SWITCHYARD,PUBLIC,493
PUBLIC:506,ACTIVE,299.6,255.7,2029-03-31 07:00:00,Executed,PARTIAL CAPACITY,GROUP B,WHIRLWIND SUBSTATION 230KV,KERN,SCE,ROSAMOND WEST SOLAR,C01,WHIRLWIND,WHIRLWIND SUBSTATION,PUBLIC,506
PUBLIC:539,ACTIVE,20.0,20.0,2025-04-01 07:00:00,Executed,ENERGY ONLY,,SALADO-NEWMAN #1 60KV LINE,STANISLAUS,PGAE,CROW CREEK SOLAR 1 (FKA: FRONTIER SOLAR 1) (FKA AS SCATEC WESTSIDE SOLAR RANCH I AND STANISLAUS PV - PHASE 1),SGIP,SALADO NEWMAN,SALADO-NEWMAN #1,PUBLIC,539
PUBLIC:606,ACTIVE,20.0,0.0,2012-05-31 07:00:00,Executed,FULL CAPACITY,,SCHULTE SWITCHING STATION 115KV BUS,SAN JOAQUIN,PGAE,TRACY - ADDITIONAL CAPACITY,C02,SCHULTE,SCHULTE SWITCHING STATION,PUBLIC,606
PUBLIC:625,ACTIVE,20.0,20.0,2025-04-01 07:00:00,Executed,ENERGY ONLY,,HENRIETTA-TULARE LAKE 70 KV,KINGS,PGAE,KETTLEMAN SOLAR PROJECT (FKA KETTLEMAN SOLAR FARM),SGIP,HENRIETTA TULARE LAKE,HENRIETTA-TULARE LAKE,PUBLIC,625
PUBLIC:643R,ACTIVE,153.0,100.0,2026-06-01 07:00:00,Executed,PARTIAL CAPACITY,,WHIRLWIND SUB 230 KV BUS,KERN,SCE,NORTH ROSAMOND SOLAR,C03,WHIRLWIND,WHIRLWIND SUB,PUBLIC,643R
PUBLIC:653B,ACTIVE,20.0,20.0,2027-06-01 07:00:00,Executed,PARTIAL CAPACITY,,BELRIDGE - TEMBLOR 115 KV,KERN,PGAE,PUMPJACK SOLAR I (AKA PIONEER SOLAR I),SGIP-TC,BELRIDGE TEMBLOR,BELRIDGE - TEMBLOR,PUBLIC,653B
PUBLIC:678,ACTIVE,60.0,60.0,2024-12-20 08:00:00,Executed,PARTIAL CAPACITY,,PANOCHE-SCHINDLER #1 AND #2 115 KV LINE,FRESNO,PGAE,EXCELSIOR SOLAR (FKA: BURFORD FIVE POINTS),C04,PANOCHE SCHINDLER AND,PANOCHE-SCHINDLER #1 AND #2,PUBLIC,678
PUBLIC:720,ACTIVE,4.5,0.0,2027-10-15 07:00:00,Executed,ENERGY ONLY,,VOTA-SOUTH 60 KV,TEHAMA,PGAE,LASSEN LODGE HYDROELECTRIC,C04,VOTA SOUTH,VOTA-SOUTH,PUBLIC,720
PUBLIC:744,ACTIVE,90.0,0.0,2024-07-01 07:00:00,Executed,PARTIAL CAPACITY,GROUP D,LAMONT 115 KV,KERN,PGAE,REDWOOD SOLAR FARM,C04,LAMONT,LAMONT,PUBLIC,744
PUBLIC:768,ACTIVE,320.0,156.02,2029-01-01 08:00:00,Executed,PARTIAL CAPACITY,GROUP A,ANTELOPE SUBSTATION 230KV BUS,LOS ANGELES,SCE,BIG SKY SOLAR,C04,ANTELOPE,ANTELOPE SUBSTATION,PUBLIC,768
PUBLIC:779,ACTIVE,200.0,80.0,2026-10-21 07:00:00,Executed,PARTIAL CAPACITY,,LOS BANOS-PANOCHE #1 230KV LINE,MERCED,PGAE,WRIGHT SOLAR,C04,LOS BANOS PANOCHE,LOS BANOS-PANOCHE #1,PUBLIC,779
PUBLIC:900,ACTIVE,20.0,20.0,2027-06-30 07:00:00,Executed,PARTIAL CAPACITY,,MIDWAY TEMBLOR 115 KV LINE,KERN,PGAE,RIO BRAVO SOLAR 1,C05,MIDWAY TEMBLOR,MIDWAY TEMBLOR,PUBLIC,900
PUBLIC:972,ACTIVE,20.0,20.0,2027-07-30 07:00:00,Executed,PARTIAL CAPACITY,,MIDWAY-TEMBLOR 115KV LINE,KERN,PGAE,RIO BRAVO SOLAR 2,C06,MIDWAY TEMBLOR,MIDWAY-TEMBLOR,PUBLIC,972
PUBLIC:993,ACTIVE,50.0,40.0,2026-12-31 08:00:00,Executed,PARTIAL CAPACITY,,VALLEY SUBSTATION 138 KV,NYE,VEA,SUNSHINE VALLEY SOLAR 1,C06,VALLEY,VALLEY SUBSTATION,PUBLIC,993
PUBLIC:1002,ACTIVE,0.5,0.0,2027-10-15 07:00:00,Executed,ENERGY ONLY,,VOLTA-SOUTH 60 KV LINE,TEHAMA,PGAE,LASSEN LODGE HYDROELECTRIC 2,C06,VOLTA SOUTH,VOLTA-SOUTH,PUBLIC,1002
PUBLIC:1028,ACTIVE,20.0,20.0,2029-02-01 08:00:00,Executed,FULL CAPACITY,GROUP A,MENDOTA SUBSTATION 115 KV,FRESNO,PGAE,LITTLE BEAR SOLAR 1,C07,MENDOTA,MENDOTA SUBSTATION,PUBLIC,1028
PUBLIC:1029,ACTIVE,20.0,20.0,2029-02-01 08:00:00,Executed,FULL CAPACITY,GROUP A,MENDOTA SUBSTATION 115 KV,FRESNO,PGAE,LITTLE BEAR SOLAR 2,C07,MENDOTA,MENDOTA SUBSTATION,PUBLIC,1029
PUBLIC:1048,ACTIVE,33.0,33.0,2030-06-01 07:00:00,Executed,FULL CAPACITY,GROUP A,ESCONDIDO SUBSTATION 69 KV,SAN DIEGO,SDGE,ESCONDIDO ENERGY CENTER 2,C07,ESCONDIDO,ESCONDIDO SUBSTATION,PUBLIC,1048
PUBLIC:1062,ACTIVE,200.0,200.0,2026-06-01 07:00:00,Executed,ENERGY ONLY,GROUP C,HOODOO WASH SWITCHYARD 500 KV,YUMA,SDGE,WHITE WING RANCH SOLAR,C07,HOODOO WASH,HOODOO WASH SWITCHYARD,PUBLIC,1062
PUBLIC:1064,ACTIVE,44.0,44.0,2027-01-08 08:00:00,Executed,ENERGY ONLY,,GAMEBIRD SUBSTATION 230 KV,NYE,GLW,ARES NEVADA ,C07,GAMEBIRD,GAMEBIRD SUBSTATION,PUBLIC,1064
PUBLIC:1074,ACTIVE,125.0,61.62,2026-12-02 08:00:00,Executed,FULL CAPACITY,,WHIRLWIND SUBSTATION 220 KV,KERN,SCE,GASKELL WEST,C07,WHIRLWIND,WHIRLWIND SUBSTATION,PUBLIC,1074
PUBLIC:1096,ACTIVE,5.0,0.0,2027-04-28 07:00:00,Executed,ENERGY ONLY,,ALTAMONT MIDWAY 230 KV,ALAMEDA,PGAE,ALTAMONT MIDWAY LTD,FT,ALTAMONT MIDWAY,ALTAMONT MIDWAY,PUBLIC,1096
PUBLIC:1127,ACTIVE,20.0,20.0,2029-02-02 08:00:00,Executed,FULL CAPACITY,GROUP A,MENDOTA SUBSTATION 115KV,FRESNO,PGAE,LITTLE BEAR 3,C08,MENDOTA,MENDOTA SUBSTATION,PUBLIC,1127
PUBLIC:1128,ACTIVE,100.0,100.0,2029-02-02 08:00:00,Executed,FULL CAPACITY,GROUP A,MENDOTA SUBSTATION 115KV,FRESNO,PGAE,LITTLE BEAR 4,C08,MENDOTA,MENDOTA SUBSTATION,PUBLIC,1128
PUBLIC:1129,ACTIVE,200.0,168.5,2028-12-29 08:00:00,Executed,PARTIAL CAPACITY,,TRANQUILITY 230 KV,FRESNO,PGAE,LUNA VALLEY SOLAR,C08,TRANQUILITY,TRANQUILITY,PUBLIC,1129
PUBLIC:1135,ACTIVE,400.0,350.0,2027-12-31 08:00:00,Executed,FULL CAPACITY,,TRANQUILITY 230 KV,FRESNO,PGAE,SCARLET,C08,TRANQUILITY,TRANQUILITY,PUBLIC,1135
PUBLIC:1169,ACTIVE,69.6,69.6,2026-03-06 08:00:00,Executed,FULL CAPACITY,,AVOCADO SUBSTATION 69 KV,SAN DIEGO,SDGE,FALLBROOK ENERGY STORAGE,C08,AVOCADO,AVOCADO SUBSTATION,PUBLIC,1169
PUBLIC:1175,ACTIVE,125.0,125.0,2032-06-01 07:00:00,Executed,PARTIAL CAPACITY,GROUP B,IMPERIAL VALLEY SUBSTATION 230 KV,IMPERIAL,SDGE,LECONTE ENERGY STORAGE,C08,IMPERIAL VALLEY,IMPERIAL VALLEY SUBSTATION,PUBLIC,1175
PUBLIC:1204,ACTIVE,200.0,125.0,2026-06-01 07:00:00,Executed,PARTIAL CAPACITY,GROUP A,KRAMER SUBSTATION 230KV,SAN BERNARDINO,SCE,ARATINA SOLAR CENTER 1,C08,KRAMER,KRAMER SUBSTATION,PUBLIC,1204
PUBLIC:1207,ACTIVE,200.0,200.0,2027-01-28 08:00:00,Executed,PARTIAL CAPACITY,GROUP D,CALCITE SUBSTATION 230KV,SAN BERNARDINO,SCE,SIENNA SOLAR FARM,C08,CALCITE,CALCITE SUBSTATION,PUBLIC,1207
PUBLIC:1208,ACTIVE,650.0,358.88,2025-11-27 08:00:00,Executed,FULL CAPACITY,,ANTELOPE SUBSTATION 220KV,LOS ANGELES,SCE,ANTELOPE SOLAR 2,C08,ANTELOPE,ANTELOPE SUBSTATION,PUBLIC,1208
PUBLIC:1212,ACTIVE,92.0,93.0095,2026-12-01 08:00:00,Executed,FULL CAPACITY,GROUP 3,WHIRLWIND SUBSTATION 220KV,KERN,SCE,GOLDEN FIELDS SOLAR,C08,WHIRLWIND,WHIRLWIND SUBSTATION,PUBLIC,1212
PUBLIC:1222,ACTIVE,20.0,0.0,2016-12-01 08:00:00,,ENERGY ONLY,,HOODOO WASH SWITCHYARD 500 KV,MARICOPA,SDGE,AGUA CALIENTE SOLAR 2,ISP,HOODOO WASH,HOODOO WASH SWITCHYARD,PUBLIC,1222
PUBLIC:1223,ACTIVE,300.0,300.0,2028-01-19 08:00:00,Executed,PARTIAL CAPACITY,GROUP B,MUSTANG 230 KV,KINGS,PGAE,DAYLIGHT,C09,MUSTANG,MUSTANG,PUBLIC,1223
PUBLIC:1242,ACTIVE,246.4,154.0,2027-01-20 08:00:00,Executed,FULL CAPACITY,GROUP A,GATES 230 KV,KINGS,PGAE,PLUOT,C09,GATES,GATES,PUBLIC,1242
PUBLIC:1243,ACTIVE,249.7,225.0,2027-12-31 08:00:00,Executed,FULL CAPACITY,GROUP A,GATES 230 KV,KINGS,PGAE,POMEGRANATE,C09,GATES,GATES,PUBLIC,1243
PUBLIC:1260,ACTIVE,100.0,0.0,2027-03-02 08:00:00,Executed,ENERGY ONLY,GROUP B,MIDWAY-WHEELER RIDGE #2 230 KV LINE,KERN,PGAE,KYAN SOLAR,C09,MIDWAY WHEELER RIDGE,MIDWAY-WHEELER RIDGE #2,PUBLIC,1260
PUBLIC:1270,ACTIVE,300.0,313.5,2027-06-01 07:00:00,Executed,FULL CAPACITY,GROUP 3,VACA-DIXON 230 KV,SOLANO,PGAE,CORBY,C09,VACA DIXON,VACA-DIXON,PUBLIC,1270
PUBLIC:1277,ACTIVE,20.0,0.0,2026-12-31 08:00:00,Executed,FULL CAPACITY,,TESLA 230 KV,ALAMEDA,PGAE,MULQUEENEY RANCH WIND,C09,TESLA,TESLA,PUBLIC,1277
PUBLIC:1314,ACTIVE,300.0,208.0,2023-08-06 07:00:00,Executed,FULL CAPACITY,,KRAMER SUBSTATION 230KV,SAN BERNARDINO,SCE,DAGGETT SOLAR 3,C09,KRAMER,KRAMER SUBSTATION,PUBLIC,1314
PUBLIC:1322,ACTIVE,24.0,24.95,2026-07-07 07:00:00,Executed,FULL CAPACITY,GROUP 3,WHIRLWIND SUBSTATION 230KV,KERN,SCE,SOLAR STAR 3,C09,WHIRLWIND,WHIRLWIND SUBSTATION,PUBLIC,1322
PUBLIC:1323,ACTIVE,24.0,24.95,2026-07-07 07:00:00,Executed,FULL CAPACITY,GROUP 3,WHIRLWIND SUBSTATION 230KV,KERN,SCE,SOLAR STAR 4,C09,WHIRLWIND,WHIRLWIND SUBSTATION,PUBLIC,1323
PUBLIC:1339,ACTIVE,300.0,300.0,2026-05-01 07:00:00,Executed,PARTIAL CAPACITY,,SCE OWNED ELDORADO BUS 230KV,CLARK,SCE,TAHOE,C09,SCE OWNED ELDORADO,SCE OWNED ELDORADO BUS,PUBLIC,1339
PUBLIC:1347,ACTIVE,126.5934,126.5934,2027-03-01 08:00:00,Executed,FULL CAPACITY,,SLOAN CANYON SWITCHING STATION 230KV,CLARK,GLW,ROCCASECCA BESS,C09,SLOAN CANYON,SLOAN CANYON SWITCHING STATION,PUBLIC,1347
PUBLIC:1349,ACTIVE,100.0,101.3,2026-07-31 07:00:00,Executed,FULL CAPACITY,GROUP 2,CAYETANO 230 KV,ALAMEDA,PGAE,ARAMIS POWER PLANT,C10,CAYETANO,CAYETANO,PUBLIC,1349
PUBLIC:1363,ACTIVE,80.8,0.0,2027-04-28 07:00:00,Executed,FULL CAPACITY,,DELTA SWITCHING YARD-TESLA 230 KV LINE,ALAMEDA,PGAE,SAND HILL C,C10,DELTA SWITCHING YARD TESLA,DELTA SWITCHING YARD-TESLA,PUBLIC,1363
PUBLIC:1378,ACTIVE,76.35,0.0,2026-03-31 07:00:00,Executed,PARTIAL CAPACITY,GROUP 2,LOS BANOS 70 KV,MERCED,PGAE,GONZAGA WIND FARM,C10,LOS BANOS,LOS BANOS,PUBLIC,1378
PUBLIC:1379,ACTIVE,150.0,72.27,2028-06-30 07:00:00,Executed,FULL CAPACITY,GROUP B,TRANQUILITY 230 KV,FRESNO,PGAE,HEARTLAND 1,C10,TRANQUILITY,TRANQUILITY,PUBLIC,1379
PUBLIC:1380,ACTIVE,150.0,72.2932,2028-06-30 07:00:00,Executed,PARTIAL CAPACITY,,TRANQUILITY 230 KV,FRESNO,PGAE,HEARTLAND 2,C10,TRANQUILITY,TRANQUILITY,PUBLIC,1380
PUBLIC:1382,ACTIVE,100.0,100.0,2027-12-31 08:00:00,Executed,FULL CAPACITY,GROUP A,LOS BANOS 230 KV,MERCED,PGAE,LAS CAMAS 1,C10,LOS BANOS,LOS BANOS,PUBLIC,1382
PUBLIC:1389,ACTIVE,125.0,61.25,2026-06-01 07:00:00,Executed,FULL CAPACITY,GROUP 2B,GATES 230 KV,FRESNO,PGAE,REDUX SOLAR,C10,GATES,GATES,PUBLIC,1389
PUBLIC:1391,ACTIVE,200.0,184.0,2026-12-31 08:00:00,Executed,PARTIAL CAPACITY,GROUP 1,TRANQUILITY 230 KV,FRESNO,PGAE,SONRISA,C10,TRANQUILITY,TRANQUILITY,PUBLIC,1391
PUBLIC:1402,ACTIVE,3200.0,2171.0,2028-03-31 07:00:00,Executed,PARTIAL CAPACITY,GROUP A,DELANEY-COLORADO RIVER 500 KV LINE,LA PAZ,DCRT,ATLAS COMPLEX,C10,DELANEY COLORADO RIVER,DELANEY-COLORADO RIVER,PUBLIC,1402
PUBLIC:1405,ACTIVE,450.0,450.0,2027-05-17 07:00:00,Executed,FULL CAPACITY,GROUP A,RED BLUFF SUBSTATION 230KV,RIVERSIDE,SCE,ATHOS POWER PLANT,C10,RED BLUFF,RED BLUFF SUBSTATION,PUBLIC,1405
PUBLIC:1413,ACTIVE,100.0,75.0,2031-06-30 07:00:00,Executed,PARTIAL CAPACITY,GROUP 2,ROADWAY SUBSTATION 115KV BUS,SAN BERNARDINO,SCE,BALDY MESA,C10,ROADWAY,ROADWAY SUBSTATION,PUBLIC,1413
PUBLIC:1419,ACTIVE,54.28,11.0,2027-12-31 08:00:00,Executed,FULL CAPACITY,GROUP 2,WHIRLWIND SUBSTATION 230KV,KERN,SCE,CAMINO SOLAR,C10,WHIRLWIND,WHIRLWIND SUBSTATION,PUBLIC,1419
PUBLIC:1432,ACTIVE,20.0,17.4,2027-04-30 07:00:00,Executed,PARTIAL CAPACITY,,BOULEVARD EAST SUBSTATION 69 KV,SAN DIEGO,SDGE,STARLIGHT SOLAR,C10,BOULEVARD EAST,BOULEVARD EAST SUBSTATION,PUBLIC,1432
PUBLIC:1435,ACTIVE,250.0,250.0,2030-06-30 07:00:00,Executed,ENERGY ONLY,,HOODOO WASH SWITCHYARD 500 KV,YUMA,SDGE,IRONWOOD SOLAR,C10,HOODOO WASH,HOODOO WASH SWITCHYARD,PUBLIC,1435
PUBLIC:1442,ACTIVE,120.0,124.3,2031-03-01 08:00:00,Executed,ENERGY ONLY,,LLAGAS-GILROY FOODS 115 KV LINE,SANTA CLARA,PGAE,AJO POWER BANK,C11,LLAGAS GILROY FOODS,LLAGAS-GILROY FOODS,PUBLIC,1442
PUBLIC:1444,ACTIVE,150.0,150.0,2027-07-13 07:00:00,Executed,PARTIAL CAPACITY,GROUP 2,CORTINA 115 KV,COLUSA,PGAE,SALOON ENERGY STORAGE,C11,CORTINA,CORTINA,PUBLIC,1444
PUBLIC:1455,ACTIVE,80.0,80.0,2027-03-01 08:00:00,Executed,FULL CAPACITY,GROUP 3,CORTINA 60 KV,COLUSA,PGAE,JANUS,C11,CORTINA,CORTINA,PUBLIC,1455
PUBLIC:1456,ACTIVE,100.0,100.0,2027-12-31 08:00:00,Executed,FULL CAPACITY,GROUP A,LOS BANOS 230 KV,MERCED,PGAE,LAS CAMAS 3,C11,LOS BANOS,LOS BANOS,PUBLIC,1456
PUBLIC:1457,ACTIVE,3.0,3.0,2025-04-29 07:00:00,,FULL CAPACITY,GROUP 3,LOS ESTEROS 115 KV,SANTA CLARA,PGAE,MILPA POWER BANK,C11,LOS ESTEROS,LOS ESTEROS,PUBLIC,1457
PUBLIC:1459,ACTIVE,60.0,0.0,2026-06-01 07:00:00,Executed,FULL CAPACITY,GROUP 2B,TESLA 230 KV,ALAMEDA,PGAE,MULQUEENEY RANCH WIND 2,C11,TESLA,TESLA,PUBLIC,1459
PUBLIC:1461,ACTIVE,90.7,114.4,2026-12-01 08:00:00,Executed,FULL CAPACITY,GROUP A,KELSO-TESLA TAP 230 KV,ALAMEDA,PGAE,RECLAIMED WIND,C11,KELSO TESLA,KELSO-TESLA TAP,PUBLIC,1461
PUBLIC:1463,ACTIVE,90.8,0.0,2025-05-31 07:00:00,Executed,FULL CAPACITY,GROUP 1,BIRDS LANDING 230 KV,SOLANO,PGAE,SOLANO 4 WIND,C11,BIRDS LANDING,BIRDS LANDING,PUBLIC,1463
PUBLIC:1479,ACTIVE,300.1,300.0,2026-10-01 07:00:00,Executed,FULL CAPACITY,GROUP 3,GATES 500 KV,FRESNO,PGAE,KEY STORAGE 1,C11,GATES,GATES,PUBLIC,1479
PUBLIC:1495,ACTIVE,64.9,25.0,2026-04-12 07:00:00,Executed,FULL CAPACITY,GROUP 1A,ARCO 230 KV,KERN,PGAE,CHALAN SOLAR,C11,ARCO,ARCO,PUBLIC,1495
PUBLIC:1499,ACTIVE,70.0,70.0,2027-01-31 08:00:00,Executed,PARTIAL CAPACITY,GROUP 3,LAKEVIEW 70 KV,KERN,PGAE,JASMINE,C11,LAKEVIEW,LAKEVIEW,PUBLIC,1499
PUBLIC:1507,ACTIVE,49.9,58.75,2028-06-01 07:00:00,Executed,FULL CAPACITY,GROUP 1,GOLD HILL 60 KV,SACRAMENTO,PGAE,PROSPECT ENERGY STORAGE,C11,GOLD HILL,GOLD HILL,PUBLIC,1507
PUBLIC:1510,ACTIVE,500.0,500.0,2025-08-01 07:00:00,Executed,FULL CAPACITY,GROUP 3,WINDHUB SUBSTATION 230KV,KERN,SCE,BELLEFIELD SOLAR FARM,C11,WINDHUB,WINDHUB SUBSTATION,PUBLIC,1510
PUBLIC:1518,ACTIVE,500.0,372.5,2025-10-01 07:00:00,Executed,FULL CAPACITY,GROUP 1,WINDHUB SUBSTATION 230KV,KERN,SCE,SANBORN SOLAR 2,C11,WINDHUB,WINDHUB SUBSTATION,PUBLIC,1518
PUBLIC:1519,ACTIVE,100.0,75.0,2026-11-01 07:00:00,Executed,PARTIAL CAPACITY,GROUP 2,ROADWAY SUBSTATION 115KV,SAN BERNARDINO,SCE,BALDY MESA 2,C11,ROADWAY,ROADWAY SUBSTATION,PUBLIC,1519
PUBLIC:1522,ACTIVE,370.0,370.0,2027-09-15 07:00:00,,FULL CAPACITY,GROUP 3,MOHAVE SUBSTATION 500KV,CLARK,SCE,ARIDA SOLAR FARM,C11,MOHAVE,MOHAVE SUBSTATION,PUBLIC,1522
PUBLIC:1532,ACTIVE,90.0,90.0,2027-01-13 08:00:00,Executed,FULL CAPACITY,GROUP 2,CARRIZO GORGE SWITCHYARD 138 KV,SAN DIEGO,SDGE,KETTLE SOLAR ONE,C11,CARRIZO GORGE,CARRIZO GORGE SWITCHYARD,PUBLIC,1532
PUBLIC:1534,ACTIVE,250.0,250.0,2027-12-31 08:00:00,,ENERGY ONLY,GROUP B,HASSAYAMPA COMMON BUS 500 KV,MARICOPA,SDGE,VULCAN,C11,HASSAYAMPA COMMON,HASSAYAMPA COMMON BUS,PUBLIC,1534
PUBLIC:1539,ACTIVE,750.0,782.79,2025-11-30 08:00:00,Executed,FULL CAPACITY,OTHER,MOSS LANDING 500 KV,MONTEREY,PGAE,IRVING STORAGE,ISP,MOSS LANDING,MOSS LANDING,PUBLIC,1539
PUBLIC:1550,ACTIVE,200.0,200.0,2027-12-15 08:00:00,Executed,FULL CAPACITY,GROUP 2,LOS ESTEROS 230 KV,SANTA CLARA,PGAE,TANAGER STORAGE,C12,LOS ESTEROS,LOS ESTEROS,PUBLIC,1550
PUBLIC:1552,ACTIVE,250.0,250.0,2027-04-15 07:00:00,Executed,FULL CAPACITY,GROUP 2,MARTIN 115 KV,SAN FRANCISCO,PGAE,CORMORANT STORAGE,C12,MARTIN,MARTIN,PUBLIC,1552
PUBLIC:1553,ACTIVE,350.0,354.88,2029-03-28 07:00:00,Executed,FULL CAPACITY,GROUP 3,METCALF 230 KV,SANTA CLARA,PGAE,JEWELFLOWER STORAGE,C12,METCALF,METCALF,PUBLIC,1553
PUBLIC:1557,ACTIVE,99.0,99.0,2029-04-16 07:00:00,Executed,FULL CAPACITY,GROUP 3,RIPON 115 KV,SAN JOAQUIN,PGAE,NOOSA ENERGY STORAGE,C12,RIPON,RIPON,PUBLIC,1557
PUBLIC:1565,ACTIVE,24.5,0.0,2027-07-16 07:00:00,Executed,FULL CAPACITY,GROUP 3,TULUCAY 60 KV,NAPA,PGAE,DYNAMO SOLAR,C12,TULUCAY,TULUCAY,PUBLIC,1565
PUBLIC:1568,ACTIVE,40.0,21.05,2021-12-31 08:00:00,In Progress,ENERGY ONLY,,HENRIETTA-LEMOORE NAS 70 KV,KINGS,PGAE,AIR STATION 1,C12,HENRIETTA LEMOORE NAS,HENRIETTA-LEMOORE NAS,PUBLIC,1568
PUBLIC:1587,ACTIVE,100.0,101.78,2028-12-01 08:00:00,Executed,FULL CAPACITY,GROUP A,ARCO 230 KV,KERN,PGAE,KINGSROAD HYBRID SOLAR,C12,ARCO,ARCO,PUBLIC,1587
PUBLIC:1593,ACTIVE,500.0,500.0,2028-01-24 08:00:00,Executed,PARTIAL CAPACITY,GROUP A,GATES-MIDWAY 230 KV LINE,KINGS,PGAE,PELICANS JAW HYBRID SOLAR,C12,GATES MIDWAY,GATES-MIDWAY,PUBLIC,1593
PUBLIC:1596,ACTIVE,800.0,818.0,2029-08-01 07:00:00,Executed,FULL CAPACITY,GROUP 3,MIDWAY 500 KV,KERN,PGAE,BUTTONBUSH SOLAR HYBRID ENERGY CENTER,C12,MIDWAY,MIDWAY,PUBLIC,1596
PUBLIC:1604,ACTIVE,200.0,113.0,2026-12-31 08:00:00,Executed,PARTIAL CAPACITY,GROUP 1A,KRAMER SUBSTATION 230KV,KERN,SCE,ARATINA SOLAR CENTER 2,C12,KRAMER,KRAMER SUBSTATION,PUBLIC,1604
PUBLIC:1608,ACTIVE,200.0,200.0,2027-07-01 07:00:00,Executed,FULL CAPACITY,GROUP 2,HINSON SUBSTATION 230KV,LOS ANGELES,SCE,AVOCET STORAGE,C12,HINSON,HINSON SUBSTATION,PUBLIC,1608
PUBLIC:1611,ACTIVE,250.0,250.0,2028-06-01 07:00:00,Executed,FULL CAPACITY,GROUP 3,LAGUNA BELL SUBSTATION 230KV,LOS ANGELES,SCE,COMMERCE ENERGY STORAGE,C12,LAGUNA BELL,LAGUNA BELL SUBSTATION,PUBLIC,1611
PUBLIC:1615,ACTIVE,200.0,200.0,2027-02-28 08:00:00,Executed,FULL CAPACITY,GROUP 3,WALNUT SUBSTATION 220KV,LOS ANGELES,SCE,KESTREL STORAGE,C12,WALNUT,WALNUT SUBSTATION,PUBLIC,1615
PUBLIC:1619,ACTIVE,500.0,500.0,2029-04-01 07:00:00,Executed,FULL CAPACITY,GROUP 3,MOORPARK SUBSTATION 230 KV,VENTURA,SCE,GOLDBACK SOLAR CENTER,C12,MOORPARK,MOORPARK SUBSTATION,PUBLIC,1619
PUBLIC:1625,ACTIVE,1150.0,1150.0,2028-12-31 08:00:00,Executed,FULL CAPACITY,GROUP 3,VINCENT SUBSTATION 500KV,LOS ANGELES,SCE,ANGELENO SOLAR FARM,C12,VINCENT,VINCENT SUBSTATION,PUBLIC,1625
PUBLIC:1629,ACTIVE,300.0,305.0,2028-10-01 07:00:00,Executed,FULL CAPACITY,GROUP 3,VINCENT SUBSTATION 230 KV,LOS ANGELES,SCE,HUMIDOR STORAGE 1,C12,VINCENT,VINCENT SUBSTATION,PUBLIC,1629
PUBLIC:1631,ACTIVE,500.0,500.0,2027-06-30 07:00:00,Executed,FULL CAPACITY,GROUP 2A,WINDHUB SUBSTATION 220KV,KERN,SCE,BELLEFIELD 2 SOLAR FARM,C12,WINDHUB,WINDHUB SUBSTATION,PUBLIC,1631
PUBLIC:1632,ACTIVE,1400.0,672.27,2026-12-31 08:00:00,Executed,PARTIAL CAPACITY,GROUP 2,WINDHUB SUBSTATION 500KV,KERN,SCE,SANBORN HYBRID 3,C12,WINDHUB,WINDHUB SUBSTATION,PUBLIC,1632
PUBLIC:1636,ACTIVE,400.0,400.0,2031-10-28 07:00:00,Executed,ENERGY ONLY,GROUP D,COLORADO RIVER SUBSTATION 230KV,RIVERSIDE,SCE,CALYPSO SOLAR,C12,COLORADO RIVER,COLORADO RIVER SUBSTATION,PUBLIC,1636
PUBLIC:1642,ACTIVE,500.0,518.4,2026-04-15 07:00:00,Executed,PARTIAL CAPACITY,GROUP A,RED BLUFF SUBSTATION 500KV,RIVERSIDE,SCE,OBERON,C12,RED BLUFF,RED BLUFF SUBSTATION,PUBLIC,1642
PUBLIC:1643,ACTIVE,400.0,400.0,2032-10-31 07:00:00,Executed,FULL CAPACITY,GROUP B,RED BLUFF SUBSTATION 500KV,RIVERSIDE,SCE,LYCAN SOLAR,C12,RED BLUFF,RED BLUFF SUBSTATION,PUBLIC,1643
PUBLIC:1646,ACTIVE,500.0,507.6,2030-07-01 07:00:00,Executed,FULL CAPACITY,GROUP A,VALLEY SUBSTATION 500 KV,RIVERSIDE,SCE,DOUBLE BUTTE STORAGE,C12,VALLEY,VALLEY SUBSTATION,PUBLIC,1646
PUBLIC:1647,ACTIVE,700.0,700.0,2029-05-31 07:00:00,In Progress,FULL CAPACITY,GROUP 3,MOHAVE SUBSTATION 500KV,CLARK,SCE,ARIDA 2 SOLAR FARM,C12,MOHAVE,MOHAVE SUBSTATION,PUBLIC,1647
PUBLIC:1649,ACTIVE,300.0,300.0,2028-09-30 07:00:00,Executed,PARTIAL CAPACITY,GROUP B,INNOVATION SUBSTATION 230 KV,CLARK/NYE,GLW,BONANZA SOLAR,C12,INNOVATION,INNOVATION SUBSTATION,PUBLIC,1649
PUBLIC:1650,ACTIVE,200.0,200.0,2028-12-13 08:00:00,Executed,FULL CAPACITY,GROUP A,TROUT CANYON SUBSTATION 230 KV,NYE,GLW,ROUGH HAT HYBRID SOLAR,C12,TROUT CANYON,TROUT CANYON SUBSTATION,PUBLIC,1650
PUBLIC:1654,ACTIVE,250.0,236.0,2026-12-01 08:00:00,Executed,PARTIAL CAPACITY,GROUP B,TROUT CANYON SUBSTATION 230 KV,CLARK,GLW,YELLOW PINE 3,C12,TROUT CANYON,TROUT CANYON SUBSTATION,PUBLIC,1654
PUBLIC:1655,ACTIVE,400.0,200.0,2027-12-31 08:00:00,Executed,FULL CAPACITY,GROUP D,TROUT CANYON SUBSTATION 230 KV,CLARK/NYE,GLW,BONANZA PEAK SOLAR FARM,C12,TROUT CANYON,TROUT CANYON SUBSTATION,PUBLIC,1655
PUBLIC:1660,ACTIVE,300.0,0.0,2025-12-31 08:00:00,Executed,FULL CAPACITY,GROUP A,EAST COUNTY SUBSTATION 230 KV,TECATE,SDGE,CIMARRON WIND,C12,EAST COUNTY,EAST COUNTY SUBSTATION,PUBLIC,1660
PUBLIC:1663,ACTIVE,450.0,450.0,2031-12-31 08:00:00,In Progress,ENERGY ONLY,GROUP 3,HOODOO WASH SWITCHYARD 500 KV,YUMA,SDGE,HOODINI,C12,HOODOO WASH,HOODOO WASH SWITCHYARD,PUBLIC,1663
PUBLIC:1667,ACTIVE,150.0,150.0,2027-01-18 08:00:00,Executed,PARTIAL CAPACITY,GROUP 3,IMPERIAL VALLEY SUBSTATION 230 KV,IMPERIAL,SDGE,SUNRISE BUTTE,C12,IMPERIAL VALLEY,IMPERIAL VALLEY SUBSTATION,PUBLIC,1667
PUBLIC:1678,ACTIVE,300.0,308.926,2030-04-01 07:00:00,,FULL CAPACITY,GROUP A,DELANEY SUBSTATION 500 KV,MARICOPA,DCRT,HARQUAHALA SUNRISE,C13,DELANEY,DELANEY SUBSTATION,PUBLIC,1678
PUBLIC:1690,ACTIVE,101.2,102.0,2028-09-30 07:00:00,Executed,FULL CAPACITY,GROUP A,VIERRA 115 KV,SAN JOAQUIN,PGAE,DENALI ENERGY STORAGE,C13,VIERRA,VIERRA,PUBLIC,1690
PUBLIC:1702,ACTIVE,400.0,405.9,2028-05-11 07:00:00,Executed,FULL CAPACITY,GROUP 3,TESLA 500 KV,SAN JOAQUIN,PGAE,POTENTIA-VIRIDI,C13,TESLA,TESLA,PUBLIC,1702
PUBLIC:1709,ACTIVE,35.0,36.1746,2028-04-30 07:00:00,Executed,FULL CAPACITY,GROUP D,CRESCENT 70 KV,FRESNO,PGAE,ROSEMARY,C13,CRESCENT,CRESCENT,PUBLIC,1709
PUBLIC:1718,ACTIVE,103.65,54.94,2026-03-31 07:00:00,Executed,FULL CAPACITY,GROUP B,LOS BANOS 70 KV,MERCED,PGAE,GONZAGA HYBRID,C13,LOS BANOS,LOS BANOS,PUBLIC,1718
PUBLIC:1728,ACTIVE,75.0,77.4774,2027-05-26 07:00:00,Executed,FULL CAPACITY,GROUP B,MERCY SPRINGS 70 KV,MERCED,PGAE,ZETA,C13,MERCY SPRINGS,MERCY SPRINGS,PUBLIC,1728
PUBLIC:1736,ACTIVE,250.0,250.0,2027-05-01 07:00:00,In Progress,PARTIAL CAPACITY,GROUP D,ARCO 230 KV,KERN,PGAE,HAWKINS SOLAR HYBRID,C13,ARCO,ARCO,PUBLIC,1736
PUBLIC:1740,ACTIVE,100.0,101.8,2030-09-01 07:00:00,Executed,ENERGY ONLY,GROUP D,ARCO 230 KV,KERN,PGAE,PUFF HYBRID SOLAR,C13,ARCO,ARCO,PUBLIC,1740
PUBLIC:1744,ACTIVE,100.0,51.401,2030-12-26 08:00:00,Executed,ENERGY ONLY,GROUP A,LAMONT 115 KV,KERN,PGAE,CRYSTAL FLATS ,C13,LAMONT,LAMONT,PUBLIC,1744
PUBLIC:1745,ACTIVE,35.0,0.0,2024-05-11 07:00:00,,ENERGY ONLY,,MIDWAY 230 KV,KERN,PGAE,SUNRISE POWER IMPROVEMENT,C13,MIDWAY,MIDWAY,PUBLIC,1745
PUBLIC:1750,ACTIVE,1000.0,0.0,2028-02-12 08:00:00,Executed,FULL CAPACITY,GROUP 3,DIABLO CANYON 500 KV,SAN LUIS OBISPO,PGAE,WINDWALKER OFFSHORE,C13,DIABLO CANYON,DIABLO CANYON,PUBLIC,1750
PUBLIC:1751,ACTIVE,200.0,102.0,2028-12-10 08:00:00,Executed,FULL CAPACITY,GROUP A,MIDWAY 115 KV,KERN,PGAE,WINSTON HYBRID PV AND BESS,C13,MIDWAY,MIDWAY,PUBLIC,1751
PUBLIC:1757,ACTIVE,250.0,256.202,2027-05-31 07:00:00,Executed,ENERGY ONLY,GROUP 3,COLORADO RIVER SUBSTATION 220KV,RIVERSIDE,SCE,COBALT,C13,COLORADO RIVER,COLORADO RIVER SUBSTATION,PUBLIC,1757
PUBLIC:1758,ACTIVE,300.0,300.0,2035-03-31 07:00:00,Executed,FULL CAPACITY,GROUP B,DEVERS SUBSTATION 230KV,RIVERSIDE,SCE,DESERT SANDS,C13,DEVERS,DEVERS SUBSTATION,PUBLIC,1758
PUBLIC:1761,ACTIVE,500.0,508.56,2027-01-13 08:00:00,Executed,PARTIAL CAPACITY,GROUP A,COLORADO RIVER SUBSTATION 230KV,RIVERSIDE,SCE,GRACE ENERGY CENTER,C13,COLORADO RIVER,COLORADO RIVER SUBSTATION,PUBLIC,1761
PUBLIC:1764,ACTIVE,117.0,117.0,2034-12-31 08:00:00,Executed,FULL CAPACITY,GROUP A,RED BLUFF SUBSTATION 230KV,RIVERSIDE,SCE,SAPPHIRE SOLAR,C13,RED BLUFF,RED BLUFF SUBSTATION,PUBLIC,1764
PUBLIC:1766,ACTIVE,250.0,250.0,2028-06-01 07:00:00,Executed,FULL CAPACITY,GROUP 3,LAGUNA BELL SUBSTATION 230KV,LOS ANGELES,SCE,COMMERCE ENERGY STORAGE 2,C13,LAGUNA BELL,LAGUNA BELL SUBSTATION,PUBLIC,1766
PUBLIC:1768,ACTIVE,300.0,312.96,2027-06-12 07:00:00,Executed,FULL CAPACITY,GROUP 3,MIRA LOMA SUBSTATION 230KV,SAN BERNARDINO,SCE,ROADHOUSE STORAGE,C13,MIRA LOMA,MIRA LOMA SUBSTATION,PUBLIC,1768
PUBLIC:1774,ACTIVE,150.0,150.0,2026-09-15 07:00:00,Executed,FULL CAPACITY,GROUP A,KRAMER SUBSTATION 230KV,SAN BERNARDINO,SCE,OVERNIGHT SOLAR,C13,KRAMER,KRAMER SUBSTATION,PUBLIC,1774
PUBLIC:1779,ACTIVE,150.0,150.0,2028-02-27 08:00:00,Executed,ENERGY ONLY,GROUP B,WINDHUB SUBSTATION 230KV,KERN,SCE,BELLEFIELD 3 SOLAR FARM,C13,WINDHUB,WINDHUB SUBSTATION,PUBLIC,1779
PUBLIC:1782,ACTIVE,500.0,108.0,2030-07-01 07:00:00,Executed,FULL CAPACITY,GROUP 3,WHIRLWIND SUBSTATION 230KV,KERN,SCE,WILLOW ROCK ENERGY STORAGE,C13,WHIRLWIND,WHIRLWIND SUBSTATION,PUBLIC,1782
PUBLIC:1783,ACTIVE,400.0,409.0,2030-10-08 07:00:00,Executed,FULL CAPACITY,GROUP D,MANDALAY SWITCHYARD 220KV,VENTURA,SCE,SHOALS ENERGY STORAGE,C13,MANDALAY,MANDALAY SWITCHYARD,PUBLIC,1783
PUBLIC:1784,ACTIVE,100.0,0.0,2028-06-28 07:00:00,Executed,FULL CAPACITY,GROUP A,WHIRLWIND SUBSTATION 230KV,KERN,SCE,KEYHOLE WIND,C13,WHIRLWIND,WHIRLWIND SUBSTATION,PUBLIC,1784
PUBLIC:1789,ACTIVE,200.0,200.0,2027-07-01 07:00:00,Executed,FULL CAPACITY,GROUP D,VESTAL SUBSTATION 230KV,TULARE,SCE,REXFORD 2 SOLAR FARM,C13,VESTAL,VESTAL SUBSTATION,PUBLIC,1789
PUBLIC:1790,ACTIVE,100.0,50.0,2025-10-01 07:00:00,Executed,ENERGY ONLY,GROUP B,WINDHUB SUBSTATION 230KV,KERN,SCE,SANBORN HYBRID 4,C13,WINDHUB,WINDHUB SUBSTATION,PUBLIC,1790
PUBLIC:1791,ACTIVE,550.0,0.0,2028-04-01 07:00:00,Executed,ENERGY ONLY,GROUP D,WINDHUB SUBSTATION 230KV,KERN,SCE,SANBORN 5 HYBRID,C13,WINDHUB,WINDHUB SUBSTATION,PUBLIC,1791
PUBLIC:1792,ACTIVE,200.0,200.0,2031-01-01 08:00:00,Filed Unexecuted,FULL CAPACITY,GROUP A,VESTAL SUBSTATION 230 KV,TULARE,SCE,SEQUOIA,C13,VESTAL,VESTAL SUBSTATION,PUBLIC,1792
PUBLIC:1795,ACTIVE,450.0,450.0,2030-07-01 07:00:00,,FULL CAPACITY,GROUP 3,MOHAVE SUBSTATION 500KV,CLARK,SCE,ARIDA 3 SOLAR FARM,C13,MOHAVE,MOHAVE SUBSTATION,PUBLIC,1795
PUBLIC:1796,ACTIVE,250.0,256.29,2027-06-01 07:00:00,Executed,FULL CAPACITY,,ELDORADO SUBSTATION 230KV,CLARK,SCE,DELAMAR ENERGY STORAGE,C13,ELDORADO,ELDORADO SUBSTATION,PUBLIC,1796
PUBLIC:1798,ACTIVE,250.0,250.0,2027-12-31 08:00:00,Executed,PARTIAL CAPACITY,GROUP D,TROUT CANYON SUBSTATION 230 KV,INYO,GLW,CALVADA SPRINGS SOLAR,C13,TROUT CANYON,TROUT CANYON SUBSTATION,PUBLIC,1798
PUBLIC:1799,ACTIVE,200.0,203.8,2028-12-13 08:00:00,Executed,FULL CAPACITY,GROUP A,TROUT CANYON SUBSTATION 230 KV,CLARK,GLW,ROUGH HAT 2,C13,TROUT CANYON,TROUT CANYON SUBSTATION,PUBLIC,1799
PUBLIC:1800,ACTIVE,400.0,408.24,2028-05-01 07:00:00,Executed,FULL CAPACITY,GROUP A,TROUT CANYON SUBSTATION 230 KV,CLARK,GLW,PURPLE SAGE ENERGY CENTER,C13,TROUT CANYON,TROUT CANYON SUBSTATION,PUBLIC,1800
PUBLIC:1801,ACTIVE,200.0,200.0,2027-12-01 08:00:00,Executed,FULL CAPACITY,GROUP D,GAMEBIRD SUBSTATION 230 KV,NYE,GLW,WATER ROCK SOLAR 1,C13,GAMEBIRD,GAMEBIRD SUBSTATION,PUBLIC,1801
PUBLIC:1810,ACTIVE,300.01,312.96,2030-06-25 07:00:00,Executed,ENERGY ONLY,GROUP B,OTAY MESA SWITCHYARD 230 KV,SAN DIEGO,SDGE,EAST FIELD ENERGY STORAGE,C13,OTAY MESA,OTAY MESA SWITCHYARD,PUBLIC,1810
PUBLIC:1812,ACTIVE,350.0,112.5,2027-06-01 07:00:00,Executed,FULL CAPACITY,GROUP 3,HOODOO WASH SWITCHYARD 500 KV,YUMA,SDGE,DATELAND ENERGY COMPLEX,C13,HOODOO WASH,HOODOO WASH SWITCHYARD,PUBLIC,1812
PUBLIC:1824,ACTIVE,972.82,0.0,2033-05-10 07:00:00,Executed,ENERGY ONLY,GROUP B,EAST COUNTY SUBSTATION 500 KV,TECATE,SDGE,VIENTO FRONTERIZO,C13,EAST COUNTY,EAST COUNTY SUBSTATION,PUBLIC,1824
PUBLIC:1842,ACTIVE,400.0,417.3487,2031-02-18 08:00:00,,FULL CAPACITY,GROUP A,LAMBIE 230 KV,SOLANO,PGAE,TOLENAS,C14,LAMBIE,LAMBIE,PUBLIC,1842
PUBLIC:1846,ACTIVE,120.0,121.55,2030-05-04 07:00:00,,FULL CAPACITY,,FULTON 230 KV,SONOMA,PGAE,WILDHORSE ENERGY CENTER,C14,FULTON,FULTON,PUBLIC,1846
PUBLIC:1854,ACTIVE,400.0,475.96,2031-03-16 07:00:00,,FULL CAPACITY,GROUP D,VACA-DIXON 230 KV,SOLANO,PGAE,CORBY 2,C14,VACA DIXON,VACA-DIXON,PUBLIC,1854
PUBLIC:1856,ACTIVE,100.0,102.15,2029-06-18 07:00:00,,FULL CAPACITY,GROUP B,VACA-DIXON 115 KV,SOLANO,PGAE,ARGES BESS,C14,VACA DIXON,VACA-DIXON,PUBLIC,1856
PUBLIC:1859,ACTIVE,53.0,0.0,2030-10-19 07:00:00,,FULL CAPACITY,GROUP A,GEYSERS #3-CLOVERDALE 115 KV LINE,SONOMA,PGAE,MAYACAMAS GEOTHERMAL,C14,GEYSERS CLOVERDALE,GEYSERS #3-CLOVERDALE,PUBLIC,1859
PUBLIC:1864,ACTIVE,49.0,50.5,2028-03-01 08:00:00,,ENERGY ONLY,,GREENLEAF #1 115 KV TAP,SUTTER,PGAE,TOWNSHIP POWER BANK,C14,GREENLEAF,GREENLEAF #1,PUBLIC,1864
PUBLIC:1865,ACTIVE,200.0,203.699,2029-09-18 07:00:00,Executed,FULL CAPACITY,GROUP B,GREEN VALLEY 115 KV,SANTA CRUZ,PGAE,SEAHAWK STORAGE,C14,GREEN VALLEY,GREEN VALLEY,PUBLIC,1865
PUBLIC:1866,ACTIVE,100.0,101.888,2030-03-18 07:00:00,Executed,FULL CAPACITY,GROUP D,SANTA TERESA 115 KV,SANTA CLARA,PGAE,TOKAY STORAGE,C14,SANTA TERESA,SANTA TERESA,PUBLIC,1866
PUBLIC:1872,ACTIVE,325.0,353.2,2032-09-20 07:00:00,Executed,FULL CAPACITY,GROUP D,PITTSBURG 115 KV,CONTRA COSTA,PGAE,ALLEGHENY ENERGY STORAGE,C14,PITTSBURG,PITTSBURG,PUBLIC,1872
PUBLIC:1875,ACTIVE,500.0,504.0,2032-07-19 07:00:00,Executed,FULL CAPACITY,GROUP D,PITTSBURG-TESLA #1 230 KV LINE,CONTRA COSTA,PGAE,DELILAH ENERGY STORAGE,C14,PITTSBURG TESLA,PITTSBURG-TESLA #1,PUBLIC,1875
PUBLIC:1876,ACTIVE,100.0,101.0,2029-08-17 07:00:00,Executed,FULL CAPACITY,GROUP D,VALLEY SPRINGS 60 KV,CALAVERAS,PGAE,DOUBLE SPRINGS ENERGY STORAGE,C14,VALLEY SPRINGS,VALLEY SPRINGS,PUBLIC,1876
PUBLIC:1881,ACTIVE,500.0,504.0,2032-02-29 08:00:00,Executed,FULL CAPACITY,GROUP D,TESLA-NEWARK #1 230 KV LINE,ALAMEDA,PGAE,SPECTRUM ENERGY STORAGE,C14,TESLA NEWARK,TESLA-NEWARK #1,PUBLIC,1881
PUBLIC:1887,ACTIVE,350.0,356.592,2030-12-16 08:00:00,Executed,FULL CAPACITY,GROUP A,RANCHO SECO-BELLOTA #1 230 KV LINE,SAN JOAQUIN,PGAE,PRESIDIO,C14,RANCHO SECO BELLOTA,RANCHO SECO-BELLOTA #1,PUBLIC,1887
PUBLIC:1889,ACTIVE,1500.0,756.813,2034-02-17 08:00:00,Executed,FULL CAPACITY,GROUP B,MOSS LANDING 500 KV,MONTEREY,PGAE,HOLMAN,C14,MOSS LANDING,MOSS LANDING,PUBLIC,1889
PUBLIC:1892,ACTIVE,300.0,307.878,2031-06-05 07:00:00,,FULL CAPACITY,GROUP A,CONTRA COSTA PP 230 KV,CONTRA COSTA,PGAE,HARMONY STORAGE 2,C14,CONTRA COSTA,CONTRA COSTA PP,PUBLIC,1892
PUBLIC:1895,ACTIVE,100.0,102.672,2029-09-18 07:00:00,Executed,PARTIAL CAPACITY,GROUP A,COTTLE 230 KV,STANISLAUS,PGAE,OAKDALE STORAGE,C14,COTTLE,COTTLE,PUBLIC,1895
PUBLIC:1896,ACTIVE,260.0,268.065,2031-06-05 07:00:00,Executed,FULL CAPACITY,GROUP A,WEBER 60 KV,SAN JOAQUIN,PGAE,PATHFINDER STORAGE,C14,WEBER,WEBER,PUBLIC,1896
PUBLIC:1900,ACTIVE,250.0,250.0,2030-03-24 07:00:00,Executed,FULL CAPACITY,GROUP D,MARTIN 115 KV,SAN MATEO,PGAE,BAYLANDS BATTERY,C14,MARTIN,MARTIN,PUBLIC,1900
PUBLIC:1903,ACTIVE,300.0,365.12,2031-09-01 07:00:00,Executed,PARTIAL CAPACITY,GROUP D,WESTLY-QUINTO 230 KV,STANISLAUS,PGAE,GOLDEN FLATS,C14,WESTLY QUINTO,WESTLY-QUINTO,PUBLIC,1903
PUBLIC:1911,ACTIVE,180.0,252.0,2034-02-19 08:00:00,Executed,FULL CAPACITY,GROUP D,NEWARK 230 KV,ALAMEDA,PGAE,ZORIN STORAGE,C14,NEWARK,NEWARK,PUBLIC,1911
PUBLIC:1912,ACTIVE,300.0,365.12,2031-08-18 07:00:00,Executed,FULL CAPACITY,GROUP D,TESLA 230 KV,ALAMEDA,PGAE,ESPRESSO,C14,TESLA,TESLA,PUBLIC,1912
PUBLIC:1914,ACTIVE,175.0,179.4,2031-06-18 07:00:00,Executed,FULL CAPACITY,GROUP B,PITTSBURG 230 KV,CONTRA COSTA,PGAE,BLACK DIAMOND ES2,C14,PITTSBURG,PITTSBURG,PUBLIC,1914
PUBLIC:1915,ACTIVE,250.0,256.29,2031-06-18 07:00:00,,PARTIAL CAPACITY,GROUP B,CONTRA COSTA PP 230 KV,CONTRA COSTA,PGAE,SHERMAN ENERGY STORAGE,C14,CONTRA COSTA,CONTRA COSTA PP,PUBLIC,1915
PUBLIC:1918,ACTIVE,50.0,50.0,2025-12-18 08:00:00,,FULL CAPACITY,GROUP A,KEN-OKJ 60 KV,SANTA CLARA,PGAE,KIFER BESS 1,C14,KEN OKJ,KEN-OKJ,PUBLIC,1918
PUBLIC:1920,ACTIVE,200.0,213.55,2031-06-18 07:00:00,Executed,PARTIAL CAPACITY,GROUP B,SCHULTE 115 KV,SAN JOAQUIN,PGAE,ZEUS BESS,C14,SCHULTE,SCHULTE,PUBLIC,1920
PUBLIC:1921,ACTIVE,110.0,112.386,2030-12-15 08:00:00,Executed,FULL CAPACITY,GROUP B,CRAZY HORSE CANYON-HOLLISTER 115 KV LINE,SAN BENITO,PGAE,ALLIUM HYBRID,C14,CRAZY HORSE CANYON HOLLISTER,CRAZY HORSE CANYON-HOLLISTER,PUBLIC,1921
PUBLIC:1922,ACTIVE,500.0,515.418,2031-10-21 07:00:00,Executed,FULL CAPACITY,GROUP B,TESLA 500 KV,SAN JOAQUIN,PGAE,ALTA CASA STORAGE,C14,TESLA,TESLA,PUBLIC,1922
PUBLIC:1928,ACTIVE,120.0,124.3,2029-01-02 08:00:00,,ENERGY ONLY,,COBURN-BASIC ENERGY 60 KV LINE,MONTEREY,PGAE,EL REY POWER BANK,C14,COBURN BASIC ENERGY,COBURN-BASIC ENERGY,PUBLIC,1928
PUBLIC:1930,ACTIVE,200.0,203.699,2029-05-21 07:00:00,Executed,FULL CAPACITY,GROUP D,SANGER 115 KV,FRESNO,PGAE,APACHE STORAGE,C14,SANGER,SANGER,PUBLIC,1930
PUBLIC:1932,ACTIVE,200.0,203.699,2030-09-19 07:00:00,Executed,FULL CAPACITY,GROUP D,WILSON 115 KV,MERCED,PGAE,COUGAR STORAGE,C14,WILSON,WILSON,PUBLIC,1932
PUBLIC:1934,ACTIVE,200.0,203.2,2030-11-17 08:00:00,,ENERGY ONLY,GROUP B,BORDEN 230 KV,MADERA,PGAE,LOTUS SOLAR 2,C14,BORDEN,BORDEN,PUBLIC,1934
PUBLIC:1935,ACTIVE,200.0,206.091,2029-10-18 07:00:00,Executed,ENERGY ONLY,GROUP D,TRANQUILITY 230 KV,FRESNO,PGAE,ELYSIAN,C14,TRANQUILITY,TRANQUILITY,PUBLIC,1935
PUBLIC:1943,ACTIVE,1150.0,1176.1,2032-09-18 07:00:00,Executed,FULL CAPACITY,GROUP D,LOS BANOS 500 KV,MERCED,PGAE,WINGTIP SOLAR 1,C14,LOS BANOS,LOS BANOS,PUBLIC,1943
PUBLIC:1949,ACTIVE,1150.0,1150.0,2027-07-19 07:00:00,Executed,FULL CAPACITY,GROUP D,MANNING-MIDWAY 500KV LINE,FRESNO,PGAE,DARDEN,C14,MANNING MIDWAY,MANNING-MIDWAY,PUBLIC,1949
PUBLIC:1952,ACTIVE,300.0,307.0,2031-04-18 07:00:00,Executed,FULL CAPACITY,GROUP A,LOS BANOS 230 KV,MERCED,PGAE,AUSTRALIS,C14,LOS BANOS,LOS BANOS,PUBLIC,1952
PUBLIC:1954,ACTIVE,100.0,101.83,2026-12-03 08:00:00,Executed,FULL CAPACITY,GROUP B,GATES 230 KV,FRESNO,PGAE,HUASO HYBRID,C14,GATES,GATES,PUBLIC,1954
PUBLIC:1955,ACTIVE,125.0,127.37,2029-08-03 07:00:00,Executed,PARTIAL CAPACITY,GROUP B,EXCELSIOR 115 KV,FRESNO,PGAE,CIERVO MOUNTAIN HYBRID,C14,EXCELSIOR,EXCELSIOR,PUBLIC,1955
PUBLIC:1956,ACTIVE,200.0,203.659,2029-09-30 07:00:00,Executed,FULL CAPACITY,GROUP A,TRANQUILITY 230 KV,FRESNO,PGAE,CLARKSON,C14,TRANQUILITY,TRANQUILITY,PUBLIC,1956
PUBLIC:1958,ACTIVE,150.0,158.5678,2029-10-18 07:00:00,Executed,FULL CAPACITY,GROUP B,QUINTO 230 KV,MERCED,PGAE,SPIKES PEAK SOLAR,C14,QUINTO,QUINTO,PUBLIC,1958
PUBLIC:1959,ACTIVE,300.0,300.951,2030-11-16 08:00:00,Executed,PARTIAL CAPACITY,GROUP A,GATES-TEMPLETON 230 KV LINE,FRESNO,PGAE,CORNUCOPIA HYBRID,C14,GATES TEMPLETON,GATES-TEMPLETON,PUBLIC,1959
PUBLIC:1962,ACTIVE,500.01,508.0,2027-12-15 08:00:00,Executed,FULL CAPACITY,GROUP D,GATES 500 KV,FRESNO,PGAE,LOCK STORAGE,C14,GATES,GATES,PUBLIC,1962
PUBLIC:1966,ACTIVE,25.0,25.54,2029-08-03 07:00:00,Executed,FULL CAPACITY,GROUP D,GIFFEN 70 KV,FRESNO,PGAE,ORLEANS,C14,GIFFEN,GIFFEN,PUBLIC,1966
PUBLIC:1968,ACTIVE,1000.0,520.0,2031-03-19 07:00:00,,ENERGY ONLY,GROUP D,GATES 230 KV,KINGS,PGAE,PLUM,C14,GATES,GATES,PUBLIC,1968
PUBLIC:1973,ACTIVE,75.0,100.0,2028-06-18 07:00:00,Executed,FULL CAPACITY,GROUP D,TRANQUILITY 230KV,FRESNO,PGAE,PEACEFUL HOLLOW BESS,C14,TRANQUILITY,TRANQUILITY,PUBLIC,1973
PUBLIC:1975,ACTIVE,35.0,35.951,2028-06-01 07:00:00,,FULL CAPACITY,GROUP B,CRESCENT 70 KV,FRESNO,PGAE,TARRAGON HYBRID,C14,CRESCENT,CRESCENT,PUBLIC,1975
PUBLIC:1980,ACTIVE,400.0,412.336,2029-10-18 07:00:00,,PARTIAL CAPACITY,GROUP D,ARCO 230 KV,KERN,PGAE,ARTEMIS,C14,ARCO,ARCO,PUBLIC,1980
PUBLIC:1983,ACTIVE,100.0,101.763518,2029-07-18 07:00:00,,ENERGY ONLY,GROUP D,SHAFTER 115 KV,KERN,PGAE,PHAENON,C14,SHAFTER,SHAFTER,PUBLIC,1983
PUBLIC:1987,ACTIVE,350.0,358.2,2032-03-17 07:00:00,Executed,FULL CAPACITY,GROUP D,MIDWAY 500 KV,KERN,PGAE,BUTTONBUSH SOLAR 2,C14,MIDWAY,MIDWAY,PUBLIC,1987
PUBLIC:2001,ACTIVE,110.0,114.264,2029-09-18 07:00:00,Executed,FULL CAPACITY,GROUP A,KERN PP 230 KV,KERN,PGAE,SERENA STORAGE,C14,KERN,KERN PP,PUBLIC,2001
PUBLIC:2015,ACTIVE,300.0,310.63,2031-06-19 07:00:00,,ENERGY ONLY,GROUP B,WHEELER RIDGE 230 KV,KERN,PGAE,CHERRY LANE HYBRID,C14,WHEELER RIDGE,WHEELER RIDGE,PUBLIC,2015
PUBLIC:2022,ACTIVE,350.0,376.0403,2029-03-26 07:00:00,,ENERGY ONLY,GROUP A,CIELO AZUL SUBSTATION 500 KV,LA PAZ,DCRT,SOCORRO PEAK SOLAR,C14,CIELO AZUL,CIELO AZUL SUBSTATION,PUBLIC,2022
PUBLIC:2027,ACTIVE,400.0,410.76,2028-04-15 07:00:00,,ENERGY ONLY,GROUP D,DELANEY SUBSTATION 500 KV,MARICOPA,DCRT,HARQUAHALA FLATS 2,C14,DELANEY,DELANEY SUBSTATION,PUBLIC,2027
PUBLIC:2029,ACTIVE,150.0,160.98,2026-09-01 07:00:00,,FULL CAPACITY,GROUP A,DELANEY SUBSTATION 500 KV,MARICOPA,DCRT,HARQUAHALA SUNRISE 2,C14,DELANEY,DELANEY SUBSTATION,PUBLIC,2029
PUBLIC:2032,ACTIVE,400.0,405.663412,2031-02-26 08:00:00,Executed,FULL CAPACITY,GROUP D,ETIWANDA SUBSTATION 230 KV,SAN BERNARDINO,SCE,TROLLEY,C14,ETIWANDA,ETIWANDA SUBSTATION,PUBLIC,2032
PUBLIC:2033,ACTIVE,285.0,291.891,2031-05-01 07:00:00,,ENERGY ONLY,GROUP A,COLORADO RIVER SUBSTATION 230 KV,RIVERSIDE,SCE,CARMINE,C14,COLORADO RIVER,COLORADO RIVER SUBSTATION,PUBLIC,2033
PUBLIC:2036,ACTIVE,250.0,268.7138,2031-01-01 08:00:00,Executed,FULL CAPACITY,GROUP A,RED BLUFF SUBSTATION 220 KV,RIVERSIDE,SCE,REDONDA,C14,RED BLUFF,RED BLUFF SUBSTATION,PUBLIC,2036
PUBLIC:2039,ACTIVE,250.0,254.77,2030-12-26 08:00:00,Executed,PARTIAL CAPACITY,GROUP A,RED BLUFF SUBSTATION 230 KV,RIVERSIDE,SCE,SANDRIFT STORAGE 1,C14,RED BLUFF,RED BLUFF SUBSTATION,PUBLIC,2039
PUBLIC:2041,ACTIVE,250.0,254.77,2031-03-01 08:00:00,Executed,PARTIAL CAPACITY,GROUP A,RED BLUFF SUBSTATION 230 KV,RIVERSIDE,SCE,SANDRIFT STORAGE 2,C14,RED BLUFF,RED BLUFF SUBSTATION,PUBLIC,2041
PUBLIC:2042,ACTIVE,650.0,650.0,2028-03-06 08:00:00,Executed,FULL CAPACITY,GROUP A,RED BLUFF SUBSTATION 500 KV,RIVERSIDE,SCE,EASLEY,C14,RED BLUFF,RED BLUFF SUBSTATION,PUBLIC,2042
PUBLIC:2048,ACTIVE,280.0,287.97,2030-07-06 07:00:00,Executed,FULL CAPACITY,GROUP A,COLORADO RIVER SUBSTATION 230 KV,RIVERSIDE,SCE,TWIN PALMS SOLAR,C14,COLORADO RIVER,COLORADO RIVER SUBSTATION,PUBLIC,2048
PUBLIC:2052,ACTIVE,1000.0,1010.88,2033-12-26 08:00:00,,ENERGY ONLY,GROUP A,COLORADO RIVER - PALO VERDE 500KV,LA PAZ,SCE,BOUSE SOLAR AND STORAGE PLANT,C14,COLORADO RIVER PALO VERDE,COLORADO RIVER - PALO VERDE,PUBLIC,2052
PUBLIC:2055,ACTIVE,600.0,623.48,2028-06-01 07:00:00,Executed,FULL CAPACITY,GROUP B,WHIRLWIND SUBSTATION 230 KV,KERN,SCE,EUISMOD,C14,WHIRLWIND,WHIRLWIND SUBSTATION,PUBLIC,2055
PUBLIC:2059,ACTIVE,250.0,261.0,2033-06-01 07:00:00,Executed,FULL CAPACITY,GROUP B,ANTELOPE SUBSTATION 230 KV,LOS ANGELES,SCE,J90 ENERGY STORAGE,C14,ANTELOPE,ANTELOPE SUBSTATION,PUBLIC,2059
PUBLIC:2060,ACTIVE,500.0,528.0,2033-02-26 08:00:00,Executed,FULL CAPACITY,GROUP B,VINCENT SUBSTATION 230 KV,KERN,SCE,SAGEBRUSH ENERGY STORAGE,C14,VINCENT,VINCENT SUBSTATION,PUBLIC,2060
PUBLIC:2061,ACTIVE,150.0,153.5,2033-02-26 08:00:00,,FULL CAPACITY,GROUP D,VINCENT - PEARBLOSSOM 230 KV LINE,LOS ANGELES,SCE,JUNIPER STORAGE,C14,VINCENT PEARBLOSSOM,VINCENT - PEARBLOSSOM,PUBLIC,2061
PUBLIC:2062,ACTIVE,200.0,213.5926,2034-08-26 07:00:00,Executed,FULL CAPACITY,GROUP D,ANTELOPE SUBSTATION 230 KV,LOS ANGELES,SCE,DORIAN STORAGE,C14,ANTELOPE,ANTELOPE SUBSTATION,PUBLIC,2062
PUBLIC:2064,ACTIVE,300.0,302.4,2034-05-26 07:00:00,Executed,FULL CAPACITY,GROUP D,ANTELOPE VALLEYSUBSTATION 230 KV,LOS ANGELES,SCE,ELION ENERGY STORAGE,C14,ANTELOPE VALLEYSUBSTATION,ANTELOPE VALLEYSUBSTATION,PUBLIC,2064
PUBLIC:2066,ACTIVE,500.0,504.8,2033-03-26 07:00:00,Executed,FULL CAPACITY,GROUP B,MOORPARK SUBSTATION 230 KV,VENTURA,SCE,DRIFTER ENERGY STORAGE,C14,MOORPARK,MOORPARK SUBSTATION,PUBLIC,2066
PUBLIC:2068,ACTIVE,150.0,152.1,2030-12-26 08:00:00,,FULL CAPACITY,GROUP D,RECTOR SUBSTATION 230 KV,TULARE,SCE,BOBOR STORAGE,C14,RECTOR,RECTOR SUBSTATION,PUBLIC,2068
PUBLIC:2078,ACTIVE,350.0,225.0,2033-02-26 08:00:00,,ENERGY ONLY,,WINDHUB SUBSTATION 500KV,KERN,SCE,SOLEIL CANTIL,C14,WINDHUB,WINDHUB SUBSTATION,PUBLIC,2078
PUBLIC:2081,ACTIVE,200.0,214.0983,2029-09-26 07:00:00,,FULL CAPACITY,GROUP D,RECTOR SUBSTATION 220 KV,TULARE,SCE,MINERAL KING SOLAR,C14,RECTOR,RECTOR SUBSTATION,PUBLIC,2081
PUBLIC:2082,ACTIVE,300.0,300.0,2033-01-26 08:00:00,Executed,ENERGY ONLY,,ANTELOPE SUBSTATION 220 KV,LOS ANGELES,SCE,ELECTRON,C14,ANTELOPE,ANTELOPE SUBSTATION,PUBLIC,2082
PUBLIC:2085,ACTIVE,460.0,345.0,2033-02-26 08:00:00,Executed,ENERGY ONLY,,SPRINGVILLE SUBSTATION 230 KV,TULARE,SCE,SOLSKEN,C14,SPRINGVILLE,SPRINGVILLE SUBSTATION,PUBLIC,2085
PUBLIC:2089,ACTIVE,500.0,513.2,2031-06-01 07:00:00,Executed,FULL CAPACITY,GROUP D,WHIRLWIND SUBSTATION 500 KV,KERN,SCE,GREASEWOOD ENERGY STORAGE,C14,WHIRLWIND,WHIRLWIND SUBSTATION,PUBLIC,2089
PUBLIC:2092,ACTIVE,500.0,511.725,2034-06-27 07:00:00,,PARTIAL CAPACITY,GROUP D,MOORPARK SUBSTATION 230 KV,VENTURA,SCE,ROSA STORAGE,C14,MOORPARK,MOORPARK SUBSTATION,PUBLIC,2092
PUBLIC:2097,ACTIVE,55.0,56.0,2029-03-26 07:00:00,In Progress,FULL CAPACITY,GROUP D,CALCITE SUBSTATION 230 KV,SAN BERNARDINO,SCE,SIENNA SOLAR 2,C14,CALCITE,CALCITE SUBSTATION,PUBLIC,2097
PUBLIC:2101,ACTIVE,200.0,213.5957,2031-03-26 07:00:00,,ENERGY ONLY,GROUP D,KRAMER SUBSTATION 230 KV,SAN BERNARDINO,SCE,WESTON STORAGE,C14,KRAMER,KRAMER SUBSTATION,PUBLIC,2101
PUBLIC:2103,ACTIVE,300.0,312.96,2031-02-26 08:00:00,Executed,PARTIAL CAPACITY,GROUP B,PISGAH SUBSTATION 230 KV,SAN BERNARDINO,SCE,CADY SOLAR,C14,PISGAH,PISGAH SUBSTATION,PUBLIC,2103
PUBLIC:2105,ACTIVE,500.0,512.58,2031-02-26 08:00:00,Executed,FULL CAPACITY,GROUP D,LUGO SUBSTATION 500 KV,SAN BERNARDINO,SCE,CONDUIT ENERGY STORAGE,C14,LUGO,LUGO SUBSTATION,PUBLIC,2105
PUBLIC:2111,ACTIVE,400.0,405.514808,2032-04-28 07:00:00,,FULL CAPACITY,GROUP D,LITEHIPE SUBSTATION 230 KV,LOS ANGELES,SCE,FLEETWOOD,C14,LITEHIPE,LITEHIPE SUBSTATION,PUBLIC,2111
PUBLIC:2113,ACTIVE,400.0,400.0,2033-05-15 07:00:00,Executed,FULL CAPACITY,GROUP B,RIO HONDO SUBSTATION 230 KV,LOS ANGELES,SCE,GABRIEL STORAGE,C14,RIO HONDO,RIO HONDO SUBSTATION,PUBLIC,2113
PUBLIC:2114,ACTIVE,400.0,403.4,2031-02-26 08:00:00,Executed,FULL CAPACITY,GROUP D,CHINO SUBSTATION 230 KV,SAN BERNARDINO,SCE,DIRAC,C14,CHINO,CHINO SUBSTATION,PUBLIC,2114
PUBLIC:2115,ACTIVE,400.0,405.750886,2032-04-26 07:00:00,,FULL CAPACITY,GROUP D,LA CIENEGA SUBSTATION 230 KV,LOS ANGELES,SCE,SIMON,C14,LA CIENEGA,LA CIENEGA SUBSTATION,PUBLIC,2115
PUBLIC:2116,ACTIVE,400.0,400.0,2031-02-26 08:00:00,Executed,FULL CAPACITY,GROUP D,WALNUT SUBSTATION 230 KV,LOS ANGELES,SCE,MARICI,C14,WALNUT,WALNUT SUBSTATION,PUBLIC,2116
PUBLIC:2117,ACTIVE,400.0,405.663412,2032-04-26 07:00:00,,FULL CAPACITY,GROUP D,EL NIDO SUBSTATION 230 KV,LOS ANGELES,SCE,CORAL REEF,C14,EL NIDO,EL NIDO SUBSTATION,PUBLIC,2117
PUBLIC:2124,ACTIVE,300.0,302.4,2032-05-26 07:00:00,Executed,FULL CAPACITY,GROUP D,RIO HONDO SUBSTATION 230 KV,LOS ANGELES,SCE,TABLA ENERGY STORAGE,C14,RIO HONDO,RIO HONDO SUBSTATION,PUBLIC,2124
PUBLIC:2125,ACTIVE,300.0,302.4,2032-05-26 07:00:00,Executed,FULL CAPACITY,GROUP D,VIEJO SUBSTATION 230KV,ORANGE,SCE,TYRELL ENERGY STORAGE,C14,VIEJO,VIEJO SUBSTATION,PUBLIC,2125
PUBLIC:2129,ACTIVE,100.0,102.26,2032-03-27 07:00:00,Executed,FULL CAPACITY,GROUP D,JOHANNA SUBSTATION 230 KV,ORANGE,SCE,LOS NIETOS,C14,JOHANNA,JOHANNA SUBSTATION,PUBLIC,2129
PUBLIC:2136,ACTIVE,300.0,312.96,2031-02-26 08:00:00,Executed,FULL CAPACITY,GROUP D,RIO HONDO SUBSTATION 230 KV,LOS ANGELES,SCE,HAVEN STORAGE,C14,RIO HONDO,RIO HONDO SUBSTATION,PUBLIC,2136
PUBLIC:2139,ACTIVE,250.0,256.29,2031-02-26 08:00:00,Executed,FULL CAPACITY,GROUP D,LAGUNA BELL SUBSTATION 230 KV,LOS ANGELES,SCE,COMMERCE ENERGY STORAGE 3,C14,LAGUNA BELL,LAGUNA BELL SUBSTATION,PUBLIC,2139
PUBLIC:2140,ACTIVE,250.0,250.0,2031-05-26 07:00:00,,FULL CAPACITY,GROUP A,MOHAVE SUBSTATION 500 KV,CLARK,SCE,STERLING,C14,MOHAVE,MOHAVE SUBSTATION,PUBLIC,2140
PUBLIC:2141,ACTIVE,250.0,256.29,2030-06-26 07:00:00,,ENERGY ONLY,GROUP A,SCE PORTION OF ELDORADO SUBSTATION 230 KV,CLARK,SCE,DELAMAR ENERGY STORAGE 2,C14,SCE PORTION OF ELDORADO,SCE PORTION OF ELDORADO SUBSTATION,PUBLIC,2141
PUBLIC:2142,ACTIVE,500.0,516.7638,2028-12-01 08:00:00,Executed,ENERGY ONLY,GROUP D,LATHROP WELLS SUBSTATION 230 KV,NYE,GLW,SILVER STAR SOLAR,C14,LATHROP WELLS,LATHROP WELLS SUBSTATION,PUBLIC,2142
PUBLIC:2144,ACTIVE,500.0,515.08,2029-03-15 07:00:00,Executed,ENERGY ONLY,GROUP B,BEATTY SUBSTATION 230 KV,NYE,GLW,ROCK VALLEY ENERGY CENTER,C14,BEATTY,BEATTY SUBSTATION,PUBLIC,2144
PUBLIC:2146,ACTIVE,500.0,516.7638,2028-12-01 08:00:00,,ENERGY ONLY,GROUP D,GAMEBIRD SUBSTATION 230 KV,NYE,GLW,WATER ROCK SOLAR 2,C14,GAMEBIRD,GAMEBIRD SUBSTATION,PUBLIC,2146
PUBLIC:2147,ACTIVE,350.0,350.0,2029-07-27 07:00:00,Executed,FULL CAPACITY,GROUP A,INNOVATION-DESERT VIEW 230 KV LINE,CLARK,GLW,KAWICH,C14,INNOVATION DESERT VIEW,INNOVATION-DESERT VIEW,PUBLIC,2147
PUBLIC:2148,ACTIVE,500.0,537.0067,2029-06-27 07:00:00,Executed,FULL CAPACITY,GROUP A,TROUT CANYON SUBSTATION 230 KV,CLARK,GLW,MOSEY,C14,TROUT CANYON,TROUT CANYON SUBSTATION,PUBLIC,2148
PUBLIC:2149,ACTIVE,500.0,515.08,2029-02-26 08:00:00,Executed,ENERGY ONLY,GROUP B,TROUT CANYON SUBSTATION 230 KV,INYO,GLW,SUNBAKED SOLAR,C14,TROUT CANYON,TROUT CANYON SUBSTATION,PUBLIC,2149
PUBLIC:2150,ACTIVE,300.0,307.0,2028-09-15 07:00:00,,ENERGY ONLY,GROUP A,TROUT CANYON SUBSTATION 230 KV,CLARK,GLW,LARREA SOLAR,C14,TROUT CANYON,TROUT CANYON SUBSTATION,PUBLIC,2150
PUBLIC:2154,ACTIVE,300.0,308.47,2029-06-30 07:00:00,,ENERGY ONLY,GROUP D,HOODOO WASH SWITCHYARD 500 KV,YUMA,SDGE,REMY,C14,HOODOO WASH,HOODOO WASH SWITCHYARD,PUBLIC,2154
PUBLIC:2161,ACTIVE,200.0,208.494,2028-06-01 07:00:00,,ENERGY ONLY,GROUP D,HOODOO WASH - NORTH GILA 500 KV,YUMA,SDGE,ALISA SOLAR ENERGY COMPLEX,C14,HOODOO WASH NORTH GILA,HOODOO WASH - NORTH GILA,PUBLIC,2161
PUBLIC:2166,ACTIVE,1150.0,1150.0,2033-09-15 07:00:00,Executed,FULL CAPACITY,GROUP A,NORTH GILA - IMPERIAL VALLEY 500 KV LINE,IMPERIAL,SDGE,UMBRIEL,C14,NORTH GILA IMPERIAL VALLEY,NORTH GILA - IMPERIAL VALLEY,PUBLIC,2166
PUBLIC:2173,ACTIVE,200.0,206.31,2029-08-05 07:00:00,Executed,FULL CAPACITY,GROUP A,BOULEVARD EAST SUBSTATION 138 KV,SAN DIEGO,SDGE,DESERT JEWEL STORAGE,C14,BOULEVARD EAST,BOULEVARD EAST SUBSTATION,PUBLIC,2173
PUBLIC:2177,ACTIVE,400.0,313.91928,2031-02-05 08:00:00,,ENERGY ONLY,GROUP D,SUNCREST - OCOTILLO 500 KV LINE,SAN DIEGO,SDGE,BOULDER BRUSH HYBRID,C14,SUNCREST OCOTILLO,SUNCREST - OCOTILLO,PUBLIC,2177
PUBLIC:2185,ACTIVE,250.0,256.29,2035-02-05 08:00:00,,ENERGY ONLY,GROUP B,OTAY MESA SWITCHYARD 230 KV,SAN DIEGO,SDGE,GATEWAY ENERGY STORAGE 2,C14,OTAY MESA,OTAY MESA SWITCHYARD,PUBLIC,2185
PUBLIC:1A,COMPLETED,550.0,0.0,,Executed,,,OTAY MESA SWITCHYARD 230 KV,SAN DIEGO,SDGE,OTAY MESA GENERATING PROJECT,PRE- AMEND. 39,OTAY MESA,OTAY MESA SWITCHYARD,PUBLIC,1A
PUBLIC:2,COMPLETED,590.0,0.0,,Executed,,,CONTRA COSTA POWER PLANT 230 KV BUS,CONTRA COSTA,PGAE,GATEWAY GENERATING FACILITY (FKA CONTRA COSTA POWER PLANT PROJECT),PRE- AMEND. 39,CONTRA COSTA,CONTRA COSTA POWER PLANT,PUBLIC,2
PUBLIC:3,COMPLETED,850.0,16.0,,Executed,FULL CAPACITY,,DEVERS SUBSTATION 230KV BUS,RIVERSIDE,SCE,CPV SENTINEL (FKA INTERGEN OCOTILLO),SERIAL LGIP,DEVERS,DEVERS SUBSTATION,PUBLIC,3
PUBLIC:4,COMPLETED,521.0,0.0,,Executed,,,PALOMAR ENERGY SWITCHYARD 230 KV,SAN DIEGO,SDGE,PALOMAR ENERGY PROJECT,PRE- AMEND. 39,PALOMAR ENERGY,PALOMAR ENERGY SWITCHYARD,PUBLIC,4
PUBLIC:7,COMPLETED,570.0,0.0,,Executed,,,EL SEGUNDO 220 KV BUS,LOS ANGELES,SCE,NRG EL SEGUNDO - TOT041,PRE- AMEND. 39,EL SEGUNDO,EL SEGUNDO,PUBLIC,7
PUBLIC:11A,COMPLETED,520.0,0.0,,Executed,FULL CAPACITY,,JULIAN HINDS SUBSTATION 230KV,RIVERSIDE,SCE,BLYTHE ENERGY PROJECT PHASE I,,JULIAN HINDS,JULIAN HINDS SUBSTATION,PUBLIC,11A
PUBLIC:12,COMPLETED,150.0,0.0,,Executed,,,BIRDS LANDING SUB 230KV BUS,SOLANO,PGAE,SHILOH I WIND PROJECT,AMEND 39,BIRDS LANDING,BIRDS LANDING SUB,PUBLIC,12
PUBLIC:13,COMPLETED,40.0,40.0,,Executed,,,LAKE HODGES METERING SWITCHYARD 69 KV,SAN DIEGO,SDGE,LAKE HODGES PUMPED STORAGE PROJECT,AMEND 39,LAKE HODGES METERING,LAKE HODGES METERING SWITCHYARD,PUBLIC,13
PUBLIC:14,COMPLETED,65.0,0.0,,Executed,,,OTAY MESA SWITCHYARD 230 KV,SAN DIEGO,SDGE,OTAY MESA,AMEND 39,OTAY MESA,OTAY MESA SWITCHYARD,PUBLIC,14
PUBLIC:19,COMPLETED,46.0,0.0,,Executed,,,CRESTWOOD SUBSTATION 69 KV,SAN DIEGO,SDGE,KUMEYAAY/CAMPO WIND FARM,AMEND 39,CRESTWOOD,CRESTWOOD SUBSTATION,PUBLIC,19
PUBLIC:20,COMPLETED,189.0,0.0,,,,,WHIRLWIND 220KV,KERN,SCE,MANZANA WIND,AMEND 39,WHIRLWIND,WHIRLWIND,PUBLIC,20
PUBLIC:21,COMPLETED,37.55,0.0,,Executed,,,WINDMASTER/BUENA VISTA SUB,CONTRA COSTA,PGAE,BUENA VISTA REPOWER,AMEND 39,WINDMASTER BUENA VISTA,WINDMASTER/BUENA VISTA SUB,PUBLIC,21
PUBLIC:23,COMPLETED,72.0,0.0,,Executed,,,SAN BERNADINO 220+M127 KV,SAN BERNARDINO,SCE,MOUNTAINVIEW POWER PROJECT,AMEND 39,SAN BERNADINO 220 M127 KV,SAN BERNADINO 220+M,PUBLIC,23
PUBLIC:24,COMPLETED,150.0,0.0,,Executed,,,HIGH WINDS/CONTRA COSTA PP,SOLANO,PGAE,SHILOH WIND FARM II,AMEND 39,HIGH WINDS CONTRA COSTA,HIGH WINDS/CONTRA COSTA PP,PUBLIC,24
PUBLIC:33,COMPLETED,10.0,0.0,,Executed,,,BISHOP CONTROL SUBSTATION 115 KV,CHURCHILL,SCE,TERRA-GEN DIXIE VALLEY EXPANSION (FKA CAITHNESS DIXIE VALLEY),AMEND 39,BISHOP CONTROL,BISHOP CONTROL SUBSTATION,PUBLIC,33
PUBLIC:38,COMPLETED,146.4,0.0,,Executed,,,HUMBOLDT POWER PLANT SUBSTATION,HUMBOLDT,PGAE,HUMBOLDT BAY POWER PLANT REPOWERING PROJECT,AMEND 39,HUMBOLDT,HUMBOLDT POWER PLANT SUBSTATION,PUBLIC,38
PUBLIC:39,COMPLETED,200.0,0.0,,Executed,,,BIRDS LANDING SWITCHING STATION 230KV,SOLANO,PGAE,SHILOH III,AMEND 39,BIRDS LANDING,BIRDS LANDING SWITCHING STATION,PUBLIC,39
PUBLIC:45,COMPLETED,354.0,0.0,,Executed,,,EASTSHORE SUBSTATION 230KV,ALAMEDA,PGAE,RUSSELL CITY ENERGY CENTER,AMEND 39,EASTSHORE,EASTSHORE SUBSTATION,PUBLIC,45
PUBLIC:50,COMPLETED,810.0,0.0,,Executed,,,SCE VALLEY SUBSTATION 500 KV,RIVERSIDE,SCE,INLAND EMPIRE ENERGY CENTER,AMEND 39,SCE VALLEY,SCE VALLEY SUBSTATION,PUBLIC,50
PUBLIC:51,COMPLETED,0.55,0.0,,Executed,,,KERMAN-HELM 70KV LINE,FRESNO,PGAE,FRESNO COGEN ICE UNIT,AMEND 39,KERMAN HELM,KERMAN-HELM,PUBLIC,51
PUBLIC:52,COMPLETED,401.0,0.0,,Executed,,,PANOCHE SUBSTATION,FRESNO,PGAE,PANOCHE ENERGY CENTER,SERIAL LGIP,PANOCHE,PANOCHE SUBSTATION,PUBLIC,52
PUBLIC:57,COMPLETED,715.0,0.0,,Executed,,,BETWEEN COTTONWOOD AND VACA-DIXON,COLUSA,PGAE,CPV COLUSA,AMEND 39,BETWEEN COTTONWOOD AND VACA DIXON,BETWEEN COTTONWOOD AND VACA-DIXON,PUBLIC,57
PUBLIC:66,COMPLETED,500.5,0.0,,Executed,,,WALNUT SUBSTATION 220KV,LOS ANGELES,SCE,WALNUT CREEK ENERGY PARK - PHASE 1,AMEND 39,WALNUT,WALNUT SUBSTATION,PUBLIC,66
PUBLIC:67,COMPLETED,245.0,0.0,,Executed,,,EASTSHORE SUBSTATION 230KV,ALAMEDA,PGAE,RUSSELL CITY ENERGY CENTER EXPANSION,AMEND 39,EASTSHORE,EASTSHORE SUBSTATION,PUBLIC,67
PUBLIC:70,COMPLETED,12.6,0.0,,Executed,,,HILLSDALE JUNCTION-HALF MOON BAY 60 KV LINE,SAN MATEO,PGAE,OX MOUNTAIN LANDFILL GAS GENERATION,AMEND 39,HILLSDALE HALF MOON BAY,HILLSDALE JUNCTION-HALF MOON BAY,PUBLIC,70
PUBLIC:73,COMPLETED,141.3,0.0,,Executed,,,WHIRLWIND SUB 230KV BUS,KERN,SCE,PACIFIC WIND,SERIAL LGIP,WHIRLWIND,WHIRLWIND SUB,PUBLIC,73
PUBLIC:74,COMPLETED,102.0,0.0,,Executed,,,PIT #3-ROUND MOUNTAIN 230KV  LINE,SHASTA,PGAE,HATCHET RIDGE WIND FARM PROJECT,SERIAL LGIP,PIT ROUND MOUNTAIN,PIT #3-ROUND MOUNTAIN,PUBLIC,74
PUBLIC:75,COMPLETED,10.5,0.0,,Executed,,,LE GRAND-CHOWCILLA 115 KV,MADERA,PGAE,CHOWCHILLA BIOMASS,AMEND 39,LE GRAND CHOWCILLA,LE GRAND-CHOWCILLA,PUBLIC,75
PUBLIC:76,COMPLETED,10.5,0.0,,Executed,,,MERCED #1 70 KV CIRCUIT,MERCED,PGAE,EL NIDO,AMEND 39,MERCED CIRCUIT,MERCED #1,PUBLIC,76
PUBLIC:84,COMPLETED,100.0,0.0,,Executed,FULL CAPACITY,,WHIRLWIND SUB 230KV BUS,KERN,SCE,AVALON HYBRID,SERIAL LGIP,WHIRLWIND,WHIRLWIND SUB,PUBLIC,84
PUBLIC:93,COMPLETED,220.0,0.0,,Executed,FULL CAPACITY,,WINDHUB SUBSTATION 220KV BUS,KERN,SCE,VOYAGER WIND,SERIAL LGIP,WINDHUB,WINDHUB SUBSTATION,PUBLIC,93
PUBLIC:95,COMPLETED,550.0,0.0,,Executed,,,WINDHUB SUBSTATION 220KV BUS,KERN,SCE,CPC EAST,SERIAL LGIP,WINDHUB,WINDHUB SUBSTATION,PUBLIC,95
PUBLIC:98,COMPLETED,37.0,0.0,,,FULL CAPACITY,,DIABLO CANYON SUBSTATION CIRVUIT BREAKERS 532 AND 632,SAN LUIS OBISPO,PGAE,DIABLO CANYON P.P. UNIT 1,TC,DIABLO CANYON CIRVUIT BREAKERS 532 AND 632,DIABLO CANYON SUBSTATION CIRVUIT BREAKERS 532 AND 632,PUBLIC,98
PUBLIC:99,COMPLETED,45.0,0.0,,,,,DIABLO CANYON SUBSTATION CIRCUIT BREAKERS 542 AND 642,SAN LUIS OBISPO,PGAE,DIABLO CANYON P.P. UNIT 2,SERIAL LGIP,DIABLO CANYON CIRCUIT BREAKERS 542 AND 642,DIABLO CANYON SUBSTATION CIRCUIT BREAKERS 542 AND 642,PUBLIC,99
PUBLIC:108,COMPLETED,128.0,0.0,,Executed,,,LAMBIE-CONTRA COSTA 230 KV,SOLANO,PGAE,SOLANO WIND PROJECT - PHASE 3 (230KV),SERIAL LGIP,LAMBIE CONTRA COSTA,LAMBIE-CONTRA COSTA,PUBLIC,108
PUBLIC:119,COMPLETED,500.0,0.0,,Executed,FULL CAPACITY,,WINDHUB SUB 230KV BUS,KERN,SCE,VOYAGER WIND 2,SERIAL LGIP,WINDHUB,WINDHUB SUB,PUBLIC,119
PUBLIC:121,COMPLETED,49.0,0.0,,Executed,,,MIRAMAR GT SUBSTATION 69 KV,SAN DIEGO,SDGE,MIRAMAR ENERGY FACILITY II,SERIAL LGIP,MIRAMAR GT,MIRAMAR GT SUBSTATION,PUBLIC,121
PUBLIC:125,COMPLETED,250.0,0.0,,Executed,FULL CAPACITY,,COOLWATER-KRAMER 230KV LINE,SAN BERNARDINO,SCE,MOJAVE SOLAR (FKA HARPER LAKE SOLAR),SERIAL LGIP,COOLWATER KRAMER,COOLWATER-KRAMER,PUBLIC,125
PUBLIC:131,COMPLETED,132.0,0.0,,Executed,,,ELDORADO-BAKER-COOL WATER-DUNN SIDING-MOUNTAIN PASS 115KV LINE,SAN BERNARDINO,SCE,DPT 1,SERIAL LGIP,ELDORADO BAKER COOL WATER DUNN SIDING MOUNTAIN PASS,ELDORADO-BAKER-COOL WATER-DUNN SIDING-MOUNTAIN PASS,PUBLIC,131
PUBLIC:132,COMPLETED,162.0,0.0,,Executed,FULL CAPACITY,,HIGHWIND SUBSTATION 230KV BUS,KERN,SCE,NORTH SKY RIVER WIND,SERIAL LGIP,HIGHWIND,HIGHWIND SUBSTATION,PUBLIC,132
PUBLIC:137,COMPLETED,211.0,0.0,,Executed,,,ENCINA SUBSTATION 230 KV,SAN DIEGO,SDGE,CARLSBAD 1,SERIAL LGIP,ENCINA,ENCINA SUBSTATION,PUBLIC,137
PUBLIC:146,COMPLETED,250.0,230.0,,Executed,PARTIAL CAPACITY,,RED BLUFF SUBSTATION 230KV,RIVERSIDE,SCE,DESERT SUNLIGHT PV I,SERIAL LGIP,RED BLUFF,RED BLUFF SUBSTATION,PUBLIC,146
PUBLIC:147,COMPLETED,300.0,230.0,,Executed,PARTIAL CAPACITY,,RED BLUFF SUBSTATION 230KV,RIVERSIDE,SCE,DESERT SUNLIGHT PV II,SERIAL LGIP,RED BLUFF,RED BLUFF SUBSTATION,PUBLIC,147
PUBLIC:159A,COMPLETED,256.0,0.0,,Executed,FULL CAPACITY,,EAST COUNTY SUBSTATION 230 KV,BAJA CALIFORNIA,SDGE,ENERGIA SIERRA JUAREZ WIND,SERIAL LGIP,EAST COUNTY,EAST COUNTY SUBSTATION,PUBLIC,159A
PUBLIC:162,COMPLETED,126.0,0.0,,Executed,,,ELDORADO-BAKER-COOL WATER-DUNN SIDING-MOUNTAIN PASS 115KV LINE,SAN BERNARDINO,SCE,DPT 2,SERIAL LGIP,ELDORADO BAKER COOL WATER DUNN SIDING MOUNTAIN PASS,ELDORADO-BAKER-COOL WATER-DUNN SIDING-MOUNTAIN PASS,PUBLIC,162
PUBLIC:163,COMPLETED,300.0,0.0,,Executed,FULL CAPACITY,,MOUNTAIN PASS SUBSTATION 115KV,SAN BERNARDINO,SCE,DESERT STATELINE PROJECT,TC,MOUNTAIN PASS,MOUNTAIN PASS SUBSTATION,PUBLIC,163
PUBLIC:166,COMPLETED,210.0,0.0,,Executed,,,MIDWAY-MORROW BAY 230KV LINE,SAN LUIS OBISPO,PGAE,CALIFORNIA VALLEY PV,SERIAL LGIP,MIDWAY MORROW BAY,MIDWAY-MORROW BAY,PUBLIC,166
PUBLIC:188,COMPLETED,198.0,0.0,,Executed,FULL CAPACITY,,WINDHUB SUBSTATION 230KV,KERN,SCE,RISING TREE WIND FARM (FKA HOMESTEAD WIND FARM),TC,WINDHUB,WINDHUB SUBSTATION,PUBLIC,188
PUBLIC:189,COMPLETED,105.8,0.0,,Executed,FULL CAPACITY,,ENCINA SUBSTATION 138 KV,SAN DIEGO,SDGE,CARLSBAD 2,SERIAL LGIP,ENCINA,ENCINA SUBSTATION,PUBLIC,189
PUBLIC:193,COMPLETED,500.0,230.0,,Executed,PARTIAL CAPACITY,,COLORADO RIVER SUBSTATION 500KV,RIVERSIDE,SCE,GENESIS MCCOY,TC,COLORADO RIVER,COLORADO RIVER SUBSTATION,PUBLIC,193
PUBLIC:194,COMPLETED,190.0,0.0,,Executed,,,MORRO BAY-MIDWAY #1 & #2 LINES 230KV,SAN LUIS OBISPO,PGAE,CARRIZO PLAIN SOLAR,SERIAL LGIP,MORRO BAY MIDWAY LINES,MORRO BAY-MIDWAY #1 & #2 LINES,PUBLIC,194
PUBLIC:201,COMPLETED,99.0,0.0,,Executed,,,PALA SUBSTATION 69 KV,SAN DIEGO,SDGE,ORANGE GROVE,SERIAL LGIP,PALA,PALA SUBSTATION,PUBLIC,201
PUBLIC:233,COMPLETED,132.0,0.0,,Executed,,,IVANPAH SUBSTATION 115KV,SAN BERNARDINO,SCE,IVANPAH SEGS 3,SERIAL LGIP,IVANPAH,IVANPAH SUBSTATION,PUBLIC,233
PUBLIC:239,COMPLETED,250.0,0.0,,Executed,FULL CAPACITY,,MIDWAY-MORRO BAY 230KV LINE,SAN LUIS OBISPO,PGAE,CALIFORNIA VALLEY SOLAR RANCH (FKA CARRIZO SOLAR FARM II),TC,MIDWAY MORRO BAY,MIDWAY-MORRO BAY,PUBLIC,239
PUBLIC:242,COMPLETED,150.0,0.0,,Executed,FULL CAPACITY,,MORRO BAY-MIDWAY 230KV LINE,SAN LUIS OBISPO,PGAE,DESERT TOPAZ PV 2,TC,MORRO BAY MIDWAY,MORRO BAY-MIDWAY,PUBLIC,242
PUBLIC:252,COMPLETED,25.96,0.0,,Executed,,,REDONDO BEACH GENERATING STATION 220KV SWITCHYARD,LOS ANGELES,SCE,AES REDONDO BEACH UNIT 7,SERIAL LGIP,REDONDO BEACH,REDONDO BEACH GENERATING STATION,PUBLIC,252
PUBLIC:261A,COMPLETED,5.0,0.0,,Executed,,,MENDOTA-SAN JOAQUIN-HELM 70KV LINE,FRESNO,PGAE,CALRENEW-1(A),AMEND 39,MENDOTA SAN JOAQUIN HELM,MENDOTA-SAN JOAQUIN-HELM,PUBLIC,261A
PUBLIC:267,COMPLETED,280.0,0.0,,Executed,,,GOLD HILL-EIGHT MILE 230KV LINES,SAN JOAQUIN,PGAE,LODI ENERGY CENTER,SERIAL LGIP,GOLD HILL EIGHT MILE LINES,GOLD HILL-EIGHT MILE,PUBLIC,267
PUBLIC:274,COMPLETED,54.0,0.0,,Executed,,,PALOMAR ENERGY SWITCHYARD 230 KV,SAN DIEGO,SDGE,PALOMAR ENERGY CENTER EXPANSION,SERIAL LGIP,PALOMAR ENERGY,PALOMAR ENERGY SWITCHYARD,PUBLIC,274
PUBLIC:294,COMPLETED,485.0,340.0,,Executed,PARTIAL CAPACITY,,COLORADO RIVER SUBSTATION 220KV,RIVERSIDE,SCE,DRACKER SOLAR,TC,COLORADO RIVER,COLORADO RIVER SUBSTATION,PUBLIC,294
PUBLIC:304,COMPLETED,50.0,0.0,,Executed,FULL CAPACITY,,SMYRNA-ALPAUGH 115KV LINE,TULARE,PGAE,ALPAUGH PV SOLAR GENERATION FACILITY,TC,SMYRNA ALPAUGH,SMYRNA-ALPAUGH,PUBLIC,304
PUBLIC:320,COMPLETED,100.0,0.0,,Executed,FULL CAPACITY,,CONTRA COSTA SUBSTATION 230KV SWITCHYARD,CONTRA COSTA,PGAE,MARSH LANDING GENERATION STATION - SIMPLE CYCLE UNITS,TC,CONTRA COSTA,CONTRA COSTA SUBSTATION,PUBLIC,320
PUBLIC:334,COMPLETED,195.9,0.0,,Executed,FULL CAPACITY,,KELSO SUBSTATION 230KV BUS,ALAMEDA,PGAE,MARIPOSA ENERGY PROJECT (FKA DGC KELSO CT),TC,KELSO,KELSO SUBSTATION,PUBLIC,334
PUBLIC:337,COMPLETED,25.75,0.0,,Executed,FULL CAPACITY,,BORREGO SUBSTATION 69 KV,SAN DIEGO,SDGE,BORREGO SOLAR I,TC,BORREGO,BORREGO SUBSTATION,PUBLIC,337
PUBLIC:340,COMPLETED,20.0,0.0,,Executed,FULL CAPACITY,,SMYRNA-ALPAUGH 115KV LINE,TULARE,PGAE,ATWELL ISLAND PV SOLAR GENERATING FACILITY,SGIP,SMYRNA ALPAUGH,SMYRNA-ALPAUGH,PUBLIC,340
PUBLIC:365,COMPLETED,457.0,50.0,,Executed,FULL CAPACITY,,RED BLUFF SUBSTATION 230KV,RIVERSIDE,SCE,ALMASOL,TC,RED BLUFF,RED BLUFF SUBSTATION,PUBLIC,365
PUBLIC:407,COMPLETED,310.0,0.0,,Executed,FULL CAPACITY,,COTTONWIND-WHIRLWIND 230KV LINE,KERN,SCE,SOLAR STAR 1 ,TC,COTTONWIND WHIRLWIND,COTTONWIND-WHIRLWIND,PUBLIC,407
PUBLIC:408,COMPLETED,276.0,0.0,,Executed,FULL CAPACITY,,COTTONWIND-WHIRLWIND 230KV LINE,KERN,SCE,SOLAR STAR 2,TC,COTTONWIND WHIRLWIND,COTTONWIND-WHIRLWIND,PUBLIC,408
PUBLIC:412,COMPLETED,250.0,0.0,,Executed,FULL CAPACITY,,WHIRLWIND SUBSTATION 230KV,LOS ANGELES,SCE,AV SOLAR ONE PROJECT,TC,WHIRLWIND,WHIRLWIND SUBSTATION,PUBLIC,412
PUBLIC:421,COMPLETED,49.5,15.0,,Executed,PARTIAL CAPACITY,GROUP C,RED BLUFF SUBSTATION 220KV,RIVERSIDE,SCE,SLOTH,TC,RED BLUFF,RED BLUFF SUBSTATION,PUBLIC,421
PUBLIC:429,COMPLETED,100.0,0.0,,Executed,FULL CAPACITY,,IMPERIAL VALLEY SUBSTATION 230 KV,IMPERIAL,SDGE,WISTARIA RANCH SOLAR ENERGY,TC,IMPERIAL VALLEY,IMPERIAL VALLEY SUBSTATION,PUBLIC,429
PUBLIC:442,COMPLETED,125.0,0.0,,Executed,FULL CAPACITY,,IMPERIAL VALLEY SUBSTATION 230 KV,IMPERIAL,SDGE,CENTINELA SOLAR ENERGY,TC,IMPERIAL VALLEY,IMPERIAL VALLEY SUBSTATION,PUBLIC,442
PUBLIC:467,COMPLETED,230.0,200.0,,Executed,FULL CAPACITY,,ELDORADO-IVANPAH 230KV LINE,CLARK,SCE,SILVER STATE SOUTH SOLAR PROJECT,TC,ELDORADO IVANPAH,ELDORADO-IVANPAH,PUBLIC,467
PUBLIC:468,COMPLETED,290.0,0.0,,Executed,ENERGY ONLY,,HOODOO WASH SWITCHYARD 500 KV,YUMA,SDGE,AGUA CALIENTE,TC,HOODOO WASH,HOODOO WASH SWITCHYARD,PUBLIC,468
PUBLIC:472,COMPLETED,0.0,0.0,,Executed,FULL CAPACITY,,BLUE LAKE POWER SUBSTATION,,PGAE,BLUE LAKE POWER,SGIP,BLUE LAKE POWER,BLUE LAKE POWER SUBSTATION,PUBLIC,472
PUBLIC:473,COMPLETED,20.0,0.0,,Executed,FULL CAPACITY,,SMYRNA-ALPAUGH 115KV LINE,TULARE,PGAE,ALPAUGH NORTH PV SOLAR GENERATING FACILITY,SGIP,SMYRNA ALPAUGH,SMYRNA-ALPAUGH,PUBLIC,473
PUBLIC:477,COMPLETED,4.0,0.0,,Executed,ENERGY ONLY,,CENTERVILLE-TABLE MOUNTAIN 60KV LINE,BUTTE,PGAE,AMERESCO BUTTE COUNTY LANDFILL,SGIP,CENTERVILLE TABLE MOUNTAIN,CENTERVILLE-TABLE MOUNTAIN,PUBLIC,477
PUBLIC:478,COMPLETED,20.0,0.0,,Executed,FULL CAPACITY,,CORCORAN-KINGSBURG 115KV #2 LINE,KINGS,PGAE,CORCORAN PV GENERATION FACILITY,SGIP,CORCORAN KINGSBURG,CORCORAN-KINGSBURG,PUBLIC,478
PUBLIC:479,COMPLETED,20.0,0.0,,Executed,FULL CAPACITY,,SMYRNA-ALPAUGH 115KV LINE,TULARE,PGAE,WHITE RIVER PV 20MVA SOLAR GENERATION FACILITY,SGIP,SMYRNA ALPAUGH,SMYRNA-ALPAUGH,PUBLIC,479
PUBLIC:481,COMPLETED,18.4,0.0,,Executed,ENERGY ONLY,,VALLEY SPRINGS-MARTEL #2 60KV LINE,AMADOR,PGAE,BVBP REPOWERING PROJECT,SGIP,VALLEY SPRINGS MARTEL,VALLEY SPRINGS-MARTEL #2,PUBLIC,481
PUBLIC:482,COMPLETED,20.0,0.0,,Executed,FULL CAPACITY,,SMYRNA-ALPAUGH 115KV LINE,TULARE,PGAE,ATWELL WEST PV SOLAR GENERATING FACILITY,SGIP,SMYRNA ALPAUGH,SMYRNA-ALPAUGH,PUBLIC,482
PUBLIC:484,COMPLETED,20.0,0.0,,Executed,FULL CAPACITY,,ARCO-CARNERAS 70 KV LINE,SAN FRANCISCO,PGAE,LOST HILLS SOLAR,SGIP,ARCO CARNERAS,ARCO-CARNERAS,PUBLIC,484
PUBLIC:495,COMPLETED,7.2,0.0,,Executed,FULL CAPACITY,,TULLOCH 115KV TAP,TUOLUMNE,PGAE,TULLOCH POWERHOUSE,C01,TULLOCH,TULLOCH,PUBLIC,495
PUBLIC:502,COMPLETED,20.0,0.0,,Executed,FULL CAPACITY,,ELDORADO-IVANPAH 230KV LINE,CLARK,SCE,SILVER STATE SOUTH SOLAR PROJECT (FKA SILVER STATE SOLAR II),C01,ELDORADO IVANPAH,ELDORADO-IVANPAH,PUBLIC,502
PUBLIC:503,COMPLETED,155.0,0.0,,Executed,FULL CAPACITY,,MERCHANT SWITCHYARD 230 KV,CLARK,SDGE,CMS2 (FKA BOULDER CITY PV),C01,MERCHANT,MERCHANT SWITCHYARD,PUBLIC,503
PUBLIC:509,COMPLETED,49.9,0.0,,Executed,FULL CAPACITY,,EL CAJON SUBSTATION 69 KV,SAN DIEGO,SDGE,EL CAJON ENERGY CENTER,C01,EL CAJON,EL CAJON SUBSTATION,PUBLIC,509
PUBLIC:510,COMPLETED,130.0,0.0,,Executed,FULL CAPACITY,,IMPERIAL VALLEY SUBSTATION 230 KV,IMPERIAL,SDGE,IV SUBSTATION SOUTH,C01,IMPERIAL VALLEY,IMPERIAL VALLEY SUBSTATION,PUBLIC,510
PUBLIC:517,COMPLETED,20.0,0.0,,Executed,FULL CAPACITY,,KERN-OLD RIVER #1 70KV LINE,KERN,PGAE,OLD RIVER 1,SGIP,KERN OLD RIVER,KERN-OLD RIVER #1,PUBLIC,517
PUBLIC:526,COMPLETED,20.0,0.0,,Executed,ENERGY ONLY,,SCHINDLER-COALINGA #2 70KV LINE,FRESNO,PGAE,PAIGE SOLAR ,SGIP,SCHINDLER COALINGA,SCHINDLER-COALINGA #2,PUBLIC,526
PUBLIC:529,COMPLETED,20.0,0.0,,Executed,ENERGY ONLY,,CORCORAN- KINGSBURG #1 115KV LINE,KINGS,PGAE,FRESHWATER SOLAR GENERATING FACILITY (FKA SWEETWATER PV 20MVA SOLAR GENERATING FACILITY),SGIP,CORCORAN KINGSBURG,CORCORAN- KINGSBURG #1,PUBLIC,529
PUBLIC:532,COMPLETED,20.0,0.0,,Executed,ENERGY ONLY,,SCHINDLER-HURON-GATES 70KV LINE,FRESNO,PGAE,WHITNEY POINT SOLAR,SGIP,SCHINDLER HURON GATES,SCHINDLER-HURON-GATES,PUBLIC,532
PUBLIC:548,COMPLETED,20.0,0.0,,Executed,ENERGY ONLY,,MERCY SPRINGS SUBSTATION 70KV,KINGS,PGAE,VEGA SOLAR (FKA: FRV VEGA SOLAR),SGIP,MERCY SPRINGS,MERCY SPRINGS SUBSTATION,PUBLIC,548
PUBLIC:557,COMPLETED,19.75,0.0,,Executed,FULL CAPACITY,,SMYRNA-ALPAUGH 115KV LINE,TULARE,PGAE,WHITE RIVER 2 (FKA:WHITE RIVER WEST 19.75 MW PV GENERATION FACILTY),C02,SMYRNA ALPAUGH,SMYRNA-ALPAUGH,PUBLIC,557
PUBLIC:558,COMPLETED,19.75,0.0,,Executed,FULL CAPACITY,,CORCORAN-KINGSBURG #2 115KV,KINGS,PGAE,CORCORAN 2 GENERATING FACILITY (FKA: CORCORAN WEST 19.75 MW PV GENERATION FACILTY),C02,CORCORAN KINGSBURG,CORCORAN-KINGSBURG #2,PUBLIC,558
PUBLIC:559,COMPLETED,60.0,0.0,,Executed,FULL CAPACITY,,WHEELER RIDGE-LAMONT 115KV,KERN,PGAE,REGULUS SOLAR (FKA FRV REGULUS SOLAR),C02,WHEELER RIDGE LAMONT,WHEELER RIDGE-LAMONT,PUBLIC,559
PUBLIC:568,COMPLETED,25.0,0.0,,Executed,FULL CAPACITY,,EASTSHORE SUBSTATION 230KV BUS,ALAMEDA,PGAE,RUSSELL CITY ENERGY CENTER FD3 UPGRADE,C02,EASTSHORE,EASTSHORE SUBSTATION,PUBLIC,568
PUBLIC:574,COMPLETED,308.0,0.0,,Executed,FULL CAPACITY,,OTAY MESA SWITCHYARD 230 KV,SAN DIEGO,SDGE,PIO PICO ENERGY CENTER,C02,OTAY MESA,OTAY MESA SWITCHYARD,PUBLIC,574
PUBLIC:576,COMPLETED,224.0,112.0,,Executed,FULL CAPACITY,,COLORADO RIVER SUB 230KV BUS,RIVERSIDE,SCE,BLYTHE MESA SOLAR,C02,COLORADO RIVER,COLORADO RIVER SUB,PUBLIC,576
PUBLIC:577,COMPLETED,110.0,0.0,,Executed,FULL CAPACITY,,LOS BANOS-WESTLEY 230KV,MERCED,PGAE,SOLAR STAR CALIFORNIA XIII (QUINTO),C02,LOS BANOS WESTLEY,LOS BANOS-WESTLEY,PUBLIC,577
PUBLIC:581,COMPLETED,100.0,0.0,,Executed,FULL CAPACITY,,HENRIETTA-GWF 115 KV LINE,KINGS,PGAE,HENRIETTA SOLAR (FKA SUNPOWER HENRIETTA SOLAR),C02,HENRIETTA GWF,HENRIETTA-GWF,PUBLIC,581
PUBLIC:590,COMPLETED,147.0,0.0,,Executed,FULL CAPACITY,,IMPERIAL VALLEY SUBSTATION 230 KV,IMPERIAL,SDGE,CAMPO VERDE SOLAR (FKA USS WIXOM SOLAR 1),C02,IMPERIAL VALLEY,IMPERIAL VALLEY SUBSTATION,PUBLIC,590
PUBLIC:602,COMPLETED,145.44,0.0,,Executed,FULL CAPACITY,,WHIRLWIND SUBSTATION 230KV,KERN,SCE,CATALINA SOLAR,C02,WHIRLWIND,WHIRLWIND SUBSTATION,PUBLIC,602
PUBLIC:607,COMPLETED,60.0,0.0,,Executed,FULL CAPACITY,,MENDOTA SUBSTATION 115 KV BUS,FRESNO,PGAE,NORTH STAR SOLAR 1,C02,MENDOTA,MENDOTA SUBSTATION,PUBLIC,607
PUBLIC:608,COMPLETED,150.0,0.0,,Executed,FULL CAPACITY,,IMPERIAL VALLEY SUBSTATION 230 KV,IMPERIAL,SDGE,IMPERIAL VALLEY WEST,C02,IMPERIAL VALLEY,IMPERIAL VALLEY SUBSTATION,PUBLIC,608
PUBLIC:620,COMPLETED,20.0,0.0,,Executed,FULL CAPACITY,,COPUS ROAD SUB 70KV BUS,KERN,PGAE,MARICOPA WEST SOLAR PV (FKA COPUS SOLAR ONE),SGIP,COPUS ROAD,COPUS ROAD SUB,PUBLIC,620
PUBLIC:621A,COMPLETED,20.0,0.0,,Executed,FULL CAPACITY,,WEEDPATCH - SAN BERNARD 70 KV LINE,KERN,PGAE,ORION SOLAR I (FKA: FRV ORION KERN SOLAR),SGIP,WEEDPATCH SAN BERNARD,WEEDPATCH - SAN BERNARD,PUBLIC,621A
PUBLIC:622B,COMPLETED,20.0,0.0,,Executed,FULL CAPACITY,,WHEELER RIDGE-LAMONT 115 KV,KERN,PGAE,ADOBE SOLAR (FKA FRV ADOBE SOLAR),SGIP,WHEELER RIDGE LAMONT,WHEELER RIDGE-LAMONT,PUBLIC,622B
PUBLIC:632,COMPLETED,19.0,0.0,,Executed,FULL CAPACITY,GROUP A,WESIX 70KV TAP,FRESNO,PGAE,ADAMS EAST,SGIP,WESIX,WESIX,PUBLIC,632
PUBLIC:632B,COMPLETED,18.5,0.0,,Executed,FULL CAPACITY,,STROUD SWITCHING STATION 70KV,FRESNO,PGAE,SUMMER WHEAT SOLAR FARM,SGIP-TC,STROUD,STROUD SWITCHING STATION,PUBLIC,632B
PUBLIC:633,COMPLETED,18.0,0.0,,Executed,FULL CAPACITY,GROUP A,GATES-COALINGA 70 KV LINE #1,FRESNO,PGAE,WESTLANDS SOLAR FARM PV1,SGIP,GATES COALINGA,GATES-COALINGA,PUBLIC,633
PUBLIC:636,COMPLETED,20.0,0.0,,Executed,FULL CAPACITY,,LEPRINO FOOD (LEMOORE) 115 KV TAP LINE,KINGS,PGAE,KANSAS,SGIP,LEPRINO FOOD,LEPRINO FOOD (LEMOORE),PUBLIC,636
PUBLIC:637,COMPLETED,20.0,0.0,,Executed,FULL CAPACITY,GROUP A,HENRIETTA-JACOBS CORNER 70KV,KINGS,PGAE,KANSAS SOUTH,SGIP,HENRIETTA JACOBS CORNER,HENRIETTA-JACOBS CORNER,PUBLIC,637
PUBLIC:643AE,COMPLETED,150.0,35.0,,Executed,PARTIAL CAPACITY,,RED BLUFF SUB 230KV BUS,RIVERSIDE,SCE,DESERT HARVEST ,C03,RED BLUFF,RED BLUFF SUB,PUBLIC,643AE
PUBLIC:643AJ,COMPLETED,100.0,0.0,,Executed,FULL CAPACITY,,WHIRLWIND SUB 230 KV BUS,KERN,SCE,WILLOW SPRINGS 2,C03,WHIRLWIND,WHIRLWIND SUB,PUBLIC,643AJ
PUBLIC:643AM,COMPLETED,45.0,0.0,,Executed,FULL CAPACITY,,IMPERIAL VALLEY SUBSTATION 230 KV,IMPERIAL,SDGE,CENTINELA SOLAR ENERGY EXPANSION (45 MW) ,C03,IMPERIAL VALLEY,IMPERIAL VALLEY SUBSTATION,PUBLIC,643AM
PUBLIC:643G,COMPLETED,27.15,0.0,,Executed,FULL CAPACITY,,CASCADE-COTTONWOOD 115 KV,,PGAE,SPI ANDERSON 2,C03,CASCADE COTTONWOOD,CASCADE-COTTONWOOD,PUBLIC,643G
PUBLIC:643T,COMPLETED,165.0,0.0,,Executed,FULL CAPACITY,,HASSAYAMPA COMMON BUS 500 KV,MARICOPA,SDGE,MESQUITE SOLAR 1 (FKA MESQUITE GENERATION),C03,HASSAYAMPA COMMON,HASSAYAMPA COMMON BUS,PUBLIC,643T
PUBLIC:643W,COMPLETED,100.0,75.0,,Executed,FULL CAPACITY,,GATES-GREGG 230 KV AND GATES-MCCALL 230 KV,KINGS,PGAE,RE MUSTANG,C03,GATES GREGG AND GATES MCCALL,GATES-GREGG,PUBLIC,643W
PUBLIC:643X,COMPLETED,200.0,72.0,,Executed,FULL CAPACITY,,HELM-PANOCHE 230 KV AND PANOCHE-KEARNEY 230KV,FRESNO,PGAE,RE TRANQUILLITY,C03,HELM PANOCHE AND PANOCHE KEARNEY,HELM-PANOCHE,PUBLIC,643X
PUBLIC:644,COMPLETED,20.0,0.0,,Executed,ENERGY ONLY,,DAIRYLAND - LEGRAND 115 KV,MADERA,PGAE,CHOWCHILLA SOLAR PROJECT,SGIP-TC,DAIRYLAND LEGRAND,DAIRYLAND - LEGRAND,PUBLIC,644
PUBLIC:644A,COMPLETED,20.0,0.0,,Executed,FULL CAPACITY,,EAST COUNTY SUBSTATION 138 KV,SAN DIEGO,SDGE,JACUMBA SOLAR FARM,SGIP-TC,EAST COUNTY,EAST COUNTY SUBSTATION,PUBLIC,644A
PUBLIC:650AB,COMPLETED,20.0,0.0,,Executed,FULL CAPACITY,GROUP A,HENRIETTA-TULARE LAKE 70KV,KINGS,PGAE,KENT SOUTH,SGIP-TC,HENRIETTA TULARE LAKE,HENRIETTA-TULARE LAKE,PUBLIC,650AB
PUBLIC:651A,COMPLETED,20.0,0.0,,Executed,FULL CAPACITY,,ANTLELOPE SUB 66 KV BUS,LOS ANGELES,SCE,WEST ANTELOPE SOLAR (FKA: TA - ACACIA),SGIP-TC,ANTLELOPE,ANTLELOPE SUB,PUBLIC,651A
PUBLIC:653EA,COMPLETED,20.0,0.0,,Executed,FULL CAPACITY,,COPUS-OLD RIVER 70 KV,KERN,PGAE,SOUTH KERN SOLAR PV PLANT,SGIP-TC,COPUS OLD RIVER,COPUS-OLD RIVER,PUBLIC,653EA
PUBLIC:653H,COMPLETED,10.0,0.0,,Executed,FULL CAPACITY,,ANTELOPE SUB 66 KV BUS,LOS ANGELES,SCE,WESTERN ANTELOPE DRY RANCH,SGIP-TC,ANTELOPE,ANTELOPE SUB,PUBLIC,653H
PUBLIC:654,COMPLETED,20.0,0.0,,Executed,FULL CAPACITY,,SEMITROPIC-MIDWAY #2 115KV,KERN,PGAE,WILDWOOD SOLAR I (FKA GOOSE LAKE SOLAR I),SGIP-TC,SEMITROPIC MIDWAY,SEMITROPIC-MIDWAY #2,PUBLIC,654
PUBLIC:659,COMPLETED,20.0,0.0,,Executed,FULL CAPACITY,,ANTELOPE SUB 66 KV BUS,LOS ANGELES,SCE,CENTRAL ANTELOPE SOLAR (FKA WESTERN ANTELOPE BLUE SKY RANCH B),SGIP-TC,ANTELOPE,ANTELOPE SUB,PUBLIC,659
PUBLIC:660,COMPLETED,20.0,0.0,,Executed,FULL CAPACITY,,ANTELOPE SUB 66 KV BUS,LOS ANGELES,SCE,WESTERN ANTELOPE BLUE SKY RANCH A,SGIP-TC,ANTELOPE,ANTELOPE SUB,PUBLIC,660
PUBLIC:662,COMPLETED,20.0,0.0,,Executed,FULL CAPACITY,,ANTELOPE SUB 66 KV BUS,LOS ANGELES,SCE,SIERRA SOLAR GWX (FKA SILVER SUN GREENWORKS),SGIP-TC,ANTELOPE,ANTELOPE SUB,PUBLIC,662
PUBLIC:679,COMPLETED,20.0,0.0,,Executed,FULL CAPACITY,,GIFFEN SUBSTATION 70 KV,FRESNO,PGAE,BURFORD GIFFEN,C04,GIFFEN,GIFFEN SUBSTATION,PUBLIC,679
PUBLIC:687,COMPLETED,20.0,0.0,,Executed,PARTIAL CAPACITY,GROUP D,PITTSBURG-KIRKER-COLUMBIA STEEL 115 KV LINE,CONTRA COSTA,PGAE,COLUMBIA SOLAR ENERGY 2 FKA COLUMBIA SOLAR ENERGY II,C04,PITTSBURG KIRKER COLUMBIA STEEL,PITTSBURG-KIRKER-COLUMBIA STEEL,PUBLIC,687
PUBLIC:705,COMPLETED,20.0,0.0,,Executed,FULL CAPACITY,,ARCO-CARNERAS 70 KV LINE,KERN,PGAE,FRONTIER SOLAR ,C04,ARCO CARNERAS,ARCO-CARNERAS,PUBLIC,705
PUBLIC:709,COMPLETED,36.0,0.0,,Executed,FULL CAPACITY,,TESLA SUB 115  KV,ALAMEDA,PGAE,GOLDEN HILLS 2 WIND,C04,TESLA,TESLA SUB,PUBLIC,709
PUBLIC:723,COMPLETED,50.0,0.0,,Executed,FULL CAPACITY,,BORDEN 70KV,MADERA,PGAE,LOTUS SOLAR FARM,C04,BORDEN,BORDEN,PUBLIC,723
PUBLIC:746,COMPLETED,175.0,0.0,,Executed,FULL CAPACITY,,WHIRLWIND SUBSTATION 220KV,KERN,SCE,RE ASTORIA,C04,WHIRLWIND,WHIRLWIND SUBSTATION,PUBLIC,746
PUBLIC:775,COMPLETED,15.0,0.0,,Executed,FULL CAPACITY,,ARCO-TWISSELMAN 70 KV,KERN,PGAE,MORELOS DEL SOL (FKA TWISSLEMAN I),C04,ARCO TWISSELMAN,ARCO-TWISSELMAN,PUBLIC,775
PUBLIC:778,COMPLETED,20.0,0.0,,Executed,ENERGY ONLY,,ANTELOPE SUBSTATION 66 KV BUS,LOS ANGELES,SCE,NORTH LANCASTER SOLAR (FKA WESTERN ANTELOPE DRY RANCH ADDITION),C04,ANTELOPE,ANTELOPE SUBSTATION,PUBLIC,778
PUBLIC:795,COMPLETED,20.0,0.0,,Executed,FULL CAPACITY,,WHIRLWIND SUBSTATION 230 KV BUS,KERN,SCE,KINGBIRD SOLAR A (FKA AV SOLAR RANCH 2-A),C04,WHIRLWIND,WHIRLWIND SUBSTATION,PUBLIC,795
PUBLIC:796,COMPLETED,20.0,0.0,,Executed,FULL CAPACITY,,WHIRLWIND SUBSTATION 230 KV BUS,KERN,SCE,KINGBIRD SOLAR B (FKA AV SOLAR RANCH 2-B,C04,WHIRLWIND,WHIRLWIND SUBSTATION,PUBLIC,796
PUBLIC:829,COMPLETED,140.0,0.0,,Executed,FULL CAPACITY,,MOSS-PANOCHE AND COBURN-PANOCHE 230 KV,SAN BENITO,PGAE,PV2 PANOCHE VALLEY SOLAR (AKA SGE PANOCHE VALLEY SOLAR),C04,MOSS PANOCHE AND COBURN PANOCHE,MOSS-PANOCHE AND COBURN-PANOCHE,PUBLIC,829
PUBLIC:838,COMPLETED,100.0,0.0,,Executed,FULL CAPACITY,,IMPERIAL VALLEY SUBSTATION 230 KV,IMPERIAL,SDGE,BLUE HORNET SOLAR,C04,IMPERIAL VALLEY,IMPERIAL VALLEY SUBSTATION,PUBLIC,838
PUBLIC:855,COMPLETED,92.0,0.0,,Executed,FULL CAPACITY,,MERCHANT SWITCHYARD 230 KV,CLARK,SDGE,COPPER MOUNTAIN SOLAR 4,C04,MERCHANT,MERCHANT SWITCHYARD,PUBLIC,855
PUBLIC:860,COMPLETED,3.1,0.0,,,PARTIAL CAPACITY,GROUP B,LONE TREE-CAYETANO AT THE JACKSON SUBSTATION,CONTRA COSTA,PGAE,VASCO WIND PROJECT,ISP,LONE TREE CAYETANO AT THE JACKSON,LONE TREE-CAYETANO AT THE JACKSON SUBSTATION,PUBLIC,860
PUBLIC:877,COMPLETED,280.0,60.0,,Executed,FULL CAPACITY,,MORRO-GATES 230KV LINE,MONTEREY,PGAE,CALIFORNIA FLATS SOLAR,C05,MORRO GATES,MORRO-GATES,PUBLIC,877
PUBLIC:885,COMPLETED,10.0,0.0,,Executed,FULL CAPACITY,,COPUS-OLD RIVER 70 KV LINE,KERN,PGAE,SKIC SOLAR,C05,COPUS OLD RIVER,COPUS-OLD RIVER,PUBLIC,885
PUBLIC:901,COMPLETED,15.0,0.0,,Executed,FULL CAPACITY,,SEMITROPIC-MIDWAY 115 KV LINE,KERN,PGAE,WILDWOOD SOLAR 2,C05,SEMITROPIC MIDWAY,SEMITROPIC-MIDWAY,PUBLIC,901
PUBLIC:909,COMPLETED,25.0,0.0,,In Progress,ENERGY ONLY,,SANDLOT SUBSTATION 220KV,SAN BERNARDINO,SCE,MOJAVE SOLAR,C05,SANDLOT,SANDLOT SUBSTATION,PUBLIC,909
PUBLIC:911,COMPLETED,50.0,0.0,,Executed,FULL CAPACITY,,PASTORIA SUBSTATION 220KV,KERN,SCE,PASTORIA ENERGY FACILITY,C05,PASTORIA,PASTORIA SUBSTATION,PUBLIC,911
PUBLIC:945,COMPLETED,24.0,0.0,,Executed,FULL CAPACITY,,LODI STIG 230 KV SUBSTATION,SAN JOAQUIN,PGAE,LECU,C06,LODI STIG,LODI STIG,PUBLIC,945
PUBLIC:946,COMPLETED,100.0,92.0,,Executed,PARTIAL CAPACITY,GROUP A,MIDWAY-WHEELER RIDGE #2 230 KV LINE,KERN,PGAE,NORTHERN ORCHARD SOLAR,C06,MIDWAY WHEELER RIDGE,MIDWAY-WHEELER RIDGE #2,PUBLIC,946
PUBLIC:952,COMPLETED,100.81,0.0,,Executed,FULL CAPACITY,,HASSAYAMPA COMMON BUS 500 KV,MARICOPA,SDGE,MESQUITE SOLAR 2,C06,HASSAYAMPA COMMON,HASSAYAMPA COMMON BUS,PUBLIC,952
PUBLIC:954,COMPLETED,150.0,117.0,,Executed,PARTIAL CAPACITY,,GATES SUBSTATION 230 KV,FRESNO,PGAE,FIFTH STANDARD SOLAR,C06,GATES,GATES SUBSTATION,PUBLIC,954
PUBLIC:963,COMPLETED,72.0,0.0,,Executed,FULL CAPACITY,,PITTSBURG SUBSTATION 115 KV BUS,CONTRA COSTA,PGAE,LOS MEDANOS ENERGY CENTER,C06,PITTSBURG,PITTSBURG SUBSTATION,PUBLIC,963
PUBLIC:965,COMPLETED,13.5,0.0,,Executed,FULL CAPACITY,,HENRIETTA-GWF 115 KV LINE,KINGS,PGAE,JAVA SOLAR,C06,HENRIETTA GWF,HENRIETTA-GWF,PUBLIC,965
PUBLIC:968,COMPLETED,35.0,0.0,,Executed,FULL CAPACITY,,PALOMAR ENERGY SWITCHYARD 230 KV,SAN DIEGO,SDGE,PALOMAR ENERGY CENTER 2,C06,PALOMAR ENERGY,PALOMAR ENERGY SWITCHYARD,PUBLIC,968
PUBLIC:971,COMPLETED,200.0,88.0,,Executed,FULL CAPACITY,,WHIRLWIND SUBSTATION 220KV,KERN,SCE,GARLAND,C06,WHIRLWIND,WHIRLWIND SUBSTATION,PUBLIC,971
PUBLIC:994,COMPLETED,50.0,0.0,,Executed,FULL CAPACITY,,VALLEY SUBSTATION 138KV,NYE,VEA,SUNSHINE VALLEY SOLAR 2 ,C06,VALLEY,VALLEY SUBSTATION,PUBLIC,994
PUBLIC:1003A,COMPLETED,9.5,0.0,,Executed,FULL CAPACITY,,VINCENT SUBSTATION 230KV,LOS ANGELES,SCE,PEARBLOSSOM SOLAR,C06,VINCENT,VINCENT SUBSTATION,PUBLIC,1003A
PUBLIC:1005,COMPLETED,0.5,0.0,,Executed,ENERGY ONLY,,MERCED #1 70KV LINE,MERCED,PGAE,MERCED POWER,FT,MERCED,MERCED #1,PUBLIC,1005
PUBLIC:1010,COMPLETED,44.8,0.0,,Executed,FULL CAPACITY,,VASCO-HERDLYN 60KV LINE,SAN JOAQUIN,PGAE,DYER SUMMIT WIND REPOWER,C07,VASCO HERDLYN,VASCO-HERDLYN,PUBLIC,1010
PUBLIC:1016,COMPLETED,0.0,0.0,,Executed,ENERGY ONLY,,STANDARD OIL SWITCHING STATION 115KV,CONTRA COSTA,PGAE,RICHMOND STEAM TURBINE,C07,STANDARD OIL,STANDARD OIL SWITCHING STATION,PUBLIC,1016
PUBLIC:1027,COMPLETED,20.0,20.0,,Executed,FULL CAPACITY,,GATES SUBSTATION 230KV,FRESNO,PGAE,BLACKBRIAR,C07,GATES,GATES SUBSTATION,PUBLIC,1027
PUBLIC:1032,COMPLETED,200.0,0.0,,Executed,FULL CAPACITY,,TRANQUILLITY SWITCHYARD 230KV,FRESNO,PGAE,TRANQUILLITY 8,C07,TRANQUILLITY,TRANQUILLITY SWITCHYARD,PUBLIC,1032
PUBLIC:1036,COMPLETED,150.0,0.0,,Executed,FULL CAPACITY,,MUSTANG SWITCHYARD 230 KV,KINGS,PGAE,MUSTANG 2,C07,MUSTANG,MUSTANG SWITCHYARD,PUBLIC,1036
PUBLIC:1040,COMPLETED,127.0,0.0,,Executed,FULL CAPACITY,,HASSAYAMPA COMMON BUS 500 KV,MARICOPA,SDGE,ARLINGTON VALLEY SOLAR ENERGY 2,C07,HASSAYAMPA COMMON,HASSAYAMPA COMMON BUS,PUBLIC,1040
PUBLIC:1045,COMPLETED,49.7,49.7,,Executed,FULL CAPACITY,GROUP A,OTAY SUBSTATION 69 KV,SAN DIEGO,SDGE,CHULA VISTA ENERGY CENTER 2,C07,OTAY,OTAY SUBSTATION,PUBLIC,1045
PUBLIC:1047,COMPLETED,50.0,50.0,,Executed,FULL CAPACITY,GROUP A,EL CAJON SUBSTATION 69 KV,SAN DIEGO,SDGE,NORTH JOHNSON ENERGY CENTER,C07,EL CAJON,EL CAJON SUBSTATION,PUBLIC,1047
PUBLIC:1053,COMPLETED,152.0,0.0,,Executed,FULL CAPACITY,,HASSAYAMPA COMMON BUS 500 KV,MARICOPA,SDGE,MESQUITE SOLAR 3,C07,HASSAYAMPA COMMON,HASSAYAMPA COMMON BUS,PUBLIC,1053
PUBLIC:1058,COMPLETED,10.0,0.0,,Executed,FULL CAPACITY,,OTAY MESA SWITCHYARD 230 KV,SAN DIEGO,SDGE,PIO PICO CAPACITY INCREASE (FKA PIO PICO ENERGY CENTER 2),C07,OTAY MESA,OTAY MESA SWITCHYARD,PUBLIC,1058
PUBLIC:1061,COMPLETED,20.0,20.0,,Executed,FULL CAPACITY,,MELROSE SUBSTATION 69 KV,SAN DIEGO,SDGE,VISTA ENERGY STORAGE,C07,MELROSE,MELROSE SUBSTATION,PUBLIC,1061
PUBLIC:1076,COMPLETED,50.0,50.0,,Executed,FULL CAPACITY,,WHIRLWIND SUBSTATION 230 KV,KERN,SCE,WILLOW SPRINGS SOLAR 3,C07,WHIRLWIND,WHIRLWIND SUBSTATION,PUBLIC,1076
PUBLIC:1097,COMPLETED,13.0,13.25,,Executed,FULL CAPACITY,,GEYSERS #12-FULTON 230 KV LINE,LAKE,PGAE,BEAR CANYON ENERGY STORAGE,C08,GEYSERS FULTON,GEYSERS #12-FULTON,PUBLIC,1097
PUBLIC:1103,COMPLETED,40.0,0.0,,Executed,FULL CAPACITY,,MILLER #1 115 KV LINE,STANISLAUS,PGAE,CENTRAL 40,C08,MILLER,MILLER #1,PUBLIC,1103
PUBLIC:1109,COMPLETED,132.0,132.0,,Executed,FULL CAPACITY,,BELOTTA 115 KV,SAN JOAQUIN,PGAE,NORTH CENTRAL VALLEY,C08,BELOTTA,BELOTTA,PUBLIC,1109
PUBLIC:1111,COMPLETED,200.0,200.0,,Executed,FULL CAPACITY,,PITTSBURGH SUBSTATION 230KV,CONTRA COSTA,PGAE,BLACK DIAMOND ENERGY STORAGE,C08,PITTSBURGH,PITTSBURGH SUBSTATION,PUBLIC,1111
PUBLIC:1116,COMPLETED,10.0,10.0,,Executed,FULL CAPACITY,,MELONES-CURTIS 115 KV LINE,TUOLUMNE,PGAE,ULTRAPOWER CHINESE STATION BESS,C08,MELONES CURTIS,MELONES-CURTIS,PUBLIC,1116
PUBLIC:1117,COMPLETED,250.0,0.0,,Executed,FULL CAPACITY,,GATES SUBSTATION 230 KV,KINGS,PGAE,AQUAMARINE WESTSIDE,C08,GATES,GATES SUBSTATION,PUBLIC,1117
PUBLIC:1120,COMPLETED,150.0,135.0,,Executed,FULL CAPACITY,GROUP A,GATES 230 KV,KINGS,PGAE,CHESTNUT WESTSIDE,C08,GATES,GATES,PUBLIC,1120
PUBLIC:1136,COMPLETED,19.88,0.0,,Executed,FULL CAPACITY,GROUP B,KENT 70 KV,KINGS,PGAE,WESTLANDS ALMOND,C08,KENT,KENT,PUBLIC,1136
PUBLIC:1139,COMPLETED,250.0,225.0,,Executed,FULL CAPACITY,GROUP A,GATES 230 KV,KINGS,PGAE,WESTLANDS SOLAR BLUE,C08,GATES,GATES,PUBLIC,1139
PUBLIC:1143,COMPLETED,10.0,10.0,,Executed,FULL CAPACITY,,CORCORAN-OLIVE 115 KV LINE,TULARE,PGAE,LAKE ALPAUGH BATTERY STORAGE,C08,CORCORAN OLIVE,CORCORAN-OLIVE,PUBLIC,1143
PUBLIC:1158,COMPLETED,300.0,308.7,,Executed,FULL CAPACITY,,MUSTANG SWITCHING STATION 230KV,KINGS,PGAE,SLATE,C08,MUSTANG,MUSTANG SWITCHING STATION,PUBLIC,1158
PUBLIC:1166,COMPLETED,200.0,200.0,,Executed,PARTIAL CAPACITY,GROUP D,IMPERIAL VALLEY SUBSTATION 230 KV,IMPERIAL,SDGE,BIG ROCK SOLAR FARM,C08,IMPERIAL VALLEY,IMPERIAL VALLEY SUBSTATION,PUBLIC,1166
PUBLIC:1170,COMPLETED,250.0,250.0,,Executed,FULL CAPACITY,,OTAY MESA SWITCHYARD 230 KV,SAN DIEGO,SDGE,GATEWAY ENERGY STORAGE,C08,OTAY MESA,OTAY MESA SWITCHYARD,PUBLIC,1170
PUBLIC:1171,COMPLETED,500.0,435.0,,Executed,PARTIAL CAPACITY,,HOODOO WASH SWITCHYARD 500 KV,YUMA,SDGE,MCFARLAND SOLAR,C08,HOODOO WASH,HOODOO WASH SWITCHYARD,PUBLIC,1171
PUBLIC:1189,COMPLETED,150.0,0.0,,Executed,FULL CAPACITY,,HASSAYAMPA COMMON BUS 500 KV,MARICOPA,SDGE,SUN STREAMS SOLAR 2,C08,HASSAYAMPA COMMON,HASSAYAMPA COMMON BUS,PUBLIC,1189
PUBLIC:1191,COMPLETED,119.0,119.0,,Executed,PARTIAL CAPACITY,,VALLEY CENTER SUBSTATION 69 KV,SAN DIEGO,SDGE,VALLEY CENTER ENERGY STORAGE,C08,VALLEY CENTER,VALLEY CENTER SUBSTATION,PUBLIC,1191
PUBLIC:1192,COMPLETED,350.0,350.0,,Executed,FULL CAPACITY,,COLORADO RIVER SUBSTATION 230KV,RIVERSIDE,SCE,CRIMSON,C08,COLORADO RIVER,COLORADO RIVER SUBSTATION,PUBLIC,1192
PUBLIC:1196,COMPLETED,400.0,242.0,,Executed,PARTIAL CAPACITY,,COLORADO RIVER SUBSTATION 230KV,RIVERSIDE,SCE,ARLINGTON,C08,COLORADO RIVER,COLORADO RIVER SUBSTATION,PUBLIC,1196
PUBLIC:1198,COMPLETED,150.0,75.0,,Executed,FULL CAPACITY,,COLORADO RIVER SUBSTATION 220KV,RIVERSIDE,SCE,QUARTZITE SOLAR 8,C08,COLORADO RIVER,COLORADO RIVER SUBSTATION,PUBLIC,1198
PUBLIC:1200,COMPLETED,200.0,50.0,,Executed,PARTIAL CAPACITY,,RED BLUFF SUBSTATION 230KV,RIVERSIDE,SCE,VICTORY PASS SOLAR,C08,RED BLUFF,RED BLUFF SUBSTATION,PUBLIC,1200
PUBLIC:1211,COMPLETED,101.7,92.0,,Executed,FULL CAPACITY,GROUP C,WHIRLWIND SUBSTATION 230KV,KERN,SCE,ROSAMOND SOUTH EAST,C08,WHIRLWIND,WHIRLWIND SUBSTATION,PUBLIC,1211
PUBLIC:1215,COMPLETED,150.0,70.0,,Executed,FULL CAPACITY,,WHIRLWIND SUBSTATION 230KV,KERN,SCE,ANTELOPE VALLEY COMPLEX,C08,WHIRLWIND,WHIRLWIND SUBSTATION,PUBLIC,1215
PUBLIC:1217,COMPLETED,75.0,75.0,,Executed,FULL CAPACITY,,WHIRLWIND SUBSTATION 230KV,KERN,SCE,WILLOW SPRINGS SOLAR 4,C08,WHIRLWIND,WHIRLWIND SUBSTATION,PUBLIC,1217
PUBLIC:1244,COMPLETED,300.0,162.0,,Executed,PARTIAL CAPACITY,,FINK 230 KV,STANISLAUS,PGAE,PROXIMA SOLAR,C09,FINK,FINK,PUBLIC,1244
PUBLIC:1259,COMPLETED,50.0,0.0,,Executed,ENERGY ONLY,GROUP B,MIDWAY-WHEELER RIDGE #2 230 KV LINE,KERN,PGAE,NORTHERN ORCHARD SOLAR 2,C09,MIDWAY WHEELER RIDGE,MIDWAY-WHEELER RIDGE #2,PUBLIC,1259
PUBLIC:1272,COMPLETED,25.0,25.2,,Executed,FULL CAPACITY,,WEBER 60 KV,SAN JOAQUIN,PGAE,CASCADE ENERGY STORAGE,C09,WEBER,WEBER,PUBLIC,1272
PUBLIC:1275,COMPLETED,400.0,400.0,,Executed,FULL CAPACITY,,TESLA 230 KV,ALAMEDA,PGAE,KOLA,C09,TESLA,TESLA,PUBLIC,1275
PUBLIC:1283,COMPLETED,7.5,0.0,,,FULL CAPACITY,,DONNELS-CURTIS AT PG&E SWITCH 183 115VK,TUOLUMNE,PGAE,SPI SONORA,C09,DONNELS CURTIS AT PG E 183 115VK,DONNELS-CURTIS AT PG&E SWITCH 183 115VK,PUBLIC,1283
PUBLIC:1291,COMPLETED,52.5,10.0,,Executed,FULL CAPACITY,,HASSAYAMPA COMMON BUS 500 KV,MARICOPA,SDGE,MESQUITE SOLAR 4,C09,HASSAYAMPA COMMON,HASSAYAMPA COMMON BUS,PUBLIC,1291
PUBLIC:1294,COMPLETED,20.0,20.0,,Executed,FULL CAPACITY,,MELROSE SUBSTATION 69 KV,SAN DIEGO,SDGE,VISTA ENERGY STORAGE 2,C09,MELROSE,MELROSE SUBSTATION,PUBLIC,1294
PUBLIC:1295,COMPLETED,400.0,405.85,,Executed,FULL CAPACITY,,DEVERS SUBSTATION 230KV,RIVERSIDE,SCE,MARVEL,C09,DEVERS,DEVERS SUBSTATION,PUBLIC,1295
PUBLIC:1302,COMPLETED,213.5,121.0,,Executed,PARTIAL CAPACITY,GROUP C,RED BLUFF 220 KV,RIVERSIDE,SCE,SOL CATCHER BESS,C09,RED BLUFF,RED BLUFF,PUBLIC,1302
PUBLIC:1312,COMPLETED,113.5,113.5,,Executed,FULL CAPACITY,,COOLWATER SUBSTATION 115KV,SAN BERNARDINO,SCE,DAGGETT SOLAR 1,C09,COOLWATER,COOLWATER SUBSTATION,PUBLIC,1312
PUBLIC:1313,COMPLETED,182.0,131.0,,Executed,FULL CAPACITY,,KRAMER SUBSTATION 230KV,SAN BERNARDINO,SCE,DAGGETT SOLAR 2,C09,KRAMER,KRAMER SUBSTATION,PUBLIC,1313
PUBLIC:1319,COMPLETED,250.0,164.0,,Executed,FULL CAPACITY,,WHIRLWIND SUBSTATION 230KV,KERN,SCE,WILLY 9,C09,WHIRLWIND,WHIRLWIND SUBSTATION,PUBLIC,1319
PUBLIC:1324,COMPLETED,300.0,266.0,,Executed,FULL CAPACITY,,WINDHUB SUBSTATION 230KV,KERN,SCE,EDSAN 1,C09,WINDHUB,WINDHUB SUBSTATION,PUBLIC,1324
PUBLIC:1325,COMPLETED,179.0,179.0,,Executed,FULL CAPACITY,GROUP A,VINCENT SUBSTATION 230KV,KERN,SCE,SAGEBRUSH SOLAR 2,C09,VINCENT,VINCENT SUBSTATION,PUBLIC,1325
PUBLIC:1327,COMPLETED,40.0,25.0,,Executed,FULL CAPACITY,GROUP 3,WHIRLWIND SUBSTATION 230KV,KERN,SCE,CYCLONE SOLAR,C09,WHIRLWIND,WHIRLWIND SUBSTATION,PUBLIC,1327
PUBLIC:1329,COMPLETED,110.0,40.0,,Executed,FULL CAPACITY,,WHIRLWIND SUBSTATION 230 KV,KERN,SCE,TROPICO SOLAR,C09,WHIRLWIND,WHIRLWIND SUBSTATION,PUBLIC,1329
PUBLIC:1335,COMPLETED,105.2,80.0,,Executed,PARTIAL CAPACITY,,PASTORIA SUBSTATION 230KV,KERN,SCE,PASTORIA SOLAR,C09,PASTORIA,PASTORIA SUBSTATION,PUBLIC,1335
PUBLIC:1341,COMPLETED,250.0,150.0,,Executed,FULL CAPACITY,,CRAZY EYES SUBSTATION 230 KV,CLARK,GLW,YELLOW PINE 2,C09,CRAZY EYES,CRAZY EYES SUBSTATION,PUBLIC,1341
PUBLIC:1348,COMPLETED,18.0,0.0,,Executed,FULL CAPACITY,,OTAY MESA SWITCHYARD 230 KV,USA,SDGE,PIO PICO PLUS,ISP,OTAY MESA,OTAY MESA SWITCHYARD,PUBLIC,1348
PUBLIC:1350,COMPLETED,20.0,15.0,,Executed,PARTIAL CAPACITY,,CROW CREEK 60 KV,STANISLAUS,PGAE,PAULSELL SOLAR ENERGY CENTER,C10,CROW CREEK,CROW CREEK,PUBLIC,1350
PUBLIC:1367,COMPLETED,25.0,26.25,,Executed,FULL CAPACITY,,FULTON 230 KV,LAKE,PGAE,WEST FORD FLAT ENERGY STORAGE,C10,FULTON,FULTON,PUBLIC,1367
PUBLIC:1374,COMPLETED,182.5,189.0,,Filed Unexecuted,FULL CAPACITY,,MOSS LANDING SUBSTATION 115KV,MONTEREY,PGAE,ELKHORN ENERGY STORAGE,C10,MOSS LANDING,MOSS LANDING SUBSTATION,PUBLIC,1374
PUBLIC:1397,COMPLETED,100.0,92.0,,Executed,PARTIAL CAPACITY,GROUP 2,WHEELER RIDGE 70 KV,KERN,PGAE,SANDRINI SOL 1,C10,WHEELER RIDGE,WHEELER RIDGE,PUBLIC,1397
PUBLIC:1398,COMPLETED,200.0,0.0,,Executed,FULL CAPACITY,GROUP 1,WHEELER RIDGE 230 KV,KERN,PGAE,SANDRINI SOL 2,C10,WHEELER RIDGE,WHEELER RIDGE,PUBLIC,1398
PUBLIC:1407,COMPLETED,38.0,0.0,,Executed,FULL CAPACITY,,SAN BERNARDINO SUBSTATION 230KV,SAN BERNARDINO,SCE,MOUNTAINVIEW GENERATING STATION PMAX INCREASE,C10,SAN BERNARDINO,SAN BERNARDINO SUBSTATION,PUBLIC,1407
PUBLIC:1414,COMPLETED,100.0,50.0,,Executed,FULL CAPACITY,,VICTOR SUBSTATION 230KV,SAN BERNARDINO,SCE,HIGH 5 SOLAR,C10,VICTOR,VICTOR SUBSTATION,PUBLIC,1414
PUBLIC:1424,COMPLETED,500.0,196.0,,Executed,FULL CAPACITY,,WINDHUB SUBSTATION 230KV,KERN,SCE,EDSAN 2,C10,WINDHUB,WINDHUB SUBSTATION,PUBLIC,1424
PUBLIC:1434,COMPLETED,30.0,30.0,,Executed,FULL CAPACITY,,MIRAMAR GT SUBSTATION 69 KV,SAN DIEGO,SDGE,TOP GUN ENERGY STORAGE,C10,MIRAMAR GT,MIRAMAR GT SUBSTATION,PUBLIC,1434
PUBLIC:1439,COMPLETED,4.96,0.0,,Executed,FULL CAPACITY,GROUP A,VINCENT SUBSTATION 220KV,,SCE,WIND WALL MONOLITH 1,FT,VINCENT,VINCENT SUBSTATION,PUBLIC,1439
PUBLIC:1440,COMPLETED,3.7,0.0,,Executed,FULL CAPACITY,GROUP A,VINCENT SUBSTATION 220KV,KERN,SCE,WIND WALL MONOLITH  2,FT,VINCENT,VINCENT SUBSTATION,PUBLIC,1440
PUBLIC:1443,COMPLETED,40.0,20.0,,Executed,PARTIAL CAPACITY,GROUP 2A,OLIVE 115 KV,TULARE,PGAE,ANGELA,C11,OLIVE,OLIVE,PUBLIC,1443
PUBLIC:1454,COMPLETED,75.0,75.0,,Executed,FULL CAPACITY,GROUP 1A,METCALF 115 KV,SANTA CLARA,PGAE,HUMMINGBIRD ENERGY STORAGE,C11,METCALF,METCALF,PUBLIC,1454
PUBLIC:1470,COMPLETED,99.7,106.2,,Executed,FULL CAPACITY,GROUP 2A,MESA 230 KV,SAN LUIS OBISPO,PGAE,CABALLERO STORAGE,C11,MESA,MESA,PUBLIC,1470
PUBLIC:1472,COMPLETED,400.0,500.0,,Executed,FULL CAPACITY,,MOSS LANDING SUBSTATION 500KV,MONTEREY,PGAE,DALLAS ENERGY STORAGE,C11,MOSS LANDING,MOSS LANDING SUBSTATION,PUBLIC,1472
PUBLIC:1484,COMPLETED,427.0,0.0,,,FULL CAPACITY,,PANOCHE 230 KV,FRESNO,PGAE,PANOCHE ENERGY CENTER C11,C11,PANOCHE,PANOCHE,PUBLIC,1484
PUBLIC:1493,COMPLETED,60.0,38.0,,Executed,PARTIAL CAPACITY,GROUP 2,ARCO 70 KV,KERN,PGAE,AZALEA,C11,ARCO,ARCO,PUBLIC,1493
PUBLIC:1516,COMPLETED,300.0,240.0,,Executed,FULL CAPACITY,GROUP 3,VESTAL SUBSTATION 230KV,TULARE,SCE,REXFORD SOLAR FARM,C11,VESTAL,VESTAL SUBSTATION,PUBLIC,1516
PUBLIC:1526,COMPLETED,150.0,75.0,,Executed,FULL CAPACITY,GROUP 2,COLORADO RIVER SUBSTATION 230KV,RIVERSIDE,SCE,QUARTZITE SOLAR 11,C11,COLORADO RIVER,COLORADO RIVER SUBSTATION,PUBLIC,1526
PUBLIC:1529,COMPLETED,500.0,267.0,,Executed,PARTIAL CAPACITY,GROUP 3,DELANEY-COLORADO RIVER 500 KV LINE,LA PAZ,DCRT,CENTENNIAL FLATS,C11,DELANEY COLORADO RIVER,DELANEY-COLORADO RIVER,PUBLIC,1529
PUBLIC:1531,COMPLETED,350.0,350.0,,Executed,FULL CAPACITY,GROUP A,IMPERIAL VALLEY SUBSTATION 230 KV,IMPERIAL,SDGE,BATERIA DEL SUR,C11,IMPERIAL VALLEY,IMPERIAL VALLEY SUBSTATION,PUBLIC,1531
PUBLIC:1540,COMPLETED,350.0,365.0,,Executed,FULL CAPACITY,,MOSS LANDING SUBSTATION 500KV,MONTEREY,PGAE,PLANO STORAGE,ISP,MOSS LANDING,MOSS LANDING SUBSTATION,PUBLIC,1540
PUBLIC:1617,COMPLETED,150.0,59.7,,Executed,FULL CAPACITY,GROUP B,KRAMER SUBSTATION 230KV,SAN BERNARDINO,SCE,LOCKHART SOLAR 2,C12,KRAMER,KRAMER SUBSTATION,PUBLIC,1617
PUBLIC:1641,COMPLETED,100.0,100.98,,Executed,FULL CAPACITY,GROUP 3,ETIWANDA SUBSTATION 230KV,SAN BERNARDINO,SCE,RAMPA,C12,ETIWANDA,ETIWANDA SUBSTATION,PUBLIC,1641
PUBLIC:1645,COMPLETED,680.0,680.0,,Executed,FULL CAPACITY,OTHER,VALLEY SUBSTATION 500KV,RIVERSIDE,SCE,MENIFEE POWER BANK,C12,VALLEY,VALLEY SUBSTATION,PUBLIC,1645
PUBLIC:1662,COMPLETED,50.0,50.774,,Executed,FULL CAPACITY,GROUP 3,EL CAJON SUBSTATION 69 KV,SAN DIEGO,SDGE,VENTASSO ENERGY STORAGE,C12,EL CAJON,EL CAJON SUBSTATION,PUBLIC,1662
PUBLIC:1669,COMPLETED,100.0,100.0,,Executed,FULL CAPACITY,GROUP 3,POMERADO SUBSTATION 69 KV,SAN DIEGO,SDGE,POME BESS,C12,POMERADO,POMERADO SUBSTATION,PUBLIC,1669
PUBLIC:1670,COMPLETED,200.0,200.0,,Executed,PARTIAL CAPACITY,GROUP 2,SILVERGATE SUBSTATION 230 KV,SAN DIEGO,SDGE,PEREGRINE STORAGE,C12,SILVERGATE,SILVERGATE SUBSTATION,PUBLIC,1670
PUBLIC:1673,COMPLETED,300.0,300.0,,Executed,FULL CAPACITY,GROUP 2,SYCAMORE CANYON SUBSTATION 138 KV,SAN DIEGO,SDGE,NIGHTHAWK STORAGE,C12,SYCAMORE CANYON,SYCAMORE CANYON SUBSTATION,PUBLIC,1673
PUBLIC:1675,COMPLETED,20.0,20.0,,,ENERGY ONLY,,VALLEY CENTER SUBSTATION 69 KV,SAN DIEGO,SDGE,RESAVA ENERGY STORAGE,C12,VALLEY CENTER,VALLEY CENTER SUBSTATION,PUBLIC,1675
PUBLIC:1679,COMPLETED,1.5374,0.0,,Executed,ENERGY ONLY,,VINCENT SUB,KERN,SCE,POINT WIND FAST TRACK,FT,VINCENT,VINCENT SUB,PUBLIC,1679
PUBLIC:1680,COMPLETED,3.0,0.0,,,ENERGY ONLY,,WHIRLWIND SUBSTATION,KERN,SCE,RE GARLAND ,FT,WHIRLWIND,WHIRLWIND SUBSTATION,PUBLIC,1680
PUBLIC:1713,COMPLETED,32.0,32.7,,Executed,PARTIAL CAPACITY,GROUP B,GWF HANFORD 115 KV,KINGS,PGAE,LEAD,C13,GWF HANFORD,GWF HANFORD,PUBLIC,1713
PUBLIC:1775,COMPLETED,100.0,45.0,,Executed,ENERGY ONLY,GROUP B,KRAMER JUNCTION SUBSTATION 230KV,SAN BERNARDINO,SCE,SEGS EXPANSION 2 HYBRID,C13,KRAMER,KRAMER JUNCTION SUBSTATION,PUBLIC,1775
PUBLIC:1818,COMPLETED,125.0,0.0,,Executed,ENERGY ONLY,GROUP A,HASSAYAMPA COMMON BUS 500 KV,MARICOPA,SDGE,SADDLE MOUNTAIN SOLAR,C13,HASSAYAMPA COMMON,HASSAYAMPA COMMON BUS,PUBLIC,1818
PUBLIC:1829,COMPLETED,100.0,0.0,,Executed,PARTIAL CAPACITY,GROUP 1A,VICTOR SUBSTATION,SAN BERNARDINO,SCE,HIGH DESERT POWER PLANT UPDATE,ISP,VICTOR,VICTOR SUBSTATION,PUBLIC,1829
PUBLIC:1834,COMPLETED,2.8,0.0,,Executed,ENERGY ONLY,GROUP C,OTAY SUBSTATION 69 KV,SAN DIEGO,SDGE,CHULA VISTA ENERGY CENTER EXPANSION,FT,OTAY,OTAY SUBSTATION,PUBLIC,1834
PUBLIC:1835,COMPLETED,20.0,20.25,,,FULL CAPACITY,GROUP D,WEBER 60 KV,SAN JOAQUIN,PGAE,CASCADE ENERGY STORAGE EXPANSION,ISP,WEBER,WEBER,PUBLIC,1835
PUBLIC:5,WITHDRAWN,900.0,0.0,2008-06-01 07:00:00,,,,ENCINA POWER PLANT SWITCHYARD,SAN DIEGO,SDGE,ENCINA GENERATING PROJECT (PH. 1 AND 2),PRE- AMEND. 39,ENCINA,ENCINA POWER PLANT SWITCHYARD,PUBLIC,5
PUBLIC:6,WITHDRAWN,1156.0,0.0,2014-11-30 08:00:00,,,,TESLA SUB 230KV BUS E,SAN JOAQUIN,PGAE,TESLA POWER PLANT,SERIAL LGIP,TESLA E,TESLA SUB,PUBLIC,6
PUBLIC:8,WITHDRAWN,750.0,0.0,2010-12-31 08:00:00,In Progress,,,SYCAMORE CANYON SUBSTATION,SAN DIEGO,SDGE,SAN DIEGO COMMUNITY POWER GENERATING STATION,PRE- AMEND. 39,SYCAMORE CANYON,SYCAMORE CANYON SUBSTATION,PUBLIC,8
PUBLIC:9,WITHDRAWN,1200.0,0.0,2008-01-01 08:00:00,Executed,,,MORRO BAY SUBSTATION,SAN LUIS OBISPO,PGAE,MORRO BAY MODERNIZATION PROJECT,PRE- AMEND. 39,MORRO BAY,MORRO BAY SUBSTATION,PUBLIC,9
PUBLIC:10,WITHDRAWN,620.0,0.0,2009-07-01 07:00:00,Executed,,,GATES SUBSTATION (ARCO - GATES 230 KV LINE),KINGS,PGAE,AVENAL ENERGY PROJECT,PRE- AMEND. 39,GATES,GATES SUBSTATION (ARCO - GATES,PUBLIC,10
PUBLIC:11,WITHDRAWN,63.0,0.0,2008-03-01 08:00:00,Executed,,,WHEATON SUBSTATION,SAN BERNARDINO,SCE,DESERT POWER WIND PROJECT,AMEND 39,WHEATON,WHEATON SUBSTATION,PUBLIC,11
PUBLIC:15,WITHDRAWN,50.0,0.0,2010-01-01 08:00:00,,,,MOUNTAIN PASS,SAN BERNARDINO,SCE,ARGONAUT WIND PROJECT,AMEND 39,MOUNTAIN PASS,MOUNTAIN PASS,PUBLIC,15
PUBLIC:16,WITHDRAWN,55.5,0.0,2015-12-31 08:00:00,Executed,,,DIVIDE-CABRILLO #2 115KV LINE TAP,SANTA BARBARA,PGAE,PACIFIC RENEWABLE ENERGY GENERATION LLC (FKA LOMPOC WIND POWER PROJECT),AMEND 39,DIVIDE CABRILLO,DIVIDE-CABRILLO #2,PUBLIC,16
PUBLIC:17,WITHDRAWN,520.0,0.0,2021-01-02 08:00:00,Executed,,,COLORADO RIVER SUBSTATION 500KV BUS,RIVERSIDE,SCE,SONORAN 2,AMEND 39,COLORADO RIVER,COLORADO RIVER SUBSTATION,PUBLIC,17
PUBLIC:18,WITHDRAWN,200.0,0.0,2007-12-12 08:00:00,In Progress,,,ANTELOPE,LOS ANGELES,SCE,FAIRMONT WIND GENERATION PROJECT,AMEND 39,ANTELOPE,ANTELOPE,PUBLIC,18
PUBLIC:25,WITHDRAWN,117.0,0.0,2007-06-01 07:00:00,,,,CRESTWOOD,SAN DIEGO,SDGE,CUYAPAIPE WIND POWER PROJECT,AMEND 39,CRESTWOOD,CRESTWOOD,PUBLIC,25
PUBLIC:26,WITHDRAWN,36.0,0.0,2008-01-01 08:00:00,,,,CRESTWOOD,SAN DIEGO,SDGE,SAN DIEGO WIND #2 - PHASE I,AMEND 39,CRESTWOOD,CRESTWOOD,PUBLIC,26
PUBLIC:27,WITHDRAWN,650.0,0.0,2010-01-01 08:00:00,In Progress,,,230/138/69 KV SOUTH BAY (650 MW CC),SAN DIEGO,SDGE,SOUTH BAY REPLACEMENT - OPTION 1,AMEND 39,230 138 SOUTH BAY,230/138/,PUBLIC,27
PUBLIC:28,WITHDRAWN,145.1,0.0,2008-06-01 07:00:00,Executed,,,POTRERO 115 KV SUB,SAN FRANCISCO,PGAE,S. F. ELECTRIC RELIABILITY GENERATING PLANT,AMEND 39,POTRERO,POTRERO,PUBLIC,28
PUBLIC:29,WITHDRAWN,201.0,0.0,2009-07-01 07:00:00,In Progress,,,COLLECTOR SUB AT GEYSERS #17 FULTON 230 KV LINE,LAKE/SONOMA,PGAE,GEYSERS WIND PROJECT,AMEND 39,COLLECTOR AT GEYSERS FULTON,COLLECTOR SUB AT GEYSERS #17 FULTON,PUBLIC,29
PUBLIC:30,WITHDRAWN,48.7,0.0,2008-06-01 07:00:00,Executed,,,SF AIRPORT SUBSTATION,SAN FRANCISCO,PGAE,SAN FRANCISCO AIRPORT ELECTRIC RELIABILITY PLANT,AMEND 39,SF AIRPORT,SF AIRPORT SUBSTATION,PUBLIC,30
PUBLIC:31,WITHDRAWN,201.0,0.0,2010-06-01 07:00:00,,,,MONOLITH SUBSTATION,KERN,SCE,BARREN RIDGE WIND PROJECT,AMEND 39,MONOLITH,MONOLITH SUBSTATION,PUBLIC,31
PUBLIC:34,WITHDRAWN,300.0,0.0,2011-07-01 07:00:00,,,,MONOLITH SUBSTATION,KERN,SCE,BARREN RIDGE II,AMEND 39,MONOLITH,MONOLITH SUBSTATION,PUBLIC,34
PUBLIC:35,WITHDRAWN,49.9,0.0,2006-05-31 07:00:00,In Progress,,,115 KV PANOCHE SUB,FRESNO,PGAE,WELLHEAD POWER FIREBAUGH,AMEND 39,PANOCHE,,PUBLIC,35
PUBLIC:36,WITHDRAWN,99.9,0.0,2006-05-31 07:00:00,In Progress,,,115 KV TESLA - STOCKTON COGEN TRANS. LINE.,STANISLAUS,PGAE,WELLHEAD POWER LATHROP,AMEND 39,TESLA STOCKTON COGEN TRANS,,PUBLIC,36
PUBLIC:37,WITHDRAWN,74.9,0.0,2011-12-31 08:00:00,Executed,,,TESLA SUBSTATION,SAN JOAQUIN,PGAE,RIPON GENERATION,AMEND 39,TESLA,TESLA SUBSTATION,PUBLIC,37
PUBLIC:40,WITHDRAWN,118.0,0.0,2009-10-01 07:00:00,Executed,,,EASTSHORE SUBSTATION,ALAMEDA,PGAE,EASTSHORE ENERGY FACILITY PROJECT,AMEND 39,EASTSHORE,EASTSHORE SUBSTATION,PUBLIC,40
PUBLIC:41,WITHDRAWN,157.0,0.0,2011-06-01 07:00:00,,,,PASTORIA SUBSTATION,KERN,SCE,PASTORIA EXPANSION,AMEND 39,PASTORIA,PASTORIA SUBSTATION,PUBLIC,41
PUBLIC:42,WITHDRAWN,300.0,0.0,2013-03-31 07:00:00,Executed,,,MCCALL SUBSTATION,FRESNO,PGAE,WELLHEAD POWER MCCALL,AMEND 39,MCCALL,MCCALL SUBSTATION,PUBLIC,42
PUBLIC:43,WITHDRAWN,168.7,0.0,2007-10-01 07:00:00,In Progress,,,TESLA-BELLOTA 230 KV LINE,SAN JOAQUIN,PGAE,ALBION P3,AMEND 39,TESLA BELLOTA,TESLA-BELLOTA,PUBLIC,43
PUBLIC:44,WITHDRAWN,126.5,0.0,2007-10-01 07:00:00,,,,BORDEN SUBSTATION 230 KV BUS,MADERA,PGAE,LOWLANDS P3,AMEND 39,BORDEN,BORDEN SUBSTATION,PUBLIC,44
PUBLIC:46,WITHDRAWN,531.0,0.0,2008-07-31 07:00:00,,,,TESLA-TRACY #1 230 KV LINE - TRACY SUB,CONTRA COSTA,PGAE,EAST ALTAMONT ENERGY CENTER - OPTION 2,AMEND 39,TESLA TRACY TRACY,TESLA-TRACY #1,PUBLIC,46
PUBLIC:47,WITHDRAWN,200.6,0.0,2008-06-30 07:00:00,In Progress,,,HERNDON - KEARNEY 230 KV LINE,FRESNO,PGAE,BULLARD ENERGY CENTER,AMEND 39,HERNDON KEARNEY,HERNDON - KEARNEY,PUBLIC,47
PUBLIC:48,WITHDRAWN,590.0,0.0,2008-10-01 07:00:00,In Progress,,,CONTRA COSTA POWER PLANT 230 KV SUBSTATION,CONTRA COSTA,PGAE,BRIDGEVIEW ENERGY FACILITY,AMEND 39,CONTRA COSTA,CONTRA COSTA POWER PLANT,PUBLIC,48
PUBLIC:53,WITHDRAWN,116.8,0.0,2008-06-01 07:00:00,In Progress,,,PLEASANT GROVE SUB STATION,PLACER,PGAE,ROCKLIN PEAKER,AMEND 39,PLEASANT GROVE,PLEASANT GROVE SUB STATION,PUBLIC,53
PUBLIC:56,WITHDRAWN,634.0,0.0,2009-08-01 07:00:00,,,,EL DORADO 230 KV SUBSTATION,CLARK,SCE,COPPER MOUNTAIN PROJECT,AMEND 39,EL DORADO,EL DORADO,PUBLIC,56
PUBLIC:58,WITHDRAWN,62.0,0.0,2012-02-01 08:00:00,Executed,,,CONTROL 115KV SUBSTATION,MINERAL,SCE,GREEN BORDERS GEOTHERMAL,AMEND 39,CONTROL,CONTROL,PUBLIC,58
PUBLIC:59,WITHDRAWN,97.2,0.0,2008-01-01 08:00:00,In Progress,,,HENRIETTA SUBSTANTION 70 KV,KINGS,PGAE,HENRIETTA II,AMEND 39,HENRIETTA SUBSTANTION,HENRIETTA SUBSTANTION,PUBLIC,59
PUBLIC:60,WITHDRAWN,94.0,0.0,2015-10-31 07:00:00,Executed,,,KERN OIL SUBSTATION 115 KV,KERN,PGAE,SOUTH KERN FRONT COGEN,AMEND 39,KERN OIL,KERN OIL SUBSTATION,PUBLIC,60
PUBLIC:62,WITHDRAWN,166.5,0.0,2007-06-01 07:00:00,,,,HUMBOLDT BAY-HUMBOLDT #1 115 KV,HUMBOLDT,PGAE,WELLHEAD POWER HUMBOLDT,AMEND 39,HUMBOLDT BAY HUMBOLDT,HUMBOLDT BAY-HUMBOLDT #1,PUBLIC,62
PUBLIC:63,WITHDRAWN,158.0,0.0,2008-01-01 08:00:00,In Progress,,,CONTRA COSTA (230 KV),CONTRA COSTA,PGAE,WILBUR POWER CC,AMEND 39,CONTRA COSTA,CONTRA COSTA (,PUBLIC,63
PUBLIC:64,WITHDRAWN,147.0,0.0,2008-03-01 08:00:00,,,,HUMBOLDT BAY POWER PLANT SUB,HUMBOLDT,PGAE,HUMBOLDT ENERGY FACILITY (AGILE ENERGY),AMEND 39,HUMBOLDT BAY,HUMBOLDT BAY POWER PLANT SUB,PUBLIC,64
PUBLIC:65,WITHDRAWN,424.8,0.0,2010-06-01 07:00:00,,,,LONG BEACH GEN STATION 220KV SWITCHYARD,LOS ANGELES,SCE,LONG BEACH PEAKER PROJECT,AMEND 39,LONG BEACH GEN,LONG BEACH GEN STATION,PUBLIC,65
PUBLIC:68,WITHDRAWN,850.0,0.0,2013-03-31 07:00:00,,,,PISGAH SUB 230 KV BUS,SAN BERNARDINO,SCE,K ROAD CALICO SOLAR LLC (KRCS) (FKA CALICO SOLAR 1; SES SOLAR ONE),SERIAL LGIP,PISGAH,PISGAH SUB,PUBLIC,68
PUBLIC:69,WITHDRAWN,527.0,0.0,2008-08-01 07:00:00,,,,ETIWANDA 230KV SUBSTATION,SAN BERNARDINO,SCE,FONTANA ENERGY CENTER,AMEND 39,ETIWANDA,ETIWANDA,PUBLIC,69
PUBLIC:71,WITHDRAWN,591.0,0.0,2007-01-31 08:00:00,,,,ELDORADO 500/230KV SUBSTATION,CLARK,SCE,RELIANT ENERGY BIGHORN,SERIAL LGIP,ELDORADO 500,ELDORADO 500/,PUBLIC,71
PUBLIC:77,WITHDRAWN,300.0,0.0,2007-11-30 08:00:00,,FULL CAPACITY,,TBD BAKERSFIELD,KERN,SCE,BARREN RIDGE II ALTERNATIVE,TC,TBD BAKERSFIELD,TBD BAKERSFIELD,PUBLIC,77
PUBLIC:78,WITHDRAWN,300.0,0.0,2012-05-31 07:00:00,,,,IMPERIAL VALLEY SUB 230KV BUS,IMPERIAL,SDGE,SES SOLAR TWO),SERIAL LGIP,IMPERIAL VALLEY,IMPERIAL VALLEY SUB,PUBLIC,78
PUBLIC:80,WITHDRAWN,610.0,0.0,2012-05-31 07:00:00,,,,LAGUNA BELL SUB 230 KV BUS,LOS ANGELES,SCE,VERNON POWER PLANT,SERIAL LGIP,LAGUNA BELL,LAGUNA BELL SUB,PUBLIC,80
PUBLIC:82,WITHDRAWN,6.8,0.0,2006-01-01 08:00:00,,,,RIO DELL SUBSTATION 60KV,HUMBOLDT,PGAE,PALCO,SERIAL LGIP,RIO DELL,RIO DELL SUBSTATION,PUBLIC,82
PUBLIC:83,WITHDRAWN,60.0,0.0,2010-06-01 07:00:00,,,,LUGO-PISGAH NO. 2 230 KV TRAN LINE,SAN BERNARDINO,SCE,WEST FRY WIND ENERGY PROJECT,SERIAL LGIP,LUGO PISGAH TRAN,LUGO-PISGAH NO. 2,PUBLIC,83
PUBLIC:85,WITHDRAWN,120.0,0.0,2009-12-31 08:00:00,,,,SEGMENT 3 230 COLLECTOR LOOP TEHACHAPI,KERN,SCE,WINDSTAR I,SERIAL LGIP,3 230 COLLECTOR LOOP TEHACHAPI,SEGMENT 3 230 COLLECTOR LOOP TEHACHAPI,PUBLIC,85
PUBLIC:86A,WITHDRAWN,33.1,0.0,2015-01-01 08:00:00,,,,VINCENT SUBSTATION,KERN,SCE,CAITHNESS 251 WIND REPOWER,SERIAL LGIP,VINCENT,VINCENT SUBSTATION,PUBLIC,86A
PUBLIC:86B,WITHDRAWN,34.0,0.0,2015-01-01 08:00:00,,,,CANWIND SUBSTATION 66KV,KERN,SCE,CAITHNESS RIDGETOP WIND REPOWER,SERIAL LGIP,CANWIND,CANWIND SUBSTATION,PUBLIC,86B
PUBLIC:87,WITHDRAWN,28.0,0.0,2005-12-08 08:00:00,,FULL CAPACITY,,DIABLO CANYON SUBSTATION CIRCUIT BREAKERS 532 AND 632,SAN LUIS OBISPO,PGAE,DIABLO CANYON P.P. #1 UNIT,TC,DIABLO CANYON CIRCUIT BREAKERS 532 AND 632,DIABLO CANYON SUBSTATION CIRCUIT BREAKERS 532 AND 632,PUBLIC,87
PUBLIC:88,WITHDRAWN,613.5,0.0,2011-07-01 07:00:00,,,,HINSON SUB 230 KV BUS,LOS ANGELES,SCE,CARSON HYDROGEN POWER PROJECT (CHPP),SERIAL LGIP,HINSON,HINSON SUB,PUBLIC,88
PUBLIC:89,WITHDRAWN,570.0,0.0,2012-07-01 07:00:00,,,,VICTORVILLE SUBSTATION,SAN BERNARDINO,SCE,VICTORVILLE 2,SERIAL LGIP,VICTORVILLE,VICTORVILLE SUBSTATION,PUBLIC,89
PUBLIC:90,WITHDRAWN,93.0,0.0,2009-06-01 07:00:00,,,,EXISTING RADIAL 69KV GEN-TIE LINE TO TL6929,SAN DIEGO,SDGE,MMC CHULA VISTA EXPANSION,SERIAL LGIP,EXISTING RADIAL GEN TIE TO TL6929,EXISTING RADIAL,PUBLIC,90
PUBLIC:92,WITHDRAWN,570.0,0.0,2022-04-01 07:00:00,Executed,FULL CAPACITY,,VINCENT SUB 230 KV BUS,LOS ANGELES,SCE,PALMDALE POWER PLANT,SERIAL LGIP,VINCENT,VINCENT SUB,PUBLIC,92
PUBLIC:94,WITHDRAWN,180.0,0.0,2016-12-31 08:00:00,,,,HIGHWIND SUB 220KV BUS,KERN,SCE,ALTA Q94 (FKA LEHIGH),SERIAL LGIP,HIGHWIND,HIGHWIND SUB,PUBLIC,94
PUBLIC:97,WITHDRAWN,160.0,0.0,2016-12-31 08:00:00,,,,WHIRLWIND SUB 220KV BUS,KERN,SCE,ALTA Q97 (FKA ALTA 5 AND LUCCHESE),SERIAL LGIP,WHIRLWIND,WHIRLWIND SUB,PUBLIC,97
PUBLIC:101,WITHDRAWN,100.0,0.0,2008-03-01 08:00:00,,,,PG&E KERN OIL-VEDDER 115KV LINE,KERN,PGAE,RMU PLANT,SERIAL LGIP,PG E KERN OIL VEDDER,PG&E KERN OIL-VEDDER,PUBLIC,101
PUBLIC:102,WITHDRAWN,210.0,0.0,2008-11-30 08:00:00,,,,COBURN SUB 230 KV BUS,MONTEREY,PGAE,WILDHORSE,SERIAL LGIP,COBURN,COBURN SUB,PUBLIC,102
PUBLIC:102A,WITHDRAWN,100.0,0.0,2009-12-31 08:00:00,,,,CABRILL0-DIVIDE 115KV,KERN,PGAE,LOMPOC WIND PROJECT II,SERIAL LGIP,CABRILL0 DIVIDE,CABRILL0-DIVIDE,PUBLIC,102A
PUBLIC:103,WITHDRAWN,27.0,0.0,2017-12-30 08:00:00,Executed,,,BORDER SUBSTATION 69 KV,SAN DIEGO,SDGE,BME OTAY MESA BIOMASS FACILITY,SERIAL LGIP,BORDER,BORDER SUBSTATION,PUBLIC,103
PUBLIC:104,WITHDRAWN,304.0,0.0,2009-07-31 07:00:00,,,,LAGUNA BELL SUB 230 KV BUS,LOS ANGELES,SCE,VERNON POWER PLANT EXPANSION PROJECT,SERIAL LGIP,LAGUNA BELL,LAGUNA BELL SUB,PUBLIC,104
PUBLIC:105,WITHDRAWN,100.0,0.0,2009-10-30 07:00:00,,,,BETWEEN RIO DEL JUNCTION AND BRIDGEVILLE,HUMBOLDT,PGAE,BEAR RIVER WIND FARM,SERIAL LGIP,BETWEEN RIO DEL AND BRIDGEVILLE,BETWEEN RIO DEL JUNCTION AND BRIDGEVILLE,PUBLIC,105
PUBLIC:106,WITHDRAWN,635.0,0.0,2010-12-31 08:00:00,,,,MOHAVE 500 KV SWITCHYARD,SAN BERNARDINO,SCE,MOJAVE SOLAR PARK 1,SERIAL LGIP,MOHAVE,MOHAVE,PUBLIC,106
PUBLIC:106A,WITHDRAWN,100.0,50.0,2022-12-31 08:00:00,Executed,FULL CAPACITY,,BOULEVARD EAST SUBSTATION 138KV,SAN DIEGO,SDGE,TECATE HYBRID,SERIAL LGIP,BOULEVARD EAST,BOULEVARD EAST SUBSTATION,PUBLIC,106A
PUBLIC:107,WITHDRAWN,128.0,0.0,2011-03-01 08:00:00,,,,BRIGHTON-CONTRA COSTA 115 KV,SOLANO,PGAE,SOLANO WIND PROJECT - PHASE 3 (115KV),SERIAL LGIP,BRIGHTON CONTRA COSTA,BRIGHTON-CONTRA COSTA,PUBLIC,107
PUBLIC:108A,WITHDRAWN,300.0,0.0,2010-03-01 08:00:00,,,,MORRO BAY - MIDWAY 230KV LINE,KERN,PGAE,SAN LUIS OBISPO SOLAR I,SERIAL LGIP,MORRO BAY MIDWAY,MORRO BAY - MIDWAY,PUBLIC,108A
PUBLIC:109,WITHDRAWN,550.0,0.0,2011-03-01 08:00:00,,,,PISGAH SUBSTATION,SAN BERNARDINO,SCE,SES SOLAR THREE,SERIAL LGIP,PISGAH,PISGAH SUBSTATION,PUBLIC,109
PUBLIC:110,WITHDRAWN,1400.0,0.0,2013-03-01 08:00:00,,,,PISGAH SUBSTATION,SAN BERNARDINO,SCE,SES SOLAR SIX,SERIAL LGIP,PISGAH,PISGAH SUBSTATION,PUBLIC,110
PUBLIC:111,WITHDRAWN,16.0,0.0,2016-12-31 08:00:00,Executed,,,TAP OF CHEVRON 70KV TRAN LINE,KERN,PGAE,LIBERTY V LOST HILLS,AMEND 39,OF CHEVRON TRAN,TAP OF CHEVRON,PUBLIC,111
PUBLIC:112,WITHDRAWN,300.0,0.0,2008-10-31 07:00:00,,,,500 KV IMPERIAL VALLEY-MIGUEL TRANS LINE,SAN DIEGO,SDGE,TULE II,SERIAL LGIP,IMPERIAL VALLEY MIGUEL TRANS,,PUBLIC,112
PUBLIC:113,WITHDRAWN,30.0,0.0,2014-12-31 08:00:00,Executed,,,BIRDS LANDING SWITCHING STATION 230KV BUS,SOLANO,PGAE,COLLINSVILLE WIND,SERIAL LGIP,BIRDS LANDING,BIRDS LANDING SWITCHING STATION,PUBLIC,113
PUBLIC:114,WITHDRAWN,150.0,0.0,2008-07-01 07:00:00,,,,VICTOR 230 KV,SAN BERNARDINO,SCE,MOJAVE WINDS,SERIAL LGIP,VICTOR,VICTOR,PUBLIC,114
PUBLIC:115,WITHDRAWN,150.0,0.0,2008-07-01 07:00:00,,,,LUGO-PISGAH 230KV LINE,SAN BERNARDINO,SCE,UPC GRAND VIEW WINDS,SERIAL LGIP,LUGO PISGAH,LUGO-PISGAH,PUBLIC,115
PUBLIC:116,WITHDRAWN,50.0,0.0,2008-07-01 07:00:00,,,,LUGO-PISGAH 230KV LINE,SAN BERNARDINO,SCE,INDIGO WINDS,SERIAL LGIP,LUGO PISGAH,LUGO-PISGAH,PUBLIC,116
PUBLIC:117,WITHDRAWN,70.0,0.0,2009-10-30 07:00:00,,,,RIO DEL JUNCTION - BRIDGEVILLE,HUMBOLDT,PGAE,BEAR RIVER WIND FARM Q=117,SERIAL LGIP,RIO DEL BRIDGEVILLE,RIO DEL JUNCTION - BRIDGEVILLE,PUBLIC,117
PUBLIC:118,WITHDRAWN,550.0,0.0,2009-01-08 08:00:00,,,,SCE MOHAVE SUBSTATION,MOHAVE,SCE,SOUTH POINT ENERGY CENTER,SERIAL LGIP,SCE MOHAVE,SCE MOHAVE SUBSTATION,PUBLIC,118
PUBLIC:120,WITHDRAWN,1200.0,0.0,2011-03-01 08:00:00,,,,MOJAVE 500 KV SWITCHYARD,SAN BERNARDINO,SCE,SES SOLAR SEVEN,SERIAL LGIP,MOJAVE,MOJAVE,PUBLIC,120
PUBLIC:122,WITHDRAWN,99.0,0.0,2008-06-30 07:00:00,,,,SDG&E MARGARITA SUBSTATION,ORANGE,SDGE,MARGARITA ENERGY CENTER,SERIAL LGIP,SDG E MARGARITA,SDG&E MARGARITA SUBSTATION,PUBLIC,122
PUBLIC:123,WITHDRAWN,99.0,0.0,2008-06-30 07:00:00,,,,SDG&E PALA SUBSTATION,SAN DIEGO,SDGE,PALA ENERGY CENTER,SERIAL LGIP,SDG E PALA,SDG&E PALA SUBSTATION,PUBLIC,123
PUBLIC:126,WITHDRAWN,1500.0,0.0,2011-12-31 08:00:00,,,,ELDORADO SUBSTATION 220KV BUS,CLARK,SCE,SEARCHLIGHT 1,SERIAL LGIP,ELDORADO,ELDORADO SUBSTATION,PUBLIC,126
PUBLIC:127,WITHDRAWN,27.2,0.0,2008-08-01 07:00:00,,,,115KV OLEUM SWITCHYARD,CONTRA COSTA,PGAE,CONTRA COSTA CARBON PLANT RECONNECT (CCCPR),SERIAL LGIP,OLEUM,,PUBLIC,127
PUBLIC:128,WITHDRAWN,600.0,0.0,2012-12-01 08:00:00,,,,MCCALL SUBSTATION,FRESNO,PGAE,KRCD COMMUNITY POWER PLANT,SERIAL LGIP,MCCALL,MCCALL SUBSTATION,PUBLIC,128
PUBLIC:129,WITHDRAWN,400.0,0.0,2010-03-01 08:00:00,,,,PISGAH 230KV SUBSTATION,SAN BERNARDINO,SCE,AMBOY,SERIAL LGIP,PISGAH,PISGAH,PUBLIC,129
PUBLIC:130,WITHDRAWN,565.0,0.0,2010-12-31 08:00:00,,,,MOHAVE GENERATING STATION,SAN BERNARDINO,SCE,MOJAVE SOLAR PARK 2,SERIAL LGIP,MOHAVE,MOHAVE GENERATING STATION,PUBLIC,130
PUBLIC:133,WITHDRAWN,140.0,0.0,2010-03-01 08:00:00,,,,PISGAH-LUGO 230KV,SAN BERNARDINO,SCE,CROSSROADS WIND,SERIAL LGIP,PISGAH LUGO,PISGAH-LUGO,PUBLIC,133
PUBLIC:134,WITHDRAWN,200.0,0.0,2010-05-31 07:00:00,,,,PASTORIA SUBSTATION,KERN,SCE,PASTORIA EXPANSION II,SERIAL LGIP,PASTORIA,PASTORIA SUBSTATION,PUBLIC,134
PUBLIC:135,WITHDRAWN,60.0,0.0,2015-12-31 08:00:00,Executed,,,LUGO-PISGAH 230KV LINE,SAN BERNARDINO,SCE,GRANITE MOUNTAIN WIND FARM,SERIAL LGIP,LUGO PISGAH,LUGO-PISGAH,PUBLIC,135
PUBLIC:136,WITHDRAWN,300.0,0.0,2010-01-01 08:00:00,,,,ETIWANDA 230KV SUBSTATION,SAN BERNARDINO,SCE,FONTANA ENERGY CENTER,SERIAL LGIP,ETIWANDA,ETIWANDA,PUBLIC,136
PUBLIC:139,WITHDRAWN,698.0,0.0,2013-06-01 07:00:00,,,,SCE RANCHO VISTA 500KV SUB,SAN BERNARDINO,SCE,ETIWANDA CCGT,SERIAL LGIP,SCE RANCHO VISTA,SCE RANCHO VISTA,PUBLIC,139
PUBLIC:140,WITHDRAWN,75.0,0.0,2011-08-18 07:00:00,,,,COSO-KRAMER 230 KV,INYO,SCE,NAVY 1,SERIAL LGIP,COSO KRAMER,COSO-KRAMER,PUBLIC,140
PUBLIC:141,WITHDRAWN,504.0,0.0,,,,,RANCHO VISTA 500 KV SUBSTATION,SAN BERNARDINO,SCE,ETIWANDA SCGT EXPANSION,SERIAL LGIP,RANCHO VISTA,RANCHO VISTA,PUBLIC,141
PUBLIC:142,WITHDRAWN,80.0,0.0,2016-12-01 08:00:00,Executed,,,KRAMER SUBSTATION 220KV,SAN BERNARDINO,SCE,KM ACQUISITIONS,SERIAL LGIP,KRAMER,KRAMER SUBSTATION,PUBLIC,142
PUBLIC:143,WITHDRAWN,80.0,0.0,2009-12-31 08:00:00,,,,KRAMER SUBSTATION,SAN BERNARDINO,SCE,HDLA SOLAR,SERIAL LGIP,KRAMER,KRAMER SUBSTATION,PUBLIC,143
PUBLIC:144,WITHDRAWN,320.0,0.0,2009-12-31 08:00:00,,,,KRAMER SUBSTATION,SAN BERNARDINO,SCE,LUZ SOLAR PARTNERS,SERIAL LGIP,KRAMER,KRAMER SUBSTATION,PUBLIC,144
PUBLIC:145,WITHDRAWN,591.0,0.0,2010-06-01 07:00:00,,,,ELDORADO 500 KV SUBSTATION,CLARK,SCE,BIGHORN,SERIAL LGIP,ELDORADO,ELDORADO,PUBLIC,145
PUBLIC:148,WITHDRAWN,90.0,0.0,2011-10-01 07:00:00,,,,OXBOW 230KV SUBSTATION,CHURCHILL,SCE,GREEN BORDERS GEOTHERMAL PHASE II,SERIAL LGIP,OXBOW,OXBOW,PUBLIC,148
PUBLIC:149,WITHDRAWN,362.0,0.0,2010-12-31 08:00:00,,,,SCE HIGHWIND SUB #2 (PROPOSED) 230 KV,KERN,SCE,NORTH SKY RIVER II WIND,SERIAL LGIP,SCE HIGHWIND,SCE HIGHWIND SUB #2 (PROPOSED),PUBLIC,149
PUBLIC:150,WITHDRAWN,47.4,0.0,2016-11-15 08:00:00,,,,BORDER SUBSTATION 69 KV,SAN DIEGO,SDGE,LARKSPUR 3,SERIAL LGIP,BORDER,BORDER SUBSTATION,PUBLIC,150
PUBLIC:151,WITHDRAWN,510.0,0.0,2011-05-01 07:00:00,,,,CHINO SUBSTATION 230KV LINE,SAN BERNARDINO,SCE,TRANSCANADA PEAKER,SERIAL LGIP,CHINO,CHINO SUBSTATION,PUBLIC,151
PUBLIC:152,WITHDRAWN,105.0,0.0,2009-12-31 08:00:00,,,,MESA-DIVIDE #1 115KV LINE,SANTA BARBARA,PGAE,POINT SAL WIND,SERIAL LGIP,MESA DIVIDE,MESA-DIVIDE #1,PUBLIC,152
PUBLIC:153,WITHDRAWN,100.0,0.0,2016-12-31 08:00:00,In Progress,,,WHIRLWIND SUBSTATION 230KV,KERN,SCE,ALTA Q153 (FKA ALTA 7),SERIAL LGIP,WHIRLWIND,WHIRLWIND SUBSTATION,PUBLIC,153
PUBLIC:154,WITHDRAWN,250.0,0.0,2015-06-01 07:00:00,,FULL CAPACITY,,WINDHUB 230 KV SUBSTATION,KERN,SCE,FLYING WING SOLAR (FKA GENESIS SOLAR),TC,WINDHUB,WINDHUB,PUBLIC,154
PUBLIC:155,WITHDRAWN,300.0,0.0,2012-05-31 07:00:00,,,,OAKLAND C 115KV SUBSTATION,ALAMEDA,PGAE,LSP OAKLAND,SERIAL LGIP,OAKLAND C,OAKLAND C,PUBLIC,155
PUBLIC:156,WITHDRAWN,201.0,0.0,2012-03-01 08:00:00,,,,LUGO-PISGAH 230KV LINE,SAN BERNARDINO,SCE,DAGGETT WIND PROJECT II,SERIAL LGIP,LUGO PISGAH,LUGO-PISGAH,PUBLIC,156
PUBLIC:157,WITHDRAWN,100.0,0.0,2014-12-31 08:00:00,,,,66KV ROSAMOND-ANTELOPE LINE,KERN,SCE,ALTA 8,SERIAL LGIP,ROSAMOND ANTELOPE,,PUBLIC,157
PUBLIC:158,WITHDRAWN,100.0,0.0,2013-12-31 08:00:00,,,,66KV ROSAMOND-DELSUR LINE,KERN,SCE,ALTA 9,SERIAL LGIP,ROSAMOND DELSUR,,PUBLIC,158
PUBLIC:159,WITHDRAWN,100.0,0.0,2013-12-31 08:00:00,,,,ANTELOPE-MAGUNDEN #1 220KV LINE,KERN,SCE,ALTA 10,SERIAL LGIP,ANTELOPE MAGUNDEN,ANTELOPE-MAGUNDEN #1,PUBLIC,159
PUBLIC:160,WITHDRAWN,220.0,0.0,2009-01-01 08:00:00,,,,KRAMER,SAN BERNARDINO,SCE,CALIFORNIA SOLAR ONE,SERIAL LGIP,KRAMER,KRAMER,PUBLIC,160
PUBLIC:161,WITHDRAWN,220.0,0.0,2012-03-01 08:00:00,,,,HARBORGEN SUBSTATION,LOS ANGELES,SCE,HARBOR II,SERIAL LGIP,HARBORGEN,HARBORGEN SUBSTATION,PUBLIC,161
PUBLIC:164,WITHDRAWN,1000.0,0.0,2010-10-01 07:00:00,,,,IMPERIAL VALLEY 230KV SWITCHYARD,BAJA CALIFORNIA,SDGE,BAJANORTE WIND FACILITY,SERIAL LGIP,IMPERIAL VALLEY,IMPERIAL VALLEY,PUBLIC,164
PUBLIC:165,WITHDRAWN,400.0,0.0,2011-06-30 07:00:00,,,,PISGAH 230KV SUBSTATION BUS,SAN BERNARDINO,SCE,DPT BROADWELL LAKE,SERIAL LGIP,PISGAH,PISGAH,PUBLIC,165
PUBLIC:167,WITHDRAWN,700.0,0.0,2012-06-01 07:00:00,,,,500KV LINE TO MIDPOINT SWITCHING STATION,RIVERSIDE,SCE,BLYTHE III,SERIAL LGIP,TO MIDPOINT,,PUBLIC,167
PUBLIC:168,WITHDRAWN,1000.0,0.0,2011-12-31 08:00:00,,,,IMPERIAL VALLEY 500KV BUS,BAJA CALIFORNIA,SDGE,VIENTO MEXICANA,SERIAL LGIP,IMPERIAL VALLEY,IMPERIAL VALLEY,PUBLIC,168
PUBLIC:169,WITHDRAWN,211.6,0.0,2011-12-31 08:00:00,,,,IMPERIAL VALLEY 230KV BUS,IMPERIAL,SDGE,IMPERIAL SOLEIL,SERIAL LGIP,IMPERIAL VALLEY,IMPERIAL VALLEY,PUBLIC,169
PUBLIC:170,WITHDRAWN,150.0,0.0,2013-07-31 07:00:00,,,,SUBSTATION 5 (AKA WHIRLWIND),KERN,SCE,MOJAVE SOLEIL,SERIAL LGIP,5,SUBSTATION 5 (AKA WHIRLWIND),PUBLIC,170
PUBLIC:171,WITHDRAWN,500.0,0.0,2011-03-31 07:00:00,,,,VACA-TESLA 500KV LINE,SOLANO,PGAE,DELTA WIND II,SERIAL LGIP,VACA TESLA,VACA-TESLA,PUBLIC,171
PUBLIC:172,WITHDRAWN,508.0,0.0,2014-05-01 07:00:00,,,,TESLA-BELLOTA 230KV LINES,SAN JOAQUIN,PGAE,STOCKTON GENERATION,SERIAL LGIP,TESLA BELLOTA LINES,TESLA-BELLOTA,PUBLIC,172
PUBLIC:173,WITHDRAWN,49.9,0.0,2011-05-01 07:00:00,,,,PALA 69KV SUBSTATION,SAN DIEGO,SDGE,WELLHEAD POWER PALA,SERIAL LGIP,PALA,PALA,PUBLIC,173
PUBLIC:174,WITHDRAWN,30.0,0.0,2008-12-01 08:00:00,,,,DEVERS-VENWIND 115KV LINE,RIVERSIDE,SCE,PAINTED HILLS II,SERIAL LGIP,DEVERS VENWIND,DEVERS-VENWIND,PUBLIC,174
PUBLIC:175,WITHDRAWN,650.0,0.0,2017-12-31 08:00:00,,FULL CAPACITY,,WHIRLWIND SUBSTATION 230KV,KERN,SCE,ALTA Q175 (FKA ALTA 11),TC,WHIRLWIND,WHIRLWIND SUBSTATION,PUBLIC,175
PUBLIC:176,WITHDRAWN,49.9,0.0,2010-06-15 07:00:00,,,,MARGARITA 138KV SUBSTATION,ORANGE,SDGE,WELLHEAD POWER MARGARITA,SERIAL LGIP,MARGARITA,MARGARITA,PUBLIC,176
PUBLIC:177,WITHDRAWN,100.0,0.0,2011-12-31 08:00:00,,,,BAHIA   MORAGA 230 KV LINE,CONTRA COSTA,PGAE,CARQUINEZ WIND,SERIAL LGIP,BAHIA MORAGA,BAHIA   MORAGA,PUBLIC,177
PUBLIC:178,WITHDRAWN,100.0,0.0,2011-12-31 08:00:00,,,,LOS BANOS 230KV BUS NEAR PACHECO PASS,MERCED,PGAE,PACHECO WIND,SERIAL LGIP,LOS BANOS NEAR PACHECO PASS,LOS BANOS,PUBLIC,178
PUBLIC:178A,WITHDRAWN,500.0,0.0,2011-07-01 07:00:00,,,,MIGUEL 230KV BUS,ENSENADA/MEXICALI/TECATE,SDGE,BAJA WIND,SERIAL LGIP,MIGUEL,MIGUEL,PUBLIC,178A
PUBLIC:178B,WITHDRAWN,500.0,0.0,2010-06-15 07:00:00,,,,IMPERIAL VALLEY  230KV SUBSTATION,ENSENADA/MEXICALI/TECATE,SDGE,MEXICO WIND,SERIAL LGIP,IMPERIAL VALLEY,IMPERIAL VALLEY,PUBLIC,178B
PUBLIC:179,WITHDRAWN,300.0,0.0,2010-12-31 08:00:00,,,,JULIAN HINDS 230KV SUBSTATION,RIVERSIDE,SCE,EAGLE MOUNTAIN,SERIAL LGIP,JULIAN HINDS,JULIAN HINDS,PUBLIC,179
PUBLIC:180,WITHDRAWN,564.0,0.0,2011-05-01 07:00:00,,,,NEW 230KV SWITCHYARD ON THE MIRA LOMA-VISTA #2 LINE,SAN BERNARDINO,SCE,CPV CALIFORNIA I,SERIAL LGIP,NEW ON THE MIRA LOMA VISTA,NEW,PUBLIC,180
PUBLIC:181,WITHDRAWN,400.0,0.0,2010-03-01 08:00:00,,,,NEW  230KV SWITCHYARD ON THE CHINO-SERRANO LINE,SAN BERNARDINO,SCE,CPV CALIFORNIA II,SERIAL LGIP,NEW ON THE CHINO SERRANO,NEW,PUBLIC,181
PUBLIC:182,WITHDRAWN,500.0,0.0,2015-07-01 07:00:00,,,,WINDHUB SUBSTATION,KERN,SCE,DESERT SAPPHIRE PV,SERIAL LGIP,WINDHUB,WINDHUB SUBSTATION,PUBLIC,182
PUBLIC:183,WITHDRAWN,300.0,0.0,2019-06-30 07:00:00,,ENERGY ONLY,,EAST COUNTY (ECO) SUBSTATION 230KV,BAJA CALIFORNIA,SDGE,ESJ PHASE II PROJECT (FKA RUMOROSA WIND ENERGY PHASE II PROJECT),TC,EAST COUNTY,EAST COUNTY (ECO) SUBSTATION,PUBLIC,183
PUBLIC:184,WITHDRAWN,32.0,0.0,2015-10-01 07:00:00,,,,GEYSERS #3-CLOVERDALE 115 KV LINE,SONOMA,PGAE,WESTERN GEOPOWER UNIT 1,SERIAL LGIP,GEYSERS CLOVERDALE,GEYSERS #3-CLOVERDALE,PUBLIC,184
PUBLIC:185,WITHDRAWN,150.0,0.0,2011-01-01 08:00:00,,,,CONTROL SUB,MINERAL,SCE,GREEN BORDERS GEOTHERMAL PHASE 2,SERIAL LGIP,CONTROL,CONTROL SUB,PUBLIC,185
PUBLIC:186,WITHDRAWN,211.0,0.0,2009-12-31 08:00:00,,,,STOCKTON¿A¿-LOCKEFORD-BELLOTA 115KV #1&#2 LINES & TESLA-TRACY 115KV LINE,SAN JOAQUIN,PGAE,STOCKTON PEAKERS PROJECT,SERIAL LGIP,STOCKTON A LOCKEFORD BELLOTA LINES TESLA TRACY,STOCKTON¿A¿-LOCKEFORD-BELLOTA,PUBLIC,186
PUBLIC:187,WITHDRAWN,50.0,0.0,2011-01-01 08:00:00,,,,GEYSERS-FULTON 230KV TRANSMISSION LINE,SONOMA,PGAE,NEW GEYSERS,SERIAL LGIP,GEYSERS FULTON TRANSMISSION,GEYSERS-FULTON,PUBLIC,187
PUBLIC:190,WITHDRAWN,330.0,0.0,2013-05-01 07:00:00,,,,OTAY MESA ENERGY CENTER 230KV SUBSTATION,SAN DIEGO,SDGE,DOGHOUSE JUNCTION ENERGY CENTER,SERIAL LGIP,OTAY MESA ENERGY CENTER,OTAY MESA ENERGY CENTER,PUBLIC,190
PUBLIC:191,WITHDRAWN,315.0,0.0,2010-03-01 08:00:00,,,,PENASQUISTOS OLD TOWN 230KV TRANSMISSION LINE,SAN DIEGO,SDGE,CPV CALIFORNIA III,SERIAL LGIP,PENASQUISTOS OLD TOWN TRANSMISSION,PENASQUISTOS OLD TOWN,PUBLIC,191
PUBLIC:192,WITHDRAWN,315.0,0.0,2010-03-01 08:00:00,,,,SAN LUIS REY¿MISSION 230KV TRANSMISSION LINE,SAN DIEGO,SDGE,CPV CALIFORNIA IV,SERIAL LGIP,SAN LUIS REY MISSION TRANSMISSION,SAN LUIS REY¿MISSION,PUBLIC,192
PUBLIC:195,WITHDRAWN,725.0,0.0,2013-01-01 08:00:00,,,,SPRINGERVILLE MUGUNDEN 230KV LINE,KERN,SCE,BPAE KERN FRONT,SERIAL LGIP,SPRINGERVILLE MUGUNDEN,SPRINGERVILLE MUGUNDEN,PUBLIC,195
PUBLIC:196,WITHDRAWN,210.0,0.0,2014-06-15 07:00:00,,,,BORDEN SUBSTATION 230KV BUS,MADERA,PGAE,MADERA ENERGY CENTER,SERIAL LGIP,BORDEN,BORDEN SUBSTATION,PUBLIC,196
PUBLIC:197,WITHDRAWN,315.0,0.0,2011-12-01 08:00:00,,,,OTAY MESA 230KV SWITCHYARD,SAN DIEGO,SDGE,CPV CALIFORNIA V,SERIAL LGIP,OTAY MESA,OTAY MESA,PUBLIC,197
PUBLIC:198,WITHDRAWN,400.0,0.0,2010-02-28 08:00:00,,,,OMEC INTERCONNECTION SUBSTATION,SAN DIEGO,SDGE,STAR GENERATION,SERIAL LGIP,OMEC INTERCONNECTION,OMEC INTERCONNECTION SUBSTATION,PUBLIC,198
PUBLIC:199,WITHDRAWN,50.0,0.0,2009-12-31 08:00:00,,,,60KV BUS AT POSDEF QF FACILITY,SAN JOAQUIN,PGAE,STOCKTON REPOWERING PROJECT,SERIAL LGIP,AT POSDEF QF FACILITY,,PUBLIC,199
PUBLIC:200,WITHDRAWN,200.0,0.0,2010-05-31 07:00:00,,,,MIRA LOMA SUBSTATION,RIVERSIDE,SCE,MILLIKEN,SERIAL LGIP,MIRA LOMA,MIRA LOMA SUBSTATION,PUBLIC,200
PUBLIC:202,WITHDRAWN,198.65,0.0,2013-11-15 08:00:00,,,,COOL WATER-KRAMER #1 230KV LINE,SAN BERNARDINO,SCE,CALICO MOUNTAINS WIND ENERGY,SERIAL LGIP,COOL WATER KRAMER,COOL WATER-KRAMER #1,PUBLIC,202
PUBLIC:203,WITHDRAWN,198.65,0.0,2013-12-15 08:00:00,,,,COOL WATER-SEGS2-TORTILLA 115KV LINE,SAN BERNARDINO,SCE,CAMP ROCK WIND,SERIAL LGIP,COOL WATER SEGS2 TORTILLA,COOL WATER-SEGS2-TORTILLA,PUBLIC,203
PUBLIC:204,WITHDRAWN,149.4,0.0,2013-11-15 08:00:00,,,,TORTILLA-KRAMER 115 KV LINE,SAN BERNARDINO,SCE,IRON MOUNTAIN WIND ENERGY,SERIAL LGIP,TORTILLA KRAMER,TORTILLA-KRAMER,PUBLIC,204
PUBLIC:205,WITHDRAWN,5.0,0.0,2014-12-31 08:00:00,,FULL CAPACITY,,EL DORADO 220KV SWITCHYARD,CLARK,SCE,EL DORADO SOLAR GENERATING STATION PROJECT,TC,EL DORADO,EL DORADO,PUBLIC,205
PUBLIC:206,WITHDRAWN,200.0,0.0,2013-01-30 08:00:00,,,,EL SEQUNDO 230KV SWITCHYARD,LOS ANGELES,SCE,EL SEGUNDO 3 & 4 RE-POWER II,SERIAL LGIP,EL SEQUNDO,EL SEQUNDO,PUBLIC,206
PUBLIC:207,WITHDRAWN,557.3,0.0,,,,,LONG BEACH SUBSTATION,LOS ANGELES,SCE,"LONG BEACH 5, 6, 7 & 8",SERIAL LGIP,LONG BEACH,LONG BEACH SUBSTATION,PUBLIC,207
PUBLIC:208,WITHDRAWN,2.0,0.0,2008-09-01 07:00:00,,,,TRACY-HERDLYN 69KV LINE,ALAMEDA,PGAE,GV1,AMEND 39,TRACY HERDLYN,TRACY-HERDLYN,PUBLIC,208
PUBLIC:209,WITHDRAWN,400.0,0.0,2010-12-31 08:00:00,,,,NEW 230/500KV SUBSTATION NEAR THE 500KV IV-ML LINE,BAJA CALIFORNIA,SDGE,CONCEPCION II WIND GENERATION,SERIAL LGIP,NEW 230 NEAR THE IV ML,NEW 230/,PUBLIC,209
PUBLIC:210,WITHDRAWN,500.0,0.0,2016-12-01 08:00:00,,,,RED BLUFF SUBSTATION 230KV SWITCHYARD,RIVERSIDE,SCE,DESERT SUNLIGHT PV III,SERIAL LGIP,RED BLUFF,RED BLUFF SUBSTATION,PUBLIC,210
PUBLIC:211,WITHDRAWN,201.0,0.0,2008-10-31 07:00:00,,,,CARIBOU 230KV SUBSTATION,LASSEN,PGAE,HORSE LAKE WIND PROJECT,SERIAL LGIP,CARIBOU,CARIBOU,PUBLIC,211
PUBLIC:212,WITHDRAWN,50.0,0.0,2013-12-15 08:00:00,In Progress,,,RIO DELL SUBSTATION 60KV,HUMBOLDT,PGAE,BEAR RIVER RIDGE WIND FARM,SERIAL LGIP,RIO DELL,RIO DELL SUBSTATION,PUBLIC,212
PUBLIC:213,WITHDRAWN,180.0,0.0,2010-11-15 08:00:00,,,,COOLWATER 220KV BUS,SAN BERNARDINO,SCE,DESERT WIND,SERIAL LGIP,COOLWATER,COOLWATER,PUBLIC,213
PUBLIC:214,WITHDRAWN,49.25,0.0,2013-12-15 08:00:00,,,,COOLWATER-KRAMER 115 KV LINE,SAN BERNARDINO,SCE,WATERMAN MOUNTAINS WIND ENERGY PROJECT,SERIAL LGIP,COOLWATER KRAMER,COOLWATER-KRAMER,PUBLIC,214
PUBLIC:215,WITHDRAWN,420.0,0.0,2019-06-30 07:00:00,,ENERGY ONLY,,EAST COUNTY (ECO) SUBSTATION 230KV,BAJA CALIFORNIA,SDGE,ESJ EXPANSION PROJECT (FKA RUMOROSA WIND EXPANSION),TC,EAST COUNTY,EAST COUNTY (ECO) SUBSTATION,PUBLIC,215
PUBLIC:216,WITHDRAWN,98.8,0.0,2010-03-31 07:00:00,,,,OTAY MESA ENERGY CENTER,SAN DIEGO,SDGE,LONESTAR,SERIAL LGIP,OTAY MESA ENERGY CENTER,OTAY MESA ENERGY CENTER,PUBLIC,216
PUBLIC:217,WITHDRAWN,98.8,0.0,2010-03-31 07:00:00,,,,SAN LUIS REY-MELROSE 69KV,SAN DIEGO,SDGE,OCEANSIDE,SERIAL LGIP,SAN LUIS REY MELROSE,SAN LUIS REY-MELROSE,PUBLIC,217
PUBLIC:218,WITHDRAWN,98.8,0.0,2010-03-31 07:00:00,,,,LOOP TALEGA-ESCONDIDO 230KV LINE,SAN DIEGO,SDGE,OLYMPUS POWER,SERIAL LGIP,LOOP TALEGA ESCONDIDO,LOOP TALEGA-ESCONDIDO,PUBLIC,218
PUBLIC:219,WITHDRAWN,50.0,0.0,2021-01-02 08:00:00,Executed,,,COLORADO RIVER SUBSTATION 500KV BUS,RIVERSIDE,SCE,SONORAN,SERIAL LGIP,COLORADO RIVER,COLORADO RIVER SUBSTATION,PUBLIC,219
PUBLIC:220,WITHDRAWN,450.0,0.0,2016-10-01 07:00:00,,,,BLM WEST-KRAMER 230KV LINE,SAN BERNARDINO,SCE,DESERT GARNET PV,SERIAL LGIP,BLM WEST KRAMER,BLM WEST-KRAMER,PUBLIC,220
PUBLIC:221,WITHDRAWN,450.0,0.0,2015-11-01 07:00:00,,,,COOL WATER-KRAMER #1 230KV LINE,SAN BERNARDINO,SCE,DESERT ONYX PV,SERIAL LGIP,COOL WATER KRAMER,COOL WATER-KRAMER #1,PUBLIC,221
PUBLIC:223,WITHDRAWN,170.0,0.0,2010-12-31 08:00:00,,,,COOL WATER-KRAMER #1 230KV LINE,SAN BERNARDINO,SCE,NOBLE WELL WIND GENERATION PROJECT,SERIAL LGIP,COOL WATER KRAMER,COOL WATER-KRAMER #1,PUBLIC,223
PUBLIC:224,WITHDRAWN,99.0,0.0,2010-05-01 07:00:00,,,,69KV LINE NEXT TO CALPEAK BORDER SITE,SAN DIEGO,SDGE,BORDER II,SERIAL LGIP,NEXT TO CALPEAK BORDER SITE,,PUBLIC,224
PUBLIC:225,WITHDRAWN,640.0,0.0,2015-05-31 07:00:00,,,,500KV LINE TO THE NEW MIDPOINT SWITCHING STATION,RIVERSIDE,SCE,BLYTHE III (REVISED),SERIAL LGIP,TO THE NEW MIDPOINT,,PUBLIC,225
PUBLIC:226,WITHDRAWN,620.0,0.0,2012-03-30 07:00:00,,,,NEW DOUBLE CIRCUIT 230KV LINE INTO ESCONDIDO SUBSTATION,SAN DIEGO,SDGE,RAINBOW ENERGY FACILITY,SERIAL LGIP,NEW DOUBLE CIRCUIT INTO ESCONDIDO,NEW DOUBLE CIRCUIT,PUBLIC,226
PUBLIC:227,WITHDRAWN,175.0,0.0,2010-12-31 08:00:00,,,,FULTON-IGNACIO 230KV #2 LINE,MARIN,PGAE,BODEGA BAY PROJECT,SERIAL LGIP,FULTON IGNACIO,FULTON-IGNACIO,PUBLIC,227
PUBLIC:228,WITHDRAWN,630.0,0.0,2011-06-01 07:00:00,,,,NEWARK SUBSTATION 230KV BUS,ALAMEDA,PGAE,CPV CALIFORNIA VI,SERIAL LGIP,NEWARK,NEWARK SUBSTATION,PUBLIC,228
PUBLIC:229,WITHDRAWN,1000.0,0.0,2016-12-31 08:00:00,,,,DEVERS SUBSTATION,SAN BERNARDINO,SCE,DESERT OPAL III PV,SERIAL LGIP,DEVERS,DEVERS SUBSTATION,PUBLIC,229
PUBLIC:230,WITHDRAWN,1000.0,0.0,2013-12-31 08:00:00,,,,DEVERS SUBSTATION,SAN BERNARDINO,SCE,DESERT RUBY PV,SERIAL LGIP,DEVERS,DEVERS SUBSTATION,PUBLIC,230
PUBLIC:231,WITHDRAWN,50.0,0.0,2009-12-01 08:00:00,,,,VENWIND PORTION OF DEVERS-GARNETT-VENWIND LINE,RIVERSIDE,SCE,PAINTED HILLS III,SERIAL LGIP,VENWIND PORTION OF DEVERS GARNETT VENWIND,VENWIND PORTION OF DEVERS-GARNETT-VENWIND LINE,PUBLIC,231
PUBLIC:232,WITHDRAWN,99.0,0.0,,,,,INTERCONNECTION ON SITE,SAN DIEGO,SDGE,RAMCO ENERGY CENTER,SERIAL LGIP,INTERCONNECTION ON SITE,INTERCONNECTION ON SITE,PUBLIC,232
PUBLIC:234,WITHDRAWN,400.0,0.0,2013-06-30 07:00:00,,,,PROPOSED ELDORADO-IVANPAH 230KV LINE,CLARK,SCE,JEAN LAKE SOLAR,SERIAL LGIP,PROPOSED ELDORADO IVANPAH,PROPOSED ELDORADO-IVANPAH,PUBLIC,234
PUBLIC:235,WITHDRAWN,630.0,0.0,2011-06-01 07:00:00,,,,TESLA-TRACY #1 230KV LINE,CONTRA COSTA,PGAE,CPV CALIFORNIA VII,SERIAL LGIP,TESLA TRACY,TESLA-TRACY #1,PUBLIC,235
PUBLIC:236,WITHDRAWN,630.0,0.0,2011-06-01 07:00:00,,,,TESLA SUBSTATION 230KV BUS,SAN JOAQUIN,PGAE,CPV CALIFORNIA VIII,SERIAL LGIP,TESLA,TESLA SUBSTATION,PUBLIC,236
PUBLIC:237,WITHDRAWN,634.0,0.0,2011-05-01 07:00:00,,,,ELDORADO 220KV SWITCHYARD,CLARK,SCE,COPPER MOUNTAIN II,SERIAL LGIP,ELDORADO,ELDORADO,PUBLIC,237
PUBLIC:238,WITHDRAWN,45.0,0.0,2008-12-01 08:00:00,,,,TEMBLOR-SAN LUIS OBISPO 115KV LINE,SAN LUIS OBISPO,PGAE,CARRIZO SOLAR FARM I,SERIAL LGIP,TEMBLOR SAN LUIS OBISPO,TEMBLOR-SAN LUIS OBISPO,PUBLIC,238
PUBLIC:240,WITHDRAWN,400.0,0.0,2018-01-01 08:00:00,,,,PISGAH SUB 230KV,SAN BERNARDINO,SCE,SIBERIA PHASE I SEGS (FKA DPT BROADWELL LAKE II),SERIAL LGIP,PISGAH,PISGAH SUB,PUBLIC,240
PUBLIC:241,WITHDRAWN,400.0,0.0,2015-06-30 07:00:00,,,,PISGAH SUB 230KV,SAN BERNARDINO,SCE,SIBERIA PHASE II SEGS (FKA DPT 9),SERIAL LGIP,PISGAH,PISGAH SUB,PUBLIC,241
PUBLIC:243,WITHDRAWN,429.0,0.0,2010-12-30 08:00:00,,,,PISGAH 230KV SUBSTATION,SAN BERNARDINO,SCE,SOUTH BRISTOL MOUNTAINS WIND FARM,SERIAL LGIP,PISGAH,PISGAH,PUBLIC,243
PUBLIC:244,WITHDRAWN,120.0,0.0,2010-12-15 08:00:00,,,,CONTROL-HAIWEE-INYOKERN 115KV LINE,INYO/KERN,SCE,LITTLE LAKE SOUTH WIND FARM,SERIAL LGIP,CONTROL HAIWEE INYOKERN,CONTROL-HAIWEE-INYOKERN,PUBLIC,244
PUBLIC:245,WITHDRAWN,228.0,0.0,2010-12-15 08:00:00,,,,DEVERS-MIRAGE-JULIAN HINDS 230KV LINE,RIVERSIDE,SCE,SHAVERS VALLEY WIND FARM,SERIAL LGIP,DEVERS MIRAGE JULIAN HINDS,DEVERS-MIRAGE-JULIAN HINDS,PUBLIC,245
PUBLIC:246,WITHDRAWN,120.0,0.0,2010-12-15 08:00:00,,,,KRAMER-INYOKERN-RANDSBURG #3 115KV LINE,KERN,SCE,LAUREL MOUNTAIN WIND FARM,SERIAL LGIP,KRAMER INYOKERN RANDSBURG,KRAMER-INYOKERN-RANDSBURG #3,PUBLIC,246
PUBLIC:247,WITHDRAWN,67.0,0.0,2012-04-15 07:00:00,,,,BORDEN SUBSTATION 230KV BUS,MADERA,PGAE,MADERA ENERGY CENTER EXPANSION,SERIAL LGIP,BORDEN,BORDEN SUBSTATION,PUBLIC,247
PUBLIC:248,WITHDRAWN,67.0,0.0,2014-05-01 07:00:00,,,,TESLA-BELLOTA 230KV LINE,SAN JOAQUIN,PGAE,STOCKTON GENERATION EXPANSION,SERIAL LGIP,TESLA BELLOTA,TESLA-BELLOTA,PUBLIC,248
PUBLIC:249,WITHDRAWN,105.0,0.0,2010-11-01 07:00:00,,,,MOSS-LINDING-SALINAS-SOLEDAD 115KV #1 AND #2 LINES #1 LINE & TAP N/O MOSS LANDING-SALINAS-SOLEDAD #2,MONTEREY,PGAE,SOLEDAD WIND ENERGY PARK,SERIAL LGIP,MOSS LINDING SALINAS SOLEDAD AND LINES N O MOSS LANDING SALINAS SOLEDAD,MOSS-LINDING-SALINAS-SOLEDAD,PUBLIC,249
PUBLIC:250,WITHDRAWN,66.2,0.0,2014-08-03 07:00:00,,FULL CAPACITY,,REDBUD-CORTINA 115KV LINE,COLUSA/LAKE,PGAE,WALKER RIDGE WIND ENERGY PARK,TC,REDBUD CORTINA,REDBUD-CORTINA,PUBLIC,250
PUBLIC:251,WITHDRAWN,200.0,0.0,2009-12-15 08:00:00,,,,EAGLE MOUNTAIN-BLYTHE 161KV LINE,RIVERSIDE,SCE,CHUCKWALLA SOLAR I,SERIAL LGIP,EAGLE MOUNTAIN BLYTHE,EAGLE MOUNTAIN-BLYTHE,PUBLIC,251
PUBLIC:253,WITHDRAWN,40.0,0.0,2011-12-31 08:00:00,,,,CABRILLO SUBSTATION 115KV,SANTA BARBARA,PGAE,CENTRAL COAST,SERIAL LGIP,CABRILLO,CABRILLO SUBSTATION,PUBLIC,253
PUBLIC:254,WITHDRAWN,600.0,0.0,2017-06-01 07:00:00,,FULL CAPACITY,,GATES SUBSTATION 230KV BUS,KINGS,PGAE,AVENAL ENERGY PROJECT,TC,GATES,GATES SUBSTATION,PUBLIC,254
PUBLIC:255,WITHDRAWN,250.0,0.0,2013-07-01 07:00:00,,FULL CAPACITY,,INYOKERN SUBSTATION,KERN,SCE,RIDGECREST SOLAR II (FKA MOJAVE SOLAR PEAKING POWER),TC,INYOKERN,INYOKERN SUBSTATION,PUBLIC,255
PUBLIC:256,WITHDRAWN,30.0,0.0,2009-04-15 07:00:00,,,,MENDOTA BIOMASS SUBSTATION,FRESNO,PGAE,CALRENEW-1,SERIAL LGIP,MENDOTA BIOMASS,MENDOTA BIOMASS SUBSTATION,PUBLIC,256
PUBLIC:257,WITHDRAWN,575.0,0.0,2011-06-01 07:00:00,,,,NEW FAIRFIELD SUBSTATION 230KV BUS,SOLANO,PGAE,FAIRFIELD ENERGY CENTER,SERIAL LGIP,NEW FAIRFIELD,NEW FAIRFIELD SUBSTATION,PUBLIC,257
PUBLIC:258,WITHDRAWN,651.0,0.0,2020-12-31 08:00:00,Executed,ENERGY ONLY,,CONTRA COSTA SUBSTATION 230KV BUS,CONTRA COSTA,PGAE,OAKLEY GENERATING STATION,TC,CONTRA COSTA,CONTRA COSTA SUBSTATION,PUBLIC,258
PUBLIC:259,WITHDRAWN,345.0,0.0,2012-02-01 08:00:00,,,,RIO OSO SUBSTATION 115KV BUS,SUTTER,PGAE,PALERMO GENERATING STATION,SERIAL LGIP,RIO OSO,RIO OSO SUBSTATION,PUBLIC,259
PUBLIC:260,WITHDRAWN,260.0,0.0,2012-02-01 08:00:00,,,,LOOP GOLD HILL-EIGHT MILE ROAD 230KV LINE,SAN JOAQUIN,PGAE,LODI GENERATING STATION,SERIAL LGIP,LOOP GOLD HILL EIGHT MILE ROAD,LOOP GOLD HILL-EIGHT MILE ROAD,PUBLIC,260
PUBLIC:261,WITHDRAWN,104.0,0.0,2010-10-01 07:00:00,,,,HINSON SUBSTATION 220KV,LOS ANGELES,SCE,TESORO REFINERY COGENERATION,SERIAL LGIP,HINSON,HINSON SUBSTATION,PUBLIC,261
PUBLIC:262,WITHDRAWN,390.6,0.0,2012-04-15 07:00:00,,,,BIRDS LANDING SUBSTATION 230 KV BUS,SOLANO,PGAE,BIRDS LANDING ENERGY CENTER,SERIAL LGIP,BIRDS LANDING,BIRDS LANDING SUBSTATION,PUBLIC,262
PUBLIC:263,WITHDRAWN,634.0,0.0,2011-05-01 07:00:00,,,,ELDORADO SWITCHYARD 220KV & NCP MERCHANT SUBSTATION 230KV,CLARK,SCE,COPPER MOUNTAIN II ALTERNATE,SERIAL LGIP,ELDORADO NCP MERCHANT,ELDORADO SWITCHYARD,PUBLIC,263
PUBLIC:264,WITHDRAWN,300.0,0.0,2010-12-30 08:00:00,,,,LUGO-MOHAVE 500KV LINE,SAN BERNARDINO,SCE,HOMER MOUNTAIN WIND FARM,SERIAL LGIP,LUGO MOHAVE,LUGO-MOHAVE,PUBLIC,264
PUBLIC:265,WITHDRAWN,25.0,0.0,2009-12-01 08:00:00,,,,EAGLE MOUNTAIN BLYTHE 161KV LINE,RIVERSIDE,SCE,PALEN DRY LAKE PV,SERIAL LGIP,EAGLE MOUNTAIN BLYTHE,EAGLE MOUNTAIN BLYTHE,PUBLIC,265
PUBLIC:266,WITHDRAWN,325.0,0.0,2012-02-01 08:00:00,,,,RIO OSO SUBSTATION 230 KV BUS,SUTTER,PGAE,RIO OSO GENERATING STATION,SERIAL LGIP,RIO OSO,RIO OSO SUBSTATION,PUBLIC,266
PUBLIC:269,WITHDRAWN,371.3,0.0,2015-05-01 07:00:00,,,,TESLA-WESTLEY 230 KV LINES,SAN JOAQUIN,PGAE,PATTERSON PASS ENERGY CENTER,SERIAL LGIP,TESLA WESTLEY LINES,TESLA-WESTLEY,PUBLIC,269
PUBLIC:270,WITHDRAWN,700.0,0.0,2015-12-01 08:00:00,,,,PROPOSED MIDPOINT SUBSTATION 230KV,RIVERSIDE,SCE,DESERT QUARTZSITE PV,SERIAL LGIP,PROPOSED MIDPOINT,PROPOSED MIDPOINT SUBSTATION,PUBLIC,270
PUBLIC:271,WITHDRAWN,400.0,0.0,2016-09-01 07:00:00,,,,LUGO-PISGAH 230KV LINE,SAN BERNARDINO,SCE,DESERT JASPER PV,SERIAL LGIP,LUGO PISGAH,LUGO-PISGAH,PUBLIC,271
PUBLIC:273,WITHDRAWN,99.0,0.0,2010-05-01 07:00:00,,,,HANFORD SWITCHYARD 115KV BUS,KINGS,PGAE,GWF HANFORD,SERIAL LGIP,HANFORD,HANFORD SWITCHYARD,PUBLIC,273
PUBLIC:275,WITHDRAWN,630.0,0.0,2013-05-01 07:00:00,,,,LOOP VACA DIXON-PEABODY & VACA DIXON-LAMBIE 230 KV LINES,SOLANO,PGAE,CPV CALIFORNIA IX,SERIAL LGIP,LOOP VACA DIXON PEABODY VACA DIXON LAMBIE LINES,LOOP VACA DIXON-PEABODY & VACA DIXON-LAMBIE,PUBLIC,275
PUBLIC:276,WITHDRAWN,650.0,0.0,2012-01-15 08:00:00,,,,CONTRA COSTA SUBSTATION,CONTRA COSTA,PGAE,ANTIOCH GENERATING STATION,SERIAL LGIP,CONTRA COSTA,CONTRA COSTA SUBSTATION,PUBLIC,276
PUBLIC:277,WITHDRAWN,75.0,0.0,2010-11-15 08:00:00,,,,COOLWATER-DUNN SIDING 115KV LINE,SAN BERNARDINO,SCE,RIO SECO WIND,SERIAL LGIP,COOLWATER DUNN SIDING,COOLWATER-DUNN SIDING,PUBLIC,277
PUBLIC:279,WITHDRAWN,40.0,0.0,2012-06-01 07:00:00,,,,FAIRHAVEN SUBSTATION 60KV BUS,HUMBOLDT,PGAE,HUMBOLDT WAVECONNECT PROJECT,SERIAL LGIP,FAIRHAVEN,FAIRHAVEN SUBSTATION,PUBLIC,279
PUBLIC:280,WITHDRAWN,40.0,0.0,2012-06-01 07:00:00,,,,FORT BRAGG SUBSTATION 60KV BUS,MENDOCINO,PGAE,MENDOCINO WAVECONNECT PROJECT,SERIAL LGIP,FORT BRAGG,FORT BRAGG SUBSTATION,PUBLIC,280
PUBLIC:281,WITHDRAWN,500.0,0.0,2010-12-31 08:00:00,,,,LOOP TESLA-STAGG AND TESLA-EIGHT MILE 230KV LINES,SAN JOAQUIN,PGAE,ROUGH & READY ISLAND ENERGY PARK PROJECT,SERIAL LGIP,LOOP TESLA STAGG AND TESLA EIGHT MILE LINES,LOOP TESLA-STAGG AND TESLA-EIGHT MILE,PUBLIC,281
PUBLIC:282,WITHDRAWN,29.0,0.0,2011-06-30 07:00:00,Executed,FULL CAPACITY,,DAIRYLAND-MENDOTA 115 KV LINE TAP,MADERA,PGAE,MADERA POWER,TC,DAIRYLAND MENDOTA,DAIRYLAND-MENDOTA,PUBLIC,282
PUBLIC:283,WITHDRAWN,106.8,0.0,2012-09-30 07:00:00,,,,GATES SUBSTATION 230KV BUS,FRESNO,PGAE,BETHEL 7 & 8 SOLAR THERMAL HYBRID PROJECT,SERIAL LGIP,GATES,GATES SUBSTATION,PUBLIC,283
PUBLIC:284,WITHDRAWN,115.0,0.0,2012-04-15 07:00:00,,,,UKIAH SUBSTATION 115KV BUS,MENDOCINO,PGAE,UKIAH ENERGY CENTER,SERIAL LGIP,UKIAH,UKIAH SUBSTATION,PUBLIC,284
PUBLIC:285,WITHDRAWN,150.0,0.0,2011-12-31 08:00:00,,,,PISGAH SUBSTATION 230KV,SAN BERNARDINO,SCE,TROY LAKE WIND,SERIAL LGIP,PISGAH,PISGAH SUBSTATION,PUBLIC,285
PUBLIC:286,WITHDRAWN,375.0,0.0,2012-07-01 07:00:00,,,,SOUTHWEST POWER LINK 500KV LINE,IMPERIAL,SDGE,EL CENTRO 1,SERIAL LGIP,SOUTHWEST POWER LINK,SOUTHWEST POWER LINK,PUBLIC,286
PUBLIC:287,WITHDRAWN,231.0,0.0,2011-04-01 07:00:00,,,,ANTELOPE-MAGUNDEN 230KV,KERN,SCE,SUNTOWER GASKELL GENERATING STATION,SERIAL LGIP,ANTELOPE MAGUNDEN,ANTELOPE-MAGUNDEN,PUBLIC,287
PUBLIC:288,WITHDRAWN,375.0,0.0,2012-07-01 07:00:00,,,,MORRO BAY-MIDWAY #2 230KV LINE,SAN LUIS OBISPO,PGAE,CARRIZO 1,SERIAL LGIP,MORRO BAY MIDWAY,MORRO BAY-MIDWAY #2,PUBLIC,288
PUBLIC:289,WITHDRAWN,375.0,0.0,2011-07-01 07:00:00,,,,EL DORADO-IVANPAH 115KV LINE,SAN BERNARDINO,SCE,ECP I,SERIAL LGIP,EL DORADO IVANPAH,EL DORADO-IVANPAH,PUBLIC,289
PUBLIC:290,WITHDRAWN,750.0,0.0,2012-12-31 08:00:00,,,,PISGAH SUBSTATION 230KV,SAN BERNARDINO,SCE,TRILOBITE SOLAR PROJECT,SERIAL LGIP,PISGAH,PISGAH SUBSTATION,PUBLIC,290
PUBLIC:291,WITHDRAWN,250.0,0.0,2015-06-01 07:00:00,,,,IVANPAH SUBSTATION 230KV,SAN BERNARDINO,SCE,MESQUITE LAKE,SERIAL LGIP,IVANPAH,IVANPAH SUBSTATION,PUBLIC,291
PUBLIC:292,WITHDRAWN,250.0,0.0,2014-06-01 07:00:00,,,,SCE PORTION OF KRAMER BLM WEST 230KV LINE,KERN,SCE,FREEMAN JUNCTION SOLAR PROJECT,SERIAL LGIP,SCE PORTION OF KRAMER BLM WEST,SCE PORTION OF KRAMER BLM WEST,PUBLIC,292
PUBLIC:293,WITHDRAWN,5.2,0.0,2009-06-01 07:00:00,,,,HELM-KERMAN 70KV LINE,FRESNO,PGAE,WELLHEAD POWER PROJECT 5,SERIAL LGIP,HELM KERMAN,HELM-KERMAN,PUBLIC,293
PUBLIC:295,WITHDRAWN,300.0,0.0,2011-12-31 08:00:00,,,,PISGAH SUBSTATION 220KV,SAN BERNARDINO,SCE,TROY LAKE SOLEIL,SERIAL LGIP,PISGAH,PISGAH SUBSTATION,PUBLIC,295
PUBLIC:296,WITHDRAWN,33.0,0.0,2009-12-01 08:00:00,,,,ANTELOPE-PIUTE 66KV LINE,LOS ANGELES,SCE,BIG ROCK SUNTOWER GENERATING STATION,SERIAL LGIP,ANTELOPE PIUTE,ANTELOPE-PIUTE,PUBLIC,296
PUBLIC:298,WITHDRAWN,140.0,0.0,2011-11-01 07:00:00,,,,EL DORADO 220KV SWITCHYARD,CLARK,SCE,EL DORADO SOLAR ALTERNATE,SERIAL LGIP,EL DORADO,EL DORADO,PUBLIC,298
PUBLIC:299,WITHDRAWN,27.0,0.0,2013-05-01 07:00:00,,FULL CAPACITY,,HANFORD SWITCHYARD 115KV BUS,KINGS,PGAE,GWF HANFORD COMBINED CYCLE POWER PLANT,TC,HANFORD,HANFORD SWITCHYARD,PUBLIC,299
PUBLIC:300,WITHDRAWN,400.0,0.0,2015-09-01 07:00:00,,FULL CAPACITY,,MIDWAY-WHEELER RIDGE #1 AND #2 230KV LINE,KERN,PGAE,HYDROGEN ENERGY CALIFORNIA,TC,MIDWAY WHEELER RIDGE AND,MIDWAY-WHEELER RIDGE #1 AND #2,PUBLIC,300
PUBLIC:301,WITHDRAWN,500.0,0.0,2016-01-01 08:00:00,,,,LUGO-PISGAH LINE 220KV LINE,SAN BERNARDINO,SCE,"LUCERNE VALLEY SOLAR PROJECT, PHASE 2",SERIAL LGIP,LUGO PISGAH,LUGO-PISGAH LINE,PUBLIC,301
PUBLIC:302,WITHDRAWN,200.0,0.0,2010-02-01 08:00:00,,,,LUGO-PISGAH 220KV LINE,SAN BERNARDINO,SCE,"LUCERNE VALLEY SOLAR PROJECT, PHASE 1",SERIAL LGIP,LUGO PISGAH,LUGO-PISGAH,PUBLIC,302
PUBLIC:303,WITHDRAWN,500.0,0.0,2011-12-31 08:00:00,,,,IMPERIAL VALLEY - MIGUEL 500KV LINE,BAJA CALIFORNIA,SDGE,AUBANEL WIND PROJECT,SERIAL LGIP,IMPERIAL VALLEY MIGUEL,IMPERIAL VALLEY - MIGUEL,PUBLIC,303
PUBLIC:305,WITHDRAWN,611.0,0.0,2012-07-30 07:00:00,,,,CONTRA COSTA SUBSTATION 230KV SWITCHYARD,CONTRA COSTA,PGAE,MARSH LANDING GENERATING STATION - COMBINED CYCLE UNITS,SERIAL LGIP,CONTRA COSTA,CONTRA COSTA SUBSTATION,PUBLIC,305
PUBLIC:306,WITHDRAWN,200.0,0.0,2012-05-01 07:00:00,,,,TESLA-BELOTA 230KV AND TESLA-WEBBER 230KV LINES,SAN JOAQUIN,PGAE,ZEPHYR POWER STATION,SERIAL LGIP,TESLA BELOTA AND TESLA WEBBER LINES,TESLA-BELOTA,PUBLIC,306
PUBLIC:307,WITHDRAWN,100.0,0.0,2009-05-01 07:00:00,,,,LANCASTER REDMAN 66KV LINE,LOS ANGELES,SCE,PV REDMAN-LANCASTER,SERIAL LGIP,LANCASTER REDMAN,LANCASTER REDMAN,PUBLIC,307
PUBLIC:308,WITHDRAWN,100.0,0.0,2009-05-01 07:00:00,,,,HELIJET-LITTLE ROCK-PALMDALE-ROCKAIR 66KV LINE,LOS ANGELES,SCE,PV LITTLE ROCK-PALMDALE,SERIAL LGIP,HELIJET LITTLE ROCK PALMDALE ROCKAIR,HELIJET-LITTLE ROCK-PALMDALE-ROCKAIR,PUBLIC,308
PUBLIC:309,WITHDRAWN,100.0,0.0,2013-07-01 07:00:00,,FULL CAPACITY,,ANTELOPE SUBSTATION 66KV,LOS ANGELES,SCE,PV-3 (FKA PV ANTELOPE-DEL SUR),TC,ANTELOPE,ANTELOPE SUBSTATION,PUBLIC,309
PUBLIC:310,WITHDRAWN,100.0,0.0,2009-05-01 07:00:00,In Progress,,,DEL-DUR-LANCASTER-RITE AID 66KV LINE,LOS ANGELES,SCE,PV DEL SUR-LANCASTER,SERIAL LGIP,DEL DUR LANCASTER RITE AID,DEL-DUR-LANCASTER-RITE AID,PUBLIC,310
PUBLIC:311,WITHDRAWN,100.0,0.0,2009-05-01 07:00:00,,,,LANCASTER-LITTLE ROCK-PIUTE 66KV LINE,LOS ANGELES,SCE,PV PIUTE-LANCASTER,SERIAL LGIP,LANCASTER LITTLE ROCK PIUTE,LANCASTER-LITTLE ROCK-PIUTE,PUBLIC,311
PUBLIC:312,WITHDRAWN,100.0,0.0,2009-05-01 07:00:00,,,,OASIS-TORTOISE 66KV LINE,LOS ANGELES,SCE,PV PALMDALE-TORTOISE,SERIAL LGIP,OASIS TORTOISE,OASIS-TORTOISE,PUBLIC,312
PUBLIC:313,WITHDRAWN,100.0,0.0,2009-05-01 07:00:00,,,,PIUTE-REDMAN 66KV LINE,LOS ANGELES,SCE,PV REDMAN-PIUTE,SERIAL LGIP,PIUTE REDMAN,PIUTE-REDMAN,PUBLIC,313
PUBLIC:314,WITHDRAWN,100.0,0.0,2009-05-01 07:00:00,,,,LANCASTER-LITTLE ROCK-PIUTE 66KV LINE,LOS ANGELES,SCE,PV PIUTE-LITTLE ROCK,SERIAL LGIP,LANCASTER LITTLE ROCK PIUTE,LANCASTER-LITTLE ROCK-PIUTE,PUBLIC,314
PUBLIC:315,WITHDRAWN,100.0,0.0,2009-05-01 07:00:00,,,,HELIJET-LITTLE ROCK-PALMDALE-ROCKAIR 66KV LINE,LOS ANGELES,SCE,PV PALMDALE-ROCKAIR,SERIAL LGIP,HELIJET LITTLE ROCK PALMDALE ROCKAIR,HELIJET-LITTLE ROCK-PALMDALE-ROCKAIR,PUBLIC,315
PUBLIC:316,WITHDRAWN,100.0,0.0,2009-05-01 07:00:00,,,,ANTELOPE-ROSAMOND 66KV LINE,LOS ANGELES,SCE,PV ROSAMOND-ANTELOPE,SERIAL LGIP,ANTELOPE ROSAMOND,ANTELOPE-ROSAMOND,PUBLIC,316
PUBLIC:317,WITHDRAWN,100.0,0.0,2013-06-01 07:00:00,,FULL CAPACITY,,ANTELOPE SUBSTATION 66KV,LOS ANGELES,SCE,PV-11 (FKA PV ROSAMOND-DEL SUR),TC,ANTELOPE,ANTELOPE SUBSTATION,PUBLIC,317
PUBLIC:318,WITHDRAWN,100.0,0.0,2009-05-01 07:00:00,,,,GOLDTOWN-LANCASTER 66KV LINE,KERN,SCE,PV GOLDTOWN-LANCASTER,SERIAL LGIP,GOLDTOWN LANCASTER,GOLDTOWN-LANCASTER,PUBLIC,318
PUBLIC:319,WITHDRAWN,100.0,0.0,2009-05-01 07:00:00,,,,CORUM-GOLDTOWN 66KV LINE,LOS ANGELES,SCE,PV GOLDTOWN-CORUM,SERIAL LGIP,CORUM GOLDTOWN,CORUM-GOLDTOWN,PUBLIC,319
PUBLIC:321,WITHDRAWN,100.0,0.0,2013-12-01 08:00:00,,,,CARIBOU SUBSTATION 230KV SWITCHYARD,PLUMAS,PGAE,NE WIND PROJECT,SERIAL LGIP,CARIBOU,CARIBOU SUBSTATION,PUBLIC,321
PUBLIC:322,WITHDRAWN,611.0,0.0,2012-09-30 07:00:00,,,,PITTSBURG 230KV SWITCHYARD,CONTRA COSTA,PGAE,PITTSBURG POWER PLANT - CCU,SERIAL LGIP,PITTSBURG,PITTSBURG,PUBLIC,322
PUBLIC:323,WITHDRAWN,100.0,0.0,2009-05-01 07:00:00,,,,CORAM-ROSEMOND 66KV LINE,KERN,SCE,PV ROSAMOND-CORUM,SERIAL LGIP,CORAM ROSEMOND,CORAM-ROSEMOND,PUBLIC,323
PUBLIC:324,WITHDRAWN,250.0,0.0,2009-05-01 07:00:00,,,,ELDORADO BAKER COOL WATER DUNN SIDING MOUNTAIN PASS 115KV LINE,SAN BERNARDINO,SCE,PV COOLWATER-DUNN SIDING,SERIAL LGIP,ELDORADO BAKER COOL WATER DUNN SIDING MOUNTAIN PASS,ELDORADO BAKER COOL WATER DUNN SIDING MOUNTAIN PASS,PUBLIC,324
PUBLIC:325,WITHDRAWN,100.0,0.0,2009-05-01 07:00:00,,,,KRAMER-COOL WATER 115KV LINE,KERN,SCE,PV COOLWATER - KRAMER,SERIAL LGIP,KRAMER COOL WATER,KRAMER-COOL WATER,PUBLIC,325
PUBLIC:326,WITHDRAWN,100.0,0.0,2009-05-01 07:00:00,,,,KRAMER-TORTILLA 115KV LINE,KERN,SCE,PV TORTILLA-KRAMER,SERIAL LGIP,KRAMER TORTILLA,KRAMER-TORTILLA,PUBLIC,326
PUBLIC:327,WITHDRAWN,100.0,0.0,2009-05-01 07:00:00,,,,KRAMER-INYOKERN-RANDSBERG NO. 1 115KV LINE,KERN,SCE,PV KRAMER-INYOKERN #1,SERIAL LGIP,KRAMER INYOKERN RANDSBERG,KRAMER-INYOKERN-RANDSBERG NO. 1,PUBLIC,327
PUBLIC:328,WITHDRAWN,100.0,0.0,2009-05-01 07:00:00,,,,KRAMER-INYOKERN-RANDSBERG NO. 3 115KV LINE,KERN,SCE,PV KRAMER-INYOKERN #2,SERIAL LGIP,KRAMER INYOKERN RANDSBERG,KRAMER-INYOKERN-RANDSBERG NO. 3,PUBLIC,328
PUBLIC:329,WITHDRAWN,264.0,0.0,2012-08-01 07:00:00,,,,WHIRLWIND SUBSTATION 230KV,KERN,SCE,GASKELL SOLAR GENERATING STATION,SERIAL LGIP,WHIRLWIND,WHIRLWIND SUBSTATION,PUBLIC,329
PUBLIC:330,WITHDRAWN,33.0,0.0,2009-12-01 08:00:00,,,,ANTELOPE-CALCEMENT 66KV LINE,LOS ANGELES,SCE,TUMBLEWEED SOLAR GENERATING STATION,SERIAL LGIP,ANTELOPE CALCEMENT,ANTELOPE-CALCEMENT,PUBLIC,330
PUBLIC:331,WITHDRAWN,231.0,0.0,2010-05-01 07:00:00,,,,WINDHUB SUBSTATION,KERN,SCE,WILLOW SPRINGS SOLAR GENERATING STATION,SERIAL LGIP,WINDHUB,WINDHUB SUBSTATION,PUBLIC,331
PUBLIC:332,WITHDRAWN,264.0,0.0,2011-09-01 07:00:00,,,,WINDHUB SUBSTATION,KERN,SCE,WILLOW SPRINGS SOLAR GENERATING STATION II,SERIAL LGIP,WINDHUB,WINDHUB SUBSTATION,PUBLIC,332
PUBLIC:333,WITHDRAWN,33.0,0.0,2009-07-01 07:00:00,,,,COOL WATER-KRAMER 115KV LINE,SAN BERNARDINO,SCE,PHOENIX SOLAR GENERATING STATION,SERIAL LGIP,COOL WATER KRAMER,COOL WATER-KRAMER,PUBLIC,333
PUBLIC:335,WITHDRAWN,99.0,0.0,2012-06-01 07:00:00,,,,KELSO SUBSTATION 230KV BUS,ALAMEDA,PGAE,DGC KELSO RE,SERIAL LGIP,KELSO,KELSO SUBSTATION,PUBLIC,335
PUBLIC:336,WITHDRAWN,75.0,0.0,2010-12-31 08:00:00,,,,BORREGO SUBSTATION 69KV,SAN DIEGO,SDGE,BORREGO STARLIGHT 1,SERIAL LGIP,BORREGO,BORREGO SUBSTATION,PUBLIC,336
PUBLIC:338,WITHDRAWN,10.0,0.0,2010-06-01 07:00:00,,,,KERMAN-HELMS 70KV LINE,FRESNO,PGAE,FRESNO COGENERATION CTG-4,SERIAL LGIP,KERMAN HELMS,KERMAN-HELMS,PUBLIC,338
PUBLIC:339,WITHDRAWN,50.0,0.0,2011-06-01 07:00:00,,,,MISSION SUBSTATION,SAN FRANCISCO,PGAE,SANGEN,SERIAL LGIP,MISSION,MISSION SUBSTATION,PUBLIC,339
PUBLIC:341,WITHDRAWN,525.0,0.0,2012-03-01 08:00:00,,,,WILSON SUBSTATION 230KV BUS,MERCED,PGAE,APG WILSON STATION,SERIAL LGIP,WILSON,WILSON SUBSTATION,PUBLIC,341
PUBLIC:343,WITHDRAWN,40.0,0.0,2011-05-01 07:00:00,,,,PIUTE-REDMAN 66KV LINE,LOS ANGELES,SCE,PV-7,SERIAL LGIP,PIUTE REDMAN,PIUTE-REDMAN,PUBLIC,343
PUBLIC:344,WITHDRAWN,40.0,0.0,2011-05-01 07:00:00,,,,LANCASTER-LITTLE ROCK-PIUTE 66KV LINE,LOS ANGELES,SCE,PV-8,SERIAL LGIP,LANCASTER LITTLE ROCK PIUTE,LANCASTER-LITTLE ROCK-PIUTE,PUBLIC,344
PUBLIC:345,WITHDRAWN,40.0,0.0,2011-05-01 07:00:00,,,,LANCASTER-LITTLE ROCK-PIUTE 66KV LINE (LANCASTER SIDE OF TAP 72),LOS ANGELES,SCE,PV-5,SERIAL LGIP,LANCASTER LITTLE ROCK PIUTE,LANCASTER-LITTLE ROCK-PIUTE,PUBLIC,345
PUBLIC:346,WITHDRAWN,30.0,0.0,2011-05-01 07:00:00,,,,LANCASTER-REDMAN 66KV LINE,LOS ANGELES,SCE,PV-1,SERIAL LGIP,LANCASTER REDMAN,LANCASTER-REDMAN,PUBLIC,346
PUBLIC:347,WITHDRAWN,50.0,0.0,2011-05-01 07:00:00,,,,HELIJET-LITTLE ROCK-PALMDALE-ROCKAIR 66KV LINE (PRIMARY: PALMDALE SIDE OF TAP 62; ATERNATE: LITTLE ROCK SIDE OF TAP 62),LOS ANGELES,SCE,PV-9,SERIAL LGIP,HELIJET LITTLE ROCK PALMDALE ROCKAIR,HELIJET-LITTLE ROCK-PALMDALE-ROCKAIR,PUBLIC,347
PUBLIC:350,WITHDRAWN,80.0,0.0,2013-05-01 07:00:00,,,,ELDORADO-BAKER- COOLWATER-DUNN SIDING-MOUNTAIN PASS 115 KV LINE,SAN BERNARDINO,SCE,PV-31,SERIAL LGIP,ELDORADO BAKER COOLWATER DUNN SIDING MOUNTAIN PASS,ELDORADO-BAKER- COOLWATER-DUNN SIDING-MOUNTAIN PASS,PUBLIC,350
PUBLIC:351,WITHDRAWN,49.0,0.0,2009-07-01 07:00:00,,,,TAP VACA-RIO OSO 115 KV LINE,YOLO,PGAE,WELLHEAD POWER WINTERS,SERIAL LGIP,VACA RIO OSO,TAP VACA-RIO OSO,PUBLIC,351
PUBLIC:352,WITHDRAWN,49.0,0.0,2009-07-01 07:00:00,,,,SALADO SUBSTATION 115 KV,STANISLAUS,PGAE,WELLHEAD POWER SALADO,SERIAL LGIP,SALADO,SALADO SUBSTATION,PUBLIC,352
PUBLIC:353,WITHDRAWN,49.0,0.0,2009-07-01 07:00:00,,,,PANOCHE SUBSTATION 115 KV BUS,FRESNO,PGAE,WELLHEAD POWER FIREBAUGH 2,SERIAL LGIP,PANOCHE,PANOCHE SUBSTATION,PUBLIC,353
PUBLIC:354,WITHDRAWN,49.0,0.0,2009-07-01 07:00:00,,,,TAP HELM-VALLEY NITROGEN 70 KV LINE,FRESNO,PGAE,WELLHEAD POWER HELM,SERIAL LGIP,HELM VALLEY NITROGEN,TAP HELM-VALLEY NITROGEN,PUBLIC,354
PUBLIC:355,WITHDRAWN,100.0,0.0,2011-05-01 07:00:00,,,,SAN LUIS OBISPO-TREMBLOR 115KV LINE,SAN LUIS OBISPO,PGAE,PV-41,SERIAL LGIP,SAN LUIS OBISPO TREMBLOR,SAN LUIS OBISPO-TREMBLOR,PUBLIC,355
PUBLIC:357,WITHDRAWN,100.0,0.0,2013-12-01 08:00:00,,,,MIDWAY SUBSTATION VIA MIDWAY-SUNSET GEN-TIE 230 KV LINE,KERN,PGAE,PV-43,SERIAL LGIP,MIDWAY VIA MIDWAY SUNSET GEN TIE,MIDWAY SUBSTATION VIA MIDWAY-SUNSET GEN-TIE,PUBLIC,357
PUBLIC:358,WITHDRAWN,100.0,0.0,2011-05-01 07:00:00,,,,MIDWAY SUNSET VIA MIDWAY-SUNSET GEN-TIE 230 KV LINE,KERN,PGAE,PV-46,SERIAL LGIP,MIDWAY SUNSET VIA MIDWAY SUNSET GEN TIE,MIDWAY SUNSET VIA MIDWAY-SUNSET GEN-TIE,PUBLIC,358
PUBLIC:359,WITHDRAWN,350.0,0.0,2011-03-01 08:00:00,,,,ELDORADO-BAKER-COOL WATER-DUNN SIDING-MOUNTAIN PASS 115KV LINE,SAN BERNARDINO,SCE,SODA MOUNTAIN SOLAR PROJECT,SERIAL LGIP,ELDORADO BAKER COOL WATER DUNN SIDING MOUNTAIN PASS,ELDORADO-BAKER-COOL WATER-DUNN SIDING-MOUNTAIN PASS,PUBLIC,359
PUBLIC:360,WITHDRAWN,200.0,0.0,2012-06-01 07:00:00,,,,CORTINA SUBSTATION 230KV BUS,COLUSA,PGAE,WILLIAMS ENERGY CENTER,SERIAL LGIP,CORTINA,CORTINA SUBSTATION,PUBLIC,360
PUBLIC:361,WITHDRAWN,200.0,0.0,2012-08-30 07:00:00,,,,BLYTHE-EAGLE MOUNTAIN 161 KV LINE,RIVERSIDE,SCE,PVV-K SOLAR I,SERIAL LGIP,BLYTHE EAGLE MOUNTAIN,BLYTHE-EAGLE MOUNTAIN,PUBLIC,361
PUBLIC:362,WITHDRAWN,300.0,0.0,2012-08-30 07:00:00,,,,MIDPOINT SUBSTATION,RIVERSIDE,SCE,PVV-M SOLAR I,SERIAL LGIP,MIDPOINT,MIDPOINT SUBSTATION,PUBLIC,362
PUBLIC:363,WITHDRAWN,700.0,0.0,2011-05-01 07:00:00,,,,WINDHUB SUBSTATION 230 KV,KERN,SCE,PV-47,SERIAL LGIP,WINDHUB,WINDHUB SUBSTATION,PUBLIC,363
PUBLIC:364,WITHDRAWN,700.0,0.0,2013-05-01 07:00:00,,,,WINDHUB SUBSTATION 230 KV,KERN,SCE,PV-48,SERIAL LGIP,WINDHUB,WINDHUB SUBSTATION,PUBLIC,364
PUBLIC:366,WITHDRAWN,115.5,0.0,2012-06-01 07:00:00,,,,KELSO SUBSTATION,ALAMEDA,PGAE,DGC KELSO RE 115.5,SERIAL LGIP,KELSO,KELSO SUBSTATION,PUBLIC,366
PUBLIC:367,WITHDRAWN,50.0,0.0,2009-12-31 08:00:00,,,,69KV PROXIMATE TO THE CUYAMA SUBSTATION,SANTA BARBARA,PGAE,CUYAMA SOLAR I,SERIAL LGIP,PROXIMATE TO THE CUYAMA,,PUBLIC,367
PUBLIC:368,WITHDRAWN,150.0,0.0,2010-06-01 07:00:00,,,,ESCONDIDO SUBSTATION 69 KV,SAN DIEGO,SDGE,GOAL LINE,SERIAL LGIP,ESCONDIDO,ESCONDIDO SUBSTATION,PUBLIC,368
PUBLIC:369,WITHDRAWN,1300.0,0.0,2014-06-01 07:00:00,,,,MIDPOINT SUBSTATION 500 KV,RIVERSIDE,SCE,EAGLE MOUNTAIN PUMPED STORAGE PROJECT,SERIAL LGIP,MIDPOINT,MIDPOINT SUBSTATION,PUBLIC,369
PUBLIC:370,WITHDRAWN,390.4,0.0,2012-06-01 07:00:00,,,,LAMBIE-CONTRA COSTA SUBSTATION 230 KV BUS,SOLANO,PGAE,SOLANO ENERGY CENTER,SERIAL LGIP,LAMBIE CONTRA COSTA,LAMBIE-CONTRA COSTA SUBSTATION,PUBLIC,370
PUBLIC:371,WITHDRAWN,337.5,0.0,2010-12-01 08:00:00,,,,MCCALL-KINGSBURG #1 & #2 115 KV LINES,FRESNO,PGAE,KES KINGSBURG,SERIAL LGIP,MCCALL KINGSBURG LINES,MCCALL-KINGSBURG #1 & #2,PUBLIC,371
PUBLIC:372,WITHDRAWN,20.0,0.0,2012-04-02 07:00:00,,ENERGY ONLY,,JACOBS CORNER SUBSTATION 70KV BUS,KINGS,PGAE,JACOB CANAL SOLAR FARM,SGIP,JACOBS CORNER,JACOBS CORNER SUBSTATION,PUBLIC,372
PUBLIC:373,WITHDRAWN,315.0,0.0,2012-07-01 07:00:00,,,,LOOP TESLA STAGG AND TESLA-EIGHT MILE 230 KV LINES,SAN JOAQUIN,PGAE,ISLAND ENERGY CENTER,SERIAL LGIP,LOOP TESLA STAGG AND TESLA EIGHT MILE LINES,LOOP TESLA STAGG AND TESLA-EIGHT MILE,PUBLIC,373
PUBLIC:374,WITHDRAWN,49.0,0.0,2010-06-01 07:00:00,,,,TAP COTTONWOOD-LOGAN CREEK-VACA DIXON 230KV LINE,GLENN,PGAE,WELLHEAD POWER LOGAN CREEK,SERIAL LGIP,COTTONWOOD LOGAN CREEK VACA DIXON,TAP COTTONWOOD-LOGAN CREEK-VACA DIXON,PUBLIC,374
PUBLIC:375,WITHDRAWN,49.9,0.0,2011-06-02 07:00:00,,,,FAMOSO SUBSTATION,KERN,PGAE,CAL-ZEPP 1,SERIAL LGIP,FAMOSO,FAMOSO SUBSTATION,PUBLIC,375
PUBLIC:376,WITHDRAWN,612.0,0.0,2012-12-01 08:00:00,,,,PISGAH-LUGO 230KV LINE,SAN BERNARDINO,SCE,MOJAVE SOLAR PARK 4 - JOHNSON VALLEY,SERIAL LGIP,PISGAH LUGO,PISGAH-LUGO,PUBLIC,376
PUBLIC:377,WITHDRAWN,600.0,0.0,2013-05-01 07:00:00,,,,TRACY SUBSTATION 230 KV,ALAMEDA,PGAE,EAST ALTAMONT ENERGY CENTER,SERIAL LGIP,TRACY,TRACY SUBSTATION,PUBLIC,377
PUBLIC:379,WITHDRAWN,600.0,0.0,2014-01-01 08:00:00,,,,TABLE MOUNTAIN-TESLA 500KV LINE,SUTTER,PGAE,SUTTER ENERGY CENTER,SERIAL LGIP,TABLE MOUNTAIN TESLA,TABLE MOUNTAIN-TESLA,PUBLIC,379
PUBLIC:380,WITHDRAWN,145.0,0.0,2013-05-01 07:00:00,,,,LUGO-MOHAVE 500 KV LINE,SAN BERNARDINO,SCE,ARROWHEAD JUNCTION SOLAR PROJECT,SERIAL LGIP,LUGO MOHAVE,LUGO-MOHAVE,PUBLIC,380
PUBLIC:381,WITHDRAWN,240.0,0.0,2013-05-01 07:00:00,,,,ELDORADO SUBSATION 230KV,CLARK,SCE,MCCULLOUGH PASS SOLAR PROJECT,SERIAL LGIP,ELDORADO SUBSATION,ELDORADO SUBSATION,PUBLIC,381
PUBLIC:382,WITHDRAWN,290.0,0.0,2013-05-01 07:00:00,,,,LUGO-ELDORADO 500 KV LINE,SAN BERNARDINO,SCE,MESQUITE HILLS SOLAR PROJECT,SERIAL LGIP,LUGO ELDORADO,LUGO-ELDORADO,PUBLIC,382
PUBLIC:383,WITHDRAWN,85.0,0.0,2012-12-01 08:00:00,,FULL CAPACITY,,ARCO GEN #1 & #2 230KV LINES,LOS ANGELES,SCE,WATSON COGENERATION,TC,ARCO GEN LINES,ARCO GEN #1 & #2,PUBLIC,383
PUBLIC:384,WITHDRAWN,900.0,0.0,2015-02-01 08:00:00,,,,LUGO-MOJAVE 500 KV LINE,SAN BERNARDINO,SCE,CADIZ WEST,SERIAL LGIP,LUGO MOJAVE,LUGO-MOJAVE,PUBLIC,384
PUBLIC:385,WITHDRAWN,600.0,0.0,2014-02-01 08:00:00,,,,LUGO-MOJAVE 500KV LINE,SAN BERNARDINO,SCE,CADIZ EAST,SERIAL LGIP,LUGO MOJAVE,LUGO-MOJAVE,PUBLIC,385
PUBLIC:386,WITHDRAWN,600.0,0.0,2014-10-01 07:00:00,,,,NEW SUBSTATION ON NORTH GILA-IMPERIAL VALLEY 500 KV LINE,IMPERIAL,SDGE,OGILBY,SERIAL LGIP,NEW ON NORTH GILA IMPERIAL VALLEY,NEW SUBSTATION ON NORTH GILA-IMPERIAL VALLEY,PUBLIC,386
PUBLIC:387,WITHDRAWN,900.0,0.0,2015-02-01 08:00:00,,,,DEVERS-PALO VERDE 500 KV LINE,LA PAZ,SCE,LA POSA,SERIAL LGIP,DEVERS PALO VERDE,DEVERS-PALO VERDE,PUBLIC,387
PUBLIC:388,WITHDRAWN,900.0,0.0,2014-06-01 07:00:00,,,,DEVERS-PALO VERDE 500 KV LINE,LA PAZ/MARICOPA,SCE,RANEGRAS EAGLETAIL,SERIAL LGIP,DEVERS PALO VERDE,DEVERS-PALO VERDE,PUBLIC,388
PUBLIC:389,WITHDRAWN,900.0,0.0,2015-05-01 07:00:00,,,,DEVERS-PALO VERDE LINE 500 KV LINE,MARICOPA,SCE,AZ BIGHORN,SERIAL LGIP,DEVERS PALO VERDE,DEVERS-PALO VERDE LINE,PUBLIC,389
PUBLIC:390,WITHDRAWN,300.0,0.0,2012-03-01 08:00:00,,,,NORTH GILA-HASSAYAMPA 500 KV LINE,MARICOPA,SDGE,HYDER,SERIAL LGIP,NORTH GILA HASSAYAMPA,NORTH GILA-HASSAYAMPA,PUBLIC,390
PUBLIC:391,WITHDRAWN,15.0,0.0,2010-01-11 08:00:00,,FULL CAPACITY,,KRAMER SUBSTATION 230KV,INYO,SCE,COSO #1,TC,KRAMER,KRAMER SUBSTATION,PUBLIC,391
PUBLIC:392,WITHDRAWN,15.0,0.0,2010-01-11 08:00:00,,FULL CAPACITY,,BLM SUBSTATION 230KV,INYO,SCE,COSO #3,TC,BLM,BLM SUBSTATION,PUBLIC,392
PUBLIC:393,WITHDRAWN,15.0,0.0,2010-01-11 08:00:00,,FULL CAPACITY,,INYOKERN SUBSTATION 115KV,INYO,SCE,COSO #2,TC,INYOKERN,INYOKERN SUBSTATION,PUBLIC,393
PUBLIC:394,WITHDRAWN,60.7,0.0,2015-12-01 08:00:00,,FULL CAPACITY,,CONTROL SUBSTATION 115KV BUS,CHURCHILL,SCE,NYC #1,TC,CONTROL,CONTROL SUBSTATION,PUBLIC,394
PUBLIC:395,WITHDRAWN,52.5,0.0,2012-12-01 08:00:00,,,,BISHOP  SUBSTATION,CHURCHILL,SCE,NYC #2,SERIAL LGIP,BISHOP,BISHOP  SUBSTATION,PUBLIC,395
PUBLIC:396,WITHDRAWN,60.7,0.0,2016-06-01 07:00:00,,FULL CAPACITY,,CONTROL SUBSTATION 115KV BUS,CHURCHILL,SCE,DIXIE MEADOWS #1,TC,CONTROL,CONTROL SUBSTATION,PUBLIC,396
PUBLIC:397,WITHDRAWN,52.5,0.0,2013-06-01 07:00:00,,,,BISHOP SUBSTATION,CHURCHILL,SCE,DIXIE MEADOWS #2,SERIAL LGIP,BISHOP,BISHOP SUBSTATION,PUBLIC,397
PUBLIC:398,WITHDRAWN,60.7,0.0,2012-06-01 07:00:00,,FULL CAPACITY,,CONTROL SUBSTATION 115KV BUS,CHURCHILL,SCE,TGDV #1,TC,CONTROL,CONTROL SUBSTATION,PUBLIC,398
PUBLIC:399,WITHDRAWN,60.7,0.0,2013-06-01 07:00:00,,FULL CAPACITY,,CONTROL SUBSTATION 115KV BUS,CHURCHILL,SCE,TGDV#2,TC,CONTROL,CONTROL SUBSTATION,PUBLIC,399
PUBLIC:400,WITHDRAWN,700.0,0.0,2011-05-01 07:00:00,,,,WINDHUB SUBSTATION,KERN,SCE,PV-49,SERIAL LGIP,WINDHUB,WINDHUB SUBSTATION,PUBLIC,400
PUBLIC:401,WITHDRAWN,49.85,0.0,2010-09-01 07:00:00,,,,CHEVGEN SUBSTATION,LOS ANGELES,SCE,D TRAIN,SERIAL LGIP,CHEVGEN,CHEVGEN SUBSTATION,PUBLIC,401
PUBLIC:402,WITHDRAWN,600.0,0.0,2012-06-01 07:00:00,,,,MIDWAY SUBSTATION 230KV LINE,KERN,PGAE,LA PALOMA II,SERIAL LGIP,MIDWAY,MIDWAY SUBSTATION,PUBLIC,402
PUBLIC:403,WITHDRAWN,30.0,0.0,2011-12-31 08:00:00,,,,MIDWAY SUBSTATION 230 KV BUS,KERN,PGAE,SUNGEN 1,SERIAL LGIP,MIDWAY,MIDWAY SUBSTATION,PUBLIC,403
PUBLIC:404,WITHDRAWN,450.0,0.0,2011-06-01 07:00:00,,,,MIDWAY SUBSTATION 230KV LINE,KERN,PGAE,LA PALOMA PEAKING,SERIAL LGIP,MIDWAY,MIDWAY SUBSTATION,PUBLIC,404
PUBLIC:405,WITHDRAWN,450.0,0.0,2012-12-31 08:00:00,,,,IMPERIAL VALLEY SUBSTATION,IMPERIAL,SDGE,YUHA BASIN HYBRID SOLAR ENERGY PROJECT,SERIAL LGIP,IMPERIAL VALLEY,IMPERIAL VALLEY SUBSTATION,PUBLIC,405
PUBLIC:406,WITHDRAWN,130.0,0.0,2011-06-01 07:00:00,,,,BOULEVARD SUBSTATION,SAN DIEGO,SDGE,MILAGRO WIND,SERIAL LGIP,BOULEVARD,BOULEVARD SUBSTATION,PUBLIC,406
PUBLIC:409,WITHDRAWN,150.0,0.0,2012-12-31 08:00:00,,ENERGY ONLY,,HIGHWIND SUBSTATION 230KV,KERN,SCE,RED MOUNTAIN RIDGE,TC,HIGHWIND,HIGHWIND SUBSTATION,PUBLIC,409
PUBLIC:410,WITHDRAWN,49.5,0.0,2012-08-01 07:00:00,,,,MIDPOINT SUBSTATION 500KV,RIVERSIDE,SCE,MIDPOINT SOLAR 1,SERIAL LGIP,MIDPOINT,MIDPOINT SUBSTATION,PUBLIC,410
PUBLIC:411,WITHDRAWN,49.5,0.0,2012-08-01 07:00:00,,,,MIDPOINT SUBSTATION 500 KV,RIVERSIDE,SCE,MIDPOINT SOLAR 2,SERIAL LGIP,MIDPOINT,MIDPOINT SUBSTATION,PUBLIC,411
PUBLIC:413,WITHDRAWN,280.0,0.0,2012-08-01 07:00:00,,,,PISGAH SUBSTATION 230 KV,SAN BERNARDINO,SCE,LUDLOW SOLAR 1,SERIAL LGIP,PISGAH,PISGAH SUBSTATION,PUBLIC,413
PUBLIC:414,WITHDRAWN,280.0,0.0,2012-07-01 07:00:00,,,,IMPERIAL VALLEY SUBSTATION 230KV BUS,IMPERIAL,SDGE,IMPERIAL SOLAR 1,SERIAL LGIP,IMPERIAL VALLEY,IMPERIAL VALLEY SUBSTATION,PUBLIC,414
PUBLIC:415,WITHDRAWN,280.0,0.0,2012-08-01 07:00:00,,,,DEVERS-PALO VERDE 500 KV LINE,RIVERSIDE,SCE,PALEN VALLEY SOLAR 1,SERIAL LGIP,DEVERS PALO VERDE,DEVERS-PALO VERDE,PUBLIC,415
PUBLIC:416,WITHDRAWN,280.0,0.0,2012-08-01 07:00:00,,,,MIDPOINT SUBSTATION 230 KV,RIVERSIDE,SCE,MCCOY SOLAR 1,SERIAL LGIP,MIDPOINT,MIDPOINT SUBSTATION,PUBLIC,416
PUBLIC:417,WITHDRAWN,14.0,0.0,2015-05-30 07:00:00,,FULL CAPACITY,,PITTSBURG-TESLA 230KV LINE,CONTRA COSTA,PGAE,TRES VAQUEROS WIND FARM,TC,PITTSBURG TESLA,PITTSBURG-TESLA,PUBLIC,417
PUBLIC:418,WITHDRAWN,400.0,0.0,2012-11-01 07:00:00,,,,TESLA SUBSTATION 230 KV BUS,SAN JOAQUIN,PGAE,PATTERSON PASS GT PROJECT,SERIAL LGIP,TESLA,TESLA SUBSTATION,PUBLIC,418
PUBLIC:419,WITHDRAWN,188.0,0.0,2011-03-01 08:00:00,,,,PANOCHE SUBSTATION 230KV BUS,FRESNO,PGAE,WEST VALLEY ENERGY CENTER,SERIAL LGIP,PANOCHE,PANOCHE SUBSTATION,PUBLIC,419
PUBLIC:420,WITHDRAWN,49.5,0.0,2013-02-01 08:00:00,,,,BORREGO SUBSTATION 69KV,SAN DIEGO,SDGE,BORREGO SOLAR 2,SERIAL LGIP,BORREGO,BORREGO SUBSTATION,PUBLIC,420
PUBLIC:422,WITHDRAWN,49.5,0.0,2012-02-01 08:00:00,,,,CAMINO-IRON MOUNTAIN 230KV LINE,RIVERSIDE,SCE,IRON MOUNTAIN SOLAR 1,SERIAL LGIP,CAMINO IRON MOUNTAIN,CAMINO-IRON MOUNTAIN,PUBLIC,422
PUBLIC:423,WITHDRAWN,49.5,0.0,2012-02-01 08:00:00,,,,CAMINO-IRON MOUNTAIN 230KV LINE,RIVERSIDE,SCE,IRON MOUNTAIN SOLAR 2,SERIAL LGIP,CAMINO IRON MOUNTAIN,CAMINO-IRON MOUNTAIN,PUBLIC,423
PUBLIC:424,WITHDRAWN,250.0,0.0,2014-07-01 07:00:00,,,,MOHAVE SWITCHYARD,SAN BERNARDINO,SCE,AJ SOLAR ENERGY,SERIAL LGIP,MOHAVE,MOHAVE SWITCHYARD,PUBLIC,424
PUBLIC:425,WITHDRAWN,250.0,0.0,2014-07-01 07:00:00,,,,COLORADO RIVER SUBSTATION,RIVERSIDE,SCE,COLORADO RIVER ENERGY 2,SERIAL LGIP,COLORADO RIVER,COLORADO RIVER SUBSTATION,PUBLIC,425
PUBLIC:426,WITHDRAWN,250.0,0.0,2014-07-01 07:00:00,,,,MOHAVE SWITCHYARD,CLARK,SCE,CAMPOS SOLAR ENERGY,SERIAL LGIP,MOHAVE,MOHAVE SWITCHYARD,PUBLIC,426
PUBLIC:427,WITHDRAWN,250.0,0.0,2014-07-01 07:00:00,,,,ANTELOPE SUBSTATION,KERN,SCE,CANTIL SOLAR ENERGY,SERIAL LGIP,ANTELOPE,ANTELOPE SUBSTATION,PUBLIC,427
PUBLIC:428,WITHDRAWN,250.0,0.0,2014-07-01 07:00:00,,,,EAGLE MOUNTAIN SUBSTATION,SAN BERNARDINO,SCE,DC SOLAR ENERGY,SERIAL LGIP,EAGLE MOUNTAIN,EAGLE MOUNTAIN SUBSTATION,PUBLIC,428
PUBLIC:430,WITHDRAWN,250.0,0.0,2014-07-01 07:00:00,,,,KRAMER SUBSTATION,KERN,SCE,RANDSBURG SOLAR ENERGY,SERIAL LGIP,KRAMER,KRAMER SUBSTATION,PUBLIC,430
PUBLIC:431,WITHDRAWN,150.0,0.0,2014-07-01 07:00:00,,FULL CAPACITY,,MIDPOINT SUBSTATION 220KV,RIVERSIDE,SCE,RICE SOLAR ENERGY,TC,MIDPOINT,MIDPOINT SUBSTATION,PUBLIC,431
PUBLIC:432,WITHDRAWN,250.0,0.0,2014-07-01 07:00:00,,,,COLORADO RIVER SUBSTATION 230 KV,RIVERSIDE,SCE,WARD VALLEY SOLAR ENERGY 1,SERIAL LGIP,COLORADO RIVER,COLORADO RIVER SUBSTATION,PUBLIC,432
PUBLIC:433,WITHDRAWN,250.0,0.0,2015-05-29 07:00:00,,,,IRON MOUNTAIN SUBSTATION,SAN BERNARDINO,SCE,WARD VALLEY SOLAR ENERGY 2,SERIAL LGIP,IRON MOUNTAIN,IRON MOUNTAIN SUBSTATION,PUBLIC,433
PUBLIC:434,WITHDRAWN,500.0,0.0,2015-05-29 07:00:00,,,,MOHAVE SWITCHYARD,SAN BERNARDINO,SCE,WARD VALLEY SOLAR ENERGY 3,SERIAL LGIP,MOHAVE,MOHAVE SWITCHYARD,PUBLIC,434
PUBLIC:435,WITHDRAWN,250.0,0.0,2014-07-01 07:00:00,,,,PALO VERDE DEVERS #2 LINE,LA PAZ,SCE,QUARTZSITE SOLAR ENERGY,SERIAL LGIP,PALO VERDE DEVERS,PALO VERDE DEVERS #2 LINE,PUBLIC,435
PUBLIC:436,WITHDRAWN,250.0,0.0,2014-07-01 07:00:00,,,,PALO VERDE DEVERS #2 LINE,MARICOPA,SCE,CALIENTE SOLAR ENERGY,SERIAL LGIP,PALO VERDE DEVERS,PALO VERDE DEVERS #2 LINE,PUBLIC,436
PUBLIC:437,WITHDRAWN,350.0,0.0,2011-06-01 07:00:00,,,,PIT #3 ROUND MOUNTAIN 230KV LINE,SHASTA,PGAE,ROUND MOUNTAIN WIND PROJECT,SERIAL LGIP,PIT ROUND MOUNTAIN,PIT #3 ROUND MOUNTAIN,PUBLIC,437
PUBLIC:438,WITHDRAWN,500.0,0.0,2011-12-31 08:00:00,,,,WINDHUB SUBSTATION,KERN,SCE,AVALON II,SERIAL LGIP,WINDHUB,WINDHUB SUBSTATION,PUBLIC,438
PUBLIC:439,WITHDRAWN,500.0,0.0,2011-12-31 08:00:00,,,,MIDPOINT SUBSTATION,RIVERSIDE,SCE,BLYTHE SOLEIL,SERIAL LGIP,MIDPOINT,MIDPOINT SUBSTATION,PUBLIC,439
PUBLIC:440,WITHDRAWN,500.0,0.0,2011-12-31 08:00:00,,,,WHIRLWIND SUBSTATION,KERN,SCE,MOJAVE SOLEIL II,SERIAL LGIP,WHIRLWIND,WHIRLWIND SUBSTATION,PUBLIC,440
PUBLIC:441,WITHDRAWN,50.0,0.0,2012-07-31 07:00:00,,,,GEYERS 17- FULTON #2 230KV LINE,LAKE,PGAE,BINKLEY POWER PROJECT,SERIAL LGIP,GEYERS 17 FULTON,GEYERS 17- FULTON #2,PUBLIC,441
PUBLIC:443,WITHDRAWN,49.0,0.0,2009-07-01 07:00:00,,,,TELEGA - ESCONDIDO 230KV LINE,SAN DIEGO,SDGE,WELLHEAD POWER RAINBOW,SERIAL LGIP,TELEGA ESCONDIDO,TELEGA - ESCONDIDO,PUBLIC,443
PUBLIC:444,WITHDRAWN,49.0,0.0,2009-07-01 07:00:00,,,,LILAC RINCON 69KV,SAN DIEGO,SDGE,WELLHEAD POWER LILAC,SERIAL LGIP,LILAC RINCON,LILAC RINCON,PUBLIC,444
PUBLIC:445,WITHDRAWN,49.0,0.0,2009-07-01 07:00:00,,,,PALA - LILAC 69KV LINE,SAN DIEGO,SDGE,WELLHEAD POWER COUSER CANYON,SERIAL LGIP,PALA LILAC,PALA - LILAC,PUBLIC,445
PUBLIC:446,WITHDRAWN,49.0,0.0,2009-07-01 07:00:00,,,,TALEGA SAN MATEO 69KV LINE,ORANGE,SDGE,WELLHEAD POWER CLEMENTE,SERIAL LGIP,TALEGA SAN MATEO,TALEGA SAN MATEO,PUBLIC,446
PUBLIC:447,WITHDRAWN,49.0,0.0,2009-07-01 07:00:00,,,,ASH - VALLEY CENTER 69KV LINE,SAN DIEGO,SDGE,WELLHEAD POWER ASH VALLEY,SERIAL LGIP,ASH VALLEY CENTER,ASH - VALLEY CENTER,PUBLIC,447
PUBLIC:448,WITHDRAWN,49.0,0.0,2009-07-01 07:00:00,,,,BORDER SUBSTATION 69 KV,SAN DIEGO,SDGE,WELLHEAD POWER LONESTAR,SERIAL LGIP,BORDER,BORDER SUBSTATION,PUBLIC,448
PUBLIC:449,WITHDRAWN,250.0,0.0,2012-07-01 07:00:00,,,,MIDPOINT SUBSTATION 500 KV,RIVERSIDE,SCE,BIG MARIA VISTA SOLAR GENERATING STATION,SERIAL LGIP,MIDPOINT,MIDPOINT SUBSTATION,PUBLIC,449
PUBLIC:450,WITHDRAWN,1150.0,0.0,2013-05-30 07:00:00,,,,WHIRLWIND SUBSTATION 230 KV,KERN/LOS ANGELES,SCE,ALTA 12,SERIAL LGIP,WHIRLWIND,WHIRLWIND SUBSTATION,PUBLIC,450
PUBLIC:451,WITHDRAWN,1150.0,0.0,2013-05-30 07:00:00,,,,PISGAH SUBSTATION 230 KV,SAN BERNARDINO,SCE,ALTA 13,SERIAL LGIP,PISGAH,PISGAH SUBSTATION,PUBLIC,451
PUBLIC:452,WITHDRAWN,730.0,0.0,2012-06-15 07:00:00,,,,LOOP LAKESVILLE-SOBRANTE AND LAKESVILLE-IGNACIO 230KV LINES,SOLANO,PGAE,FAIRFIELD ENERGY CENTER - 730 MW,SERIAL LGIP,LOOP LAKESVILLE SOBRANTE AND LAKESVILLE IGNACIO LINES,LOOP LAKESVILLE-SOBRANTE AND LAKESVILLE-IGNACIO,PUBLIC,452
PUBLIC:453,WITHDRAWN,250.0,0.0,2014-07-01 07:00:00,,,,MOHAVE SWITCHYARD,LA PAZ,SCE,PARKER SOLAR ENERGY,SERIAL LGIP,MOHAVE,MOHAVE SWITCHYARD,PUBLIC,453
PUBLIC:454,WITHDRAWN,84.0,0.0,2011-02-01 08:00:00,,,,IMPERIAL VALLEY SUBSTATION 230 KV,IMPERIAL,SDGE,SONORA SOLAR GENERATING STATION,SERIAL LGIP,IMPERIAL VALLEY,IMPERIAL VALLEY SUBSTATION,PUBLIC,454
PUBLIC:455,WITHDRAWN,141.0,0.0,2013-10-01 07:00:00,,,,WHIRLWIND SUBSTATION 230 KV,LOS ANGELES,SCE,FAIRMONT SOLAR GENERATING STATION,SERIAL LGIP,WHIRLWIND,WHIRLWIND SUBSTATION,PUBLIC,455
PUBLIC:456,WITHDRAWN,840.0,0.0,2014-09-01 07:00:00,,,,VINCENT SUBSTATION,LOS ANGELES,SCE,CLEARWATER SOLAR GENERATING STATION,SERIAL LGIP,VINCENT,VINCENT SUBSTATION,PUBLIC,456
PUBLIC:457,WITHDRAWN,55.0,0.0,2010-06-15 07:00:00,,,,VICTOR SUBSTATION 115KV,RIVERSIDE,SCE,VICTOR SOLAR I,SERIAL LGIP,VICTOR,VICTOR SUBSTATION,PUBLIC,457
PUBLIC:458,WITHDRAWN,50.0,0.0,2010-06-15 07:00:00,,,,ANTELOPE CAL CEMENT 60KV LINE,RIVERSIDE,SCE,ROSAMOND SOLAR I,SERIAL LGIP,ANTELOPE CAL CEMENT,ANTELOPE CAL CEMENT,PUBLIC,458
PUBLIC:459,WITHDRAWN,50.0,0.0,2009-12-15 08:00:00,,,,CAMERON SUBSTATION 69 KV,SAN DIEGO,SDGE,CAMERON SOLAR I,SERIAL LGIP,CAMERON,CAMERON SUBSTATION,PUBLIC,459
PUBLIC:460,WITHDRAWN,40.0,0.0,2010-12-01 08:00:00,,,,INYOKERN SUBSTATION115 KV BUS,KERN,SCE,INYOKERN SOLAR I,SERIAL LGIP,INYOKERN SUBSTATION115 KV,INYOKERN SUBSTATION,PUBLIC,460
PUBLIC:461,WITHDRAWN,40.0,0.0,2010-12-01 08:00:00,,,,DUNN SIDING COOL WATER 115 KV LINE,SAN BERNARDINO,SCE,DUNN SIDING SOLAR I,SERIAL LGIP,DUNN SIDING COOL WATER,DUNN SIDING COOL WATER,PUBLIC,461
PUBLIC:462,WITHDRAWN,58.8,0.0,2010-06-15 07:00:00,,,,BORREGO SUBSTATION 69 KV,SAN DIEGO,SDGE,GREENLIGHT SOLAR I,SERIAL LGIP,BORREGO,BORREGO SUBSTATION,PUBLIC,462
PUBLIC:463,WITHDRAWN,58.8,0.0,2010-06-30 07:00:00,,,,WARNER SUBSTATION 69 KV,SAN DIEGO,SDGE,WARNER SOLAR I,SERIAL LGIP,WARNER,WARNER SUBSTATION,PUBLIC,463
PUBLIC:464,WITHDRAWN,40.0,0.0,2010-12-01 08:00:00,,,,REDMAN SUBSTATION 69 KV BUS,KERN,SCE,REDMAN SOLAR I,SERIAL LGIP,REDMAN,REDMAN SUBSTATION,PUBLIC,464
PUBLIC:465,WITHDRAWN,40.0,0.0,2010-12-01 08:00:00,,,,LITTLE ROCK SUBSTATION 69 KV BUS,KERN,SCE,LITTLE ROCK SOLAR I,SERIAL LGIP,LITTLE ROCK,LITTLE ROCK SUBSTATION,PUBLIC,465
PUBLIC:466,WITHDRAWN,100.0,0.0,2010-06-15 07:00:00,,,,BAKER SUBSTATION 115KV,RIVERSIDE,SCE,BAKER SOLAR I,SERIAL LGIP,BAKER,BAKER SUBSTATION,PUBLIC,466
PUBLIC:469,WITHDRAWN,16.3,0.0,2008-12-31 08:00:00,,ENERGY ONLY,,VALLEY SPRINGS MARTEL #2 60KV LINE,AMADOR,PGAE,RENEGY IONE,SGIP,VALLEY SPRINGS MARTEL,VALLEY SPRINGS MARTEL #2,PUBLIC,469
PUBLIC:470,WITHDRAWN,20.0,0.0,2012-05-01 07:00:00,,ENERGY ONLY,,JACOBS CORNER SUBSTATION 70KV BUS,KINGS,PGAE,LAUREL WEST SOLAR FARM,SGIP,JACOBS CORNER,JACOBS CORNER SUBSTATION,PUBLIC,470
PUBLIC:471,WITHDRAWN,20.0,0.0,2012-06-01 07:00:00,,ENERGY ONLY,,JACOBS CORNER SUBSTATION 70KV BUS,KINGS,PGAE,LAUREL EAST SOLAR FARM,SGIP,JACOBS CORNER,JACOBS CORNER SUBSTATION,PUBLIC,471
PUBLIC:474,WITHDRAWN,19.9,0.0,2011-06-01 07:00:00,,ENERGY ONLY,,DUNN SIDING SUBSTATION,SAN BERNARDINO,SCE,AFTON CANYON PV,SGIP,DUNN SIDING,DUNN SIDING SUBSTATION,PUBLIC,474
PUBLIC:475,WITHDRAWN,20.0,0.0,2010-12-01 08:00:00,,ENERGY ONLY,,DEVERS-GARNET-VENWIND 115 KV LINE,RIVERSIDE,SCE,PAINTED HILLS IV,SGIP,DEVERS GARNET VENWIND,DEVERS-GARNET-VENWIND,PUBLIC,475
PUBLIC:476,WITHDRAWN,9.9,0.0,2014-07-15 07:00:00,,ENERGY ONLY,,LAKEVILLE #2 60 KV LINE,MARIN,PGAE,REDWOOD LANDFILL,SGIP,LAKEVILLE,LAKEVILLE #2,PUBLIC,476
PUBLIC:480,WITHDRAWN,20.0,0.0,2014-06-30 07:00:00,,ENERGY ONLY,,BORREGO SUBSTATION 69KV,SAN DIEGO,SDGE,20 MW SOLAR PROJECT #1,SGIP,BORREGO,BORREGO SUBSTATION,PUBLIC,480
PUBLIC:483,WITHDRAWN,10.0,0.0,2010-06-01 07:00:00,,ENERGY ONLY,,VINCENT SUBSTATION,KERN,SCE,GE TEHACHAPI SOLAR PROJECT,SGIP,VINCENT,VINCENT SUBSTATION,PUBLIC,483
PUBLIC:485,WITHDRAWN,20.0,0.0,2012-12-15 08:00:00,,FULL CAPACITY,,WINHUB 230 KV VIA HIGHWIND 66 KV,KERN,SCE,FULL CIRCLE,SGIP-TC,WINHUB VIA HIGHWIND,WINHUB,PUBLIC,485
PUBLIC:486,WITHDRAWN,20.0,0.0,2013-11-01 07:00:00,,ENERGY ONLY,,ANTELOPE-NEENACH 66KV LINE,KERN,SCE,RUBY SOLAR PROJECT,SGIP,ANTELOPE NEENACH,ANTELOPE-NEENACH,PUBLIC,486
PUBLIC:487,WITHDRAWN,600.0,0.0,2015-12-01 08:00:00,,FULL CAPACITY,,MIDWAY-WHEELER RIDGE 230KV DOUBLE CIRCUIT LINE,KERN,PGAE,MARICOPA SOLAR,C01,MIDWAY WHEELER RIDGE DOUBLE CIRCUIT,MIDWAY-WHEELER RIDGE,PUBLIC,487
PUBLIC:488,WITHDRAWN,92.0,0.0,2012-09-30 07:00:00,,FULL CAPACITY,,ELDORADO SUBSTATION 230KV,CLARK,SCE,NEVADA SOLAR II (NS2),C01,ELDORADO,ELDORADO SUBSTATION,PUBLIC,488
PUBLIC:489,WITHDRAWN,98.9,0.0,2014-05-31 07:00:00,,FULL CAPACITY,,BIRDS LANDING SUBSTATION 230KV,SOLANO,PGAE,MONTEZUMA II EXPANSION,C01,BIRDS LANDING,BIRDS LANDING SUBSTATION,PUBLIC,489
PUBLIC:490,WITHDRAWN,48.0,0.0,2012-12-31 08:00:00,,FULL CAPACITY,,SAN ONOFRE NUCLEAR GENERATING STATION 230KV SWITCHYARD,SAN DIEGO,SCE,SONGS HIGH PRESSURE TURBINE RETROFIT,C01,SAN ONOFRE NUCLEAR,SAN ONOFRE NUCLEAR GENERATING STATION,PUBLIC,490
PUBLIC:491,WITHDRAWN,230.0,0.0,2014-04-01 07:00:00,,FULL CAPACITY,,COOLWATER-DUNN SIDING 115KV LINE,SAN BERNARDINO,SCE,RIVER BLUFF SOLAR ENERGY PARK,C01,COOLWATER DUNN SIDING,COOLWATER-DUNN SIDING,PUBLIC,491
PUBLIC:492,WITHDRAWN,350.0,0.0,2015-12-01 08:00:00,,FULL CAPACITY,,WINDHUB SUBSTATION 230KV,KERN,SCE,WEST MOJAVE ENERGY,C01,WINDHUB,WINDHUB SUBSTATION,PUBLIC,492
PUBLIC:494,WITHDRAWN,150.0,0.0,2016-10-01 07:00:00,,FULL CAPACITY,,WINDHUB SUBSTATION 230KV,KERN,SCE,ORO VERDE SOLAR PROJECT (FKA GATEWAY SOLAR ENERGY PROJECT),C01,WINDHUB,WINDHUB SUBSTATION,PUBLIC,494
PUBLIC:496,WITHDRAWN,960.0,0.0,2014-01-01 08:00:00,,,,500 KV COLLECTOR STATION 40 MI EAST OF NGILA SUB AND 4.5 MI W OF PROPOSED AGUA CALIENTE SUB,YUMA,SDGE,JEEP WRANGLER,SERIAL LGIP,COLLECTOR 40 MI EAST OF NGILA AND 4 5 MI W OF PROPOSED AGUA CALIENTE,,PUBLIC,496
PUBLIC:497,WITHDRAWN,6.0,0.0,2012-03-31 07:00:00,,FULL CAPACITY,,NEW IVANPAH SUBSTATION 115KV,SAN BERNARDINO,SCE,IVANPAH 1- EXPANSION,C01,NEW IVANPAH,NEW IVANPAH SUBSTATION,PUBLIC,497
PUBLIC:498,WITHDRAWN,20.0,0.0,2012-09-30 07:00:00,,FULL CAPACITY,,NEW IVANPAH SUBSTATION 115KV,SAN BERNARDINO,SCE,IVANPAH 2 - EXPANSION,C01,NEW IVANPAH,NEW IVANPAH SUBSTATION,PUBLIC,498
PUBLIC:499,WITHDRAWN,40.0,0.0,2013-03-31 07:00:00,,FULL CAPACITY,,NEW IVANPAH SUBSTATION 115KV,SAN BERNARDINO,SCE,IVANPAH SEGS 3 - EXPANSION,C01,NEW IVANPAH,NEW IVANPAH SUBSTATION,PUBLIC,499
PUBLIC:500,WITHDRAWN,960.0,0.0,2015-01-01 08:00:00,,FULL CAPACITY,,ELDORADO SUBSTATION 500KV,LINCOLN,SCE,COYOTE SPRINGS,C01,ELDORADO,ELDORADO SUBSTATION,PUBLIC,500
PUBLIC:501,WITHDRAWN,750.0,0.0,2015-06-30 07:00:00,,FULL CAPACITY,,HASSAYAMPA-NORTH GILA 500KV SWITCHING STATION,YUMA,SDGE,PALOMAS SOLAR,C01,HASSAYAMPA NORTH GILA,HASSAYAMPA-NORTH GILA,PUBLIC,501
PUBLIC:504,WITHDRAWN,688.0,0.0,2013-03-11 07:00:00,,,,HIGHWIND SUBSTATION 230KV BUS,KERN,SCE,CITY OF VERNON RENEWABLE PROJECT 1,SERIAL LGIP,HIGHWIND,HIGHWIND SUBSTATION,PUBLIC,504
PUBLIC:505,WITHDRAWN,1100.0,0.0,2012-11-30 08:00:00,,FULL CAPACITY,,HIGHWIND-WINDHUB 230KV LINE,KERN,SCE,CITY OF VERNON RENEWABLE PROJECT 2,C01,HIGHWIND WINDHUB,HIGHWIND-WINDHUB,PUBLIC,505
PUBLIC:507,WITHDRAWN,131.0,0.0,2017-12-31 08:00:00,,FULL CAPACITY,,CONTRA COSTA SUBSTATION 230KV BUS,CONTRA COSTA,PGAE,CONTRA COSTA GENERATING STATION EXPANSION,C01,CONTRA COSTA,CONTRA COSTA SUBSTATION,PUBLIC,507
PUBLIC:508,WITHDRAWN,58.3,0.0,2011-03-15 07:00:00,,FULL CAPACITY,,SANGER-REEDLEY 115KV LINE,FRESNO,PGAE,ALGONQUIN POWER SANGER (OLD),C01,SANGER REEDLEY,SANGER-REEDLEY,PUBLIC,508
PUBLIC:511,WITHDRAWN,92.6,0.0,2012-12-31 08:00:00,,FULL CAPACITY,,GOLDTOWN-LANCASTER 66KV LINE,KERN,SCE,FALLBROOK ROSAMOND SUNTOWER,C01,GOLDTOWN LANCASTER,GOLDTOWN-LANCASTER,PUBLIC,511
PUBLIC:512,WITHDRAWN,2.0,0.0,2020-10-01 07:00:00,,FULL CAPACITY,,NEENACH SUBSTATION 66KV,LOS ANGELES,SCE,ALPINE SUNTOWER GENERATION STATION,C01,NEENACH,NEENACH SUBSTATION,PUBLIC,512
PUBLIC:513,WITHDRAWN,141.0,0.0,2017-12-31 08:00:00,,FULL CAPACITY,,WHIRLWIND SUBSTATION 230KV,LOS ANGELES,SCE,DESERT VIEW SUNTOWER,C01,WHIRLWIND,WHIRLWIND SUBSTATION,PUBLIC,513
PUBLIC:513A,WITHDRAWN,190.0,0.0,2013-05-01 07:00:00,,,,OTAY MESA ENERGY CENTER SUBSTATION 230 KV,SAN DIEGO,SDGE,WELLHEAD POWER OTAY MESA,SERIAL LGIP,OTAY MESA ENERGY CENTER,OTAY MESA ENERGY CENTER SUBSTATION,PUBLIC,513A
PUBLIC:514,WITHDRAWN,20.0,0.0,2016-10-30 07:00:00,,ENERGY ONLY,,ARCO SUBSTATION 69KV BUS,KERN,PGAE,ARCO SOLAR 1 PROJECT,SGIP,ARCO,ARCO SUBSTATION,PUBLIC,514
PUBLIC:515,WITHDRAWN,20.0,0.0,2012-04-01 07:00:00,,FULL CAPACITY,,KRAMER-RANSBURG 115KV LINE,KERN,SCE,KJ SOLAR ENERGY CENTER,SGIP-TC,KRAMER RANSBURG,KRAMER-RANSBURG,PUBLIC,515
PUBLIC:516,WITHDRAWN,20.0,0.0,2011-01-01 08:00:00,,ENERGY ONLY,,BORREGO SUBSTATION 69KV,SAN DIEGO,SDGE,FRV PEGASUS SOLAR PROJECT,SGIP,BORREGO,BORREGO SUBSTATION,PUBLIC,516
PUBLIC:518,WITHDRAWN,20.0,0.0,2014-12-31 08:00:00,,ENERGY ONLY,,KERN OLD RIVER #2 70KV LINE,KERN,PGAE,OLD RIVER 2,SGIP,KERN OLD RIVER,KERN OLD RIVER #2,PUBLIC,518
PUBLIC:519,WITHDRAWN,20.0,0.0,2014-12-31 08:00:00,,ENERGY ONLY,,ELK HILLS TAFT 70KV LINE,KERN,PGAE,ACACIA,SGIP,ELK HILLS TAFT,ELK HILLS TAFT,PUBLIC,519
PUBLIC:520,WITHDRAWN,20.0,0.0,2014-12-31 08:00:00,,ENERGY ONLY,,BLACKWELL-CARNERAS 70KV LINE,KERN,PGAE,BLACKWELL SOLAR 1,SGIP,BLACKWELL CARNERAS,BLACKWELL-CARNERAS,PUBLIC,520
PUBLIC:522C,WITHDRAWN,20.0,0.0,2013-12-31 08:00:00,,ENERGY ONLY,,KERN RIVER-CUMMINGS 66KV LINE,KERN,SCE,TEHACHAPI SOLAR,SGIP-TC,KERN RIVER CUMMINGS,KERN RIVER-CUMMINGS,PUBLIC,522C
PUBLIC:523,WITHDRAWN,20.0,0.0,2013-06-30 07:00:00,,ENERGY ONLY,,ARCO SUBSTATION 70KV BUS,KINGS,PGAE,KINGSOLAR (FKA QUAY VALLEY 20MW SOLAR PV),SGIP,ARCO,ARCO SUBSTATION,PUBLIC,523
PUBLIC:523A,WITHDRAWN,19.9,0.0,2010-12-31 08:00:00,,ENERGY ONLY,,GOLDTOWN-CORUM 66KV LINE,KERN,SCE,SANBORN SOLAR,SGIP,GOLDTOWN CORUM,GOLDTOWN-CORUM,PUBLIC,523A
PUBLIC:524,WITHDRAWN,20.0,0.0,2011-12-01 08:00:00,,ENERGY ONLY,,ELDORADO-PISGAH #2 230KV LINE,SAN BERNARDINO,SCE,LUCERNE SOLAR ENERGY CENTER,SGIP,ELDORADO PISGAH,ELDORADO-PISGAH #2,PUBLIC,524
PUBLIC:525,WITHDRAWN,20.0,0.0,2010-12-31 08:00:00,,ENERGY ONLY,,ARCO CANERAS 70KV LINE,KERN,PGAE,WAGON WHEEL MT. SOLAR 1,SGIP,ARCO CANERAS,ARCO CANERAS,PUBLIC,525
PUBLIC:527,WITHDRAWN,20.0,0.0,2011-06-01 07:00:00,,ENERGY ONLY,,CONTROL-HAIWEE-INYOKERN #2 115KV LINE,INYO,SCE,INYOKERN POWER PLANT,SGIP,CONTROL HAIWEE INYOKERN,CONTROL-HAIWEE-INYOKERN #2,PUBLIC,527
PUBLIC:528,WITHDRAWN,20.0,0.0,2011-06-01 07:00:00,,ENERGY ONLY,,BIRDS LANDING SUBSTATION 230KV BUS,SOLANO,PGAE,PREMIER POWER RUSSELL SOLAR,SGIP,BIRDS LANDING,BIRDS LANDING SUBSTATION,PUBLIC,528
PUBLIC:529A,WITHDRAWN,14.5,0.0,2014-06-15 07:00:00,,ENERGY ONLY,,HELM-KERMAN 70KV LINE,FRESNO,PGAE,WELLHEAD RENEWABLES FRESNO,SGIP,HELM KERMAN,HELM-KERMAN,PUBLIC,529A
PUBLIC:530,WITHDRAWN,20.0,0.0,2011-07-01 07:00:00,,FULL CAPACITY,,ALPAUGH 115KV SUBSTATION,TULARE,PGAE,ANGIOLA WATER DISTRICT SOLAR PROJECT,SGIP,ALPAUGH,ALPAUGH,PUBLIC,530
PUBLIC:531,WITHDRAWN,16.0,0.0,2011-07-01 07:00:00,,ENERGY ONLY,,CORCORAN SMYRNA 115 KV LINE,TULARE,PGAE,WHITE RANCH DISTRICT SOLAR PROJECT,SGIP,CORCORAN SMYRNA,CORCORAN SMYRNA,PUBLIC,531
PUBLIC:531B,WITHDRAWN,20.0,0.0,2011-06-01 07:00:00,,ENERGY ONLY,,NEENACH SUBSTATION 69KV,LOS ANGELES,SCE,CANAL POWER PLANT,SGIP,NEENACH,NEENACH SUBSTATION,PUBLIC,531B
PUBLIC:533,WITHDRAWN,20.0,0.0,2012-01-01 08:00:00,,ENERGY ONLY,,SEMITROPIC MIDWAY #2 115KV LINE,KERN,PGAE,BUTTONWOOD SOLAR,SGIP,SEMITROPIC MIDWAY,SEMITROPIC MIDWAY #2,PUBLIC,533
PUBLIC:534,WITHDRAWN,20.0,0.0,2011-06-30 07:00:00,,ENERGY ONLY,,MOSS LANDING-PANOCHE #2 230KV LINE,SAN BENITO,PGAE,PANOCHE VALLEY SOLAR FARM,SGIP,MOSS LANDING PANOCHE,MOSS LANDING-PANOCHE #2,PUBLIC,534
PUBLIC:536,WITHDRAWN,20.0,0.0,2011-12-31 08:00:00,,ENERGY ONLY,,MERCY SPRINGS 70KV LINE,MERCED,PGAE,FRV ALDEBARAN SOLAR,SGIP,MERCY SPRINGS,MERCY SPRINGS,PUBLIC,536
PUBLIC:537A,WITHDRAWN,19.5,0.0,2015-07-01 07:00:00,,ENERGY ONLY,,HIGHWIND SUBSTATION 220KV BUS,KERN,SCE,CLEARVISTA ENERGY,SGIP,HIGHWIND,HIGHWIND SUBSTATION,PUBLIC,537A
PUBLIC:538,WITHDRAWN,20.0,0.0,2012-01-01 08:00:00,,ENERGY ONLY,,ORO LOMA-MENDOTA 69KV LINE,FRESNO,PGAE,HUDSON SOLAR,SGIP,ORO LOMA MENDOTA,ORO LOMA-MENDOTA,PUBLIC,538
PUBLIC:540,WITHDRAWN,20.0,0.0,2015-06-30 07:00:00,,ENERGY ONLY,,LITTLE ROCK-PIUTE 69KV LINE,LOS ANGELES,SCE,BLUE DIAMOND SOLAR,SGIP,LITTLE ROCK PIUTE,LITTLE ROCK-PIUTE,PUBLIC,540
PUBLIC:541,WITHDRAWN,20.0,0.0,2016-03-31 07:00:00,,ENERGY ONLY,,PANOCHE-ORO LOMA 115KV LINE,FRESNO,PGAE,BRANNON SOLAR,SGIP-TC,PANOCHE ORO LOMA,PANOCHE-ORO LOMA,PUBLIC,541
PUBLIC:541A,WITHDRAWN,20.0,0.0,2011-06-01 07:00:00,,ENERGY ONLY,,ANTELOPE-NEENACH 66KV,LOS ANGELES,SCE,SUNSHINE TWO,SGIP,ANTELOPE NEENACH,ANTELOPE-NEENACH,PUBLIC,541A
PUBLIC:541B,WITHDRAWN,20.0,0.0,2011-06-01 07:00:00,,ENERGY ONLY,,ANTELOPE-NEENACH 66KV,LOS ANGELES,SCE,SUNSHINE FOUR,SGIP,ANTELOPE NEENACH,ANTELOPE-NEENACH,PUBLIC,541B
PUBLIC:542,WITHDRAWN,20.0,0.0,2016-12-01 08:00:00,,ENERGY ONLY,,SCHINDLER SUB 115KV BUS,FRESNO,PGAE,EXCELSIOR SOLAR,SGIP,SCHINDLER,SCHINDLER SUB,PUBLIC,542
PUBLIC:543,WITHDRAWN,20.0,0.0,2012-01-01 08:00:00,,ENERGY ONLY,,SCHINDLER SUB 70KV BUS,FRESNO,PGAE,SCHINDLER SOUTH SOLAR,SGIP,SCHINDLER,SCHINDLER SUB,PUBLIC,543
PUBLIC:544,WITHDRAWN,20.0,0.0,2011-10-31 07:00:00,,ENERGY ONLY,,LAMONT SUBSTATION 115KV BUS,KERN,PGAE,FRV CYGNUS SOLAR,SGIP,LAMONT,LAMONT SUBSTATION,PUBLIC,544
PUBLIC:545,WITHDRAWN,20.0,0.0,2011-10-31 07:00:00,,FULL CAPACITY,,WHEELER RIDGE-LAKEVIEW 70KV,KERN,PGAE,FRV CENTAURI SOLAR,SGIP,WHEELER RIDGE LAKEVIEW,WHEELER RIDGE-LAKEVIEW,PUBLIC,545
PUBLIC:546,WITHDRAWN,15.0,0.0,2012-12-01 08:00:00,,ENERGY ONLY,,REDMAN-PIUTE 66KV TAP,LOS ANGELES,SCE,GAUGAMELA,SGIP,REDMAN PIUTE,REDMAN-PIUTE,PUBLIC,546
PUBLIC:547,WITHDRAWN,20.0,0.0,2012-12-01 08:00:00,,ENERGY ONLY,,LOOP REDMAN-LANCASTER 66KV,LOS ANGELES,SCE,WATERLOO,SGIP,LOOP REDMAN LANCASTER,LOOP REDMAN-LANCASTER,PUBLIC,547
PUBLIC:549,WITHDRAWN,20.0,0.0,2012-03-31 07:00:00,,ENERGY ONLY,,MERCY SPRINGS ORO LOMA 70KV LINE,MERCED,PGAE,FRV ORION SOLAR,SGIP,MERCY SPRINGS ORO LOMA,MERCY SPRINGS ORO LOMA,PUBLIC,549
PUBLIC:550,WITHDRAWN,20.0,0.0,2018-05-31 07:00:00,,ENERGY ONLY,,MERCED #1 70 KV,MERCED,PGAE,CAL SP V,SGIP,MERCED,MERCED #1,PUBLIC,550
PUBLIC:551,WITHDRAWN,20.0,0.0,2011-10-31 07:00:00,,FULL CAPACITY,,WHEELER RIDGE SUB 70KV BUS,KERN,PGAE,FRV RIGEL SOLAR,SGIP-TC,WHEELER RIDGE,WHEELER RIDGE SUB,PUBLIC,551
PUBLIC:552,WITHDRAWN,60.0,60.0,2022-09-06 07:00:00,Executed,ENERGY ONLY,,CALCITE SUBSTATION 220KV,SAN BERNARDINO,SCE,ORD MOUNTAIN ,C02,CALCITE,CALCITE SUBSTATION,PUBLIC,552
PUBLIC:553,WITHDRAWN,400.0,0.0,2013-12-15 08:00:00,,FULL CAPACITY,,MOSS LANDING-PANOCHE #2 & COBURN-PANOCHE #2 230 KV,SAN BENITO,PGAE,PANOCHE VALLEY SOLAR FARM EXPANSION,C02,MOSS LANDING PANOCHE COBURN PANOCHE,MOSS LANDING-PANOCHE #2 & COBURN-PANOCHE #2,PUBLIC,553
PUBLIC:554,WITHDRAWN,138.0,0.0,2013-12-31 08:00:00,,FULL CAPACITY,,PIT RIVER 1-COTTONWOOD 230KV,SHASTA,PGAE,TIMBER HILLS WIND (FKA HILLCREST WIND POWER 1),C02,PIT RIVER 1 COTTONWOOD,PIT RIVER 1-COTTONWOOD,PUBLIC,554
PUBLIC:555,WITHDRAWN,92.0,0.0,2014-12-30 08:00:00,,FULL CAPACITY,,BOULEVARD SUBSTATION 138KV,SAN DIEGO,SDGE,JEWEL VALLEY PROJECT (FKA JORDAN WIND POWER),C02,BOULEVARD,BOULEVARD SUBSTATION,PUBLIC,555
PUBLIC:556,WITHDRAWN,126.0,0.0,2013-10-31 07:00:00,,ENERGY ONLY,,EAGLE ROCK SUBSTATION 115 KV,MENDOCINO,PGAE,MAYACMAS WIND POWER,C02,EAGLE ROCK,EAGLE ROCK SUBSTATION,PUBLIC,556
PUBLIC:560,WITHDRAWN,100.0,0.0,2013-03-31 07:00:00,,FULL CAPACITY,,LOS BANOS-DOS AMIGOS 230KV,MERCED,PGAE,FRV LEO SOLAR,C02,LOS BANOS DOS AMIGOS,LOS BANOS-DOS AMIGOS,PUBLIC,560
PUBLIC:561,WITHDRAWN,200.0,0.0,2014-12-01 08:00:00,,FULL CAPACITY,,IMPERIAL VALLEY SUBSTATION 230KV,IMPERIAL,SDGE,MOUNT SIGNAL SOLAR FARM,C02,IMPERIAL VALLEY,IMPERIAL VALLEY SUBSTATION,PUBLIC,561
PUBLIC:562,WITHDRAWN,420.0,0.0,2013-10-01 07:00:00,,FULL CAPACITY,,VICTOR SUBSTATION 230KV,SAN BERNARDINO,SCE,BARSTOW SOLAR II,C02,VICTOR,VICTOR SUBSTATION,PUBLIC,562
PUBLIC:563,WITHDRAWN,22.0,0.0,2013-06-01 07:00:00,,FULL CAPACITY,,ANTELOPE SUBSTATION 66KV,LOS ANGELES,SCE,PV-11 EXPANSION,C02,ANTELOPE,ANTELOPE SUBSTATION,PUBLIC,563
PUBLIC:564,WITHDRAWN,23.0,0.0,2013-07-01 07:00:00,,FULL CAPACITY,,ANTELOPE SUBSTATION 66KV,LOS ANGELES,SCE,PV-03 EXPANSION,C02,ANTELOPE,ANTELOPE SUBSTATION,PUBLIC,564
PUBLIC:565,WITHDRAWN,100.0,0.0,2017-01-29 08:00:00,,FULL CAPACITY,,MISSION-CARLTON HILLS 138KV LINE,SAN DIEGO,SDGE,QUAIL BRUSH POWER PROJECT (FKA SAN DIEGO COMMUNITY POWER PROJECT 2),C02,MISSION CARLTON HILLS,MISSION-CARLTON HILLS,PUBLIC,565
PUBLIC:566,WITHDRAWN,21.0,0.0,2013-12-01 08:00:00,,FULL CAPACITY,,ROSAMOND-CORUM 66KV,KERN,SCE,SANBORN II SOLAR,C02,ROSAMOND CORUM,ROSAMOND-CORUM,PUBLIC,566
PUBLIC:567,WITHDRAWN,1400.0,0.0,2016-06-01 07:00:00,,FULL CAPACITY,,RED BLUFF SUBSTATION 230KV,RIVERSIDE,SCE,EAGLE MOUNTAIN PUMP STORAGE #2,C02,RED BLUFF,RED BLUFF SUBSTATION,PUBLIC,567
PUBLIC:569,WITHDRAWN,600.0,0.0,2018-05-01 07:00:00,,FULL CAPACITY,,TABLE MOUNTAIN-TESLA 500KV,SUTTER,PGAE,SUTTER ENERGY CENTER 2,C02,TABLE MOUNTAIN TESLA,TABLE MOUNTAIN-TESLA,PUBLIC,569
PUBLIC:570,WITHDRAWN,102.0,0.0,2012-11-22 08:00:00,,FULL CAPACITY,,TRINITY-COTTONWOOD 115 KV LINE,SHASTA/TRINITY,PGAE,PARADISE PEAK WIND POWER PROJECT,C02,TRINITY COTTONWOOD,TRINITY-COTTONWOOD,PUBLIC,570
PUBLIC:571,WITHDRAWN,450.0,0.0,2013-12-31 08:00:00,,FULL CAPACITY,,WINDHUB SUBSTATION 500KV,KERN,SCE,FRV EAFB SOLAR,C02,WINDHUB,WINDHUB SUBSTATION,PUBLIC,571
PUBLIC:572,WITHDRAWN,110.0,0.0,2013-12-31 08:00:00,,FULL CAPACITY,,VALLEY SUBSTATION 500 KV BUS,RIVERSIDE,SCE,FRV DIAMOND VALLEY SOLAR,C02,VALLEY,VALLEY SUBSTATION,PUBLIC,572
PUBLIC:573,WITHDRAWN,50.0,0.0,2013-06-01 07:00:00,,FULL CAPACITY,,ANTELOPE-CAL CEMENT 66KV,KERN,SCE,SUNSHINE THREE EXPANSION,C02,ANTELOPE CAL CEMENT,ANTELOPE-CAL CEMENT,PUBLIC,573
PUBLIC:575,WITHDRAWN,9.6,0.0,2013-06-30 07:00:00,,FULL CAPACITY,,BRIGHTON-DAVIS 115 KV LINE,SOLANO,PGAE,POTRERO HILLS ENERGY,C02,BRIGHTON DAVIS,BRIGHTON-DAVIS,PUBLIC,575
PUBLIC:578,WITHDRAWN,70.0,0.0,2013-12-31 08:00:00,,FULL CAPACITY,,COTTONWOOD-SAVAGE 115KV LINE,SAN BERNARDINO,SCE,SOLAR STAR XI,C02,COTTONWOOD SAVAGE,COTTONWOOD-SAVAGE,PUBLIC,578
PUBLIC:579,WITHDRAWN,220.0,0.0,2013-12-31 08:00:00,,FULL CAPACITY,,BORDEN SUB 230KV BUS,MADERA,PGAE,MADERA SOLAR PV I (FKA WHEELER RIDGE SOLAR PV1),C02,BORDEN,BORDEN SUB,PUBLIC,579
PUBLIC:580,WITHDRAWN,170.0,0.0,2012-12-31 08:00:00,,FULL CAPACITY,,BLYTHE-EAGLE MOUNTAIN 161KV LINE,RIVERSIDE,SCE,BLYTHE SOLAR PV I,C02,BLYTHE EAGLE MOUNTAIN,BLYTHE-EAGLE MOUNTAIN,PUBLIC,580
PUBLIC:582,WITHDRAWN,500.0,0.0,2013-07-01 07:00:00,,FULL CAPACITY,,MIDWAY - VINCENT #1 & #2 500KV,KERN,SCE,CPA MARICOPA SOLAR,C02,MIDWAY VINCENT,MIDWAY - VINCENT #1 & #2,PUBLIC,582
PUBLIC:583,WITHDRAWN,57.5,0.0,2017-01-29 08:00:00,,ENERGY ONLY,,BOULEVARD EAST SUBSTATION 138KV,SAN DIEGO,SDGE,MANZANITA WIND,C02,BOULEVARD EAST,BOULEVARD EAST SUBSTATION,PUBLIC,583
PUBLIC:584,WITHDRAWN,150.0,0.0,2013-02-28 08:00:00,,ENERGY ONLY,,ANTELOPE SUB 220KV BUS,LOS ANGELES,SCE,ANTELOPE VALLEY RENEWABLE ENERGY FARM - SOLAR,C02,ANTELOPE,ANTELOPE SUB,PUBLIC,584
PUBLIC:585,WITHDRAWN,150.0,0.0,2014-08-12 07:00:00,,ENERGY ONLY,,ANTELOPE SUB 220KV BUS,LOS ANGELES,SCE,ANTELOPE VALLEY RENEWABLE ENERGY FARM - WIND,C02,ANTELOPE,ANTELOPE SUB,PUBLIC,585
PUBLIC:586,WITHDRAWN,42.0,0.0,2017-07-01 07:00:00,,FULL CAPACITY,,GEYSERS #17-FULTON 230KV,SONOMA,PGAE,CPN WILD HORSE GEOTHERMAL,C02,GEYSERS FULTON,GEYSERS #17-FULTON,PUBLIC,586
PUBLIC:587,WITHDRAWN,106.8,0.0,2012-09-30 07:00:00,,ENERGY ONLY,,GATES SUBSTATION,FRESNO,PGAE,SAN JOAQUIN 1 & 2,C02,GATES,GATES SUBSTATION,PUBLIC,587
PUBLIC:588,WITHDRAWN,1.0,0.0,2017-11-01 07:00:00,,FULL CAPACITY,,RED BLUFF SUBSTATION 230KV,RIVERSIDE,SCE,NRG RED BLUFF SOLAR 1 (FKA NRG BLYTHE SOLAR 2),C02,RED BLUFF,RED BLUFF SUBSTATION,PUBLIC,588
PUBLIC:589,WITHDRAWN,1.0,0.0,2017-01-29 08:00:00,,FULL CAPACITY,,VICTOR SUBSTATION 115KV,SAN BERNARDINO,SCE,NRG SOLAR VICTOR 1,C02,VICTOR,VICTOR SUBSTATION,PUBLIC,589
PUBLIC:591,WITHDRAWN,40.0,0.0,2011-06-01 07:00:00,,FULL CAPACITY,,BORREGO SUBSTATION 60KV,SAN DIEGO,SDGE,BORREGO SPRINGS SOLAR SOUTH,C02,BORREGO,BORREGO SUBSTATION,PUBLIC,591
PUBLIC:592,WITHDRAWN,250.0,0.0,2013-02-28 08:00:00,,FULL CAPACITY,,MIDWAY-GATES & ARCO-GATES 230KV LINES,KINGS,PGAE,KINGSOLAR II,C02,MIDWAY GATES ARCO GATES LINES,MIDWAY-GATES & ARCO-GATES,PUBLIC,592
PUBLIC:593,WITHDRAWN,310.0,0.0,2019-12-01 08:00:00,In Progress,FULL CAPACITY,,MOHAVE GENERATING STATION 500KV BUS,MOHAVE,SCE,FORT MOJAVE SOLAR,C02,MOHAVE,MOHAVE GENERATING STATION,PUBLIC,593
PUBLIC:594,WITHDRAWN,20.0,0.0,2012-12-31 08:00:00,,FULL CAPACITY,,MERCED SUBSTATION 70 KV,MERCED,PGAE,BIO VERDE PV - HOOGENDM,C02,MERCED,MERCED SUBSTATION,PUBLIC,594
PUBLIC:595,WITHDRAWN,15.0,0.0,2012-12-31 08:00:00,,FULL CAPACITY,,HENRIETTA - TULARE 70KV LINE,KINGS,PGAE,BIO VERDE PV - KETTLEMAN 1,C02,HENRIETTA TULARE,HENRIETTA - TULARE,PUBLIC,595
PUBLIC:596,WITHDRAWN,20.0,0.0,2012-12-31 08:00:00,,FULL CAPACITY,,HENRIETTA TULARE 70KV LINE,KINGS,PGAE,BIO VERDE PV - KETTLEMAN 3,C02,HENRIETTA TULARE,HENRIETTA TULARE,PUBLIC,596
PUBLIC:597,WITHDRAWN,15.0,0.0,2012-12-31 08:00:00,,FULL CAPACITY,,MERCED #1 70 KV LINE (EL NIDO BONITA SEGMENT),MADERA,PGAE,BIO VERDE PV - VLOT,C02,MERCED,MERCED #1,PUBLIC,597
PUBLIC:598,WITHDRAWN,17.75,0.0,2012-12-31 08:00:00,,FULL CAPACITY,,HENRIETTA TULARE 70KV LINE,KINGS,PGAE,BIO VERDE PV - KETTLEMAN 2,C02,HENRIETTA TULARE,HENRIETTA TULARE,PUBLIC,598
PUBLIC:599,WITHDRAWN,20.0,0.0,2012-12-31 08:00:00,,FULL CAPACITY,,CORRAL SUBSTATION 70 KV,SAN JOAQUIN,PGAE,BIO VERDE PV - SAN JOAQUIN,C02,CORRAL,CORRAL SUBSTATION,PUBLIC,599
PUBLIC:600,WITHDRAWN,20.0,0.0,2012-12-31 08:00:00,,FULL CAPACITY,,MERCED #1 70 KV,MERCED,PGAE,BIO VERDE PV - VANDER WOUDE,C02,MERCED,MERCED #1,PUBLIC,600
PUBLIC:601,WITHDRAWN,10.0,0.0,2012-12-31 08:00:00,,FULL CAPACITY,,TULARE HENRIETTA 70KV LINE,KINGS,PGAE,ROSINA BIO VERDE,C02,TULARE HENRIETTA,TULARE HENRIETTA,PUBLIC,601
PUBLIC:603,WITHDRAWN,146.0,0.0,2013-07-01 07:00:00,,FULL CAPACITY,,WHIRLWIND SUBSTATION 230KV,KERN,SCE,MOJAVALON I,C02,WHIRLWIND,WHIRLWIND SUBSTATION,PUBLIC,603
PUBLIC:604,WITHDRAWN,600.0,0.0,2014-04-01 07:00:00,,FULL CAPACITY,,IMPERIAL VALLEY SUBSTATION 230KV,IMPERIAL,SDGE,IMPERIAL VALLEY GENERATION PROJECT,C02,IMPERIAL VALLEY,IMPERIAL VALLEY SUBSTATION,PUBLIC,604
PUBLIC:605,WITHDRAWN,600.0,0.0,2014-04-01 07:00:00,,FULL CAPACITY,,ELDORADO SUBSTATION 230KV,CLARK,SCE,EL DORADO VALLEY GENERATION,C02,ELDORADO,ELDORADO SUBSTATION,PUBLIC,605
PUBLIC:610,WITHDRAWN,20.0,0.0,2012-12-01 08:00:00,,FULL CAPACITY,,STROUD SW STA-SCHINDLER 70KV,FRESNO,PGAE,SUN HARVESTER SOLAR PROJECT,SGIP-TC,STROUD SCHINDLER,STROUD SW STA-SCHINDLER,PUBLIC,610
PUBLIC:611,WITHDRAWN,20.0,0.0,2012-01-01 08:00:00,,ENERGY ONLY,,ORO LOMA-EL NIDO 115KV,FRESNO,PGAE,FAIRFAX SOLAR PROJECT,SGIP,ORO LOMA EL NIDO,ORO LOMA-EL NIDO,PUBLIC,611
PUBLIC:612,WITHDRAWN,13.0,0.0,2017-12-01 08:00:00,,ENERGY ONLY,,PANOCHE-SCHINDLER #2 115KV LINE,FRESNO,PGAE,THREE ROCKS SOLAR,SGIP,PANOCHE SCHINDLER,PANOCHE-SCHINDLER #2,PUBLIC,612
PUBLIC:613,WITHDRAWN,20.0,0.0,2015-04-01 07:00:00,,ENERGY ONLY,,HELM 70KV BUS,FRESNO,PGAE,PLACER SOLAR,SGIP,HELM,HELM,PUBLIC,613
PUBLIC:613A,WITHDRAWN,20.0,0.0,2012-06-30 07:00:00,,ENERGY ONLY,,CAL CEMENT - MONOLITH - WINDLAND - ARWIND 66 KV LINE,KERN,SCE,SAND CANYON OF TEHACHAPI,SGIP-TC,CAL CEMENT MONOLITH WINDLAND ARWIND,CAL CEMENT - MONOLITH - WINDLAND - ARWIND,PUBLIC,613A
PUBLIC:614,WITHDRAWN,20.0,0.0,2014-12-15 08:00:00,,ENERGY ONLY,,MERCED-MADERA 70KV,FRESNO,PGAE,EL PECO SOLAR FARM,SGIP,MERCED MADERA,MERCED-MADERA,PUBLIC,614
PUBLIC:614A,WITHDRAWN,20.0,0.0,2013-12-01 08:00:00,,FULL CAPACITY,,GOLDTOWN-LANCASTER 66KV,KERN,SCE,FRV MOJAVE SOLAR,SGIP-TC,GOLDTOWN LANCASTER,GOLDTOWN-LANCASTER,PUBLIC,614A
PUBLIC:615,WITHDRAWN,20.0,0.0,2012-12-30 08:00:00,,ENERGY ONLY,,ZONDWIND SUB 66KV BUS,KERN,SCE,SUN STREAM,SGIP,ZONDWIND,ZONDWIND SUB,PUBLIC,615
PUBLIC:616,WITHDRAWN,20.0,0.0,2012-07-01 07:00:00,,ENERGY ONLY,,EAGLE MOUNTAIN-BLYTHE 161KV,RIVERSIDE,SCE,SUNLITE STATION,SGIP,EAGLE MOUNTAIN BLYTHE,EAGLE MOUNTAIN-BLYTHE,PUBLIC,616
PUBLIC:617,WITHDRAWN,20.0,0.0,2016-05-01 07:00:00,,ENERGY ONLY,,TESLA-TRACY 115KV,SAN JOAQUIN,PGAE,CROCKER SOLAR POWER - UNIT ONE,SGIP,TESLA TRACY,TESLA-TRACY,PUBLIC,617
PUBLIC:617A,WITHDRAWN,20.0,0.0,2014-05-01 07:00:00,,ENERGY ONLY,,PIUTE-REDMOND 66KV,LOS ANGELES,SCE,LA-SOLAR-20,SGIP,PIUTE REDMOND,PIUTE-REDMOND,PUBLIC,617A
PUBLIC:617AA,WITHDRAWN,20.0,0.0,2011-03-01 08:00:00,,ENERGY ONLY,,EAGLE MOUNTAIN-BLYTHE SCE 161 KV,RIVERSIDE,SCE,US SOLAR DESERT CENTER PV 1,SGIP,EAGLE MOUNTAIN BLYTHE SCE,EAGLE MOUNTAIN-BLYTHE SCE,PUBLIC,617AA
PUBLIC:617B,WITHDRAWN,19.7,0.0,2012-12-01 08:00:00,,ENERGY ONLY,,CORCORAN-SMYRNA 115KV,TULARE,PGAE,GREAT VALLEY SOLAR,SGIP,CORCORAN SMYRNA,CORCORAN-SMYRNA,PUBLIC,617B
PUBLIC:617C,WITHDRAWN,19.993,0.0,2012-12-01 08:00:00,,ENERGY ONLY,,CONTROL-SILVERPEAK 55 KV,MONO,SCE,OASIS SOLAR ENERGY,SGIP,CONTROL SILVERPEAK,CONTROL-SILVERPEAK,PUBLIC,617C
PUBLIC:618,WITHDRAWN,20.0,0.0,2012-08-01 07:00:00,,ENERGY ONLY,,COALINGA-MENDOTA ROAD 69KV,FRESNO,PGAE,SKUNK HOLLOW SPGS1,SGIP,COALINGA MENDOTA ROAD,COALINGA-MENDOTA ROAD,PUBLIC,618
PUBLIC:618A,WITHDRAWN,20.0,0.0,2012-01-01 08:00:00,,ENERGY ONLY,,HELMS-SCHINDLER 70KV,FRESNO,PGAE,FIVE POINTS SOLAR,SGIP,HELMS SCHINDLER,HELMS-SCHINDLER,PUBLIC,618A
PUBLIC:618B,WITHDRAWN,10.0,0.0,2012-01-01 08:00:00,,ENERGY ONLY,,KERMAN-SAN JOAQUIN 70KV,FRESNO,PGAE,JEFFERSON SOLAR,SGIP,KERMAN SAN JOAQUIN,KERMAN-SAN JOAQUIN,PUBLIC,618B
PUBLIC:619,WITHDRAWN,14.0,0.0,2012-01-01 08:00:00,,ENERGY ONLY,,PIUTE-LANCASTER 66KV,LOS ANGELES,SCE,EAST LANCASTER POWER PLANT,SGIP,PIUTE LANCASTER,PIUTE-LANCASTER,PUBLIC,619
PUBLIC:620A,WITHDRAWN,20.0,0.0,2014-12-31 08:00:00,,ENERGY ONLY,,LAKEVIEW SUB 70KV BUS,KERN,PGAE,MARICOPA EAST SOLAR PV (FKA LAKEVIEW SOLAR ONE),SGIP,LAKEVIEW,LAKEVIEW SUB,PUBLIC,620A
PUBLIC:621,WITHDRAWN,20.0,0.0,2017-03-03 08:00:00,,ENERGY ONLY,,IMPERIAL VALLEY SUB 12KV BUS,IMPERIAL,SDGE,OCOTILLO SOL PROJECT,SGIP-TC,IMPERIAL VALLEY,IMPERIAL VALLEY SUB,PUBLIC,621
PUBLIC:622,WITHDRAWN,10.0,0.0,2011-12-01 08:00:00,,ENERGY ONLY,,TEMBLOR-KING ELLIS 70KV,KERN,PGAE,PV ROSINA 1 SG,SGIP,TEMBLOR KING ELLIS,TEMBLOR-KING ELLIS,PUBLIC,622
PUBLIC:623,WITHDRAWN,20.0,0.0,2013-12-31 08:00:00,,ENERGY ONLY,,CAL CEMENT-ANTELOPE 66KV,KERN,SCE,ROSAMOND SOLAR FACILITY,SGIP,CAL CEMENT ANTELOPE,CAL CEMENT-ANTELOPE,PUBLIC,623
PUBLIC:623A,WITHDRAWN,10.4,0.0,2011-06-01 07:00:00,,ENERGY ONLY,,BOULEVARD SUB 138 KV BUS,SAN DIEGO,SDGE,ROUGH ACRES SOLAR,SGIP,BOULEVARD,BOULEVARD SUB,PUBLIC,623A
PUBLIC:624,WITHDRAWN,20.0,0.0,2012-12-01 08:00:00,,,,MARICOPA SUBSTATION 70 KV BUS,KERN,PGAE,SUN SEEKER SOLAR ENERGY CENTER,SGIP,MARICOPA,MARICOPA SUBSTATION,PUBLIC,624
PUBLIC:626,WITHDRAWN,20.0,0.0,2017-06-15 07:00:00,,ENERGY ONLY,,HENRIETTA-GUERNSEY 70KV,KINGS,PGAE,STRATFORD SOLAR FARM,SGIP,HENRIETTA GUERNSEY,HENRIETTA-GUERNSEY,PUBLIC,626
PUBLIC:627,WITHDRAWN,20.0,0.0,2013-12-31 08:00:00,,ENERGY ONLY,,NEENACH-ANTELOPE 66KV,LOS ANGELES,SCE,FRV MOJAVE SOLAR 2,SGIP,NEENACH ANTELOPE,NEENACH-ANTELOPE,PUBLIC,627
PUBLIC:629,WITHDRAWN,20.0,0.0,2011-12-01 08:00:00,,ENERGY ONLY,,SALADO-MILLER 115KV LINE,STANISLAUS,PGAE,SALADO SOLAR,SGIP,SALADO MILLER,SALADO-MILLER,PUBLIC,629
PUBLIC:630,WITHDRAWN,4.9,0.0,2010-12-01 08:00:00,,ENERGY ONLY,,GOLDTOWN SUBSTATION 66KV,KERN,SCE,PURDY AVE PV,SGIP,GOLDTOWN,GOLDTOWN SUBSTATION,PUBLIC,630
PUBLIC:631,WITHDRAWN,20.0,0.0,2016-02-15 08:00:00,,ENERGY ONLY,,STROUT SW STATION 70KV,FRESNO,PGAE,KAMM,SGIP,STROUT,STROUT SW STATION,PUBLIC,631
PUBLIC:632A,WITHDRAWN,20.0,0.0,2011-12-01 08:00:00,,ENERGY ONLY,,SALADO-MILLER 115 KV,STANISLAUS,PGAE,WORLD SUN PV PROJECT,SGIP-TC,SALADO MILLER,SALADO-MILLER,PUBLIC,632A
PUBLIC:632C,WITHDRAWN,20.0,0.0,2017-05-30 07:00:00,,FULL CAPACITY,,STROUD SWITCHING STATION 70KV,FRESNO,PGAE,SAN JOAQUIN 2A,SGIP-TC,STROUD,STROUD SWITCHING STATION,PUBLIC,632C
PUBLIC:634,WITHDRAWN,20.0,0.0,2015-12-15 08:00:00,,ENERGY ONLY,,CAMDEN JUNCTION-LEMOORE TAP 70KV,KINGS,PGAE,GRANGEVILLE,SGIP,CAMDEN LEMOORE,CAMDEN JUNCTION-LEMOORE TAP,PUBLIC,634
PUBLIC:635,WITHDRAWN,20.0,0.0,2012-06-15 07:00:00,,FULL CAPACITY,,ORO LOMA-CANAL 70KV,MERCED,PGAE,CAL SP XII,SGIP-TC,ORO LOMA CANAL,ORO LOMA-CANAL,PUBLIC,635
PUBLIC:638,WITHDRAWN,10.0,0.0,2014-12-31 08:00:00,,ENERGY ONLY,,COALINGA 1-GATES 70KV,FRESNO,PGAE,JAYNE EAST,SGIP,COALINGA 1 GATES,COALINGA 1-GATES,PUBLIC,638
PUBLIC:638A,WITHDRAWN,12.0,0.0,2011-12-31 08:00:00,,ENERGY ONLY,,COALINGA COGEN 70 KV TAP & TORNADO DIST,FRESNO,PGAE,SEPV-15,SGIP-TC,COALINGA COGEN TORNADO DIST,COALINGA COGEN,PUBLIC,638A
PUBLIC:639,WITHDRAWN,20.0,0.0,2013-01-01 08:00:00,,FULL CAPACITY,,REDMAN-PIUTE 66KV,LOS ANGELES,SCE,LANCASTER SOLAR FARM,SGIP-TC,REDMAN PIUTE,REDMAN-PIUTE,PUBLIC,639
PUBLIC:640,WITHDRAWN,20.0,0.0,2013-01-01 08:00:00,,FULL CAPACITY,,ROSAMOND 66KV - TAP 52,KERN,SCE,BFO PV-06,SGIP-TC,ROSAMOND 52,ROSAMOND,PUBLIC,640
PUBLIC:640A,WITHDRAWN,20.0,0.0,2011-12-15 08:00:00,,FULL CAPACITY,,SCHINDLER SUB 115 KV BUS,FRESNO,PGAE,GRAHAM SOLAR FARM I,SGIP-TC,SCHINDLER,SCHINDLER SUB,PUBLIC,640A
PUBLIC:640B,WITHDRAWN,20.0,0.0,2011-12-25 08:00:00,,FULL CAPACITY,,ORO LOMA   115KV,MERCED,PGAE,PDD WHR SOLAR FARM I,SGIP-TC,ORO LOMA,ORO LOMA,PUBLIC,640B
PUBLIC:641,WITHDRAWN,11.2,0.0,2011-12-31 08:00:00,,ENERGY ONLY,,MIDSUN-MIDWAY 115 KV,KERN,PGAE,REPOWERED MCKITTRICK COGEN PLANT,SGIP,MIDSUN MIDWAY,MIDSUN-MIDWAY,PUBLIC,641
PUBLIC:642,WITHDRAWN,20.0,0.0,2011-07-01 07:00:00,,ENERGY ONLY,,ELK CREEK 60KV TAP,GLENN,PGAE,THUNDERHILL SOLAR POWER,SGIP-TC,ELK CREEK,ELK CREEK,PUBLIC,642
PUBLIC:643,WITHDRAWN,149.5,0.0,2014-12-31 08:00:00,,FULL CAPACITY,,LOS BANOS-SAN LUIS PGP #1 230 KV,FRESNO,PGAE,PACHECO PASS WIND ENERGY CENTER,C03,LOS BANOS SAN LUIS PGP,LOS BANOS-SAN LUIS PGP #1,PUBLIC,643
PUBLIC:643A,WITHDRAWN,300.0,0.0,2014-12-31 08:00:00,,FULL CAPACITY,,ARCO SUB 230 KV BUS,KERN,PGAE,ARCO SOLAR STATION,C03,ARCO,ARCO SUB,PUBLIC,643A
PUBLIC:643AA,WITHDRAWN,200.1,0.0,2012-12-31 08:00:00,,FULL CAPACITY,,ANTELOPE SUB 230KV BUS,LOS ANGELES,SCE,BLUE SKY WIND ENERGY CENTER,C03,ANTELOPE,ANTELOPE SUB,PUBLIC,643AA
PUBLIC:643AB,WITHDRAWN,260.0,0.0,2015-01-01 08:00:00,,FULL CAPACITY,,WHIRLWIND SUBSTATION 230KV BUS,LOS ANGELES,SCE,BRIGHTSOURCE AV PROJECT,C03,WHIRLWIND,WHIRLWIND SUBSTATION,PUBLIC,643AB
PUBLIC:643AC,WITHDRAWN,750.0,0.0,2015-01-01 08:00:00,,FULL CAPACITY,,COLORADO RIVER SUB 220 KV BUS,RIVERSIDE,SCE,PALO VERDE MESA (FKA BRIGHTSOURCE MIDPOINT SOLAR),C03,COLORADO RIVER,COLORADO RIVER SUB,PUBLIC,643AC
PUBLIC:643AD,WITHDRAWN,95.0,0.0,2012-07-01 07:00:00,,FULL CAPACITY,,KRAMER SUB 220KV BUS,INYO,SCE,COSO 2 SWAP (COSO FINANCE PARTNERS),C03,KRAMER,KRAMER SUB,PUBLIC,643AD
PUBLIC:643AF,WITHDRAWN,500.0,0.0,2015-10-30 07:00:00,,FULL CAPACITY,,COLORADO RIVER SUB 220KV BUS,RIVERSIDE,SCE,GILA SOLAR,C03,COLORADO RIVER,COLORADO RIVER SUB,PUBLIC,643AF
PUBLIC:643AG,WITHDRAWN,50.0,0.0,2014-01-01 08:00:00,,FULL CAPACITY,,CONTROL-INYOKERN 115 KV,INYO,SCE,HAY RANCH SOLAR ENERGY PARK,C03,CONTROL INYOKERN,CONTROL-INYOKERN,PUBLIC,643AG
PUBLIC:643AH,WITHDRAWN,170.0,0.0,2014-01-01 08:00:00,,FULL CAPACITY,,RED BLUFF SUB 230 KV BUS,RIVERSIDE,SCE,LOMA VERDE SOLAR ENERGY PARK,C03,RED BLUFF,RED BLUFF SUB,PUBLIC,643AH
PUBLIC:643AI,WITHDRAWN,300.0,0.0,2014-11-30 08:00:00,,FULL CAPACITY,,ELDORADO SUB 220 KV BUS,CLARK,SCE,NEVADA 300,C03,ELDORADO,ELDORADO SUB,PUBLIC,643AI
PUBLIC:643AK,WITHDRAWN,5.6,0.0,2011-12-31 08:00:00,,FULL CAPACITY,,CONTROL SUB 115 KV BUS,CHURCHILL,SCE,TERRA GEN DIXIE VALLEY EXPANSION,C03,CONTROL,CONTROL SUB,PUBLIC,643AK
PUBLIC:643AL,WITHDRAWN,1000.0,0.0,2015-01-01 08:00:00,,FULL CAPACITY,,PALO VERDE-DEVERS #1 500KV,YUMA,SCE,WILDCAT QUARTSZITE,C03,PALO VERDE DEVERS,PALO VERDE-DEVERS #1,PUBLIC,643AL
PUBLIC:643AN,WITHDRAWN,86.0,0.0,2013-11-22 08:00:00,,FULL CAPACITY,,BOULEVARD SUB 138KV BUS,SAN DIEGO,SDGE,JORDAN II RENEWABLE POWER PROJECT (20/66MW),C03,BOULEVARD,BOULEVARD SUB,PUBLIC,643AN
PUBLIC:643AO,WITHDRAWN,200.0,0.0,2014-06-01 07:00:00,,FULL CAPACITY,,IMPERIAL VALLEY 230 KV SWITCHYARD,IMPERIAL,SDGE,MOUNT SIGNAL SOLAR FARM II,C03,IMPERIAL VALLEY,IMPERIAL VALLEY,PUBLIC,643AO
PUBLIC:643AP,WITHDRAWN,16.1,0.0,2013-12-31 08:00:00,,FULL CAPACITY,,SUNRISE POWERLINK 500 KV,IMPERIAL,SDGE,OCOTILLO EXPRESS PHASE II,C03,SUNRISE POWERLINK,SUNRISE POWERLINK,PUBLIC,643AP
PUBLIC:643AQ,WITHDRAWN,238.0,0.0,2013-06-01 07:00:00,,FULL CAPACITY,,HASSAYAMPA-NORTH GILA 500KV LINE,YUMA,SDGE,PALMAS (FKA HYDER SOLAR),C03,HASSAYAMPA NORTH GILA,HASSAYAMPA-NORTH GILA,PUBLIC,643AQ
PUBLIC:643AR,WITHDRAWN,364.2,0.0,2016-06-01 07:00:00,,FULL CAPACITY,,CONTROL SUB 115 KV BUS,CHURCHILL/PERSHING,SCE,TGP NNP,C03,CONTROL,CONTROL SUB,PUBLIC,643AR
PUBLIC:643AS,WITHDRAWN,200.0,0.0,2013-06-01 07:00:00,,FULL CAPACITY,,COLORADO RIVER SUBSTATION,RIVERSIDE,SCE,AIRPORT SOLAR PV 1,C03,COLORADO RIVER,COLORADO RIVER SUBSTATION,PUBLIC,643AS
PUBLIC:643AT,WITHDRAWN,242.0,0.0,2013-12-31 08:00:00,,FULL CAPACITY,,MEAD-ELDORADO 230KV,CLARK,SCE,COPPER MOUNTAIN SOLAR III (BLACK HILLS),C03,MEAD ELDORADO,MEAD-ELDORADO,PUBLIC,643AT
PUBLIC:643B,WITHDRAWN,300.0,0.0,2012-06-30 07:00:00,,ENERGY ONLY,,IMPERIAL VALLEY SUB 230 KV BUS,BAJA CALIFORNIA,SDGE,AUBANEL I WIND PROJECT,C03,IMPERIAL VALLEY,IMPERIAL VALLEY SUB,PUBLIC,643B
PUBLIC:643C,WITHDRAWN,540.0,0.0,2013-12-31 08:00:00,,ENERGY ONLY,,ECO SUB 230 KV BUS,BAJA CALIFORNIA,SDGE,AUBANEL II WIND PROJECT,C03,ECO,ECO SUB,PUBLIC,643C
PUBLIC:643D,WITHDRAWN,150.0,0.0,2016-12-31 08:00:00,,FULL CAPACITY,,ANGIOLA SUB 70 KV BUS,KINGS,PGAE,ANGIOLA VALLEY SOLAR RANCH,C03,ANGIOLA,ANGIOLA SUB,PUBLIC,643D
PUBLIC:643E,WITHDRAWN,200.0,0.0,2014-12-31 08:00:00,,FULL CAPACITY,,SCHINDLER SUB 115 KV BUS,FRESNO,PGAE,LAGUNA SOLAR FARM,C03,SCHINDLER,SCHINDLER SUB,PUBLIC,643E
PUBLIC:643F,WITHDRAWN,220.0,0.0,2014-03-01 08:00:00,,FULL CAPACITY,,RIO OSO-LOCKFORD 230 KV,PLACER,PGAE,PLACER SOLAR PV I,C03,RIO OSO LOCKFORD,RIO OSO-LOCKFORD,PUBLIC,643F
PUBLIC:643H,WITHDRAWN,600.0,0.0,2015-05-01 07:00:00,,FULL CAPACITY,,GATES-GREGG 230 KV,KINGS,PGAE,VALLEY OAK SOLAR,C03,GATES GREGG,GATES-GREGG,PUBLIC,643H
PUBLIC:643I,WITHDRAWN,200.0,0.0,2014-03-01 08:00:00,,FULL CAPACITY,,MENDOTA-DAIRYLAND 115 KV,FRESNO,PGAE,WESTLANDS SOLAR PV I,C03,MENDOTA DAIRYLAND,MENDOTA-DAIRYLAND,PUBLIC,643I
PUBLIC:643J,WITHDRAWN,1.0,0.0,2017-04-01 07:00:00,,FULL CAPACITY,,COALINGA #2-SCHINDLER 70 KV,FRESNO,PGAE,WRE - COALINGA (49/120MW),C03,COALINGA SCHINDLER,COALINGA #2-SCHINDLER,PUBLIC,643J
PUBLIC:643K,WITHDRAWN,289.0,0.0,2017-04-01 07:00:00,,FULL CAPACITY,,MENDOTA-SAN JOAQUIN-HELM 70 KV,FRESNO,PGAE,WRE - MENDOTA,C03,MENDOTA SAN JOAQUIN HELM,MENDOTA-SAN JOAQUIN-HELM,PUBLIC,643K
PUBLIC:643L,WITHDRAWN,289.0,0.0,2017-04-01 07:00:00,,FULL CAPACITY,,PANOCHE-SCHINDLER #1 & #2 115 KV,FRESNO,PGAE,WRE - PANOCHE,C03,PANOCHE SCHINDLER,PANOCHE-SCHINDLER #1 & #2,PUBLIC,643L
PUBLIC:643M,WITHDRAWN,289.0,0.0,2017-04-01 07:00:00,,FULL CAPACITY,,PANOCHE-SCHINDLER #1 & #2 115 KV,FRESNO,PGAE,WRE - SCHINDLER,C03,PANOCHE SCHINDLER,PANOCHE-SCHINDLER #1 & #2,PUBLIC,643M
PUBLIC:643N,WITHDRAWN,169.0,0.0,2017-04-01 07:00:00,,FULL CAPACITY,,HELM-STROUD SW STA 70 KV,FRESNO,PGAE,WRE - STROUD,C03,HELM STROUD,HELM-STROUD SW STA,PUBLIC,643N
PUBLIC:643O,WITHDRAWN,20.0,0.0,2015-05-01 07:00:00,,ENERGY ONLY,,BRIGHTON-DAVIS 115 KV,YOLO,PGAE,YOLO SOLAR PV I,C03,BRIGHTON DAVIS,BRIGHTON-DAVIS,PUBLIC,643O
PUBLIC:643P,WITHDRAWN,480.0,0.0,2014-10-30 07:00:00,,FULL CAPACITY,,WHIRLWIND SUB 500 KV BUS,KERN/LOS ANGELES,SCE,RRG SOLAR,C03,WHIRLWIND,WHIRLWIND SUB,PUBLIC,643P
PUBLIC:643Q,WITHDRAWN,80.0,0.0,2014-11-01 07:00:00,,FULL CAPACITY,,WINDHUB SUB 220 KV BUS,KERN,SCE,VOYAGER SOLAR ENERGY,C03,WINDHUB,WINDHUB SUB,PUBLIC,643Q
PUBLIC:643S,WITHDRAWN,320.0,0.0,2013-06-01 07:00:00,,FULL CAPACITY,,VESTAL SUB 230 KV BUS,FRESNO,SCE,WRE - VESTAL (49/480MW),C03,VESTAL,VESTAL SUB,PUBLIC,643S
PUBLIC:643U,WITHDRAWN,500.0,0.0,2014-01-30 08:00:00,,FULL CAPACITY,,IMPERIAL VALLEY SUB 230 KV BUS,IMPERIAL,SDGE,RE AUSTIN,C03,IMPERIAL VALLEY,IMPERIAL VALLEY SUB,PUBLIC,643U
PUBLIC:643V,WITHDRAWN,250.0,0.0,2013-09-30 07:00:00,,FULL CAPACITY,,IMPERIAL VALLEY SUB 230 KV BUS,IMPERIAL,SDGE,SILVER LEAF SOLAR,C03,IMPERIAL VALLEY,IMPERIAL VALLEY SUB,PUBLIC,643V
PUBLIC:643Y,WITHDRAWN,80.0,0.0,2013-07-01 07:00:00,,FULL CAPACITY,,HENRIETTA-LEPRINO FOOD 115 KV,KINGS,PGAE,SOLCEN SOLAR PROJECT,C03,HENRIETTA LEPRINO FOOD,HENRIETTA-LEPRINO FOOD,PUBLIC,643Y
PUBLIC:643Z,WITHDRAWN,150.0,0.0,2014-07-01 07:00:00,,FULL CAPACITY,,WHIRLWIND - WINDHUB 500 KV,KERN,SCE,ALTA 14,C03,WHIRLWIND WINDHUB,WHIRLWIND - WINDHUB,PUBLIC,643Z
PUBLIC:645,WITHDRAWN,20.0,0.0,2012-02-01 08:00:00,,FULL CAPACITY,,JOLON 60 KV SUB,MONTEREY,PGAE,MONTEREY SOLAR FARM (FKA BFO PV -09),SGIP-TC,JOLON,JOLON,PUBLIC,645
PUBLIC:645A,WITHDRAWN,20.0,0.0,2017-08-23 07:00:00,,FULL CAPACITY,,WEEDPATCH-WHEELER RIDGE 70KV,KERN,PGAE,SIRIUS SOLAR,SGIP-TC,WEEDPATCH WHEELER RIDGE,WEEDPATCH-WHEELER RIDGE,PUBLIC,645A
PUBLIC:646,WITHDRAWN,8.0,0.0,2013-03-01 08:00:00,,FULL CAPACITY,,CHANEY #1 115KV TAP,FRESNO,PGAE,BRJ,SGIP-TC,CHANEY,CHANEY #1,PUBLIC,646
PUBLIC:647,WITHDRAWN,20.0,0.0,2012-04-30 07:00:00,,FULL CAPACITY,,PANOCHE - ORO LOMA 115 KV,FRESNO,PGAE,ENRICO MATSON 2,SGIP-TC,PANOCHE ORO LOMA,PANOCHE - ORO LOMA,PUBLIC,647
PUBLIC:648,WITHDRAWN,20.0,0.0,2018-12-31 08:00:00,Executed,FULL CAPACITY,,PANOCHE-ORO LOMA 115KV TAP,FRESNO,PGAE,ORO LOMA 4 ( FKA ENRICO MATSON 4),SGIP-TC,PANOCHE ORO LOMA,PANOCHE-ORO LOMA,PUBLIC,648
PUBLIC:649,WITHDRAWN,11.75,0.0,2013-12-01 08:00:00,,FULL CAPACITY,,HELM 70KV,FRESNO,PGAE,DES,SGIP-TC,HELM,HELM,PUBLIC,649
PUBLIC:649A,WITHDRAWN,14.0,0.0,2013-03-01 08:00:00,,ENERGY ONLY,,DIXON-VACA #2 60KV,SOLANO,PGAE,PEABODY JAC,SGIP-TC,DIXON VACA,DIXON-VACA #2,PUBLIC,649A
PUBLIC:650,WITHDRAWN,20.0,0.0,2011-12-25 08:00:00,,ENERGY ONLY,,WESTLANDS 138 KV TAP,FRESNO,PGAE,GRAHAM - WESTLANDS PROJECT,SGIP-TC,WESTLANDS,WESTLANDS,PUBLIC,650
PUBLIC:650A,WITHDRAWN,20.0,0.0,2013-12-31 08:00:00,,FULL CAPACITY,,LANCASTER-PURIFY-REDMAN 66 KV,LOS ANGELES,SCE,SIERRA SOLAR GREENWORKS,SGIP-TC,LANCASTER PURIFY REDMAN,LANCASTER-PURIFY-REDMAN,PUBLIC,650A
PUBLIC:650AC,WITHDRAWN,20.0,0.0,2014-12-31 08:00:00,,ENERGY ONLY,,HENRIETTA-TULARE LAKE 70KV LINE,KINGS,PGAE,ORION,SGIP-TC,HENRIETTA TULARE LAKE,HENRIETTA-TULARE LAKE,PUBLIC,650AC
PUBLIC:650B,WITHDRAWN,20.0,0.0,2012-02-28 08:00:00,,ENERGY ONLY,,LINE TO BE CONSTRUCTED 1 MILE SOUTH & TIE INTO SCE 69KV,RIVERSIDE,SCE,GYPSUM,SGIP,TO BE CONSTRUCTED 1 MILE SOUTH TIE INTO SCE,LINE TO BE CONSTRUCTED 1 MILE SOUTH & TIE INTO SCE,PUBLIC,650B
PUBLIC:651,WITHDRAWN,15.0,0.0,2012-08-01 07:00:00,,ENERGY ONLY,,NICOLAUS-MARYSVILLE 60KV,YUBA,PGAE,INDECK YUBA ENERGY CENTER,SGIP-TC,NICOLAUS MARYSVILLE,NICOLAUS-MARYSVILLE,PUBLIC,651
PUBLIC:652,WITHDRAWN,20.0,0.0,2013-06-15 07:00:00,,FULL CAPACITY,,WOODWARD-SANGER 115KV,FRESNO,PGAE,SOLARPACK PROMO III,SGIP-TC,WOODWARD SANGER,WOODWARD-SANGER,PUBLIC,652
PUBLIC:653,WITHDRAWN,20.0,0.0,2013-01-15 08:00:00,,ENERGY ONLY,,ARCO  70 KV,KINGS,PGAE,SOUTH DOME SOLAR,SGIP-TC,ARCO,ARCO,PUBLIC,653
PUBLIC:653A,WITHDRAWN,20.0,0.0,2013-01-15 08:00:00,,ENERGY ONLY,,ARCO SUB 70 KV BUS,KERN,PGAE,LAS LOMAS SOLAR,SGIP-TC,ARCO,ARCO SUB,PUBLIC,653A
PUBLIC:653BA,WITHDRAWN,20.0,0.0,2012-12-31 08:00:00,,ENERGY ONLY,,KERN RIVER-CUMMINGS 66KV,KERN,SCE,RE TEHACHAPI SOLAR 2,SGIP-TC,KERN RIVER CUMMINGS,KERN RIVER-CUMMINGS,PUBLIC,653BA
PUBLIC:653C,WITHDRAWN,20.0,0.0,2012-07-01 07:00:00,,ENERGY ONLY,,TAFT-CUYAMA#1 70KV,SANTA BARBARA,PGAE,BFO PV-18,SGIP,TAFT CUYAMA,TAFT-CUYAMA#1,PUBLIC,653C
PUBLIC:653D,WITHDRAWN,20.0,0.0,2012-06-01 07:00:00,,ENERGY ONLY,,PANOCHE-MENDOTA 115KV,FRESNO,PGAE,ANNEDALE SOLAR PROJECT,SGIP-TC,PANOCHE MENDOTA,PANOCHE-MENDOTA,PUBLIC,653D
PUBLIC:653E,WITHDRAWN,20.0,0.0,2014-02-10 08:00:00,,ENERGY ONLY,,HELM SUB 70 KV BUS,FRESNO,PGAE,ROSE SOLAR PROJECT,SGIP-TC,HELM,HELM SUB,PUBLIC,653E
PUBLIC:653EB,WITHDRAWN,20.0,0.0,2013-05-01 07:00:00,,FULL CAPACITY,,MIDWAY 230 KV BUS VIA MIDWAY-LA PALOMA 230KV #1,KERN,PGAE,SUNGEN I 20MW SOLAR PV PLANT,SGIP-TC,MIDWAY VIA MIDWAY LA PALOMA,MIDWAY,PUBLIC,653EB
PUBLIC:653EC,WITHDRAWN,20.0,0.0,2012-07-01 07:00:00,,ENERGY ONLY,,ARCO SUB 70 KV BUS,KERN/KINGS,PGAE,ORION KERN COUNTY SOLAR I,SGIP-TC,ARCO,ARCO SUB,PUBLIC,653EC
PUBLIC:653ED,WITHDRAWN,20.0,0.0,2016-05-31 07:00:00,,FULL CAPACITY,,BOULEVARD EAST SUBSTATION 69 KV,SAN DIEGO,SDGE,LANEAST SOLAR FARM (FKA EASTLAND SOLAR FARM),SGIP-TC,BOULEVARD EAST,BOULEVARD EAST SUBSTATION,PUBLIC,653ED
PUBLIC:653EF,WITHDRAWN,20.0,0.0,2011-06-30 07:00:00,,ENERGY ONLY,,CAL CEMENT-MONOLITH-WINDLAND 66 KV,KERN,SCE,SAND CANYON CREEK,SGIP-TC,CAL CEMENT MONOLITH WINDLAND,CAL CEMENT-MONOLITH-WINDLAND,PUBLIC,653EF
PUBLIC:653F,WITHDRAWN,12.0,12.1,2022-05-30 07:00:00,Executed,ENERGY ONLY,,WOODLAND-DAVIS 115 KV LINE,YOLO,PGAE,APPARENT FIRST HYBRID,SGIP-TC,WOODLAND DAVIS,WOODLAND-DAVIS,PUBLIC,653F
PUBLIC:653FA,WITHDRAWN,20.0,0.0,2013-12-31 08:00:00,,FULL CAPACITY,,LANCASTER-LITTLE ROCK-PIUTE 66KV,LOS ANGELES,SCE,PIUTE #2,SGIP-TC,LANCASTER LITTLE ROCK PIUTE,LANCASTER-LITTLE ROCK-PIUTE,PUBLIC,653FA
PUBLIC:653FB,WITHDRAWN,20.0,0.0,2013-12-31 08:00:00,,FULL CAPACITY,,LANCASTER-LITTLE ROCK-PIUTE 66KV,LOS ANGELES,SCE,PIUTE,SGIP-TC,LANCASTER LITTLE ROCK PIUTE,LANCASTER-LITTLE ROCK-PIUTE,PUBLIC,653FB
PUBLIC:653G,WITHDRAWN,20.0,0.0,2013-03-01 08:00:00,,FULL CAPACITY,,MENDOTA - SAN JOAQUIN - HELM 70 KV LINE,FRESNO,PGAE,IFS,SGIP-TC,MENDOTA SAN JOAQUIN HELM,MENDOTA - SAN JOAQUIN - HELM,PUBLIC,653G
PUBLIC:655,WITHDRAWN,20.0,0.0,2013-05-02 07:00:00,,ENERGY ONLY,,WESTPARK-MAGUNDEN 115 KV,KERN,PGAE,RIO BRAVO SOLAR I,SGIP-TC,WESTPARK MAGUNDEN,WESTPARK-MAGUNDEN,PUBLIC,655
PUBLIC:656,WITHDRAWN,10.0,0.0,2013-12-31 08:00:00,,FULL CAPACITY,,TAFT-ELK HILLS 70 KV,KERN,PGAE,ELK HILLS,SGIP-TC,TAFT ELK HILLS,TAFT-ELK HILLS,PUBLIC,656
PUBLIC:657,WITHDRAWN,20.0,0.0,2012-03-01 08:00:00,,ENERGY ONLY,,GLENN #3 60 KV,BUTTE,PGAE,MERIDIAN & MUNJAR SOLAR PROJECT,SGIP-TC,GLENN,GLENN #3,PUBLIC,657
PUBLIC:657A,WITHDRAWN,20.0,0.0,2013-12-20 08:00:00,,FULL CAPACITY,,ANTELOPE-NEENACH 66KV,LOS ANGELES,SCE,SIERRA VIEW SOLAR IV,SGIP-TC,ANTELOPE NEENACH,ANTELOPE-NEENACH,PUBLIC,657A
PUBLIC:657B,WITHDRAWN,20.0,0.0,2013-12-20 08:00:00,,FULL CAPACITY,,GOLDTOWN-CORUM 66 KV,KERN,SCE,SIERRA VIEW SOLAR V,SGIP-TC,GOLDTOWN CORUM,GOLDTOWN-CORUM,PUBLIC,657B
PUBLIC:663,WITHDRAWN,20.0,0.0,2013-12-31 08:00:00,,ENERGY ONLY,,LANCASTER-REDMAN-PURIFY 66KV,LOS ANGELES,SCE,DESERT VISTA GREENWORKS B,SGIP-TC,LANCASTER REDMAN PURIFY,LANCASTER-REDMAN-PURIFY,PUBLIC,663
PUBLIC:664,WITHDRAWN,20.0,0.0,2013-12-31 08:00:00,,FULL CAPACITY,,PIUTE SUB 66 KV BUS,LOS ANGELES,SCE,DESERT SUN RANCH,SGIP-TC,PIUTE,PIUTE SUB,PUBLIC,664
PUBLIC:665,WITHDRAWN,5.0,0.0,2012-01-12 08:00:00,,ENERGY ONLY,,COALINGA #1-TORNADO 70KV LINE; POLE NUMBER 4/3,FRESNO,PGAE,GALE AVENUE SOLAR,FT,COALINGA TORNADO POLE NUMBER 4 3,COALINGA #1-TORNADO,PUBLIC,665
PUBLIC:666,WITHDRAWN,5.0,0.0,2012-12-31 08:00:00,,ENERGY ONLY,,PITTSBURG - KIRKER - COLUMBIA STEEL 115 KV LINE,CONTRA COSTA,PGAE,COLUMBIA SOLAR ENERGY ,FT,PITTSBURG KIRKER COLUMBIA STEEL,PITTSBURG - KIRKER - COLUMBIA STEEL,PUBLIC,666
PUBLIC:667,WITHDRAWN,150.0,0.0,2021-12-31 08:00:00,Executed,FULL CAPACITY,,IMPERIAL VALLEY SUBSTATION 230KV,IMPERIAL,SDGE,ACORN GREENWORKS,C04,IMPERIAL VALLEY,IMPERIAL VALLEY SUBSTATION,PUBLIC,667
PUBLIC:668,WITHDRAWN,118.0,0.0,2014-09-01 07:00:00,,FULL CAPACITY,,MENDOTA 115 KV,FRESNO,PGAE,ADAME 1,C04,MENDOTA,MENDOTA,PUBLIC,668
PUBLIC:669,WITHDRAWN,502.0,0.0,2014-11-15 08:00:00,,FULL CAPACITY,,HIGHWIND SUBSTATION 230KV BUS,KERN,SCE,ALTA 15,C04,HIGHWIND,HIGHWIND SUBSTATION,PUBLIC,669
PUBLIC:672,WITHDRAWN,51.2,0.0,2013-03-31 07:00:00,,FULL CAPACITY,,WHIRLWIND SUBSTATION 66KV,KERN,SCE,APOLLO SOLAR,C04,WHIRLWIND,WHIRLWIND SUBSTATION,PUBLIC,672
PUBLIC:673,WITHDRAWN,250.0,0.0,2015-05-01 07:00:00,,ENERGY ONLY,,HASSAYAMPA - N. GILA 500 KV LINE,MARICOPA,SDGE,ARLINGTON VALLEY SOLAR ENERGY II,C04,HASSAYAMPA N GILA,HASSAYAMPA - N. GILA,PUBLIC,673
PUBLIC:674,WITHDRAWN,20.0,0.0,2013-11-01 07:00:00,,FULL CAPACITY,,ARCO - POLONIOS PASS 70KV,KERN,PGAE,AS LH PV 20MW,C04,ARCO POLONIOS PASS,ARCO - POLONIOS PASS,PUBLIC,674
PUBLIC:675,WITHDRAWN,100.0,0.0,2014-06-01 07:00:00,,FULL CAPACITY,,BELLOTA - TESLA 230 KV TAP,SAN JOAQUIN,PGAE,BELLOTA SOLAR FARM,C04,BELLOTA TESLA,BELLOTA - TESLA,PUBLIC,675
PUBLIC:676,WITHDRAWN,30.0,0.0,2014-12-31 08:00:00,,FULL CAPACITY,,BORREGO SUBSTATION 69KV BUS,SAN DIEGO,SDGE,BIG HORN 30MW PV PROJECT,C04,BORREGO,BORREGO SUBSTATION,PUBLIC,676
PUBLIC:677,WITHDRAWN,470.0,0.0,2015-06-16 07:00:00,,FULL CAPACITY,,IMPERIAL VALLEY SUB,IMPERIAL,SDGE,"BLACK ROCK 1,2,3,4, & 5,6",C04,IMPERIAL VALLEY,IMPERIAL VALLEY SUB,PUBLIC,677
PUBLIC:680,WITHDRAWN,1000.0,0.0,2018-03-31 07:00:00,,FULL CAPACITY,,DIABLO CANYON - MIDWAY #3 500 KV LINE,KERN,PGAE,KERN SOLAR RANCH (FKA CALIFORNIA SOLAR RANCH),C04,DIABLO CANYON MIDWAY,DIABLO CANYON - MIDWAY #3,PUBLIC,680
PUBLIC:681,WITHDRAWN,483.0,0.0,2015-05-01 07:00:00,,FULL CAPACITY,,SCE HIGHWIND SUBSTATION 230KV,KERN,SCE,CALAVERAS WIND PROJECT (100/383MW),C04,SCE HIGHWIND,SCE HIGHWIND SUBSTATION,PUBLIC,681
PUBLIC:682,WITHDRAWN,1.25,0.0,2013-01-01 08:00:00,,FULL CAPACITY,,MENDOTA BIOMASS TAP LINE 70 KV,FRESNO,PGAE,CALRENEW-1 EXPANSION,C04,MENDOTA BIOMASS,MENDOTA BIOMASS TAP LINE,PUBLIC,682
PUBLIC:683,WITHDRAWN,14.0,0.0,2014-07-10 07:00:00,,FULL CAPACITY,,CAMDEN SUBSTATION 70KV BUS,FRESNO,PGAE,CAMDEN 1,C04,CAMDEN,CAMDEN SUBSTATION,PUBLIC,683
PUBLIC:684,WITHDRAWN,7.0,0.0,2014-07-10 07:00:00,,FULL CAPACITY,,CARUTHERS - KINGSBURG 70KV,FRESNO,PGAE,CAMDEN 2,C04,CARUTHERS KINGSBURG,CARUTHERS - KINGSBURG,PUBLIC,684
PUBLIC:685,WITHDRAWN,45.0,0.0,2014-09-01 07:00:00,,ENERGY ONLY,,IMPERIAL VALLEY 230 KV BUS,IMPERIAL,SDGE,CENTINELA SOLAR ENERGY  EXPANSION II - 45 MW EXPANSION,C04,IMPERIAL VALLEY,IMPERIAL VALLEY,PUBLIC,685
PUBLIC:686,WITHDRAWN,48.0,0.0,2014-09-01 07:00:00,,FULL CAPACITY,,COLORADO RIVER SUBSTATION 230KV,RIVERSIDE,SCE,COLORADO RIVER 48 MW,C04,COLORADO RIVER,COLORADO RIVER SUBSTATION,PUBLIC,686
PUBLIC:688,WITHDRAWN,19.2,0.0,2014-09-01 07:00:00,,FULL CAPACITY,,HENRIETTA - LEMOORE 70 KV,KINGS,PGAE,COSTA,C04,HENRIETTA LEMOORE,HENRIETTA - LEMOORE,PUBLIC,688
PUBLIC:689,WITHDRAWN,1700.0,0.0,2016-05-01 07:00:00,,FULL CAPACITY,,FOUR CORNERS SUB 345KV BUS,LINCOLN,SCE,COWBOY MESA WIND,C04,FOUR CORNERS,FOUR CORNERS SUB,PUBLIC,689
PUBLIC:690,WITHDRAWN,300.0,0.0,2015-06-30 07:00:00,,FULL CAPACITY,,APPROX 4 MI SOUTH OF THE PENASQUITOS SUB ALONG THE EAST SIDE OF THE PENASQUITOS-OLD TOWN 230KV LINE,SAN DIEGO,SDGE,CPV NORTH CITY,C04,APPROX 4 MI SOUTH OF THE PENASQUITOS ALONG THE EAST SIDE OF THE PENASQUITOS OLD TOWN,APPROX 4 MI SOUTH OF THE PENASQUITOS SUB ALONG THE EAST SIDE OF THE PENASQUITOS-OLD TOWN,PUBLIC,690
PUBLIC:691,WITHDRAWN,3.0,0.0,2013-10-30 07:00:00,,FULL CAPACITY,,LAMBIE SWITCHING STATION 230 KV,SOLANO,PGAE,CREED ENERGY CENTER,C04,LAMBIE,LAMBIE SWITCHING STATION,PUBLIC,691
PUBLIC:692,WITHDRAWN,27.0,0.0,2013-12-31 08:00:00,,FULL CAPACITY,,CONTROL SUBSTATION 115KV BUS,MINERAL,SCE,DEADHORSE WELLS GEOTHERMAL PROJECT,C04,CONTROL,CONTROL SUBSTATION,PUBLIC,692
PUBLIC:693,WITHDRAWN,38.0,0.0,2013-03-01 08:00:00,,FULL CAPACITY,,DEL SUR SUBSTATION 66KV BUS,LOS ANGELES,SCE,DEL SUR SOLAR,C04,DEL SUR,DEL SUR SUBSTATION,PUBLIC,693
PUBLIC:694,WITHDRAWN,200.0,0.0,,,FULL CAPACITY,,"KEIM SUBSTATION, 500KV, 7.1 MILES NORTHEAST OF COLORADO RIVER STATION",RIVERSIDE,SCE,DESERT BELL SOLAR,C04,KEIM 7 1 MILES NORTHEAST OF COLORADO RIVER,"KEIM SUBSTATION,",PUBLIC,694
PUBLIC:695,WITHDRAWN,38.0,0.0,2014-12-31 08:00:00,,FULL CAPACITY,,CONTROL SUB 115KV BUS,CHURCHILL,SCE,DIXIE-COMSTOCK GEOTHERMAL PROJECT,C04,CONTROL,CONTROL SUB,PUBLIC,695
PUBLIC:696,WITHDRAWN,301.35,0.0,2014-11-01 07:00:00,,FULL CAPACITY,,"CORTINA - VACA 230; DELEVAN - VACA #1 230 KV, AND DELEVAN - VACA #2 230 KV",YOLO,PGAE,DUNNIGAN,C04,CORTINA VACA 230 DELEVAN VACA AND DELEVAN VACA,CORTINA - VACA 230; DELEVAN - VACA #1,PUBLIC,696
PUBLIC:697,WITHDRAWN,1400.0,0.0,2017-07-01 07:00:00,,FULL CAPACITY,,RED BLUFF SUBSTATION 230KV,RIVERSIDE,SCE,EAGLE MOUNTAIN PUMP STORAGE #3,C04,RED BLUFF,RED BLUFF SUBSTATION,PUBLIC,697
PUBLIC:698,WITHDRAWN,38.0,0.0,2014-12-31 08:00:00,,FULL CAPACITY,,CONTROL SUBSTATION 115KV BUS,CHURCHILL,SCE,EDWARDS CREEK GEOTHERMAL PROJECT,C04,CONTROL,CONTROL SUBSTATION,PUBLIC,698
PUBLIC:699,WITHDRAWN,45.0,0.0,2015-06-01 07:00:00,,FULL CAPACITY,,BORREGO SUBSTATION 69KV BUS,SAN DIEGO,SDGE,EE BORREGO II,C04,BORREGO,BORREGO SUBSTATION,PUBLIC,699
PUBLIC:700,WITHDRAWN,20.0,0.0,2015-12-31 08:00:00,,FULL CAPACITY,,ROSAMOND-DEL SUR 66KV LINE,KERN,SCE,EE ROSAMOND,C04,ROSAMOND DEL SUR,ROSAMOND-DEL SUR,PUBLIC,700
PUBLIC:701,WITHDRAWN,28.0,0.0,2013-12-31 08:00:00,,FULL CAPACITY,,BORREGO SUBSTATION 69KV,SAN DIEGO,SDGE,EGP SOLAR 1,C04,BORREGO,BORREGO SUBSTATION,PUBLIC,701
PUBLIC:702,WITHDRAWN,435.0,0.0,2020-03-31 07:00:00,Executed,FULL CAPACITY,,EL SEGUNDO SUBSTATION 230KV BUS,LOS ANGELES,SCE,EL SEGUNDO ENERGY CENTER 2 ( FKA EL SEGUNDO ENERGY CENTER-II),C04,EL SEGUNDO,EL SEGUNDO SUBSTATION,PUBLIC,702
PUBLIC:703,WITHDRAWN,100.0,0.0,2015-01-01 08:00:00,,FULL CAPACITY,,PANOCHE - ORO LOMA 115 KV TAP,FRESNO,PGAE,ENRICO MATSON III,C04,PANOCHE ORO LOMA,PANOCHE - ORO LOMA,PUBLIC,703
PUBLIC:704,WITHDRAWN,240.0,0.0,2013-12-31 08:00:00,,FULL CAPACITY,,MOJAVE GENERATING STATION 500 KV BUS,SAN BERNARDINO,SCE,FORT MOJAVE SOLAR FARMS 2,C04,MOJAVE,MOJAVE GENERATING STATION,PUBLIC,704
PUBLIC:706,WITHDRAWN,17.9,0.0,2014-03-01 08:00:00,,FULL CAPACITY,,GIFFEN SUBSTATION 70KV,FRESNO,PGAE,GIFFEN 1,C04,GIFFEN,GIFFEN SUBSTATION,PUBLIC,706
PUBLIC:707,WITHDRAWN,70.0,0.0,2014-07-01 07:00:00,,FULL CAPACITY,,SOLADO SUB 115 KV BUS,STANISLAUS,PGAE,GOLDEN HILLS SOLAR FARM,C04,SOLADO,SOLADO SUB,PUBLIC,707
PUBLIC:708,WITHDRAWN,50.0,0.0,2013-12-31 08:00:00,,FULL CAPACITY,,TESLA - KESLO 230 KV,ALAMEDA,PGAE,GOLDEN HILLS 1 WIND,C04,TESLA KESLO,TESLA - KESLO,PUBLIC,708
PUBLIC:710,WITHDRAWN,3.0,0.0,2013-11-30 08:00:00,,FULL CAPACITY,,LAMBIE SWITCHING STATION 230 KV,SOLANO,PGAE,GOOSE HAVEN ENERGY CENTER,C04,LAMBIE,LAMBIE SWITCHING STATION,PUBLIC,710
PUBLIC:711,WITHDRAWN,120.0,0.0,2013-12-31 08:00:00,,FULL CAPACITY,,CORCORAN-SMYRNA 115KV LINE,TULARE,PGAE,GREAT VALLEY SOLAR,C04,CORCORAN SMYRNA,CORCORAN-SMYRNA,PUBLIC,711
PUBLIC:712,WITHDRAWN,28.0,0.0,2015-05-01 07:00:00,,FULL CAPACITY,,HARBOR COGENERATION FACILITY,LOS ANGELES,SCE,HARBOR COGENERATION,C04,HARBOR COGENERATION FACILITY,HARBOR COGENERATION FACILITY,PUBLIC,712
PUBLIC:713,WITHDRAWN,400.0,0.0,2014-07-01 07:00:00,,FULL CAPACITY,,IMPERIAL VALLEY 230KV SUB,IMPERIAL,SDGE,HICKORY SOLAR FARM,C04,IMPERIAL VALLEY,IMPERIAL VALLEY,PUBLIC,713
PUBLIC:714,WITHDRAWN,540.0,0.0,2014-12-01 08:00:00,,FULL CAPACITY,,CRAZY EYE TAP SUBSTATION 230KV,NYE,VEA,HIDDEN HILLS RANCH,C04,CRAZY EYE,CRAZY EYE TAP SUBSTATION,PUBLIC,714
PUBLIC:715,WITHDRAWN,13.5,0.0,2013-02-01 08:00:00,,FULL CAPACITY,,JACOB CORNER SUBSTATION 70KV BUS,KINGS,PGAE,JACOBS CORNER SOLAR,C04,JACOB CORNER,JACOB CORNER SUBSTATION,PUBLIC,715
PUBLIC:716,WITHDRAWN,100.0,0.0,2014-07-01 07:00:00,,FULL CAPACITY,,COLORADO RIVER SUBSTATION 230KV BUS,RIVERSIDE,SCE,JUNIPER SOLAR FARM,C04,COLORADO RIVER,COLORADO RIVER SUBSTATION,PUBLIC,716
PUBLIC:717,WITHDRAWN,20.0,0.0,2013-06-01 07:00:00,,ENERGY ONLY,,ARCO SUB 70 KV BUS,KINGS,PGAE,KINGSOLAR I,C04,ARCO,ARCO SUB,PUBLIC,717
PUBLIC:718,WITHDRAWN,20.0,0.0,2014-06-01 07:00:00,,ENERGY ONLY,,ARCO SUB 70 KV BUS,KINGS,PGAE,KINGSOLAR III,C04,ARCO,ARCO SUB,PUBLIC,718
PUBLIC:719,WITHDRAWN,3.0,0.0,2013-11-30 08:00:00,,FULL CAPACITY,,LAMBIE SWITCHING STATION 230 KV,SOLANO,PGAE,LAMBIE ENERGY CENTER,C04,LAMBIE,LAMBIE SWITCHING STATION,PUBLIC,719
PUBLIC:721,WITHDRAWN,299.0,0.0,2013-12-31 08:00:00,,FULL CAPACITY,,TESLA - WESTLEY 230 KV LINE,ALAMEDA,PGAE,LONE TREE WIND,C04,TESLA WESTLEY,TESLA - WESTLEY,PUBLIC,721
PUBLIC:722,WITHDRAWN,299.0,0.0,2013-12-31 08:00:00,,FULL CAPACITY,,WINDHUB SUBSTATION 230KV,KERN,SCE,LOOP RANCH WIND,C04,WINDHUB,WINDHUB SUBSTATION,PUBLIC,722
PUBLIC:724,WITHDRAWN,500.0,0.0,2017-12-31 08:00:00,,FULL CAPACITY,,GATES 230 KV BUS,KINGS,PGAE,MADISON SOLAR,C04,GATES,GATES,PUBLIC,724
PUBLIC:725,WITHDRAWN,90.0,0.0,2014-07-01 07:00:00,,FULL CAPACITY,,HAMMOND SUB 115 KV,FRESNO,PGAE,MAGNOLIA SOLAR FARM,C04,HAMMOND,HAMMOND SUB,PUBLIC,725
PUBLIC:726,WITHDRAWN,150.0,0.0,2015-10-20 07:00:00,,FULL CAPACITY,,MIDWAY - WHEELER RIDGE #1 AND #2 230 KV,KERN,PGAE,MARICOPA CALIFORNIA SOLAR FARMS I,C04,MIDWAY WHEELER RIDGE AND,MIDWAY - WHEELER RIDGE #1 AND #2,PUBLIC,726
PUBLIC:727,WITHDRAWN,150.0,0.0,2013-10-30 07:00:00,,FULL CAPACITY,,MIDWAY - WHEELER RIDGE #1 & #2 230 KV,KERN,PGAE,MARICOPA CALIFORNIA SOLAR FARMS II,C04,MIDWAY WHEELER RIDGE,MIDWAY - WHEELER RIDGE #1 & #2,PUBLIC,727
PUBLIC:728,WITHDRAWN,20.0,0.0,2013-03-01 08:00:00,,FULL CAPACITY,,69 KV   POI IS AT A DESIGNATED GOOGLE COORDINATES,KINGS,PGAE,MARTELLA SOLAR ,C04,POI IS AT A DESIGNATED GOOGLE COORDINATES,,PUBLIC,728
PUBLIC:729,WITHDRAWN,75.0,0.0,2013-10-01 07:00:00,,FULL CAPACITY,,MENDOTA SUB 115 KV BUS,FRESNO,PGAE,MENDOTA SOLAR I,C04,MENDOTA,MENDOTA SUB,PUBLIC,729
PUBLIC:730,WITHDRAWN,500.0,0.0,2018-12-31 08:00:00,,FULL CAPACITY,,COLORADO RIVER SUBSTATION 230KV,RIVERSIDE,SCE,MESA SOLAR,C04,COLORADO RIVER,COLORADO RIVER SUBSTATION,PUBLIC,730
PUBLIC:731,WITHDRAWN,75.0,0.0,2014-07-01 07:00:00,,FULL CAPACITY,,KEARNEY SUB 230 KV,FRESNO,PGAE,MIMOSA SOLAR FARM,C04,KEARNEY,KEARNEY SUB,PUBLIC,731
PUBLIC:732,WITHDRAWN,200.0,0.0,2013-12-31 08:00:00,,FULL CAPACITY,,WINDHUB SUBSTATION 230KV BUS,KERN,SCE,MOJAVE VIEW SOLAR,C04,WINDHUB,WINDHUB SUBSTATION,PUBLIC,732
PUBLIC:733,WITHDRAWN,150.0,0.0,2013-12-31 08:00:00,,FULL CAPACITY,,COBURN SUB 230 KV,MONTEREY,PGAE,MONTEREY WIND,C04,COBURN,COBURN SUB,PUBLIC,733
PUBLIC:734,WITHDRAWN,250.0,0.0,2012-11-01 07:00:00,,FULL CAPACITY,,BIRDS LANDING SUBSTATION 230 KV,SOLANO,PGAE,MONTEZUMA WETLANDS,C04,BIRDS LANDING,BIRDS LANDING SUBSTATION,PUBLIC,734
PUBLIC:735,WITHDRAWN,200.0,0.0,2014-06-01 07:00:00,,FULL CAPACITY,,IMPERIAL VALLEY SUBSTATION 230KV,IMPERIAL,SDGE,MOUNT SIGNAL SOLAR FARM III,C04,IMPERIAL VALLEY,IMPERIAL VALLEY SUBSTATION,PUBLIC,735
PUBLIC:736,WITHDRAWN,150.0,0.0,2014-01-01 08:00:00,,FULL CAPACITY,,COLORADO RIVER SUBSTATION 230KV BUS,RIVERSIDE,SCE,MULE MOUNTAIN SOLAR PROJECT,C04,COLORADO RIVER,COLORADO RIVER SUBSTATION,PUBLIC,736
PUBLIC:737,WITHDRAWN,4.7,0.0,2014-07-14 07:00:00,Executed,FULL CAPACITY,,NORTH ISLAND METERING STATION 69 KV,SAN DIEGO,SDGE,NAS NORTH ISLAND COGENERATION,C04,NORTH ISLAND METERING,NORTH ISLAND METERING STATION,PUBLIC,737
PUBLIC:739,WITHDRAWN,20.0,0.0,2013-03-07 08:00:00,,FULL CAPACITY,,OTAY MESA SUBSTATION,SAN DIEGO,SDGE,OTAY MESA ENERGY CENTER UPGRADE,C04,OTAY MESA,OTAY MESA SUBSTATION,PUBLIC,739
PUBLIC:740,WITHDRAWN,270.0,0.0,2016-09-30 07:00:00,,FULL CAPACITY,,CRAZY EYES TAP 230KV,CLARK,VEA,SANDY VALLEY PHASE I SEGS (FKA PAHRUMP VALLEY SEGS),C04,CRAZY EYES,CRAZY EYES TAP,PUBLIC,740
PUBLIC:741,WITHDRAWN,3000.0,0.0,2020-01-01 08:00:00,,FULL CAPACITY,,ELDORADO SUBSTATION 500KV BUS,PLATTE,SCE,PATHFINDER RENEWABLE WIND ENERGY,C04,ELDORADO,ELDORADO SUBSTATION,PUBLIC,741
PUBLIC:742,WITHDRAWN,20.0,0.0,2013-03-01 08:00:00,,FULL CAPACITY,,LINE TAP TO 69 KV - PLAINFIELD,YOLO,PGAE,PLAINFIELD SOLAR ,C04,TO PLAINFIELD,LINE TAP TO,PUBLIC,742
PUBLIC:743,WITHDRAWN,100.0,0.0,2015-05-02 07:00:00,,FULL CAPACITY,,MORROW BAY - MIDWAY #1 & #2 230 KV,KERN,PGAE,BOLTHOUSE SOLAR (FKA PUMPJACK SOLAR),C04,MORROW BAY MIDWAY,MORROW BAY - MIDWAY #1 & #2,PUBLIC,743
PUBLIC:745,WITHDRAWN,20.0,0.0,2013-12-31 08:00:00,,FULL CAPACITY,,COALINGA - GATES #1 70 KV,FRESNO,PGAE,RE ALPINE,C04,COALINGA GATES,COALINGA - GATES #1,PUBLIC,745
PUBLIC:747,WITHDRAWN,20.0,0.0,2013-12-31 08:00:00,,FULL CAPACITY,,SMYRNA - SEMITROPIC - MIDWAY 115 KV,KERN,PGAE,RE BLUE STAR,C04,SMYRNA SEMITROPIC MIDWAY,SMYRNA - SEMITROPIC - MIDWAY,PUBLIC,747
PUBLIC:748,WITHDRAWN,20.0,0.0,2013-12-31 08:00:00,,FULL CAPACITY,,SMYRNA - SEMITROPIC - MIDWAY 115 KV LINE,KERN,PGAE,RE CANNON,C04,SMYRNA SEMITROPIC MIDWAY,SMYRNA - SEMITROPIC - MIDWAY,PUBLIC,748
PUBLIC:749,WITHDRAWN,5.0,0.0,2013-12-31 08:00:00,,FULL CAPACITY,,OLD RIVER - KERN #1 70 KV,KERN,PGAE,RE COBB,C04,OLD RIVER KERN,OLD RIVER - KERN #1,PUBLIC,749
PUBLIC:750,WITHDRAWN,20.0,0.0,2014-12-31 08:00:00,,FULL CAPACITY,,EITHER GOLDTOWN-CORUM OR GOLDTOWN-LANCASTER 66KV LINE ON HOLT ST.,KERN,SCE,RE GOLDTOWN,C04,EITHER GOLDTOWN CORUM OR GOLDTOWN LANCASTER ON HOLT ST,EITHER GOLDTOWN-CORUM OR GOLDTOWN-LANCASTER,PUBLIC,750
PUBLIC:751,WITHDRAWN,5.0,0.0,2013-12-31 08:00:00,,FULL CAPACITY,,STROUT SW STATION 70KV,FRESNO,PGAE,RE JAMESON,C04,STROUT,STROUT SW STATION,PUBLIC,751
PUBLIC:752,WITHDRAWN,12.0,0.0,2014-12-31 08:00:00,,FULL CAPACITY,,GUERNSEY - HENRIETTA  70 KV,KINGS,PGAE,RE LINCOLN,C04,GUERNSEY HENRIETTA,GUERNSEY - HENRIETTA,PUBLIC,752
PUBLIC:753,WITHDRAWN,3.0,0.0,2013-12-31 08:00:00,,FULL CAPACITY,,GATES - COALINGA #1 70 KV,FRESNO,PGAE,RE MONTEREY,C04,GATES COALINGA,GATES - COALINGA #1,PUBLIC,753
PUBLIC:754,WITHDRAWN,300.0,0.0,2014-12-31 08:00:00,,FULL CAPACITY,,220KV RED BLUFF SUBSTATION,RIVERSIDE,SCE,RE OASIS,C04,RED BLUFF,,PUBLIC,754
PUBLIC:755,WITHDRAWN,20.0,0.0,2013-12-31 08:00:00,,FULL CAPACITY,,GATES - COALINGA #1 70 KV,FRESNO,PGAE,RE OIL CITY,C04,GATES COALINGA,GATES - COALINGA #1,PUBLIC,755
PUBLIC:756,WITHDRAWN,60.0,0.0,2013-12-31 08:00:00,,FULL CAPACITY,,BORREGO SUBSTATION 69KV,SAN DIEGO,SDGE,RE PADRE,C04,BORREGO,BORREGO SUBSTATION,PUBLIC,756
PUBLIC:757,WITHDRAWN,20.0,0.0,2013-12-31 08:00:00,,FULL CAPACITY,,GATES - COALINGA #1 70 KV,FRESNO,PGAE,RE PALMER,C04,GATES COALINGA,GATES - COALINGA #1,PUBLIC,757
PUBLIC:758,WITHDRAWN,19.98,0.0,2014-12-31 08:00:00,,FULL CAPACITY,,GOLDTOWN-CORUM OR GOLDTOWN-LANCASTER 66KV LINE,KERN,SCE,RE SOLEDAD,C04,GOLDTOWN CORUM OR GOLDTOWN LANCASTER,GOLDTOWN-CORUM OR GOLDTOWN-LANCASTER,PUBLIC,758
PUBLIC:759,WITHDRAWN,20.0,0.0,2013-12-31 08:00:00,,FULL CAPACITY,,GATES - COALINGA #1 70 KV,FRESNO,PGAE,RE TRACTOR,C04,GATES COALINGA,GATES - COALINGA #1,PUBLIC,759
PUBLIC:760,WITHDRAWN,20.0,0.0,2013-12-31 08:00:00,,FULL CAPACITY,,SMYRNA - SEMITROPIC - MIDWAY #1 115 KV,KERN,PGAE,RE WILDWOOD,C04,SMYRNA SEMITROPIC MIDWAY,SMYRNA - SEMITROPIC - MIDWAY #1,PUBLIC,760
PUBLIC:761,WITHDRAWN,20.0,0.0,2014-12-31 08:00:00,,FULL CAPACITY,,CAL CEMENT-ANTELOPE 66KV LINE,KERN,SCE,RE WILLOW SPRINGS,C04,CAL CEMENT ANTELOPE,CAL CEMENT-ANTELOPE,PUBLIC,761
PUBLIC:762,WITHDRAWN,70.0,0.0,2014-07-01 07:00:00,,FULL CAPACITY,,CONTRA COSTA-DELTA SW YARD 230KV,CONTRA COSTA,PGAE,SAGE SOLAR FARM,C04,CONTRA COSTA DELTA YARD,CONTRA COSTA-DELTA SW YARD,PUBLIC,762
PUBLIC:763,WITHDRAWN,20.0,0.0,2013-12-01 08:00:00,,FULL CAPACITY,,STROUD SW STA   70 KV,FRESNO,PGAE,SAN JOAQUIN 2B,C04,STROUD,STROUD SW STA,PUBLIC,763
PUBLIC:764,WITHDRAWN,508.0,0.0,2014-12-31 08:00:00,,FULL CAPACITY,,IMPERIAL VALLEY SUBSTATION 500KV BUS,ENSENADA,SDGE,SANTA CATARINA WIND,C04,IMPERIAL VALLEY,IMPERIAL VALLEY SUBSTATION,PUBLIC,764
PUBLIC:765,WITHDRAWN,30.0,0.0,2013-10-01 07:00:00,,FULL CAPACITY,,SALADO - NEWMAN 60 KV,STANISLAUS,PGAE,FRONTIER SOLAR II (FKA SCATEC WESTSIDE SOLAR RANCH II),C04,SALADO NEWMAN,SALADO - NEWMAN,PUBLIC,765
PUBLIC:766,WITHDRAWN,150.0,0.0,2014-12-31 08:00:00,,FULL CAPACITY,,IMPERIAL VALLEY SUBSTATION 230KV BUS,IMPERIAL,SDGE,SILVERTREE GREENWORKS,C04,IMPERIAL VALLEY,IMPERIAL VALLEY SUBSTATION,PUBLIC,766
PUBLIC:767,WITHDRAWN,400.0,0.0,2015-07-01 07:00:00,,FULL CAPACITY,,HIGHWIND SUBSTATION 230KV BUS,KERN,SCE,SOLDIER FLAT,C04,HIGHWIND,HIGHWIND SUBSTATION,PUBLIC,767
PUBLIC:770,WITHDRAWN,1080.0,0.0,2015-06-30 07:00:00,,FULL CAPACITY,,ECO SUB 230KV,IMPERIAL,SDGE,SUNCREST IMPERIAL SEGS,C04,ECO,ECO SUB,PUBLIC,770
PUBLIC:771,WITHDRAWN,14.0,0.0,2013-03-01 08:00:00,,FULL CAPACITY,,PLUTE-LANCASTER 66KV LINE,LOS ANGELES,SCE,TA-EAST LANCASTER,C04,PLUTE LANCASTER,PLUTE-LANCASTER,PUBLIC,771
PUBLIC:772,WITHDRAWN,100.0,0.0,2014-06-01 07:00:00,,FULL CAPACITY,,STANISLAUS - MANTECA #2 115 KV LINE,SAN JOAQUIN,PGAE,TESLA SOLAR FARM,C04,STANISLAUS MANTECA,STANISLAUS - MANTECA #2,PUBLIC,772
PUBLIC:773,WITHDRAWN,18.0,0.0,2013-06-01 07:00:00,,FULL CAPACITY,,ELK CREEK 60 KV TAP,GLENN,PGAE,THUNDERHILL SOLAR POWER UNIT 2,C04,ELK CREEK,ELK CREEK,PUBLIC,773
PUBLIC:774,WITHDRAWN,38.0,0.0,2013-12-31 08:00:00,,FULL CAPACITY,,CONTROL SUBSTATION 115 KV BUS,CHURCHILL,SCE,TUNGSTEN MOUNTAIN GEOTHERMAL PROJECT,C04,CONTROL,CONTROL SUBSTATION,PUBLIC,774
PUBLIC:776,WITHDRAWN,25.0,0.0,2014-12-31 08:00:00,,FULL CAPACITY,,TULARE LAKE - ARCO 70 KV,KINGS,PGAE,UTICA 25MW PV PROJECT,C04,TULARE LAKE ARCO,TULARE LAKE - ARCO,PUBLIC,776
PUBLIC:777,WITHDRAWN,400.0,0.0,2015-07-01 07:00:00,,FULL CAPACITY,,PASTORIA-MAGUNDEN 230KV LINE,KERN,SCE,WELLHEAD POWER KERN 3,C04,PASTORIA MAGUNDEN,PASTORIA-MAGUNDEN,PUBLIC,777
PUBLIC:780,WITHDRAWN,30.0,0.0,2013-03-01 08:00:00,,FULL CAPACITY,,WOODLAND - ZAMORA - RIO OSO #2  115KV BUS,YOLO,PGAE,ZAMORA SOLAR,C04,WOODLAND ZAMORA RIO OSO,WOODLAND - ZAMORA - RIO OSO #2,PUBLIC,780
PUBLIC:781,WITHDRAWN,0.1,0.0,2015-11-30 08:00:00,,FULL CAPACITY,,BARRETT-CAMERON 69KV LINE,SAN DIEGO,SDGE,ZODIAC SOLAR,C04,BARRETT CAMERON,BARRETT-CAMERON,PUBLIC,781
PUBLIC:782,WITHDRAWN,100.0,0.0,2014-06-01 07:00:00,,FULL CAPACITY,,JASPER SWITCHING STATION 220KV BUS,SAN BERNARDINO,SCE,CSED BARSTOW ROAD 100 MW PV GENERATING STATION,C04,JASPER,JASPER SWITCHING STATION,PUBLIC,782
PUBLIC:783,WITHDRAWN,200.0,0.0,2018-06-01 07:00:00,,FULL CAPACITY,,COOL WATER SUBSTATION 115KV,SAN BERNARDINO,SCE,DAGGETT SOLAR PROJECT,C04,COOL WATER,COOL WATER SUBSTATION,PUBLIC,783
PUBLIC:784,WITHDRAWN,50.0,0.0,2014-06-02 07:00:00,,FULL CAPACITY,,SCHULTE SUB 115 KV,SAN JOAQUIN,PGAE,GWF TRACY SOLAR,C04,SCHULTE,SCHULTE SUB,PUBLIC,784
PUBLIC:785,WITHDRAWN,16.0,0.0,2013-01-05 08:00:00,,FULL CAPACITY,,SILVER QUEEN-GOLDTOWN 69KV LINE,KERN,SCE,HIGH DESERT SOLAR,C04,SILVER QUEEN GOLDTOWN,SILVER QUEEN-GOLDTOWN,PUBLIC,785
PUBLIC:786,WITHDRAWN,80.0,0.0,2014-12-01 08:00:00,,FULL CAPACITY,,WINDHUB SUBSTATION 66KV,KERN,SCE,HIGHWAY 58 SOLAR ENERGY PROJECT,C04,WINDHUB,WINDHUB SUBSTATION,PUBLIC,786
PUBLIC:787,WITHDRAWN,8.0,0.0,2015-01-01 08:00:00,,FULL CAPACITY,,ARCO-CARNERAS 70 KV LINE,KERN,PGAE,REDDY I,C04,ARCO CARNERAS,ARCO-CARNERAS,PUBLIC,787
PUBLIC:788,WITHDRAWN,100.0,0.0,2018-06-01 07:00:00,,FULL CAPACITY,,ANTELOPE SUBSTATION 66KV BUS,LOS ANGELES,SCE,ROYAL SOLAR PROJECT,C04,ANTELOPE,ANTELOPE SUBSTATION,PUBLIC,788
PUBLIC:789,WITHDRAWN,71.88,0.0,2025-04-01 07:00:00,Executed,ENERGY ONLY,,BOULEVARD EAST SUBSTATION 69 KV,SAN DIEGO,SDGE,RUGGED SOLAR FARM,C04,BOULEVARD EAST,BOULEVARD EAST SUBSTATION,PUBLIC,789
PUBLIC:790,WITHDRAWN,45.0,0.0,2014-06-01 07:00:00,,FULL CAPACITY,,ANTELOPE-ROSAMOND 66KV LINE,KERN,SCE,SUNSHINE 3,C04,ANTELOPE ROSAMOND,ANTELOPE-ROSAMOND,PUBLIC,790
PUBLIC:791,WITHDRAWN,150.0,0.0,2013-07-31 07:00:00,,FULL CAPACITY,,ANTELOPE SUBSTATION 220KV BUS,LOS ANGELES,SCE,WILDFLOWER GREEN ENERGY FARM- SOLAR,C04,ANTELOPE,ANTELOPE SUBSTATION,PUBLIC,791
PUBLIC:792,WITHDRAWN,200.0,0.0,2015-12-15 08:00:00,,FULL CAPACITY,,IVANPAH SUBSTATION 220KV BUS,SAN BERNARDINO,SCE,SILURIAN VALLEY WIND,C04,IVANPAH,IVANPAH SUBSTATION,PUBLIC,792
PUBLIC:793,WITHDRAWN,75.0,0.0,2015-12-31 08:00:00,,FULL CAPACITY,,GOLDTOWN SUBSTATION 66KV BUS,KERN,SCE,TCA SOLAR GOLDTOWN,C04,GOLDTOWN,GOLDTOWN SUBSTATION,PUBLIC,793
PUBLIC:794,WITHDRAWN,45.0,0.0,2016-05-31 07:00:00,,FULL CAPACITY,,BOULEVARD EAST SUBSTATION 138KV,SAN DIEGO,SDGE,TIERRA DEL SOL SOLAR FARM,C04,BOULEVARD EAST,BOULEVARD EAST SUBSTATION,PUBLIC,794
PUBLIC:797,WITHDRAWN,0.5,0.0,2014-12-31 08:00:00,,FULL CAPACITY,,RED BLUFF SUBSTATION 230KV,RIVERSIDE,SCE,HOLLY RANCH,C04,RED BLUFF,RED BLUFF SUBSTATION,PUBLIC,797
PUBLIC:798,WITHDRAWN,221.0,0.0,2018-09-30 07:00:00,,ENERGY ONLY,,COLORADO RIVER SUBSTATION 230KV,RIVERSIDE,SCE,SP BLYTHE 1,C04,COLORADO RIVER,COLORADO RIVER SUBSTATION,PUBLIC,798
PUBLIC:799,WITHDRAWN,0.1,0.0,2015-11-30 08:00:00,,FULL CAPACITY,,MENDOTA-SAN JOAQUIN-HELM 70KV,FRESNO,PGAE,ASPIRATION SOLAR D,C04,MENDOTA SAN JOAQUIN HELM,MENDOTA-SAN JOAQUIN-HELM,PUBLIC,799
PUBLIC:800,WITHDRAWN,0.1,0.0,2015-11-30 08:00:00,,FULL CAPACITY,,MENDOTA-SAN JOAQUIN-HELM 70KV,FRESNO,PGAE,ASPIRATION SOLAR E,C04,MENDOTA SAN JOAQUIN HELM,MENDOTA-SAN JOAQUIN-HELM,PUBLIC,800
PUBLIC:801,WITHDRAWN,75.0,0.0,2014-02-28 08:00:00,,FULL CAPACITY,,BUTTE-TABLE MOUNTAIN 115KV NO. 2,BUTTE,PGAE,BUTTE SOLAR,C04,BUTTE TABLE MOUNTAIN,BUTTE-TABLE MOUNTAIN,PUBLIC,801
PUBLIC:802,WITHDRAWN,150.0,0.0,2013-12-31 08:00:00,,ENERGY ONLY,,500KV AT OCOTILLO EXPRESS,IMPERIAL,SDGE,CANDLEWOOD WIND,C03,AT OCOTILLO EXPRESS,,PUBLIC,802
PUBLIC:803,WITHDRAWN,1080.0,0.0,2015-06-30 07:00:00,,FULL CAPACITY,,MIDWAY - WHEELER RIDGE #1 & #2 230 KV,KERN,PGAE,CENTRAL VALLEY I SEGS,C04,MIDWAY WHEELER RIDGE,MIDWAY - WHEELER RIDGE #1 & #2,PUBLIC,803
PUBLIC:804,WITHDRAWN,540.0,0.0,2015-12-01 08:00:00,,FULL CAPACITY,,ARCO SUBSTATION  230 KV BUS,KERN,PGAE,CENTRAL VALLEY II SEGS,C04,ARCO,ARCO SUBSTATION,PUBLIC,804
PUBLIC:805,WITHDRAWN,0.1,0.0,2015-11-30 08:00:00,,FULL CAPACITY,,MENDOTA-SAN JOAQUIN-HELM 69K,FRESNO,PGAE,CITIZEN SOLAR C,C04,MENDOTA SAN JOAQUIN HELM 69K,MENDOTA-SAN JOAQUIN-HELM 69K,PUBLIC,805
PUBLIC:806,WITHDRAWN,0.1,0.0,2015-11-30 08:00:00,,FULL CAPACITY,,MENDOTA-SAN JOAQUIN-HELM 70 KV,FRESNO,PGAE,CITIZEN SOLAR D,C04,MENDOTA SAN JOAQUIN HELM,MENDOTA-SAN JOAQUIN-HELM,PUBLIC,806
PUBLIC:807,WITHDRAWN,300.0,0.0,2014-09-15 07:00:00,,FULL CAPACITY,,HARQUAHALA SUBSTATION 500KV,MARICOPA,SCE,CVH POWER I,C04,HARQUAHALA,HARQUAHALA SUBSTATION,PUBLIC,807
PUBLIC:808,WITHDRAWN,700.0,0.0,2014-09-15 07:00:00,,FULL CAPACITY,,HARQUAHALA SUBSTATION 500KV,MARICOPA,SCE,CVH POWER II,C04,HARQUAHALA,HARQUAHALA SUBSTATION,PUBLIC,808
PUBLIC:809,WITHDRAWN,0.1,0.0,2017-05-30 07:00:00,,FULL CAPACITY,,STROUD SWITCHING STATION 70KV,FRESNO,PGAE,ELEVATION SOLAR C,C04,STROUD,STROUD SWITCHING STATION,PUBLIC,809
PUBLIC:810,WITHDRAWN,100.0,0.0,2014-02-28 08:00:00,,FULL CAPACITY,,GATES-MCCALL 230KV,FRESNO,PGAE,FRESNO SOLAR,C04,GATES MCCALL,GATES-MCCALL,PUBLIC,810
PUBLIC:811,WITHDRAWN,20.0,0.0,2013-12-25 08:00:00,,FULL CAPACITY,,SCHINDLER SUBSTATION 115 KV BUS,FRESNO,PGAE,GRAHAM SOLAR FARM I EXPANSION,C04,SCHINDLER,SCHINDLER SUBSTATION,PUBLIC,811
PUBLIC:812,WITHDRAWN,20.0,0.0,2013-12-25 08:00:00,,FULL CAPACITY,,SCHINDLER SUBSTATION 115 KV BUS,FRESNO,PGAE,GRAHAM SOLAR FARM II,C04,SCHINDLER,SCHINDLER SUBSTATION,PUBLIC,812
PUBLIC:813,WITHDRAWN,20.0,0.0,2013-12-25 08:00:00,,FULL CAPACITY,,SCHINDLER SUBSTATION 115 KV BUS,FRESNO,PGAE,GRAHAM SOLAR FARM II EXPANSION,C04,SCHINDLER,SCHINDLER SUBSTATION,PUBLIC,813
PUBLIC:814,WITHDRAWN,0.1,0.0,2017-05-30 07:00:00,,FULL CAPACITY,,STROUD SWITCHING STATION 70KV,FRESNO,PGAE,INSPIRATION SOLAR C,C04,STROUD,STROUD SWITCHING STATION,PUBLIC,814
PUBLIC:815,WITHDRAWN,0.1,0.0,2017-05-30 07:00:00,,FULL CAPACITY,,STROUD SWITCHING STATION 70KV,FRESNO,PGAE,INSPIRATION SOLAR E,C04,STROUD,STROUD SWITCHING STATION,PUBLIC,815
PUBLIC:816,WITHDRAWN,0.1,0.0,2017-05-30 07:00:00,,FULL CAPACITY,,STROUD SWITCHING STATION 70KV,FRESNO,PGAE,INSPIRATION SOLAR F,C04,STROUD,STROUD SWITCHING STATION,PUBLIC,816
PUBLIC:817,WITHDRAWN,20.0,0.0,2012-06-30 07:00:00,,FULL CAPACITY,,HENRIETTA-GWF 115KV,TULARE,PGAE,JERSEY AVE 20 MW SOLAR PROJECT,C04,HENRIETTA GWF,HENRIETTA-GWF,PUBLIC,817
PUBLIC:818,WITHDRAWN,20.0,0.0,2013-06-30 07:00:00,,FULL CAPACITY,,LE GRAND 115 KV,MERCED,PGAE,LE GRAND CA 20 MW SOLAR PROJECT,C04,LE GRAND,LE GRAND,PUBLIC,818
PUBLIC:819,WITHDRAWN,250.0,0.0,2014-12-31 08:00:00,,FULL CAPACITY,,GATES SUBSTATION 500 KV,KINGS,PGAE,WESTLANDS LEMOORE SOLAR,C04,GATES,GATES SUBSTATION,PUBLIC,819
PUBLIC:820,WITHDRAWN,0.1,0.0,2016-12-31 08:00:00,,FULL CAPACITY,,MENDOTA SUB 115KV BUS,FRESNO,PGAE,LIBERTY SOLAR,C04,MENDOTA,MENDOTA SUB,PUBLIC,820
PUBLIC:821,WITHDRAWN,60.0,0.0,2014-02-28 08:00:00,,FULL CAPACITY,,BORDEN SUB 70 KV BUS,MADERA,PGAE,MADERA SOLAR,C04,BORDEN,BORDEN SUB,PUBLIC,821
PUBLIC:822,WITHDRAWN,110.0,0.0,2014-02-28 08:00:00,,FULL CAPACITY,,GATES - MIDWAY 230 KV,KINGS,PGAE,WESTSIDE RENEWAL PV PROJECT,C04,GATES MIDWAY,GATES - MIDWAY,PUBLIC,822
PUBLIC:823,WITHDRAWN,0.1,0.0,2017-05-30 07:00:00,,FULL CAPACITY,,ORO LOMA - PANOCHE 115 KV,FRESNO,PGAE,NORTH VALLEY SOLAR,C04,ORO LOMA PANOCHE,ORO LOMA - PANOCHE,PUBLIC,823
PUBLIC:824,WITHDRAWN,20.0,0.0,2018-03-31 07:00:00,,ENERGY ONLY,,MENDOTA SUB 115 KV BUS,FRESNO,PGAE,PATRIOT SOLAR A,C04,MENDOTA,MENDOTA SUB,PUBLIC,824
PUBLIC:825,WITHDRAWN,20.0,0.0,2018-03-31 07:00:00,,ENERGY ONLY,,MENDOTA SUB 115 KV BUS,FRESNO,PGAE,PATRIOT SOLAR B,C04,MENDOTA,MENDOTA SUB,PUBLIC,825
PUBLIC:826,WITHDRAWN,20.0,0.0,2013-12-31 08:00:00,,FULL CAPACITY,,WESTFIELD SUB 70 KV,KERN,PGAE,ORION SOLAR KERN COUNTY 3,C04,WESTFIELD,WESTFIELD SUB,PUBLIC,826
PUBLIC:827,WITHDRAWN,100.0,0.0,2014-02-28 08:00:00,,FULL CAPACITY,,BELLOTA - TESLA #2 230 KV,SAN JOAQUIN,PGAE,SAN JOAQUIN SOLAR,C04,BELLOTA TESLA,BELLOTA - TESLA #2,PUBLIC,827
PUBLIC:828,WITHDRAWN,50.0,0.0,2014-04-30 07:00:00,,FULL CAPACITY,,SMYRNA SUB 115 KV BUS,KERN,PGAE,SEMITROPIC SOLAR,C04,SMYRNA,SMYRNA SUB,PUBLIC,828
PUBLIC:830,WITHDRAWN,80.0,0.0,2014-02-28 08:00:00,,FULL CAPACITY,,VACA - DIXON SUB 115 KV BUS,SOLANO,PGAE,SOLANO SOLAR,C04,VACA DIXON,VACA - DIXON SUB,PUBLIC,830
PUBLIC:831,WITHDRAWN,270.0,0.0,2016-10-31 07:00:00,,FULL CAPACITY,,COLORADO RIVER SUBSTATION  230KV,RIVERSIDE,SCE,SONORAN WEST I SEGS,C04,COLORADO RIVER,COLORADO RIVER SUBSTATION,PUBLIC,831
PUBLIC:832,WITHDRAWN,75.0,0.0,2014-02-28 08:00:00,,FULL CAPACITY,,TESLA - MILLER 115 KV,STANISLAUS,PGAE,STANISLAUS SOLAR,C04,TESLA MILLER,TESLA - MILLER,PUBLIC,832
PUBLIC:833,WITHDRAWN,20.0,0.0,2013-12-01 08:00:00,,FULL CAPACITY,,COALINGA   70 KV,FRESNO,PGAE,WARTHAN CREEK SOLAR PROJECT,C04,COALINGA,COALINGA,PUBLIC,833
PUBLIC:834,WITHDRAWN,49.0,0.0,2013-06-01 07:00:00,,FULL CAPACITY,,GORMAN-KERN RIVER 66KV LINE,KERN,SCE,WELLHEAD POWER KERN 1,C04,GORMAN KERN RIVER,GORMAN-KERN RIVER,PUBLIC,834
PUBLIC:835,WITHDRAWN,800.0,0.0,2018-02-01 08:00:00,,FULL CAPACITY,,GATES SUB 500 KV BUS,KINGS,PGAE,WSP 3,C04,GATES,GATES SUB,PUBLIC,835
PUBLIC:836,WITHDRAWN,150.0,0.0,2015-12-01 08:00:00,,FULL CAPACITY,,NORTH GILA SUBSTATION 500 KV,YUMA,SDGE,AREVA SOLAR AZ I,C04,NORTH GILA,NORTH GILA SUBSTATION,PUBLIC,836
PUBLIC:837,WITHDRAWN,20.0,0.0,2016-02-01 08:00:00,,FULL CAPACITY,,EAST COUNTY (ECO) SUBSTATION 138KV,SAN DIEGO,SDGE,JACUMBA II SOLAR FARM,C04,EAST COUNTY,EAST COUNTY (ECO) SUBSTATION,PUBLIC,837
PUBLIC:839,WITHDRAWN,100.0,0.0,2015-11-30 08:00:00,,FULL CAPACITY,,COLORADO RIVER SUBSTATION 230KV BUS,IMPERIAL,SCE,DESERT HARVEST SOLAR FARM,C04,COLORADO RIVER,COLORADO RIVER SUBSTATION,PUBLIC,839
PUBLIC:840,WITHDRAWN,300.0,0.0,2015-12-31 08:00:00,,FULL CAPACITY,,COLORADO RIVER SUBSTATION 230KV BUS,RIVERSIDE,SCE,DESERT QUARTZITE SOLAR,C04,COLORADO RIVER,COLORADO RIVER SUBSTATION,PUBLIC,840
PUBLIC:841,WITHDRAWN,250.0,0.0,2014-09-01 07:00:00,,FULL CAPACITY,,HASSAYAMPA-NORTH GILA 500KV,YUMA,SDGE,HYDER SOLAR ENERGY PROJECT,C04,HASSAYAMPA NORTH GILA,HASSAYAMPA-NORTH GILA,PUBLIC,841
PUBLIC:842,WITHDRAWN,540.0,0.0,2016-10-31 07:00:00,,FULL CAPACITY,,JASPER SUBSTATION 220KV,SAN BERNARDINO,SCE,JASPER SEGS (FKA SONORAN WEST II),C04,JASPER,JASPER SUBSTATION,PUBLIC,842
PUBLIC:843,WITHDRAWN,35.3,0.0,2013-12-01 08:00:00,,FULL CAPACITY,,66KV WINDHUB SUBSTATION,KERN,SCE,OAK CREEK SOLAR I,C04,WINDHUB,,PUBLIC,843
PUBLIC:844,WITHDRAWN,20.0,0.0,2014-12-31 08:00:00,,FULL CAPACITY,,CAL CEMENT-ANTELOPE 66KV LINE,KERN,SCE,RE JUNIPER,C04,CAL CEMENT ANTELOPE,CAL CEMENT-ANTELOPE,PUBLIC,844
PUBLIC:845,WITHDRAWN,15.0,0.0,2015-09-15 07:00:00,,FULL CAPACITY,,CORUM-GOLDTOWN 69KV LINE,KERN,SCE,SIERRA VIEW SOLAR III,C04,CORUM GOLDTOWN,CORUM-GOLDTOWN,PUBLIC,845
PUBLIC:846,WITHDRAWN,510.0,0.0,2017-04-30 07:00:00,,FULL CAPACITY,,IMPERIAL VALLEY 230-KV SUBSTATION,IMPERIAL,SDGE,SOLAR FOUR,C04,IMPERIAL VALLEY 230 KV,IMPERIAL VALLEY 230-KV SUBSTATION,PUBLIC,846
PUBLIC:847,WITHDRAWN,20.0,0.0,2016-01-01 08:00:00,,FULL CAPACITY,,KRAMER-VICTOR 115KV LINE,SAN BERNARDINO,SCE,SUN HILL RANCH SOLAR 1,C04,KRAMER VICTOR,KRAMER-VICTOR,PUBLIC,847
PUBLIC:848,WITHDRAWN,20.0,0.0,2013-12-01 08:00:00,,FULL CAPACITY,,IMPERIAL VALLEY SUBSTATION 12KV BUS,IMPERIAL,SDGE,VALLE DEL SOL,C04,IMPERIAL VALLEY,IMPERIAL VALLEY SUBSTATION,PUBLIC,848
PUBLIC:849,WITHDRAWN,100.0,0.0,2016-12-31 08:00:00,,FULL CAPACITY,,WHIRLWIND SUBSTATION 230KV,KERN,SCE,WILLOW SOLAR,C04,WHIRLWIND,WHIRLWIND SUBSTATION,PUBLIC,849
PUBLIC:850,WITHDRAWN,25.0,0.0,2014-12-31 08:00:00,,FULL CAPACITY,,REDMAN-LANCASTER 66KV LINE,LOS ANGELES,SCE,CHALLENGER,C04,REDMAN LANCASTER,REDMAN-LANCASTER,PUBLIC,850
PUBLIC:851,WITHDRAWN,70.0,0.0,2013-08-01 07:00:00,,FULL CAPACITY,,CONTROL SUBSTATION 115KV,CHURCHILL,SCE,COYOTE CANYON,C04,CONTROL,CONTROL SUBSTATION,PUBLIC,851
PUBLIC:852,WITHDRAWN,25.0,0.0,2014-06-30 07:00:00,,FULL CAPACITY,,ROSAMOND-CAL CEMENT 66KV LINE,KERN,SCE,FAVORITO,C04,ROSAMOND CAL CEMENT,ROSAMOND-CAL CEMENT,PUBLIC,852
PUBLIC:853,WITHDRAWN,20.0,0.0,2014-12-31 08:00:00,,FULL CAPACITY,,MONOLITH SUBSTATION 66KV,KERN,SCE,MONOLITH 20 MW (FKA WDAT-BREEZE),C04,MONOLITH,MONOLITH SUBSTATION,PUBLIC,853
PUBLIC:854,WITHDRAWN,37.0,0.0,2015-01-01 08:00:00,,FULL CAPACITY,,BLYTHE SUBSTATION 161KV BUS,RIVERSIDE,SCE,MURPHY 1,C04,BLYTHE,BLYTHE SUBSTATION,PUBLIC,854
PUBLIC:857,WITHDRAWN,150.0,0.0,2014-02-28 08:00:00,,FULL CAPACITY,,SPRINGVILLE SUB 230 KV BUS,TULARE,SCE,TULARE SOLAR,C04,SPRINGVILLE,SPRINGVILLE SUB,PUBLIC,857
PUBLIC:858,WITHDRAWN,21.0,0.0,2014-09-01 07:00:00,,FULL CAPACITY,,DEVERS-FARREL 115KV LINE,RIVERSIDE,SCE,WILD SANDS SOLAR,C04,DEVERS FARREL,DEVERS-FARREL,PUBLIC,858
PUBLIC:861,WITHDRAWN,5.0,0.0,2012-12-15 08:00:00,,ENERGY ONLY,,PG&E VALLEY SPRINGS #2 60 KV LINE FROM VALLEY SPRINGS TO LOCKFORD 60 KV LINE,SAN JOAQUIN,PGAE,LODI 5,FT,PG E VALLEY SPRINGS FROM VALLEY SPRINGS TO LOCKFORD,PG&E VALLEY SPRINGS #2,PUBLIC,861
PUBLIC:862,WITHDRAWN,5.0,0.0,2012-06-30 07:00:00,,ENERGY ONLY,,"PG&E ARMSTRONG 70KV SWITCHING STATION AT INTERSECTION OF S 11TH AVE. AND IDAHO AVENUE, HANFORD, CA.",KINGS,PGAE,819 HANFORD SOLAR I,FT,PG E ARMSTRONG AT INTERSECTION OF S 11TH AVE AND IDAHO AVENUE HANFORD CA,PG&E ARMSTRONG,PUBLIC,862
PUBLIC:863,WITHDRAWN,7.8,0.0,2013-03-31 07:00:00,,FULL CAPACITY,,GUERNSEY - HENRIETTA 70 KV LINE,KINGS,PGAE,LEMOORE WWTP SOLAR,C04,GUERNSEY HENRIETTA,GUERNSEY - HENRIETTA,PUBLIC,863
PUBLIC:864,WITHDRAWN,19.9,0.0,2013-06-30 07:00:00,,FULL CAPACITY,,STROUD  70 KV SUBSTATION,FRESNO,PGAE,MADDOX DAIRY SOLAR,C04,STROUD,STROUD,PUBLIC,864
PUBLIC:865,WITHDRAWN,13.4,0.0,2013-03-31 07:00:00,,FULL CAPACITY,,HARDWICK  70 KV SUB,KINGS,PGAE,WELLFIELD SOLAR,C04,HARDWICK,HARDWICK,PUBLIC,865
PUBLIC:866,WITHDRAWN,72.0,0.0,2015-10-01 07:00:00,,FULL CAPACITY,,HUMBOLDT-BRIDGEVILLE 115 KV LINE,HUMBOLDT,PGAE,REDWOOD HOUSE WIND POWER PLANT,C05,HUMBOLDT BRIDGEVILLE,HUMBOLDT-BRIDGEVILLE,PUBLIC,866
PUBLIC:867,WITHDRAWN,132.0,0.0,,,FULL CAPACITY,,PIT#1-PIT#3 230KV LINE,MODOC/SISKIYOU,PGAE,WHITEHORSE MOUNTAIN WIND POWER PLANT,C05,PIT PIT,PIT#1-PIT#3,PUBLIC,867
PUBLIC:868,WITHDRAWN,301.0,0.0,2016-10-01 07:00:00,,FULL CAPACITY,,VACA-BAHIA 230KV LINE,NAPA,PGAE,CORDELIA HILLS WIND POWER PLANT,C05,VACA BAHIA,VACA-BAHIA,PUBLIC,868
PUBLIC:869,WITHDRAWN,23.0,0.0,2015-12-01 08:00:00,,FULL CAPACITY,,HELM SUBSTATION 70KV BUS,FRESNO,PGAE,HELM 1,C05,HELM,HELM SUBSTATION,PUBLIC,869
PUBLIC:870,WITHDRAWN,300.0,0.0,2017-09-01 07:00:00,,FULL CAPACITY,,MIDWAY-WHEELER RIDGE 230 KV,KERN,PGAE,HYDROGEN ENERGY CALIFORNIA  ( HECA ) PROJECT,C05,MIDWAY WHEELER RIDGE,MIDWAY-WHEELER RIDGE,PUBLIC,870
PUBLIC:871,WITHDRAWN,80.0,0.0,2015-10-31 07:00:00,,FULL CAPACITY,,COLORADO RIVER SUBSTATION 230KV,RIVERSIDE,SCE,MESA VERDE SOLAR,C05,COLORADO RIVER,COLORADO RIVER SUBSTATION,PUBLIC,871
PUBLIC:872,WITHDRAWN,75.0,0.0,2014-12-15 08:00:00,,FULL CAPACITY,,CARNERAS-TAFT 70 KV LINE,KERN,PGAE,BELRIDGE SOLAR ENERGY PROJECT,C05,CARNERAS TAFT,CARNERAS-TAFT,PUBLIC,872
PUBLIC:873,WITHDRAWN,200.0,0.0,2016-12-01 08:00:00,,FULL CAPACITY,,PALO VERDE-DEVERS #1 500KV LINE,MARICOPA,SCE,SUN VALLEY ENERGY CENTER-1,C05,PALO VERDE DEVERS,PALO VERDE-DEVERS #1,PUBLIC,873
PUBLIC:874,WITHDRAWN,500.0,0.0,2015-10-30 07:00:00,,FULL CAPACITY,,COLORADO RIVER SUBSTATION 230KV,RIVERSIDE,SCE,BLYTHE MESA SOLAR II,C05,COLORADO RIVER,COLORADO RIVER SUBSTATION,PUBLIC,874
PUBLIC:875,WITHDRAWN,60.0,0.0,2014-12-31 08:00:00,,FULL CAPACITY,,IMPERIAL VALLEY SUBSTATION 230KV,IMPERIAL,SDGE,SILVERLEAF SOLAR II,C05,IMPERIAL VALLEY,IMPERIAL VALLEY SUBSTATION,PUBLIC,875
PUBLIC:876,WITHDRAWN,5.0,0.0,2013-10-13 07:00:00,,ENERGY ONLY,,CUYAMA SUBSTATION,SANTA BARBARA,PGAE,ZANNON SOLAR,FT,CUYAMA,CUYAMA SUBSTATION,PUBLIC,876
PUBLIC:878,WITHDRAWN,51.0,0.0,2013-12-31 08:00:00,,FULL CAPACITY,,WESTWOOD SUBSTATION 60KV,LASSEN,PGAE,HORSE LAKE,C05,WESTWOOD,WESTWOOD SUBSTATION,PUBLIC,878
PUBLIC:879,WITHDRAWN,1.35,0.0,2013-12-15 08:00:00,,ENERGY ONLY,,VOLTA/SOUTH 60 KV,TEHAMA,PGAE,LASSEN LODGE HYDROELECTRIC PROJECT EXPANSION,C05,VOLTA SOUTH,VOLTA/SOUTH,PUBLIC,879
PUBLIC:880,WITHDRAWN,180.0,0.0,2013-01-01 08:00:00,,FULL CAPACITY,,GAMEBIRD SUBSTATION 138KV,NYE,VEA,COPPER RAYS SOLAR,C05,GAMEBIRD,GAMEBIRD SUBSTATION,PUBLIC,880
PUBLIC:881,WITHDRAWN,500.0,0.0,2015-10-30 07:00:00,,FULL CAPACITY,,COLORADO RIVER SUBSTATION 230KV,RIVERSIDE,SCE,BLYTHE MESA SOLAR II - C5,C05,COLORADO RIVER,COLORADO RIVER SUBSTATION,PUBLIC,881
PUBLIC:882,WITHDRAWN,120.0,0.0,2015-12-31 08:00:00,,FULL CAPACITY,,OLIVE SUBSTATION 115 KV,TULARE,PGAE,GREAT VALLEY SOLAR 2,C05,OLIVE,OLIVE SUBSTATION,PUBLIC,882
PUBLIC:883,WITHDRAWN,11.0,0.0,2018-09-01 07:00:00,,FULL CAPACITY,,TESLA - STOCKTON CO-GEN JCT 115 KV LINE,SAN JOAQUIN,PGAE,RIPON LM6000 REPOWER,C05,TESLA STOCKTON CO GEN,TESLA - STOCKTON CO-GEN JCT,PUBLIC,883
PUBLIC:884,WITHDRAWN,250.0,0.0,2018-12-31 08:00:00,,FULL CAPACITY,,CRAZY EYES SUBSATION 230KV,NYE,VEA,SANDY VALLEY SOLAR PROJECT,C05,CRAZY EYES SUBSATION,CRAZY EYES SUBSATION,PUBLIC,884
PUBLIC:886,WITHDRAWN,15.0,0.0,2014-08-31 07:00:00,,FULL CAPACITY,,TRACY-TESLA 115KV LINE,SAN JOAQUIN,PGAE,TRACY DESALINATION AND GREEN ENERGY PROJECT,C05,TRACY TESLA,TRACY-TESLA,PUBLIC,886
PUBLIC:887,WITHDRAWN,300.0,0.0,2016-11-01 07:00:00,,FULL CAPACITY,,ELDORADO SUBSTATION 220KV BUS,CLARK,SCE,BOULDER SOLAR POWER,C05,ELDORADO,ELDORADO SUBSTATION,PUBLIC,887
PUBLIC:888,WITHDRAWN,100.0,0.0,2015-10-15 07:00:00,,FULL CAPACITY,,JASPER 220 KV,SAN BERNARDINO,SCE,LUCERNE VALLEY 100 MW PV PLANT,C05,JASPER,JASPER,PUBLIC,888
PUBLIC:889,WITHDRAWN,540.0,0.0,2016-06-30 07:00:00,,FULL CAPACITY,,ELDORADO SUBSTATION 220 KV BUS,CLARK,SCE,SANDY VALLEY PHASE II SEGS,C05,ELDORADO,ELDORADO SUBSTATION,PUBLIC,889
PUBLIC:890,WITHDRAWN,50.0,0.0,2018-08-31 07:00:00,,FULL CAPACITY,,CAL CEMENT-ROSAMOND 69KV LINE,KERN,SCE,BACKUS SOLAR ENERGY,C05,CAL CEMENT ROSAMOND,CAL CEMENT-ROSAMOND,PUBLIC,890
PUBLIC:891,WITHDRAWN,180.0,0.0,2016-07-01 07:00:00,,FULL CAPACITY,,ELDORADO SUBSTATION 230 KV BUS,CLARK,SCE,TOWNSITE SOLAR PROJECT,C05,ELDORADO,ELDORADO SUBSTATION,PUBLIC,891
PUBLIC:892,WITHDRAWN,140.0,0.0,2015-12-31 08:00:00,,FULL CAPACITY,,PISGAH SUBSTATION 220KV BUS,SAN BERNARDINO,SCE,SIBERIA PHASE III SEGS,C05,PISGAH,PISGAH SUBSTATION,PUBLIC,892
PUBLIC:893,WITHDRAWN,938.61,0.0,2020-06-01 07:00:00,Executed,ENERGY ONLY,,HUNTINGTON BEACH SWITCHING STATION 230KV,ORANGE,SCE,HUNTINGTON BEACH,C05,HUNTINGTON BEACH,HUNTINGTON BEACH SWITCHING STATION,PUBLIC,893
PUBLIC:894,WITHDRAWN,310.0,0.0,2017-04-01 07:00:00,,FULL CAPACITY,,TABLE MOUNTAIN-RIO OSO 230KV CIRCUIT,YUBA,PGAE,PROSPECT ENERGY CENTER,C05,TABLE MOUNTAIN RIO OSO CIRCUIT,TABLE MOUNTAIN-RIO OSO,PUBLIC,894
PUBLIC:895,WITHDRAWN,15.0,0.0,2014-12-31 08:00:00,,FULL CAPACITY,,BOULEVARD EAST SUBSTATION 138KV,SAN DIEGO,SDGE,TIERRA DEL SOL II,C05,BOULEVARD EAST,BOULEVARD EAST SUBSTATION,PUBLIC,895
PUBLIC:896,WITHDRAWN,100.0,0.0,2015-09-01 07:00:00,,FULL CAPACITY,,BOULEVARD EAST SUBSTATION 138KV,SAN DIEGO,SDGE,LOS ROBLES,C05,BOULEVARD EAST,BOULEVARD EAST SUBSTATION,PUBLIC,896
PUBLIC:897,WITHDRAWN,200.0,50.0,2026-08-01 07:00:00,Terminated,ENERGY ONLY,,CALCITE SUBSTATION 220KV BUS,SAN BERNARDINO,SCE,STAGE COACH SOLAR,C05,CALCITE,CALCITE SUBSTATION,PUBLIC,897
PUBLIC:898,WITHDRAWN,45.0,0.0,2019-09-30 07:00:00,,FULL CAPACITY,,FAMOSO SUBSTATION 115KV BUS,KERN,PGAE,KPP - 45,C05,FAMOSO,FAMOSO SUBSTATION,PUBLIC,898
PUBLIC:899,WITHDRAWN,100.0,0.0,2013-11-30 08:00:00,,FULL CAPACITY,,CKT I & 2 DELEVAN-VACA AND CORTINA-VACA 230 KV LINES,YOLO,PGAE,DUNNIGAN HILLS,C05,CKT I 2 DELEVAN VACA AND CORTINA VACA LINES,CKT I & 2 DELEVAN-VACA AND CORTINA-VACA,PUBLIC,899
PUBLIC:902,WITHDRAWN,150.0,0.0,2016-12-31 08:00:00,,FULL CAPACITY,,"COLORADO RIVER SUB, 230 KV BUS",RIVERSIDE,SCE,QUARTZ 2 SOLAR,C05,COLORADO RIVER,"COLORADO RIVER SUB,",PUBLIC,902
PUBLIC:903,WITHDRAWN,387.0,0.0,2016-12-20 08:00:00,,FULL CAPACITY,,LUGO-VINCENT 500 KV LINE,LOS ANGELES,SCE,DESERT BUTTE SOLAR FARM,C05,LUGO VINCENT,LUGO-VINCENT,PUBLIC,903
PUBLIC:904,WITHDRAWN,150.0,0.0,2016-07-01 07:00:00,,FULL CAPACITY,,COLORADO RIVER SUBSTATION 230KV,RIVERSIDE,SCE,MULE MOUNTAIN - C5,C05,COLORADO RIVER,COLORADO RIVER SUBSTATION,PUBLIC,904
PUBLIC:905,WITHDRAWN,80.0,0.0,2016-06-30 07:00:00,,FULL CAPACITY,,TEMBLOR-KERNRIDGE 115KV LINE,KERN,PGAE,BELRIDGE SOLAR ENERGY 2 PROJECT ,C05,TEMBLOR KERNRIDGE,TEMBLOR-KERNRIDGE,PUBLIC,905
PUBLIC:906,WITHDRAWN,100.0,0.0,2015-05-01 07:00:00,,FULL CAPACITY,,JASPER SUBSTATION 230KV,SAN BERNARDINO,SCE,LUCERNE SOLAR ENERGY - C5,C05,JASPER,JASPER SUBSTATION,PUBLIC,906
PUBLIC:907,WITHDRAWN,80.0,0.0,2013-10-22 07:00:00,,FULL CAPACITY,,NEWHALL SUBSTATION 115 KV BUS,FRESNO,PGAE,NEWHALL SOLAR ENERGY PROJECT,C05,NEWHALL,NEWHALL SUBSTATION,PUBLIC,907
PUBLIC:908,WITHDRAWN,210.0,0.0,2019-02-28 08:00:00,,FULL CAPACITY,,CRAZY EYES TAP 230KV,NYE,VEA,PAHRUMP VALLEY SOLAR (FKA LATHROP WELLS 240MW),C05,CRAZY EYES,CRAZY EYES TAP,PUBLIC,908
PUBLIC:910,WITHDRAWN,20.0,0.0,2016-06-01 07:00:00,,FULL CAPACITY,,HONEY LAKE SUBSTATION 60 KV,LASSEN,PGAE,HONEY LAKE GEOTHERMAL PROJECT,C05,HONEY LAKE,HONEY LAKE SUBSTATION,PUBLIC,910
PUBLIC:912,WITHDRAWN,150.0,0.0,2015-01-01 08:00:00,,FULL CAPACITY,,WINDHUB SUBSTATION 220KV,KERN,SCE,SANBORN SOLAR,C05,WINDHUB,WINDHUB SUBSTATION,PUBLIC,912
PUBLIC:913,WITHDRAWN,150.0,0.0,2016-12-31 08:00:00,,FULL CAPACITY,,COLORADO RIVER SUBSTATION 230 KV BUS,RIVERSIDE,SCE,QUARTZ 1 SOLAR,C05,COLORADO RIVER,COLORADO RIVER SUBSTATION,PUBLIC,913
PUBLIC:914,WITHDRAWN,20.0,0.0,2016-03-31 07:00:00,,FULL CAPACITY,,VISTA SUBSTATION 138KV,NYE,VEA,VEA BLACKROCK,C05,VISTA,VISTA SUBSTATION,PUBLIC,914
PUBLIC:915,WITHDRAWN,20.0,0.0,2014-12-01 08:00:00,,FULL CAPACITY,,THOUSANDAIRE SUBSTATION 138KV,NYE,VEA,VEA HOMESTEAD,C05,THOUSANDAIRE,THOUSANDAIRE SUBSTATION,PUBLIC,915
PUBLIC:916,WITHDRAWN,20.0,0.0,2014-12-01 08:00:00,,FULL CAPACITY,,HENRIETTA-GWF 115 KV LINE,KINGS,PGAE,STRATFORD SOLAR - C5,C05,HENRIETTA GWF,HENRIETTA-GWF,PUBLIC,916
PUBLIC:917,WITHDRAWN,20.0,0.0,2014-12-01 08:00:00,,FULL CAPACITY,,HENRIETTA-GWF 115 KV LINE;,KINGS,PGAE,LEMOORE SOLAR - C5,C05,HENRIETTA GWF,HENRIETTA-GWF,PUBLIC,917
PUBLIC:918,WITHDRAWN,200.0,0.0,2015-12-31 08:00:00,,FULL CAPACITY,,MENDOTA DAIRYLAND 115KV,FRESNO,PGAE,FIREBAUGH SOLAR - C5,C05,MENDOTA DAIRYLAND,MENDOTA DAIRYLAND,PUBLIC,918
PUBLIC:919,WITHDRAWN,75.0,0.0,2015-01-01 08:00:00,,FULL CAPACITY,,IMPERIAL VALLEY SUBSTATION 230KV,IMPERIAL,SDGE,YUHA BASIN SOLAR,C05,IMPERIAL VALLEY,IMPERIAL VALLEY SUBSTATION,PUBLIC,919
PUBLIC:920,WITHDRAWN,75.0,0.0,2015-01-01 08:00:00,,FULL CAPACITY,,COOLWATER-DUNNSIDING-BAKER SUBSTATION 115KV,KERN,SCE,YERMO SOLAR,C05,COOLWATER DUNNSIDING BAKER,COOLWATER-DUNNSIDING-BAKER SUBSTATION,PUBLIC,920
PUBLIC:921,WITHDRAWN,40.0,0.0,2016-12-01 08:00:00,,FULL CAPACITY,,ALPAUGH-SMYRNA 115KV LINE,TULARE,PGAE,SPS AS 40MW PV GENERATION FACILITY,C05,ALPAUGH SMYRNA,ALPAUGH-SMYRNA,PUBLIC,921
PUBLIC:922,WITHDRAWN,291.0,0.0,2017-01-01 08:00:00,,FULL CAPACITY,,HIGHWIND SUBSTATION 230KV,KERN,SCE,HIGHWIND POWER PROJECT,C05,HIGHWIND,HIGHWIND SUBSTATION,PUBLIC,922
PUBLIC:923,WITHDRAWN,402.0,0.0,2018-01-01 08:00:00,,FULL CAPACITY,,VISTA SUBSTATION 230KV,SAN BERNARDINO,SCE,VISTA POWER PROJECT,C05,VISTA,VISTA SUBSTATION,PUBLIC,923
PUBLIC:924,WITHDRAWN,150.0,0.0,2015-12-01 08:00:00,,FULL CAPACITY,,LOS BANOS-WESTLY 230 KV LINE,MERCED,PGAE,RED MOUNTAIN WIND ENERGY CENTER - C5,C05,LOS BANOS WESTLY,LOS BANOS-WESTLY,PUBLIC,924
PUBLIC:925,WITHDRAWN,20.0,20.0,2014-09-30 07:00:00,,FULL CAPACITY,,WINDHUB SUBSTATION 230KV BUS,KERN,SCE,TEHACHAPI SPINDLE,C05,WINDHUB,WINDHUB SUBSTATION,PUBLIC,925
PUBLIC:926,WITHDRAWN,550.0,0.0,2018-08-06 07:00:00,,FULL CAPACITY,,WINDHUB SUBSTATION 230 KV,KERN,SCE,GOLDEN HILLS POWER,C05,WINDHUB,WINDHUB SUBSTATION,PUBLIC,926
PUBLIC:927,WITHDRAWN,45.0,0.0,2016-12-01 08:00:00,,FULL CAPACITY,,HIGHWIND SUBSTATION 230KV BUS,KERN,SCE,TEHACHAPI VALLEY SOLAR I,C05,HIGHWIND,HIGHWIND SUBSTATION,PUBLIC,927
PUBLIC:928,WITHDRAWN,175.0,0.0,2015-12-31 08:00:00,,FULL CAPACITY,,CPN CREED/ GOOSE HAVEN SUBS - LAMBIE SWITCHING STATION 230 KV,SOLANO,PGAE,DELTA SOLANO WIND,C05,CPN CREED GOOSE HAVEN SUBS LAMBIE,CPN CREED/ GOOSE HAVEN SUBS - LAMBIE SWITCHING STATION,PUBLIC,928
PUBLIC:929,WITHDRAWN,250.0,0.0,2016-12-31 08:00:00,,FULL CAPACITY,,MOHAVE-LUGO 500KV LINE,CLARK,SCE,ENN MOJAVE POWER 1,C05,MOHAVE LUGO,MOHAVE-LUGO,PUBLIC,929
PUBLIC:930,WITHDRAWN,250.0,0.0,2016-12-31 08:00:00,,FULL CAPACITY,,MOHAVE-LUGO 500KV LINE,CLARK,SCE,ENN MOJAVE POWER 2,C05,MOHAVE LUGO,MOHAVE-LUGO,PUBLIC,930
PUBLIC:931,WITHDRAWN,300.0,0.0,2016-12-31 08:00:00,,FULL CAPACITY,,MOHAVE-ELDORADO 500KV LINE,CLARK,SCE,ENN MOJAVE POWER 3,C05,MOHAVE ELDORADO,MOHAVE-ELDORADO,PUBLIC,931
PUBLIC:932,WITHDRAWN,300.0,0.0,2016-12-31 08:00:00,,FULL CAPACITY,,MOHAVE-ELDORADO 500KV LINE,CLARK,SCE,ENN MOJAVE POWER 4,C05,MOHAVE ELDORADO,MOHAVE-ELDORADO,PUBLIC,932
PUBLIC:933,WITHDRAWN,49.0,0.0,2014-04-01 07:00:00,,FULL CAPACITY,,RIO BRAVO TOMATO SUBSTATION 115 KV BUS,KERN,PGAE,WELLHEAD POWER MIDFRUIT CHP,C05,RIO BRAVO TOMATO,RIO BRAVO TOMATO SUBSTATION,PUBLIC,933
PUBLIC:934,WITHDRAWN,49.0,0.0,2014-04-01 07:00:00,,FULL CAPACITY,,SANTA NELLA-CANAL 70KV LINE,MERCED,PGAE,WELLHEAD POWER NELLA CHP,C05,SANTA NELLA CANAL,SANTA NELLA-CANAL,PUBLIC,934
PUBLIC:935,WITHDRAWN,49.0,0.0,2014-04-01 07:00:00,,FULL CAPACITY,,WOODLAND-DAVIS 115KV LINE,YOLO,PGAE,WELLHEAD POWER WOODLAND CHP,C05,WOODLAND DAVIS,WOODLAND-DAVIS,PUBLIC,935
PUBLIC:936,WITHDRAWN,20.0,0.0,2015-05-01 07:00:00,,FULL CAPACITY,,COALINGA 1-COALINGA 2 70KV LINE,FRESNO,PGAE,COALINGA SOLAR CENTER,C05,COALINGA 1 COALINGA 2,COALINGA 1-COALINGA 2,PUBLIC,936
PUBLIC:937,WITHDRAWN,49.0,0.0,2014-04-01 07:00:00,,FULL CAPACITY,,LEMOORE-HENRIETTA 115KV LINE,KINGS,PGAE,WELLHEAD POWER LEMIETTA CHP,C05,LEMOORE HENRIETTA,LEMOORE-HENRIETTA,PUBLIC,937
PUBLIC:938,WITHDRAWN,300.0,0.0,2016-06-01 07:00:00,,FULL CAPACITY,,WINDHUB 230 KV BUS,KERN,SCE,TENASKA MOUNTAIN BASIN,C05,WINDHUB,WINDHUB,PUBLIC,938
PUBLIC:939,WITHDRAWN,1902.86,0.0,2025-11-01 07:00:00,,FULL CAPACITY,,ALAMITOS SWITCHING STATION 230KV,LOS ANGELES,SCE,ALAMITOS ENERGY CENTER,C05,ALAMITOS,ALAMITOS SWITCHING STATION,PUBLIC,939
PUBLIC:940,WITHDRAWN,238.0,0.0,2014-07-01 07:00:00,,FULL CAPACITY,,HASSAYAMPA-NORTH GILA 500KV LINE,HYDER,SDGE,PALMAS C5,C05,HASSAYAMPA NORTH GILA,HASSAYAMPA-NORTH GILA,PUBLIC,940
PUBLIC:941,WITHDRAWN,475.71,0.0,2019-01-01 08:00:00,,FULL CAPACITY,,REDONDO BEACH SWITCHING STATION 230KV,LOS ANGELES,SCE,REDONDO BEACH ENERGY PROJECT,C05,REDONDO BEACH,REDONDO BEACH SWITCHING STATION,PUBLIC,941
PUBLIC:942,WITHDRAWN,250.0,0.0,2016-04-30 07:00:00,,FULL CAPACITY,,KRAMER SUBSTATION 220KV BUS,KERN,SCE,MIRAGE SOLAR,C05,KRAMER,KRAMER SUBSTATION,PUBLIC,942
PUBLIC:943,WITHDRAWN,50.0,0.0,2015-12-01 08:00:00,,FULL CAPACITY,,LERDO 115 KV SUBSTATION,KERN,PGAE,LERDO SOLAR,C06,LERDO,LERDO,PUBLIC,943
PUBLIC:944,WITHDRAWN,20.0,0.0,2015-07-01 07:00:00,,FULL CAPACITY,,VALLEY CENTER 69KV SUB,SAN DIEGO,SDGE,VALLEY CENTER SOLAR,C06,VALLEY CENTER,VALLEY CENTER,PUBLIC,944
PUBLIC:947,WITHDRAWN,120.0,0.0,2017-12-01 08:00:00,,FULL CAPACITY,,OLIVE SUBSTATION 115 KV,TULARE,PGAE,GV SOLAR 3,C06,OLIVE,OLIVE SUBSTATION,PUBLIC,947
PUBLIC:948,WITHDRAWN,20.0,0.0,2015-08-01 07:00:00,,FULL CAPACITY,,BORDER 69 KV SUBSTATION,SAN DIEGO,SDGE,BORDER SOLAR,C06,BORDER,BORDER,PUBLIC,948
PUBLIC:949,WITHDRAWN,20.0,0.0,2015-08-01 07:00:00,,FULL CAPACITY,,WARNERS 69KV LINE,SAN DIEGO,SDGE,FELIPE SOLAR,C06,WARNERS,WARNERS,PUBLIC,949
PUBLIC:950,WITHDRAWN,200.0,0.0,2016-10-01 07:00:00,,FULL CAPACITY,,KRAMER SUBSTATION 230KV,SAN BERNARDINO,SCE,KRAMER SOLAR,C06,KRAMER,KRAMER SUBSTATION,PUBLIC,950
PUBLIC:951,WITHDRAWN,20.0,0.0,2015-08-01 07:00:00,,FULL CAPACITY,,VASCO 60KV SUBSTATION,ALAMEDA,PGAE,LIVERMORE SOLAR,C06,VASCO,VASCO,PUBLIC,951
PUBLIC:955,WITHDRAWN,48.3,0.0,2020-11-01 07:00:00,Executed,FULL CAPACITY,,SANGER CO-GEN 115/13.8KV SUB,,PGAE,ALGONQUIN POWER SANGER 2,C06,SANGER CO GEN 115 13 8KV,SANGER CO-GEN 115/13.8KV SUB,PUBLIC,955
PUBLIC:956,WITHDRAWN,65.0,0.0,2016-12-31 08:00:00,,FULL CAPACITY,,VACA-VACAVILLE-JAMESON-NORTH TOWER 115KV,SOLANO,PGAE,BENICIA WIND,C06,VACA VACAVILLE JAMESON NORTH TOWER,VACA-VACAVILLE-JAMESON-NORTH TOWER,PUBLIC,956
PUBLIC:957,WITHDRAWN,205.0,0.0,2017-06-01 07:00:00,,FULL CAPACITY,,OTAY MESA SUBSTATION 230KV,SAN DIEGO,SDGE,CALPEAK BORDER OM 2,C06,OTAY MESA,OTAY MESA SUBSTATION,PUBLIC,957
PUBLIC:958,WITHDRAWN,49.9,0.0,2015-01-03 08:00:00,,FULL CAPACITY,,69KV BUS OF THE EL CAJON SUB,SAN DIEGO,SDGE,EL CAJON ENERGY CENTER 2,C06,OF THE EL CAJON,,PUBLIC,958
PUBLIC:959,WITHDRAWN,30.0,0.0,2016-12-31 08:00:00,,FULL CAPACITY,,CRESTWOOD-BOULEVARD EAST 69KV LINE,SAN DIEGO,SDGE,FOX SOLAR,C06,CRESTWOOD BOULEVARD EAST,CRESTWOOD-BOULEVARD EAST,PUBLIC,959
PUBLIC:960,WITHDRAWN,59.32,0.0,2023-01-30 08:00:00,,FULL CAPACITY,,HUNTINGTON BEACH SWITCHING STATION 230KV,ORANGE,SCE,HUNTINGTON BEACH 2,C06,HUNTINGTON BEACH,HUNTINGTON BEACH SWITCHING STATION,PUBLIC,960
PUBLIC:961,WITHDRAWN,200.62,0.0,2020-04-03 07:00:00,Executed,FULL CAPACITY,,IMPERIAL VALLEY SUBSTATION 230KV,BAJA CALIFORNIA,SDGE,LAGUNA SALADA PV POWER PLANT,C06,IMPERIAL VALLEY,IMPERIAL VALLEY SUBSTATION,PUBLIC,961
PUBLIC:962,WITHDRAWN,15.5,0.0,2017-01-15 08:00:00,,FULL CAPACITY,,HALSEY SUBSTATION 60KV,PLACER,PGAE,LAKE CLEMENTINE HYDROELECTRIC,C06,HALSEY,HALSEY SUBSTATION,PUBLIC,962
PUBLIC:964,WITHDRAWN,47.82,0.0,2017-03-31 07:00:00,,FULL CAPACITY,,ARCO-TWISSELMAN 70 KV LINE,KERN,PGAE,LOST HILLS COGEN,C06,ARCO TWISSELMAN,ARCO-TWISSELMAN,PUBLIC,964
PUBLIC:966,WITHDRAWN,47.82,0.0,2017-03-31 07:00:00,,FULL CAPACITY,,MIDWAY-MIDSUN 115 KV LINE,KERN,PGAE,MIDWAY HILLS COGEN,C06,MIDWAY MIDSUN,MIDWAY-MIDSUN,PUBLIC,966
PUBLIC:967,WITHDRAWN,33.0,0.0,2021-04-30 07:00:00,Executed,FULL CAPACITY,,WHIRLWIND 230 KV BUS,KERN,SCE,GOLDEN OASIS,C06,WHIRLWIND,WHIRLWIND,PUBLIC,967
PUBLIC:969,WITHDRAWN,110.0,0.0,2017-04-01 07:00:00,,FULL CAPACITY,,OTAY MESA SWITCHYARD 230KV,SAN DIEGO,SDGE,PIO PICO 2,C06,OTAY MESA,OTAY MESA SWITCHYARD,PUBLIC,969
PUBLIC:970,WITHDRAWN,150.0,0.0,2021-03-15 07:00:00,Executed,ENERGY ONLY,,COLORADO RIVER SUBSTATION 230KV BUS,RIVERSIDE,SCE,QUARTZ 3 SOLAR,C06,COLORADO RIVER,COLORADO RIVER SUBSTATION,PUBLIC,970
PUBLIC:973,WITHDRAWN,150.0,0.0,2016-12-31 08:00:00,,FULL CAPACITY,,PRIMM SUBSTATION 230KV,CLARK,SCE,SILVER STATE SOUTH 3 SOLAR,C06,PRIMM,PRIMM SUBSTATION,PUBLIC,973
PUBLIC:974,WITHDRAWN,150.0,0.0,2016-12-31 08:00:00,,FULL CAPACITY,,MORROW BAY-GATES 230 KV LINE,KINGS,PGAE,THREE PEAKS WIND,C06,MORROW BAY GATES,MORROW BAY-GATES,PUBLIC,974
PUBLIC:975,WITHDRAWN,20.0,0.0,2016-01-30 08:00:00,,FULL CAPACITY,,"SALADO- NEWMAN 60 KV LINE #1, POLE NO. 3/13",STANISLAUS,PGAE,TIMBA SOLAR,C06,SALADO NEWMAN POLE 13,SALADO- NEWMAN,PUBLIC,975
PUBLIC:976,WITHDRAWN,60.0,0.0,2016-12-31 08:00:00,,FULL CAPACITY,,TABLE MTN-RIO OSO 230 KV LINE,BUTTE,PGAE,TRANSFER RIDGE WIND,C06,TABLE MTN RIO OSO,TABLE MTN-RIO OSO,PUBLIC,976
PUBLIC:977,WITHDRAWN,778.0,0.0,2019-06-01 07:00:00,,FULL CAPACITY,,SANTA CLARA SUBSTATION 230KV BUS,VENTURA,SCE,VENTURA CLEAN ENERGY,C06,SANTA CLARA,SANTA CLARA SUBSTATION,PUBLIC,977
PUBLIC:978,WITHDRAWN,99.0,0.0,2016-05-15 07:00:00,,FULL CAPACITY,,AVOCADO-MONSERATE 69KV LINE APPROX 2.5 MILE FROM MONSERATE,SAN DIEGO,SDGE,WP FALLBROOK,C06,AVOCADO MONSERATE APPROX 2 5 MILE FROM MONSERATE,AVOCADO-MONSERATE,PUBLIC,978
PUBLIC:979,WITHDRAWN,99.0,0.0,2016-05-15 07:00:00,,FULL CAPACITY,,PENDLETON SUB,SAN DIEGO,SDGE,WP PENDLETON,C06,PENDLETON,PENDLETON SUB,PUBLIC,979
PUBLIC:980,WITHDRAWN,200.0,0.0,2017-05-15 07:00:00,,FULL CAPACITY,,SAN LUIS REY-PENDLETON 69KV LINE,SAN DIEGO,SDGE,WP OCEANSIDE,C06,SAN LUIS REY PENDLETON,SAN LUIS REY-PENDLETON,PUBLIC,980
PUBLIC:981,WITHDRAWN,200.0,0.0,2018-05-15 07:00:00,,FULL CAPACITY,,GOLETA SUBSTATION 220KV BUS,VENTURA,SCE,WP GOLETA (FKA WP OXNARD),C06,GOLETA,GOLETA SUBSTATION,PUBLIC,981
PUBLIC:982,WITHDRAWN,49.9,0.0,2016-05-15 07:00:00,,FULL CAPACITY,,SAN LUIS REY-STUART 69KV LINE,SAN DIEGO,SDGE,WP VANDE,C06,SAN LUIS REY STUART,SAN LUIS REY-STUART,PUBLIC,982
PUBLIC:983,WITHDRAWN,200.0,0.0,2017-05-15 07:00:00,,FULL CAPACITY,,WALNUT SUBSTATION 230KV,LOS ANGELES,SCE,WP WALNUT,C06,WALNUT,WALNUT SUBSTATION,PUBLIC,983
PUBLIC:984,WITHDRAWN,344.0,0.0,2018-01-01 08:00:00,,FULL CAPACITY,,IMPERIAL VALLEY SUB 230KV,IMPERIAL,SDGE,DREW ROAD GENERATION,C06,IMPERIAL VALLEY,IMPERIAL VALLEY SUB,PUBLIC,984
PUBLIC:985,WITHDRAWN,150.0,0.0,2016-12-31 08:00:00,,FULL CAPACITY,,IMPERIAL VALLEY 230 KV BUS,IMPERIAL,SDGE,RANCHO WISTARIA SOLAR ENERGY CENTER,C06,IMPERIAL VALLEY,IMPERIAL VALLEY,PUBLIC,985
PUBLIC:986,WITHDRAWN,245.0,0.0,2016-11-01 07:00:00,,FULL CAPACITY,,KRAMER SUBSTATION 230KV,KERN,SCE,FREMONT VALLEY PRESERVATION,C06,KRAMER,KRAMER SUBSTATION,PUBLIC,986
PUBLIC:987,WITHDRAWN,20.0,0.0,2015-08-01 07:00:00,,FULL CAPACITY,,SLO TO OCEANO 115KV LINE,SAN LUIS OBISPO,PGAE,PISMO SOLAR,C06,SLO TO OCEANO,SLO TO OCEANO,PUBLIC,987
PUBLIC:988,WITHDRAWN,20.0,0.0,2017-02-28 08:00:00,Executed,ENERGY ONLY,,MARICOPA-COPUS 70KV LINE,KERN,PGAE,MARICOPA WEST SOLAR PV 2,C06,MARICOPA COPUS,MARICOPA-COPUS,PUBLIC,988
PUBLIC:989,WITHDRAWN,20.0,0.0,2018-05-01 07:00:00,,FULL CAPACITY,,KASSON-MANTECA 60KV,SAN JOAQUIN,PGAE,KASSON MANTECA SOLAR,C06,KASSON MANTECA,KASSON-MANTECA,PUBLIC,989
PUBLIC:990,WITHDRAWN,910.0,0.0,2024-08-13 07:00:00,,ENERGY ONLY,,LOOP CENTER-MESA AND CENTER-OLINDA 230KV LINES,LOS ANGELES,SCE,CENTER POWER,C06,LOOP CENTER MESA AND CENTER OLINDA LINES,LOOP CENTER-MESA AND CENTER-OLINDA,PUBLIC,990
PUBLIC:991,WITHDRAWN,1047.0,0.0,2019-01-01 08:00:00,,FULL CAPACITY,,RIO HONDO SUBSTATION 230KV,LOS ANGELES,SCE,RIO HONDO POWER,C06,RIO HONDO,RIO HONDO SUBSTATION,PUBLIC,991
PUBLIC:992,WITHDRAWN,20.0,0.0,2015-08-01 07:00:00,,FULL CAPACITY,,EAST NICOLAUS 60 KV SUBSTATION,SUTTER,PGAE,EAST NICOLAUS SOLAR,C06,EAST NICOLAUS,EAST NICOLAUS,PUBLIC,992
PUBLIC:995,WITHDRAWN,150.0,0.0,2016-06-01 07:00:00,,FULL CAPACITY,,GATES-MIDWAY 230KV LINE,KINGS,PGAE,KINGS SOLAR 4 ,C06,GATES MIDWAY,GATES-MIDWAY,PUBLIC,995
PUBLIC:996,WITHDRAWN,150.0,0.0,2016-06-01 07:00:00,,FULL CAPACITY,,MIDWAY- WHEELER RIDGE 230 KV LINE TAP VIA .5 MILE GEN TIE,KERN,PGAE,MARICOPA 4 SOLAR PROJECT,C06,MIDWAY WHEELER RIDGE VIA 5 MILE GEN TIE,MIDWAY- WHEELER RIDGE,PUBLIC,996
PUBLIC:997,WITHDRAWN,16.0,0.0,2015-09-15 07:00:00,,FULL CAPACITY,,MONTE RIO-FULTON 60 KV TRANSMISSION LINE,SONOMA,PGAE,STS SOLAR,C06,MONTE RIO FULTON TRANSMISSION,MONTE RIO-FULTON,PUBLIC,997
PUBLIC:998,WITHDRAWN,300.0,0.0,2018-04-01 07:00:00,,FULL CAPACITY,,PROPOSED SWITCH STATION ON THE HASSAYAMA-NORTH GILA BEND 500 KV LINE,MARICOPA,SDGE,HYDER VALLEY SOLAR ENERGY,C06,PROPOSED ON THE HASSAYAMA NORTH GILA BEND,PROPOSED SWITCH STATION ON THE HASSAYAMA-NORTH GILA BEND,PUBLIC,998
PUBLIC:999,WITHDRAWN,250.0,0.0,2017-01-01 08:00:00,,FULL CAPACITY,,CALIENTE SWITCHING STATION 230 KV,KERN,PGAE,BLUE STAR WIND ENERGY CENTER,C06,CALIENTE,CALIENTE SWITCHING STATION,PUBLIC,999
PUBLIC:1000,WITHDRAWN,300.0,0.0,2019-01-01 08:00:00,,FULL CAPACITY,,MIDWAY-WHEELER RIDGE 230 KV LINE,KERN,PGAE,HECA SCS,C06,MIDWAY WHEELER RIDGE,MIDWAY-WHEELER RIDGE,PUBLIC,1000
PUBLIC:1001,WITHDRAWN,20.0,0.0,2016-10-01 07:00:00,,FULL CAPACITY,,HENREITTA-GWF 115KV LINE,KINGS,PGAE,LASALLE SOLAR PROJECT,C06,HENREITTA GWF,HENREITTA-GWF,PUBLIC,1001
PUBLIC:1003,WITHDRAWN,86.0,0.0,2017-01-01 08:00:00,,FULL CAPACITY,,VESTAL-MAGUNDEN #2 220KV LINE,KERN,SCE,DRY CREEK (FKA JASMIN POWER 3),C06,VESTAL MAGUNDEN,VESTAL-MAGUNDEN #2,PUBLIC,1003
PUBLIC:1004,WITHDRAWN,5.0,0.0,2014-10-31 07:00:00,,ENERGY ONLY,,HIGHWIND SUBSTATION 220KV,KERN,SCE,CLEARVISTA SOLAR 1,FT,HIGHWIND,HIGHWIND SUBSTATION,PUBLIC,1004
PUBLIC:1006,WITHDRAWN,5.0,0.0,2014-10-01 07:00:00,,ENERGY ONLY,,CONTROL SUBSTATION 115KV,CHURCHILL,SCE,DIXIE VALLEY 2,ISP,CONTROL,CONTROL SUBSTATION,PUBLIC,1006
PUBLIC:1007,WITHDRAWN,20.0,20.0,2020-01-01 08:00:00,,FULL CAPACITY,,LOS ESTEROS SUBSTATION 115KV,SANTA CLARA,PGAE,COYOTE CREEK ENERGY STORAGE,C07,LOS ESTEROS,LOS ESTEROS SUBSTATION,PUBLIC,1007
PUBLIC:1008,WITHDRAWN,309.0,0.0,2017-06-01 07:00:00,,FULL CAPACITY,,PITTSBURG SUBSTATION 115 KV,CONTRA COSTA,PGAE,DIABLO ENERGY FACILITY,C07,PITTSBURG,PITTSBURG SUBSTATION,PUBLIC,1008
PUBLIC:1009,WITHDRAWN,20.0,20.0,2016-06-01 07:00:00,,FULL CAPACITY,,PITTSBURG SUBSTATION 60KV,CONTRA COSTA,PGAE,DIABLO ENERGY STORAGE,C07,PITTSBURG,PITTSBURG SUBSTATION,PUBLIC,1009
PUBLIC:1011,WITHDRAWN,30.0,30.0,2021-03-01 08:00:00,Executed,FULL CAPACITY,,TESLA SUBSTATION 115KV,ALAMEDA,PGAE,COLINAS DE ORO,C07,TESLA,TESLA SUBSTATION,PUBLIC,1011
PUBLIC:1012,WITHDRAWN,20.0,20.0,2016-06-01 07:00:00,,FULL CAPACITY,,FMC SUBSTATION 115 KV,SANTA CLARA,PGAE,HONEY BEE,C07,FMC,FMC SUBSTATION,PUBLIC,1012
PUBLIC:1013,WITHDRAWN,15.5,0.0,2018-01-15 08:00:00,,FULL CAPACITY,,HALSEY SUBSTATION 60 KV,PLACER,PGAE,LAKE CLEMENTINE HYDROELECTRIC C7,C07,HALSEY,HALSEY SUBSTATION,PUBLIC,1013
PUBLIC:1014,WITHDRAWN,10.0,10.0,2016-06-01 07:00:00,,FULL CAPACITY,,KASSON-LOUISE 60KV LINE,SAN JOAQUIN,PGAE,PARADISE CUT,C07,KASSON LOUISE,KASSON-LOUISE,PUBLIC,1014
PUBLIC:1015,WITHDRAWN,20.0,20.0,2016-12-31 08:00:00,,FULL CAPACITY,,PLEASANT GROVE SUBSTATION 115 KV,PLACER,PGAE,PLEASANT GROVE GRID STABILIZATION PROJECT,C07,PLEASANT GROVE,PLEASANT GROVE SUBSTATION,PUBLIC,1015
PUBLIC:1017,WITHDRAWN,50.0,50.0,2019-01-01 08:00:00,,FULL CAPACITY,,NEWARK SUBSTATION 115 KV,ALAMEDA,PGAE,SGS FREMONT,C07,NEWARK,NEWARK SUBSTATION,PUBLIC,1017
PUBLIC:1018,WITHDRAWN,50.0,50.0,2019-01-01 08:00:00,,FULL CAPACITY,,LAS POSITAS 60 KV,SAN MATEO,PGAE,SGS LIVERMORE (FKA SGS SOUTH SAN FRANCISCO),C07,LAS POSITAS,LAS POSITAS,PUBLIC,1018
PUBLIC:1019,WITHDRAWN,40.0,40.0,2016-12-31 08:00:00,,FULL CAPACITY,,SHINGLE SPRINGS SUBSTATION 115KV,EL DORADO,PGAE,SHINGLE SPRINGS GRID STABILIZATION PROJECT,C07,SHINGLE SPRINGS,SHINGLE SPRINGS SUBSTATION,PUBLIC,1019
PUBLIC:1020,WITHDRAWN,50.0,0.0,2017-12-31 08:00:00,,FULL CAPACITY,,VACA-VACAVILLE-JAMESON-NORTH TOWER 115KV,SOLANO,PGAE,SKY VALLEY WIND,C07,VACA VACAVILLE JAMESON NORTH TOWER,VACA-VACAVILLE-JAMESON-NORTH TOWER,PUBLIC,1020
PUBLIC:1021,WITHDRAWN,5.0,0.0,2018-02-28 08:00:00,Executed,FULL CAPACITY,,"STOCKTON A #1 LINE 60 KV, COGENERATION NATIONAL 60 KV TAP",SAN JOAQUIN,PGAE,STOCKTON BIOMASS,C07,STOCKTON A COGENERATION NATIONAL,STOCKTON A #1 LINE,PUBLIC,1021
PUBLIC:1022,WITHDRAWN,30.0,30.0,2016-12-01 08:00:00,,FULL CAPACITY,,PATTERSON PASS 230 KV SUBSTATION,ALAMEDA,PGAE,TESLA WIND BANK,C07,PATTERSON PASS,PATTERSON PASS,PUBLIC,1022
PUBLIC:1023,WITHDRAWN,20.0,20.0,2016-08-01 07:00:00,,FULL CAPACITY,,EVERGREEN SUBSTATION  60KV,SANTA CLARA,PGAE,UMBARGER EVERGREEN ENERGY STORAGE,C07,EVERGREEN,EVERGREEN SUBSTATION,PUBLIC,1023
PUBLIC:1024,WITHDRAWN,30.0,30.0,2016-12-31 08:00:00,,FULL CAPACITY,,VICTOR SUBSTATION 60 KV,SAN JOAQUIN,PGAE,VICTOR GRID STABILIZATION PROJECT,C07,VICTOR,VICTOR SUBSTATION,PUBLIC,1024
PUBLIC:1025,WITHDRAWN,15.0,15.0,2017-01-01 08:00:00,,FULL CAPACITY,,JAMESON SUBSTATION 115 KV,SOLANO,PGAE,WATT ENERGY STORAGE,C07,JAMESON,JAMESON SUBSTATION,PUBLIC,1025
PUBLIC:1026,WITHDRAWN,25.0,25.0,2016-12-31 08:00:00,,FULL CAPACITY,,WEBER SUBSTATION 60KV,SAN JOAQUIN,PGAE,WEBER GRID STABILIZATION PROJECT,C07,WEBER,WEBER SUBSTATION,PUBLIC,1026
PUBLIC:1030,WITHDRAWN,20.0,5.0,2021-04-15 07:00:00,Executed,ENERGY ONLY,,SCHINDLER-HURON-GATES TAP 70KV,FRESNO,PGAE,SOUTH LAKE SOLAR,C07,SCHINDLER HURON GATES,SCHINDLER-HURON-GATES TAP,PUBLIC,1030
PUBLIC:1031,WITHDRAWN,20.0,0.0,2019-07-15 07:00:00,,FULL CAPACITY,,GATES SUBSTATION 230KV,FRESNO,PGAE,STONECROP,C07,GATES,GATES SUBSTATION,PUBLIC,1031
PUBLIC:1033,WITHDRAWN,20.0,0.0,2016-11-01 07:00:00,,FULL CAPACITY,,ARCO SUBSTATION 70 KV,KERN,PGAE,BROKEN SPOKE,C07,ARCO,ARCO SUBSTATION,PUBLIC,1033
PUBLIC:1034,WITHDRAWN,20.0,0.0,2016-11-01 07:00:00,,FULL CAPACITY,,WAUKENA SUBSTATION 115KV,KINGS,PGAE,HIGH NOON,C07,WAUKENA,WAUKENA SUBSTATION,PUBLIC,1034
PUBLIC:1035,WITHDRAWN,20.0,0.0,2018-06-01 07:00:00,,FULL CAPACITY,,ARCO SUBSTATION 70KV,KERN,PGAE,MAGELLAN SOLAR,C07,ARCO,ARCO SUBSTATION,PUBLIC,1035
PUBLIC:1037,WITHDRAWN,300.0,0.0,2020-01-31 08:00:00,,FULL CAPACITY,,MIDWAY-WHEELER RIDGE 230 KV,KERN,PGAE,NEW HECA,C07,MIDWAY WHEELER RIDGE,MIDWAY-WHEELER RIDGE,PUBLIC,1037
PUBLIC:1038,WITHDRAWN,60.0,0.0,2018-06-01 07:00:00,,FULL CAPACITY,,ARCO SUBSTATION 70KV,KERN,PGAE,PANDORA SOLAR,C07,ARCO,ARCO SUBSTATION,PUBLIC,1038
PUBLIC:1039,WITHDRAWN,20.0,0.0,2016-11-01 07:00:00,,FULL CAPACITY,,7TH STANDARD SUBSTATION 115 KV,KERN,PGAE,PUMA FORK,C07,7TH STANDARD,7TH STANDARD SUBSTATION,PUBLIC,1039
PUBLIC:1041,WITHDRAWN,20.0,20.0,2015-06-01 07:00:00,,FULL CAPACITY,,IMPERIAL VALLEY SUBSTATION 230 KV,IMPERIAL,SDGE,BCS ENERGY STORAGE,C07,IMPERIAL VALLEY,IMPERIAL VALLEY SUBSTATION,PUBLIC,1041
PUBLIC:1042,WITHDRAWN,20.0,0.0,2016-11-01 07:00:00,,FULL CAPACITY,,CAMERON SUBSTATION 69 KV,SAN DIEGO,SDGE,BIG POTRERO,C07,CAMERON,CAMERON SUBSTATION,PUBLIC,1042
PUBLIC:1043,WITHDRAWN,20.0,0.0,2016-11-01 07:00:00,,FULL CAPACITY,,CREELMAN SUBSTATION 69 KV,SAN DIEGO,SDGE,CANASTA,C07,CREELMAN,CREELMAN SUBSTATION,PUBLIC,1043
PUBLIC:1044,WITHDRAWN,508.0,60.0,2019-06-01 07:00:00,,FULL CAPACITY,,MISSION-SAN LUIS REY 230 KV LINE,SAN DIEGO,SDGE,CCI HYBRID POWER,C07,MISSION SAN LUIS REY,MISSION-SAN LUIS REY,PUBLIC,1044
PUBLIC:1046,WITHDRAWN,10.0,10.0,2016-12-15 08:00:00,,FULL CAPACITY,,EAST COUNTY SUBSTATION 138KV,SAN DIEGO,SDGE,ECO ENERGY STORAGE CENTER,C07,EAST COUNTY,EAST COUNTY SUBSTATION,PUBLIC,1046
PUBLIC:1049,WITHDRAWN,20.0,0.0,2016-11-01 07:00:00,,FULL CAPACITY,,ECO SUBSTATION 138KV,SAN DIEGO,SDGE,HAWKWIND,C07,ECO,ECO SUBSTATION,PUBLIC,1049
PUBLIC:1050,WITHDRAWN,20.0,0.0,2016-11-01 07:00:00,,FULL CAPACITY,,CAMERON SUBSTATION 69KV,SAN DIEGO,SDGE,HONEY BADGER,C07,CAMERON,CAMERON SUBSTATION,PUBLIC,1050
PUBLIC:1051,WITHDRAWN,120.0,30.0,2019-06-01 07:00:00,,FULL CAPACITY,,KEARNY SUBSTATION 69KV,SAN DIEGO,SDGE,KEARNY HYBRID POWER ,C07,KEARNY,KEARNY SUBSTATION,PUBLIC,1051
PUBLIC:1052,WITHDRAWN,20.0,0.0,2016-11-01 07:00:00,,FULL CAPACITY,,SAN YSABEL SUBSTATION 69KV,SAN DIEGO,SDGE,MESA ROJO,C07,SAN YSABEL,SAN YSABEL SUBSTATION,PUBLIC,1052
PUBLIC:1054,WITHDRAWN,150.0,150.0,2016-12-31 08:00:00,,FULL CAPACITY,,MIGUEL SUBSTATION 230KV,SAN DIEGO,SDGE,MIGUEL ENERGY STORAGE,C07,MIGUEL,MIGUEL SUBSTATION,PUBLIC,1054
PUBLIC:1055,WITHDRAWN,444.0,60.0,2019-06-01 07:00:00,,FULL CAPACITY,,SAN LUIS REY SUBSTATION 230 KV,SAN DIEGO,SDGE,NCC HYBRID POWER,C07,SAN LUIS REY,SAN LUIS REY SUBSTATION,PUBLIC,1055
PUBLIC:1056,WITHDRAWN,538.0,60.0,2019-06-01 07:00:00,,FULL CAPACITY,,TALEGA-ESCONDIDO 230KV LINE,SAN DIEGO,SDGE,NCI HYBRID POWER,C07,TALEGA ESCONDIDO,TALEGA-ESCONDIDO,PUBLIC,1056
PUBLIC:1057,WITHDRAWN,35.0,0.0,2016-05-01 07:00:00,,FULL CAPACITY,,OTAY MESA SWITCHYARD 230 KV,SAN DIEGO,SDGE,OTAY MESA ENERGY CENTER AGP,C07,OTAY MESA,OTAY MESA SWITCHYARD,PUBLIC,1057
PUBLIC:1059,WITHDRAWN,20.0,20.0,2017-01-01 08:00:00,,FULL CAPACITY,,SAN LUIS REY SUBSTATION 69 KV,SAN DIEGO,SDGE,SEA LION ENERGY STORAGE,C07,SAN LUIS REY,SAN LUIS REY SUBSTATION,PUBLIC,1059
PUBLIC:1060,WITHDRAWN,160.0,0.0,2017-12-31 08:00:00,,FULL CAPACITY,,BOULEVARD EAST SUBSTATION 138KV,SAN DIEGO,SDGE,SLW (FKA SHU'LUUK WIND),C07,BOULEVARD EAST,BOULEVARD EAST SUBSTATION,PUBLIC,1060
PUBLIC:1063,WITHDRAWN,20.0,0.0,2016-11-01 07:00:00,,FULL CAPACITY,,SALT CREEK SUBSTATION 69KV,SAN DIEGO,SDGE,WILEY ROAD,C07,SALT CREEK,SALT CREEK SUBSTATION,PUBLIC,1063
PUBLIC:1065,WITHDRAWN,50.0,0.0,2019-04-05 07:00:00,,ENERGY ONLY,,VISTA SUBSTATION 138KV,NYE,VEA,CABALLO LOCO,C07,VISTA,VISTA SUBSTATION,PUBLIC,1065
PUBLIC:1066,WITHDRAWN,50.0,0.0,2019-04-05 07:00:00,,ENERGY ONLY,,VISTA SUBSTATION 138KV,NYE,VEA,ROADRUNNER,C07,VISTA,VISTA SUBSTATION,PUBLIC,1066
PUBLIC:1067,WITHDRAWN,100.0,0.0,2017-12-01 08:00:00,,FULL CAPACITY,,GAMEBIRD SUBSTATION 138KV,NYE,VEA,SPRING MOUNTAIN SOLAR,C07,GAMEBIRD,GAMEBIRD SUBSTATION,PUBLIC,1067
PUBLIC:1068,WITHDRAWN,65.0,0.0,2017-12-01 08:00:00,,FULL CAPACITY,,VALLEY SUBSTATION 138KV,NYE,VEA,SUNSHINE VALLEY SOLAR 3,C07,VALLEY,VALLEY SUBSTATION,PUBLIC,1068
PUBLIC:1069,WITHDRAWN,250.0,0.0,2018-08-01 07:00:00,,ENERGY ONLY,,SCE OWNED ELDORADO 220 KV BUS,CLARK,SCE,BOULDER SOLAR 3 (FKA: BOULDER SOLAR POWER C7),C07,SCE OWNED ELDORADO,SCE OWNED ELDORADO,PUBLIC,1069
PUBLIC:1070,WITHDRAWN,250.0,0.0,2018-12-01 08:00:00,,FULL CAPACITY,,RED BLUFF SUBSTATION 230 KV,RIVERSIDE,SCE,JUPITER SOLAR,C07,RED BLUFF,RED BLUFF SUBSTATION,PUBLIC,1070
PUBLIC:1071,WITHDRAWN,150.0,0.0,2019-12-01 08:00:00,,ENERGY ONLY,,COLORADO RIVER SUBSTATION 230 KV,RIVERSIDE,SCE,QUARTZITE SOLAR 7,C07,COLORADO RIVER,COLORADO RIVER SUBSTATION,PUBLIC,1071
PUBLIC:1072,WITHDRAWN,100.0,0.0,2017-11-01 07:00:00,,FULL CAPACITY,,DEVERS SUBSTATION 230KV,RIVERSIDE,SCE,VERMILLION,C07,DEVERS,DEVERS SUBSTATION,PUBLIC,1072
PUBLIC:1073,WITHDRAWN,305.0,0.0,2019-03-01 08:00:00,,FULL CAPACITY,,SANTA CLARA SUBSTATION 230 KV,VENTURA,SCE,MISSION ROCK ENERGY CENTER  (FKA MISSION ROCK ENERGY CENTER FLEX),C07,SANTA CLARA,SANTA CLARA SUBSTATION,PUBLIC,1073
PUBLIC:1075,WITHDRAWN,50.0,50.0,2022-06-01 07:00:00,,FULL CAPACITY,,WHIRLWIND 230KV BUS,KERN,SCE,ROSE MEADOW WIND BANK,C07,WHIRLWIND,WHIRLWIND,PUBLIC,1075
PUBLIC:1077,WITHDRAWN,300.0,300.0,2018-03-01 08:00:00,,FULL CAPACITY,,ALAMITOS SWITCHING STATION 220KV,LOS ANGELES,SCE,ALAMITOS ENERGY STORAGE,C07,ALAMITOS,ALAMITOS SWITCHING STATION,PUBLIC,1077
PUBLIC:1078,WITHDRAWN,118.0,118.0,2018-05-01 07:00:00,,PARTIAL CAPACITY,,ELLIS-SANTIAGO 220KV LINE,ORANGE,SCE,BIRCH STREET - BATTERY SYSTEM,C07,ELLIS SANTIAGO,ELLIS-SANTIAGO,PUBLIC,1078
PUBLIC:1079,WITHDRAWN,378.0,0.0,2018-07-01 07:00:00,,FULL CAPACITY,,ELLIS-SANTIAGO LINE 220KV,ORANGE,SCE,BIRCH STREET - COMBINED CYCLE,C07,ELLIS SANTIAGO,ELLIS-SANTIAGO LINE,PUBLIC,1079
PUBLIC:1080,WITHDRAWN,625.4,118.0,2018-03-01 08:00:00,,PARTIAL CAPACITY,,ELLIS-SANTIAGO LINE 220KV,ORANGE,SCE,BIRCH STREET GENERATION FACILITY (FKA BIRCH STREET- SIMPLE CYCLE),C07,ELLIS SANTIAGO,ELLIS-SANTIAGO LINE,PUBLIC,1080
PUBLIC:1081,WITHDRAWN,118.0,118.0,2018-05-01 07:00:00,,PARTIAL CAPACITY,,JOHANNA SWITCHYARD 230 KV,ORANGE,SCE,GRAND AVE - BATTERY SYSTEM,C07,JOHANNA,JOHANNA SWITCHYARD,PUBLIC,1081
PUBLIC:1082,WITHDRAWN,378.0,0.0,2018-07-01 07:00:00,,FULL CAPACITY,,JOHANNA SWITCHYARD 230 KV,ORANGE,SCE,GRAND AVE- COMBINED CYCLE,C07,JOHANNA,JOHANNA SWITCHYARD,PUBLIC,1082
PUBLIC:1083,WITHDRAWN,625.4,118.0,2018-07-01 07:00:00,,PARTIAL CAPACITY,,JOHANNA SWITCHYARD 230KV,ORANGE,SCE,GRAND AVE GENERATION FACILITY (FKA GRAND AVE SIMPLE CYCLE),C07,JOHANNA,JOHANNA SWITCHYARD,PUBLIC,1083
PUBLIC:1084,WITHDRAWN,220.0,0.0,2019-03-01 08:00:00,,FULL CAPACITY,,JOHANNA SUBSTATION 230 KV,ORANGE,SCE,JOHANNA ENERGY CENTER (FKA JOHANNA ENERGY CENTER LMS),C07,JOHANNA,JOHANNA SUBSTATION,PUBLIC,1084
PUBLIC:1085,WITHDRAWN,910.0,50.0,2020-06-01 07:00:00,,FULL CAPACITY,,MIRA LOMA SUBSTATION 220KV TAP,SAN BERNARDINO,SCE,MIRA LOMA HYBRID POWER PROJECT,C07,MIRA LOMA,MIRA LOMA SUBSTATION,PUBLIC,1085
PUBLIC:1087,WITHDRAWN,700.0,0.0,2018-12-31 08:00:00,,FULL CAPACITY,,JOHANNA SUBSTATION 230 KV,ORANGE,SCE,SANTA ANA ENERGY CENTER,C07,JOHANNA,JOHANNA SUBSTATION,PUBLIC,1087
PUBLIC:1088,WITHDRAWN,910.0,50.0,2019-06-01 07:00:00,,FULL CAPACITY,,CHINO-VIEJO 220 KV LINE,RIVERSIDE,SCE,VIEJO HYBRID POWER,C07,CHINO VIEJO,CHINO-VIEJO,PUBLIC,1088
PUBLIC:1089,WITHDRAWN,89.95,0.0,2018-04-30 07:00:00,,FULL CAPACITY,,DESERT VIEW SUBSTATION 220KV,SAN BERNARDINO,SCE,HIGH DESERT SOLAR PV,C07,DESERT VIEW,DESERT VIEW SUBSTATION,PUBLIC,1089
PUBLIC:1090,WITHDRAWN,2.0,2.0,2015-01-15 08:00:00,,ENERGY ONLY,,IMPERIAL VALLEY 230KV SUB,IMPERIAL,SDGE,CENTINELA SOLAR ENERGY FACILITY 2MWFT,FT,IMPERIAL VALLEY,IMPERIAL VALLEY,PUBLIC,1090
PUBLIC:1091,WITHDRAWN,1.5,0.0,2015-08-01 07:00:00,,ENERGY ONLY,,GATES-COALINGA 70 KV LINE #1,FRESNO,PGAE,WESTLANDS SOLAR FARMS PV2,FT,GATES COALINGA,GATES-COALINGA,PUBLIC,1091
PUBLIC:1092,WITHDRAWN,49.0,0.0,2017-08-30 07:00:00,,FULL CAPACITY,,GATES-COALINGA #2 70 KV LINE,FRESNO,PGAE,PUERTA SOLAR CENTER,ISP,GATES COALINGA,GATES-COALINGA #2,PUBLIC,1092
PUBLIC:1093,WITHDRAWN,5.0,5.0,2016-03-01 08:00:00,,ENERGY ONLY,,MIGUEL 69KV,SAN DIEGO,SDGE,SWEETWATER ENERGY STORAGE,FT,MIGUEL,MIGUEL,PUBLIC,1093
PUBLIC:1094,WITHDRAWN,25.0,25.0,2017-09-01 07:00:00,,FULL CAPACITY,,115KV TAP ON WOODLAND-DAVIS 115KV LINE,YOLO,PGAE,WOODLAND BATTERY PROJECT,ISP,ON WOODLAND DAVIS,,PUBLIC,1094
PUBLIC:1095,WITHDRAWN,5.0,0.0,2015-12-01 08:00:00,,ENERGY ONLY,,VALLEY SUBSTATION 138KV,NYE,VEA,BLUE SANDS SOLAR PV,FT,VALLEY,VALLEY SUBSTATION,PUBLIC,1095
PUBLIC:1098,WITHDRAWN,1.84,0.0,2017-12-01 08:00:00,,FULL CAPACITY,,BIRDS LANDING SUBSTATION 230KV,SOLANO,PGAE,BIRDS LANDING WIND,C08,BIRDS LANDING,BIRDS LANDING SUBSTATION,PUBLIC,1098
PUBLIC:1099,WITHDRAWN,103.0,103.0,2021-12-31 08:00:00,,FULL CAPACITY,,DU PONT SUBSTATION 60 KV BUS,CONTRA COSTA,PGAE,BRIDGEHEAD ES,C08,DU PONT,DU PONT SUBSTATION,PUBLIC,1099
PUBLIC:1100,WITHDRAWN,412.0,412.0,2021-12-31 08:00:00,,FULL CAPACITY,,MARTIN SUBSTATION 115 KV BUS,SAN MATEO,PGAE,BRISBANE ES,C08,MARTIN,MARTIN SUBSTATION,PUBLIC,1100
PUBLIC:1101,WITHDRAWN,20.0,20.0,2018-06-01 07:00:00,,FULL CAPACITY,,COOLEY LANDING 60KV SUBSTATION,SAN MATEO,PGAE,COOLEY LANDING BESS,C08,COOLEY LANDING,COOLEY LANDING,PUBLIC,1101
PUBLIC:1102,WITHDRAWN,20.0,20.0,2018-06-01 07:00:00,,FULL CAPACITY,,PITTSBURGH - GWF TAP #1 60KV,CONTRA COSTA,PGAE,CORNWALL ENERGY STORAGE,C08,PITTSBURGH GWF,PITTSBURGH - GWF TAP #1,PUBLIC,1102
PUBLIC:1104,WITHDRAWN,74.0,0.0,2017-03-03 08:00:00,,FULL CAPACITY,,GEYSERS 17-FULTON 230KV TRANSMISSION LINE,SONOMA,PGAE,GEYSERS UNIT 11 RECONNECTION,C08,GEYSERS 17 FULTON TRANSMISSION,GEYSERS 17-FULTON,PUBLIC,1104
PUBLIC:1105,WITHDRAWN,20.0,20.0,2021-08-01 07:00:00,,FULL CAPACITY,,230 KV BUS AT THE KELSO SUBSTATION VIA THE MARIPOSA ENERGY 230 KV TIE LINE,CONTRA COSTA,PGAE,GOLDENEYE ENERGY STORAGE CENTER,C08,AT THE KELSO VIA THE MARIPOSA ENERGY TIE,,PUBLIC,1105
PUBLIC:1106,WITHDRAWN,200.0,0.0,2027-09-15 07:00:00,Executed,FULL CAPACITY,,PIT 1-COTTONWOOD 230 KV LINE,SHASTA,PGAE,FOUNTAIN WIND,C08,PIT 1 COTTONWOOD,PIT 1-COTTONWOOD,PUBLIC,1106
PUBLIC:1107,WITHDRAWN,10.0,10.0,2020-03-01 08:00:00,,FULL CAPACITY,,MOLINO SUBSTATION 60KV BUS,SONOMA,PGAE,MOLINO ES,C08,MOLINO,MOLINO SUBSTATION,PUBLIC,1107
PUBLIC:1108,WITHDRAWN,64.0,64.0,2020-12-01 08:00:00,,FULL CAPACITY,,EAST NICOLAUS 115KV SUBSTATION,SUTTER,PGAE,NICOLAUS STORAGE ,C08,EAST NICOLAUS,EAST NICOLAUS,PUBLIC,1108
PUBLIC:1110,WITHDRAWN,153.0,156.0,2021-12-31 08:00:00,,FULL CAPACITY,,OAKLAND J 115KV SUBSTATION BUS,ALAMEDA,PGAE,OAKLAND ES,C08,OAKLAND J,OAKLAND J,PUBLIC,1110
PUBLIC:1112,WITHDRAWN,10.0,10.0,2020-03-01 08:00:00,,FULL CAPACITY,,POINT ARENA SUBSTATION 60KV,MENDOCINO,PGAE,POINT ARENA ES,C08,POINT ARENA,POINT ARENA SUBSTATION,PUBLIC,1112
PUBLIC:1114,WITHDRAWN,52.5,0.0,2017-06-30 07:00:00,,FULL CAPACITY,,TESLA TO DELTA SWITCHING YARD AT THE ALTAMONT-MIDWAY SUBSTATION,ALAMEDA,PGAE,SAND HILL WIND 2,C08,TESLA TO DELTA SWITCHING YARD AT THE ALTAMONT MIDWAY,TESLA TO DELTA SWITCHING YARD AT THE ALTAMONT-MIDWAY SUBSTATION,PUBLIC,1114
PUBLIC:1115,WITHDRAWN,10.0,10.0,2020-03-01 08:00:00,,FULL CAPACITY,,SHINGLE SPRINGS SUBSTATION 115 KV,EL DORADO,PGAE,SHINGLE SPRINGS ES,C08,SHINGLE SPRINGS,SHINGLE SPRINGS SUBSTATION,PUBLIC,1115
PUBLIC:1118,WITHDRAWN,300.0,0.0,2018-09-01 07:00:00,,FULL CAPACITY,,WESTLEY-QUINTO 230 KV LINE,STANISLAUS,PGAE,BELTRAN SOLAR,C08,WESTLEY QUINTO,WESTLEY-QUINTO,PUBLIC,1118
PUBLIC:1119,WITHDRAWN,60.0,0.0,2021-06-01 07:00:00,,FULL CAPACITY,,MENDOTA 115KV SUBSTATION,FRESNO,PGAE,CENTRAL VALLEY,C08,MENDOTA,MENDOTA,PUBLIC,1119
PUBLIC:1121,WITHDRAWN,19.75,3.0,2018-12-31 08:00:00,,FULL CAPACITY,,WAUKENA SWITCHING STATION 115KV,KINGS,PGAE,CORCORAN 2 BESS ADDITION,C08,WAUKENA,WAUKENA SWITCHING STATION,PUBLIC,1121
PUBLIC:1122,WITHDRAWN,81.8,0.0,2020-12-01 08:00:00,,ENERGY ONLY,,MERCY SPRINGS 70 KV SWITCHING STATION,MERCED,PGAE,DOS AMIGOS SOLAR,C08,MERCY SPRINGS,MERCY SPRINGS,PUBLIC,1122
PUBLIC:1123,WITHDRAWN,50.0,50.0,2018-05-01 07:00:00,,FULL CAPACITY,,PANOCHE-SCHINDLER #2 115 KV LINE VIA THE CHENEY #1 TAP 115 KV LINE,FRESNO,PGAE,FIREBAUGH PANOCHE BESS (FKA PANOCHE ENERGY RELIABILITY CENTER),C08,PANOCHE SCHINDLER VIA THE CHENEY,PANOCHE-SCHINDLER #2,PUBLIC,1123
PUBLIC:1124,WITHDRAWN,247.0,0.0,2018-12-31 08:00:00,,FULL CAPACITY,,HELM-FIREBAUGH 230KV LINE,FRESNO,PGAE,FRESNO SOLAR 1,C08,HELM FIREBAUGH,HELM-FIREBAUGH,PUBLIC,1124
PUBLIC:1125,WITHDRAWN,50.0,0.0,2018-12-31 08:00:00,,FULL CAPACITY,,COALINGA NO 1 SUBSTATION 70KV,FRESNO,PGAE,GALE SOLAR 1,C08,COALINGA,COALINGA NO 1 SUBSTATION,PUBLIC,1125
PUBLIC:1126,WITHDRAWN,25.0,25.0,2020-05-01 07:00:00,,FULL CAPACITY,,HENRIETTA SUBSTATION - 70KV,KINGS,PGAE,HENRIETTA ENERGY STORAGE,C08,HENRIETTA,HENRIETTA SUBSTATION -,PUBLIC,1126
PUBLIC:1130,WITHDRAWN,19.94,19.94,2020-11-01 07:00:00,,ENERGY ONLY,,TRANQUILITY SUBSTATION 230KV,FRESNO,PGAE,LUNA PRISM (FKA: MOON PRISM 2),C08,TRANQUILITY,TRANQUILITY SUBSTATION,PUBLIC,1130
PUBLIC:1131,WITHDRAWN,20.0,20.0,2020-09-01 07:00:00,,FULL CAPACITY,,NEW KEARNY SUBSTATION 70KV BUS,FRESNO,PGAE,ENERGY NUEVO STORAGE FARM (FKA NEW KEARNY ENERGY PARK),C08,NEW KEARNY,NEW KEARNY SUBSTATION,PUBLIC,1131
PUBLIC:1132,WITHDRAWN,10.0,10.0,2020-03-01 08:00:00,,FULL CAPACITY,,KEARNEY SUBSTATION 70KV BUS,FRESNO,PGAE,OLD KEARNEY ES,C08,KEARNEY,KEARNEY SUBSTATION,PUBLIC,1132
PUBLIC:1133,WITHDRAWN,50.0,0.0,2020-06-01 07:00:00,,FULL CAPACITY,,CANTUA 115KV SUBSTATION,MERCED,PGAE,OVEJA SOLAR FARM,C08,CANTUA,CANTUA,PUBLIC,1133
PUBLIC:1134,WITHDRAWN,40.0,0.0,2018-12-31 08:00:00,,FULL CAPACITY,,GATES-COALINGA #1 70KV LINE AT JACALITO,FRESNO,PGAE,QUAIL CREEK SOLAR 1,C08,GATES COALINGA AT JACALITO,GATES-COALINGA #1,PUBLIC,1134
PUBLIC:1137,WITHDRAWN,20.0,0.0,2021-10-15 07:00:00,,FULL CAPACITY,,KENT SW STA 70 KV,KINGS,PGAE,WESTLANDS APRICOT,C08,KENT,KENT SW STA,PUBLIC,1137
PUBLIC:1138,WITHDRAWN,50.0,0.0,2021-11-03 07:00:00,,FULL CAPACITY,,KENT SW STA 70 KV,KINGS,PGAE,WESTLANDS ARTICHOKE,C08,KENT,KENT SW STA,PUBLIC,1138
PUBLIC:1140,WITHDRAWN,50.0,0.0,2020-06-01 07:00:00,,FULL CAPACITY,,LE GRAND SUBSTATION 115KV,MERCED,PGAE,WHITE ROCK SOLAR FARM,C08,LE GRAND,LE GRAND SUBSTATION,PUBLIC,1140
PUBLIC:1141,WITHDRAWN,80.0,73.6,2023-12-15 08:00:00,Executed,PARTIAL CAPACITY,,ARCO SUBSTATION 70KV,KERN,PGAE,ALAMO SPRINGS SOLAR 1,C08,ARCO,ARCO SUBSTATION,PUBLIC,1141
PUBLIC:1142,WITHDRAWN,206.0,206.0,2021-12-31 08:00:00,,FULL CAPACITY,,MAGUNDEN 115 KV SUBSTATION,KERN,PGAE,ALGOSO ES,C08,MAGUNDEN,MAGUNDEN,PUBLIC,1142
PUBLIC:1144,WITHDRAWN,120.0,0.0,2020-11-01 07:00:00,,FULL CAPACITY,,HENRIETTA SUBSTATION 70KV,KINGS,PGAE,AMERICAN KINGS 2,C08,HENRIETTA,HENRIETTA SUBSTATION,PUBLIC,1144
PUBLIC:1145,WITHDRAWN,200.0,0.0,2018-12-31 08:00:00,,FULL CAPACITY,,ARCO 230KV SUBSTATION,KERN,PGAE,ANCHO CREEK SOLAR,C08,ARCO,ARCO,PUBLIC,1145
PUBLIC:1146,WITHDRAWN,20.0,3.0,2019-12-31 08:00:00,,FULL CAPACITY,,OLIVE SWITCHING STATION - SMYNRA 115 KV LINE,TULARE,PGAE,ATWELL WEST BESS ADDITION,C08,OLIVE SMYNRA,OLIVE SWITCHING STATION - SMYNRA,PUBLIC,1146
PUBLIC:1147,WITHDRAWN,80.0,0.0,2018-12-31 08:00:00,,FULL CAPACITY,,FAMOSO SUBSTATION 115KV,KERN,PGAE,BASKET RIDGE SOLAR,C08,FAMOSO,FAMOSO SUBSTATION,PUBLIC,1147
PUBLIC:1148,WITHDRAWN,21.7,0.0,2018-03-31 07:00:00,,FULL CAPACITY,,ARCO-POLONIO PASS 70 KV LINE,KERN,PGAE,BRITAIN,C08,ARCO POLONIO PASS,ARCO-POLONIO PASS,PUBLIC,1148
PUBLIC:1150,WITHDRAWN,20.0,0.0,2018-12-31 08:00:00,,FULL CAPACITY,,BLACKWELL SUBSTATION 70KV,KERN,PGAE,CARNERAS SOLAR 1,C08,BLACKWELL,BLACKWELL SUBSTATION,PUBLIC,1150
PUBLIC:1151,WITHDRAWN,100.0,0.0,2018-12-31 08:00:00,,FULL CAPACITY,,SEMITROPIC SUBSTATION 115KV,KERN,PGAE,KIMBERLINA SOLAR,C08,SEMITROPIC,SEMITROPIC SUBSTATION,PUBLIC,1151
PUBLIC:1152,WITHDRAWN,20.0,0.0,2017-12-31 08:00:00,,FULL CAPACITY,,MARICOPA-COPUS 70KV LINE,KERN,PGAE,MARICOPA WEST SOLAR PV 3,C08,MARICOPA COPUS,MARICOPA-COPUS,PUBLIC,1152
PUBLIC:1153,WITHDRAWN,650.0,0.0,2020-03-31 07:00:00,,FULL CAPACITY,,MORRO BAY PP 230 KV,SAN LUIS OBISPO,PGAE,MORRO BAY WAVE ENERGY PROJECT,C08,MORRO BAY,MORRO BAY PP,PUBLIC,1153
PUBLIC:1154,WITHDRAWN,200.0,0.0,2020-12-01 08:00:00,,ENERGY ONLY,,NEW WHEELER RIDGE JUNCTION 115KV SUBSTATION,KERN,PGAE,MOUNT VERNON SOLAR,C08,NEW WHEELER RIDGE,NEW WHEELER RIDGE JUNCTION,PUBLIC,1154
PUBLIC:1155,WITHDRAWN,77.5,77.5,2018-12-31 08:00:00,,FULL CAPACITY,,EASTSHORE 115KV SUBSTATION,KERN,PGAE,PERIWINKLE,C08,EASTSHORE,EASTSHORE,PUBLIC,1155
PUBLIC:1156,WITHDRAWN,42.0,42.0,2018-05-01 07:00:00,,FULL CAPACITY,,SANTA MARIA COGEN 115 KV TAP,SANTA BARBARA,PGAE,SANTA MARIA ENERGY BESS (FKA SANTA MARIA ENERGY RELIABILITY CENTER),C08,SANTA MARIA COGEN,SANTA MARIA COGEN,PUBLIC,1156
PUBLIC:1157,WITHDRAWN,50.0,46.0,2023-12-15 08:00:00,Executed,PARTIAL CAPACITY,,ARCO SUBSTATION 70KV,KERN,PGAE,ALAMO SPRINGS SOLAR 2 ,C08,ARCO,ARCO SUBSTATION,PUBLIC,1157
PUBLIC:1159,WITHDRAWN,21.7,0.0,2020-06-30 07:00:00,,FULL CAPACITY,,ARCO-TULARE LAKE 70KV LINE,KINGS,PGAE,TRAFALGAR,C08,ARCO TULARE LAKE,ARCO-TULARE LAKE,PUBLIC,1159
PUBLIC:1160,WITHDRAWN,20.0,0.0,2018-03-31 07:00:00,,FULL CAPACITY,,ARCO - POLONIO PASS 70KV LINE,KERN,PGAE,TROY,C08,ARCO POLONIO PASS,ARCO - POLONIO PASS,PUBLIC,1160
PUBLIC:1161,WITHDRAWN,180.5,180.5,2019-04-01 07:00:00,,FULL CAPACITY,,WHEELER RIDGE-MIDWAY 230KV LINE,KERN,PGAE,ROYAL (FKA WHEELER INDIGO),C08,WHEELER RIDGE MIDWAY,WHEELER RIDGE-MIDWAY,PUBLIC,1161
PUBLIC:1162,WITHDRAWN,10.0,10.0,2019-12-31 08:00:00,,FULL CAPACITY,,OLIVE SWITCHING STATION 115KV,TULARE,PGAE,WHITE RIVER 3 BESS,C08,OLIVE,OLIVE SWITCHING STATION,PUBLIC,1162
PUBLIC:1163,WITHDRAWN,100.0,0.0,2020-01-31 08:00:00,,ENERGY ONLY,,LAMONT 115KV SUBSTATION,KERN,PGAE,WHITE WOLF SOLAR,C08,LAMONT,LAMONT,PUBLIC,1163
PUBLIC:1164,WITHDRAWN,20.0,20.0,2021-08-01 07:00:00,,FULL CAPACITY,,115KV ROSEDALE SUBSTATION,KERN,PGAE,PRIMROSE ENERGY STORAGE CENTER,C08,ROSEDALE,,PUBLIC,1164
PUBLIC:1165,WITHDRAWN,20.0,20.0,2019-01-01 08:00:00,,FULL CAPACITY,,SPRING VALLEY SUBSTATION 69 KV BUS,SAN DIEGO,SDGE,BANCROFT,C08,SPRING VALLEY,SPRING VALLEY SUBSTATION,PUBLIC,1165
PUBLIC:1167,WITHDRAWN,84.0,20.0,2017-12-31 08:00:00,,FULL CAPACITY,,0.2 MILES FROM MONSRATE TAP  ON THE MONSRATE TAP-PALA 69 KV LINE,SAN DIEGO,SDGE,BONSALL RENEWABLE,C08,0 2 MILES FROM MONSRATE ON THE MONSRATE PALA,0.2 MILES FROM MONSRATE TAP  ON THE MONSRATE TAP-PALA,PUBLIC,1167
PUBLIC:1168,WITHDRAWN,40.0,40.0,2019-12-31 08:00:00,,FULL CAPACITY,,ENCINA SUBSTATION 138 KV,SAN DIEGO,SDGE,CARLSBAD ADVANCED ENERGY STORAGE CENTER,C08,ENCINA,ENCINA SUBSTATION,PUBLIC,1168
PUBLIC:1172,WITHDRAWN,110.0,110.0,2019-11-30 08:00:00,,FULL CAPACITY,,OTAY MESA SUBSTATION 230 KV BUS,SAN DIEGO,SDGE,HARVEST ENERGY STORAGE PROJECT (FKA OTAY MESA MSS),C08,OTAY MESA,OTAY MESA SUBSTATION,PUBLIC,1172
PUBLIC:1173,WITHDRAWN,84.0,20.0,2017-12-31 08:00:00,,FULL CAPACITY,,0.2-MILE FROM MORO HILL TAP ON THE MORO HILL TAP - MONSERATE 69 KV LINE,SAN DIEGO,SDGE,HEIRLOOM RENEWABLE,C08,0 2 MILE FROM MORO HILL ON THE MORO HILL MONSERATE,0.2-MILE FROM MORO HILL TAP ON THE MORO HILL TAP - MONSERATE,PUBLIC,1173
PUBLIC:1174,WITHDRAWN,60.25,10.0,2021-06-01 07:00:00,In Progress,ENERGY ONLY,,EAST COUNTY SUBSTATION 138 KV,SAN DIEGO,SDGE,JACUMBA RANCH,C08,EAST COUNTY,EAST COUNTY SUBSTATION,PUBLIC,1174
PUBLIC:1176,WITHDRAWN,25.0,25.0,2018-07-31 07:00:00,,FULL CAPACITY,,OTAY MESA SWITCHYARD 230 KV,SAN DIEGO,SDGE,MARIA PICO ENERGY STORAGE CENTER,C08,OTAY MESA,OTAY MESA SWITCHYARD,PUBLIC,1176
PUBLIC:1177,WITHDRAWN,100.0,100.0,2019-05-01 07:00:00,,FULL CAPACITY,,PALA 69KV SUBSTATION,SAN DIEGO,SDGE,MIDTOWN CANYON ES,C08,PALA,PALA,PUBLIC,1177
PUBLIC:1178,WITHDRAWN,507.4,0.0,2019-03-01 08:00:00,,FULL CAPACITY,,TALEGA-ESCONDIDO 230 KV LINE,SAN DIEGO,SDGE,MIDTOWN CANYON GAS,C08,TALEGA ESCONDIDO,TALEGA-ESCONDIDO,PUBLIC,1178
PUBLIC:1179,WITHDRAWN,30.0,30.0,2019-07-31 07:00:00,,FULL CAPACITY,,MIGUEL SUBSTATION 69KV BUS,SAN DIEGO,SDGE,MIGUEL BESS (FKA MIGUEL),C08,MIGUEL,MIGUEL SUBSTATION,PUBLIC,1179
PUBLIC:1180,WITHDRAWN,50.0,50.0,2019-11-15 08:00:00,,FULL CAPACITY,,NEW SUBSTATIONS SAN LUIS-MELROSE 69 KV,SAN DIEGO,SDGE,ORDWAY ENERGY STORAGE (FKA OCEANSIDE BESS) ,C08,NEW SUBSTATIONS SAN LUIS MELROSE,NEW SUBSTATIONS SAN LUIS-MELROSE,PUBLIC,1180
PUBLIC:1181,WITHDRAWN,200.0,200.0,2018-01-01 08:00:00,,FULL CAPACITY,,OTAY MESA SUBSTATION 230 KV BUS,SAN DIEGO,SDGE,OTAY MESA BESS,C08,OTAY MESA,OTAY MESA SUBSTATION,PUBLIC,1181
PUBLIC:1182,WITHDRAWN,5.0,5.0,2017-08-08 07:00:00,,FULL CAPACITY,,BORDER SUBSTATION 69KV ALTA AND OTAY MESA ROAD,SAN DIEGO,SDGE,OTAY MESA CINCO,C08,BORDER ALTA AND OTAY MESA ROAD,BORDER SUBSTATION,PUBLIC,1182
PUBLIC:1183,WITHDRAWN,37.0,9.0,2017-12-31 08:00:00,,FULL CAPACITY,,PALA 69KV SUBSTATION,SAN DIEGO,SDGE,PALA CANYON RENEWABLE (FKA PALA FALLBROOK ENERGY CENTER),C08,PALA,PALA,PUBLIC,1183
PUBLIC:1184,WITHDRAWN,200.0,0.0,2018-12-01 08:00:00,,FULL CAPACITY,,HOODOO WASH SWITCHYARD 500 KV,YUMA,SDGE,PALOMAS SOLAR PROJECT,C08,HOODOO WASH,HOODOO WASH SWITCHYARD,PUBLIC,1184
PUBLIC:1185,WITHDRAWN,110.0,0.0,2018-12-15 08:00:00,,FULL CAPACITY,,OTAY MESA SWITCHYARD 230 KV,SAN DIEGO,SDGE,PIO PICO UNIT 4,C08,OTAY MESA,OTAY MESA SWITCHYARD,PUBLIC,1185
PUBLIC:1186,WITHDRAWN,523.0,61.0,2018-06-30 07:00:00,,FULL CAPACITY,,NEW SUBSTATION TO LOOP IN TL2330 TALEGA- ESCONDIDO 230KV LINE,SAN DIEGO,SDGE,RAINBOW ENERGY CENTER,C08,NEW TO LOOP IN TL2330 TALEGA ESCONDIDO,NEW SUBSTATION TO LOOP IN TL2330 TALEGA- ESCONDIDO,PUBLIC,1186
PUBLIC:1187,WITHDRAWN,20.0,20.0,2019-04-01 07:00:00,,FULL CAPACITY,,SAN LUIS REY SUBSTATION 69 KV,SAN DIEGO,SDGE,STINGRAY ENERGY STORAGE,C08,SAN LUIS REY,SAN LUIS REY SUBSTATION,PUBLIC,1187
PUBLIC:1188,WITHDRAWN,25.0,25.0,2019-11-15 08:00:00,,FULL CAPACITY,,POMERADO SUBSTATION 69 KV,SAN DIEGO,SDGE,STOWE ENERGY STORAGE (FKA POWAY),C08,POMERADO,POMERADO SUBSTATION,PUBLIC,1188
PUBLIC:1190,WITHDRAWN,300.0,0.0,2020-09-30 07:00:00,,FULL CAPACITY,,HASSAYAMPA 500 KV SUBSTATION,MARICOPA,SDGE,TITAN SOLAR,C08,HASSAYAMPA,HASSAYAMPA,PUBLIC,1190
PUBLIC:1193,WITHDRAWN,1408.0,1408.0,2022-01-01 08:00:00,,FULL CAPACITY,,RED BLUFF SUBSTATION 500 KV,RIVERSIDE,SCE,EAGLE MOUNTAIN PUMP STORAGE #4,C08,RED BLUFF,RED BLUFF SUBSTATION,PUBLIC,1193
PUBLIC:1194,WITHDRAWN,600.0,0.0,2020-10-31 07:00:00,,ENERGY ONLY,,COLORADO RIVER SUBSTATION 230KV,RIVERSIDE,SCE,IRISH,C08,COLORADO RIVER,COLORADO RIVER SUBSTATION,PUBLIC,1194
PUBLIC:1195,WITHDRAWN,49.0,0.0,2020-06-01 07:00:00,,FULL CAPACITY,,BLYTHE ENERGY PARK #1 (BEP1) 230KV,RIVERSIDE,SCE,LEPRECHAUN,C08,BLYTHE ENERGY PARK,BLYTHE ENERGY PARK #1 (BEP1),PUBLIC,1195
PUBLIC:1197,WITHDRAWN,400.0,400.0,2020-03-01 08:00:00,,FULL CAPACITY,,RED BLUFF SWITCHYARD 220KV,RIVERSIDE,SCE,PALO VERDE ENERGY STORAGE,C08,RED BLUFF,RED BLUFF SWITCHYARD,PUBLIC,1197
PUBLIC:1199,WITHDRAWN,108.8,0.0,2019-12-31 08:00:00,,ENERGY ONLY,,RED BLUFF 220KV BUS,RIVERSIDE,SCE,SIDEWINDER SOLAR,C08,RED BLUFF,RED BLUFF,PUBLIC,1199
PUBLIC:1202,WITHDRAWN,140.0,140.0,2021-09-01 07:00:00,,FULL CAPACITY,,KRAMER SUBSTATION 230KV BUS,SAN BERNARDINO,SCE,HARPER LAKE ENERGY STORAGE,C08,KRAMER,KRAMER SUBSTATION,PUBLIC,1202
PUBLIC:1203,WITHDRAWN,167.55,30.8,2019-05-31 07:00:00,,FULL CAPACITY,,CALCITE SUBSTATION GEN-TIE AT 230KV,SAN BERNARDINO,SCE,HIGH DESERT VIEW SOLAR,C08,CALCITE GEN TIE AT,CALCITE SUBSTATION GEN-TIE AT,PUBLIC,1203
PUBLIC:1205,WITHDRAWN,66.7,66.7,2018-12-31 08:00:00,,FULL CAPACITY,,COOLWATER 115KV SUBSTATION,SAN BERNARDINO,SCE,SIENNA,C08,COOLWATER,COOLWATER,PUBLIC,1205
PUBLIC:1206,WITHDRAWN,150.0,0.0,2021-03-31 07:00:00,,ENERGY ONLY,,JASPER SUBSTATION 230KV,SAN BERNARDINO,SCE,TAMPADERO SOLAR,C08,JASPER,JASPER SUBSTATION,PUBLIC,1206
PUBLIC:1209,WITHDRAWN,412.0,412.0,2021-12-31 08:00:00,In Progress,FULL CAPACITY,,ANTELOPE 220KV BUS,LOS ANGELES,SCE,BRADMORE BESS FKA BRADMORE ES,C08,ANTELOPE,ANTELOPE,PUBLIC,1209
PUBLIC:1210,WITHDRAWN,412.0,420.0,2021-12-31 08:00:00,,FULL CAPACITY,,SPRINGVILLE SUBSTATION 220KV BUS,TULARE,SCE,FRAZIER ES,C08,SPRINGVILLE,SPRINGVILLE SUBSTATION,PUBLIC,1210
PUBLIC:1213,WITHDRAWN,100.0,0.0,2018-06-30 07:00:00,,FULL CAPACITY,,WHIRLWIND 230 KV SUBSTATION,KERN,SCE,GOLDEN FIELDS SOLAR 3,C08,WHIRLWIND,WHIRLWIND,PUBLIC,1213
PUBLIC:1214,WITHDRAWN,5.98,6.0,2020-01-31 08:00:00,,FULL CAPACITY,,WHIRLWIND SUBSTATION 230KV,KERN,SCE,GOLDEN PRISM ,C08,WHIRLWIND,WHIRLWIND SUBSTATION,PUBLIC,1214
PUBLIC:1216,WITHDRAWN,130.0,0.0,2022-04-01 07:00:00,Executed,FULL CAPACITY,,VINCENT SUBSTATION 230 KV BUS,LOS ANGELES,SCE,PALMDALE ENERGY,C08,VINCENT,VINCENT SUBSTATION,PUBLIC,1216
PUBLIC:1218,WITHDRAWN,400.0,0.0,2024-06-15 07:00:00,In Progress,ENERGY ONLY,,JOINTLY-OWNED MOHAVE SWITCHYARD 500KV,CLARK,SCE,NEVADA MOHAVE SOLAR,C08,JOINTLY OWNED MOHAVE,JOINTLY-OWNED MOHAVE SWITCHYARD,PUBLIC,1218
PUBLIC:1219,WITHDRAWN,100.0,0.0,2019-06-01 07:00:00,,ENERGY ONLY,,DESERT VIEW SUBSTATION 230 KV BUS,CLARK,GLW,SNOW MOUNTAIN SOLAR,C08,DESERT VIEW,DESERT VIEW SUBSTATION,PUBLIC,1219
PUBLIC:1220,WITHDRAWN,103.0,103.0,2018-12-31 08:00:00,,FULL CAPACITY,,LIEBERT 230KV SWITCHYARD,IMPERIAL,IID,MIKADO,C08,LIEBERT,LIEBERT,PUBLIC,1220
PUBLIC:1221,WITHDRAWN,35.0,0.0,2018-06-01 07:00:00,Executed,FULL CAPACITY,,GEYSERS #3 - CLOVERDALE 115 KV LINE,SONOMA,PGAE,WGP GEYSERS,ISP,GEYSERS CLOVERDALE,GEYSERS #3 - CLOVERDALE,PUBLIC,1221
PUBLIC:1224,WITHDRAWN,153.3,0.0,2020-12-01 08:00:00,,FULL CAPACITY,,MUSTANG 230KV SWITCHING STATION,KINGS,PGAE,ARROYO REYES SOLAR,C09,MUSTANG,MUSTANG,PUBLIC,1224
PUBLIC:1225,WITHDRAWN,60.0,10.45,2021-12-31 08:00:00,In Progress,ENERGY ONLY,,FIVE POINTS SUBSTATION 70 KV,FRESNO,PGAE,CINCO,C09,FIVE POINTS,FIVE POINTS SUBSTATION,PUBLIC,1225
PUBLIC:1226,WITHDRAWN,102.0,0.0,2020-12-01 08:00:00,,FULL CAPACITY,,230KV TRANQUILITY SWITCHING STATION,FRESNO,PGAE,CONEJO SOLAR,C09,TRANQUILITY,,PUBLIC,1226
PUBLIC:1227,WITHDRAWN,42.1,0.0,2020-11-01 07:00:00,,FULL CAPACITY,,SCHINDLER TRANSMISSION LINE TAP 70 KV,FRESNO,PGAE,CURRY,C09,SCHINDLER TRANSMISSION,SCHINDLER TRANSMISSION LINE TAP,PUBLIC,1227
PUBLIC:1228,WITHDRAWN,50.83,52.2,2020-06-01 07:00:00,,FULL CAPACITY,,MALAGA 115KV BUS,FRESNO,PGAE,EASTERBY ENERGY STORAGE,C09,MALAGA,MALAGA,PUBLIC,1228
PUBLIC:1229,WITHDRAWN,60.85,0.0,2020-12-31 08:00:00,,FULL CAPACITY,,COALINGA #2 - COALINGA #1 70 KV LINE APPROX. 1.9 MILES SOUTH OF COALINGA #2 AND 1 MILE EAST OF THE PROJECT SITE,FRESNO,PGAE,SOUTHERN LIGHT SOLAR,C09,COALINGA COALINGA APPROX 1 9 MILES SOUTH OF COALINGA AND 1 MILE EAST OF THE PROJECT SITE,COALINGA #2 - COALINGA #1,PUBLIC,1229
PUBLIC:1230,WITHDRAWN,152.2,30.9,2021-12-01 08:00:00,,FULL CAPACITY,,TRANQUILITY KEARNY 230KV,FRESNO,PGAE,GOLDEN RECTANGLE,C09,TRANQUILITY KEARNY,TRANQUILITY KEARNY,PUBLIC,1230
PUBLIC:1231,WITHDRAWN,1043.0705,0.0,2020-12-31 08:00:00,,FULL CAPACITY,,PANOCHE 230 KV SUB,FRESNO,PGAE,HEARTLAND SOLAR,C09,PANOCHE,PANOCHE,PUBLIC,1231
PUBLIC:1232,WITHDRAWN,1042.4945,0.0,2020-12-31 08:00:00,,FULL CAPACITY,,TRANQUILITY SWITCHING STATION 230KV,FRESNO,PGAE,HEARTLAND SOLAR-2,C09,TRANQUILITY,TRANQUILITY SWITCHING STATION,PUBLIC,1232
PUBLIC:1233,WITHDRAWN,50.5,50.5,2018-05-31 07:00:00,,FULL CAPACITY,,BORDEN SUBSTATION 70KV,MADERA,PGAE,HOBBS ENERGY STORAGE,C09,BORDEN,BORDEN SUBSTATION,PUBLIC,1233
PUBLIC:1234,WITHDRAWN,51.0,0.0,2020-09-04 07:00:00,,FULL CAPACITY,,NEW 115KV SWITCHING STATION ON THE PANOCHE - SCHINDLER 115KV #1 LINE,FRESNO,PGAE,HONEYBEE SOLAR,C09,NEW ON THE PANOCHE SCHINDLER,NEW,PUBLIC,1234
PUBLIC:1235,WITHDRAWN,85.0,99.0,2024-12-31 08:00:00,Executed,ENERGY ONLY,,PANOCHE SUBSTATION 115 KV,FRESNO,PGAE,HUDSON SOLAR 1,C09,PANOCHE,PANOCHE SUBSTATION,PUBLIC,1235
PUBLIC:1236,WITHDRAWN,105.3,0.0,2020-11-01 07:00:00,,FULL CAPACITY,,DAIRYLAND-MENDOTA TRANSMISSION LINE 115 KV,FRESNO,PGAE,INCA,C09,DAIRYLAND MENDOTA TRANSMISSION,DAIRYLAND-MENDOTA TRANSMISSION LINE,PUBLIC,1236
PUBLIC:1237,WITHDRAWN,80.77,20.7,2019-12-31 08:00:00,,FULL CAPACITY,,EXCELSIOR SWITCHING STATION LOCATED ON THE PANOCHE-SCHINDLER NO.1 & 2 115 KV LINE,FRESNO,PGAE,MAIZEN BLUE  SOLAR 1,C09,EXCELSIOR LOCATED ON THE PANOCHE SCHINDLER 2,EXCELSIOR SWITCHING STATION LOCATED ON THE PANOCHE-SCHINDLER NO.1 & 2,PUBLIC,1237
PUBLIC:1238,WITHDRAWN,61.0,0.0,2018-12-01 08:00:00,,FULL CAPACITY,,JAYNE SWITCH STATION 70 KV,FRESNO,PGAE,MANGO SOLAR,C09,JAYNE,JAYNE SWITCH STATION,PUBLIC,1238
PUBLIC:1239,WITHDRAWN,26.5,0.0,2026-12-31 08:00:00,Terminated,ENERGY ONLY,,LOS BANOS-O'NEIL PGP 70 KV LINE,MERCED,PGAE,MEDEIROS SOLAR,C09,LOS BANOS O NEIL PGP,LOS BANOS-O'NEIL PGP,PUBLIC,1239
PUBLIC:1240,WITHDRAWN,20.22,0.0,2019-12-31 08:00:00,,FULL CAPACITY,,PG&E CORCORAN-GUERNSEY 70 KV LINE,KINGS,PGAE,NILES SOLAR 1,C09,PG E CORCORAN GUERNSEY,PG&E CORCORAN-GUERNSEY,PUBLIC,1240
PUBLIC:1241,WITHDRAWN,307.624,0.0,2020-12-31 08:00:00,,FULL CAPACITY,,MIDWAY- GATES 230 KV LINE,FRESNO,PGAE,PELICAN ISLAND,C09,MIDWAY GATES,MIDWAY- GATES,PUBLIC,1241
PUBLIC:1245,WITHDRAWN,30.6,122.4,2021-05-01 07:00:00,,FULL CAPACITY,,PG&E KEARNEY SUB 70 KV,FRESNO,PGAE,RANCHO FRESNO STORAGE FARM,C09,PG E KEARNEY,PG&E KEARNEY SUB,PUBLIC,1245
PUBLIC:1246,WITHDRAWN,200.0,28.0,2023-04-28 07:00:00,In Progress,FULL CAPACITY,,QUINTO SWITCHING STATION 230 KV BUS,MERCED,PGAE,ROMERO CREEK,C09,QUINTO,QUINTO SWITCHING STATION,PUBLIC,1246
PUBLIC:1247,WITHDRAWN,40.53,0.0,2020-12-31 08:00:00,,FULL CAPACITY,,COALINGA #1 - SAN MIGUEL 70 KV LINE,FRESNO,PGAE,SERENITY SOLAR,C09,COALINGA SAN MIGUEL,COALINGA #1 - SAN MIGUEL,PUBLIC,1247
PUBLIC:1248,WITHDRAWN,105.3,0.0,2020-11-01 07:00:00,,FULL CAPACITY,,DAIRYLAND-MENDOTA 115 KV LINE,FRESNO,PGAE,CROWN,C09,DAIRYLAND MENDOTA,DAIRYLAND-MENDOTA,PUBLIC,1248
PUBLIC:1249,WITHDRAWN,202.922,0.0,2018-12-01 08:00:00,,FULL CAPACITY,,EXCELSIOR SWITCH STATION 115 KV,FRESNO,PGAE,SEIS PUNTOS SOLAR,C09,EXCELSIOR,EXCELSIOR SWITCH STATION,PUBLIC,1249
PUBLIC:1250,WITHDRAWN,101.97,0.0,2020-12-31 08:00:00,,FULL CAPACITY,,LEGRAND - DAIRYLAND 115 KV LINE,MADERA,PGAE,WADY SOLAR,C09,LEGRAND DAIRYLAND,LEGRAND - DAIRYLAND,PUBLIC,1250
PUBLIC:1251,WITHDRAWN,42.1,0.0,2019-11-01 07:00:00,,FULL CAPACITY,,CRESCENT SWITCHING STATION 70KV,FRESNO,PGAE,WARRIORS,C09,CRESCENT,CRESCENT SWITCHING STATION,PUBLIC,1251
PUBLIC:1252,WITHDRAWN,71.08,0.0,2020-12-30 08:00:00,,FULL CAPACITY,,CANTUA SUBSTATION 115 KV,FRESNO,PGAE,WILD WEST SOLAR,C09,CANTUA,CANTUA SUBSTATION,PUBLIC,1252
PUBLIC:1253,WITHDRAWN,20.2,0.0,2019-12-31 08:00:00,,FULL CAPACITY,,STROUD 70 KV SWITCHING STATION,FRESNO,PGAE,WOLVERINE SOLAR 1 - FKA YUBA SOLAR 1,C09,STROUD,STROUD,PUBLIC,1253
PUBLIC:1254,WITHDRAWN,158.135,0.0,2019-07-01 07:00:00,,FULL CAPACITY,,PG&E ARCO SUBSTATION 70 KV,KERN,PGAE,ALAMO SPRINGS SOLAR 3,C09,PG E ARCO,PG&E ARCO SUBSTATION,PUBLIC,1254
PUBLIC:1255,WITHDRAWN,40.9,0.0,2020-12-31 08:00:00,,FULL CAPACITY,,ANTELOPE SUBSTATION 70 KV,KERN,PGAE,ALMOND GROVE SOLAR PROJECT,C09,ANTELOPE,ANTELOPE SUBSTATION,PUBLIC,1255
PUBLIC:1256,WITHDRAWN,91.74,0.0,2020-12-31 08:00:00,,FULL CAPACITY,,HURON SUBSTATION 70 KV,KERN,PGAE,CELESTIAL SOLAR 1,C09,HURON,HURON SUBSTATION,PUBLIC,1256
PUBLIC:1257,WITHDRAWN,20.29,0.0,2020-12-31 08:00:00,,FULL CAPACITY,,LAKEVIEW SUBSTATION 70KV,KERN,PGAE,HELIOS PRIME,C09,LAKEVIEW,LAKEVIEW SUBSTATION,PUBLIC,1257
PUBLIC:1258,WITHDRAWN,229.16,0.0,2020-12-31 08:00:00,,FULL CAPACITY,,MIDWAY-WHEELER RIDGE #2 230 KV LINE,KERN,PGAE,HELIOS SECONDUS,C09,MIDWAY WHEELER RIDGE,MIDWAY-WHEELER RIDGE #2,PUBLIC,1258
PUBLIC:1261,WITHDRAWN,203.635,0.0,2020-12-30 08:00:00,,FULL CAPACITY,,ARCO SUBSTATION 230 KV,KERN,PGAE,ROLLING HILLS SOLAR,C09,ARCO,ARCO SUBSTATION,PUBLIC,1261
PUBLIC:1262,WITHDRAWN,157.735,0.0,2019-07-01 07:00:00,,FULL CAPACITY,,PG&E MIDWAY WHEELER RIDGE 230 KV LINE,KERN,PGAE,SURYA SOLAR,C09,PG E MIDWAY WHEELER RIDGE,PG&E MIDWAY WHEELER RIDGE,PUBLIC,1262
PUBLIC:1263,WITHDRAWN,101.0,0.0,2020-12-31 08:00:00,,FULL CAPACITY,,SMYRNA SUBSTATION  115 KV,KERN,PGAE,TENACITY SOLAR,C09,SMYRNA,SMYRNA SUBSTATION,PUBLIC,1263
PUBLIC:1264,WITHDRAWN,50.75,0.0,2020-12-31 08:00:00,,FULL CAPACITY,,SEMITROPIC 115 KV SUBSTATION,KERN,PGAE,TIERRA DEL ORO,C09,SEMITROPIC,SEMITROPIC,PUBLIC,1264
PUBLIC:1265,WITHDRAWN,21.1925,0.0,2019-03-31 07:00:00,,FULL CAPACITY,,ARCO-TULARE LAKE LINE,KINGS,PGAE,TRAFALGAR 2,C09,ARCO TULARE LAKE,ARCO-TULARE LAKE LINE,PUBLIC,1265
PUBLIC:1266,WITHDRAWN,50.5,50.5,2018-05-31 07:00:00,,FULL CAPACITY,,APPLE HILL SUBSTATION (PGE) 115KV,EL DORADO,PGAE,APPLE HILL ENERGY STORAGE,C09,APPLE HILL,APPLE HILL SUBSTATION (PGE),PUBLIC,1266
PUBLIC:1267,WITHDRAWN,158.4,0.0,2019-12-31 08:00:00,,FULL CAPACITY,,MADISON 115 KV,YOLO,PGAE,BERRYESSA WIND FARM,C09,MADISON,MADISON,PUBLIC,1267
PUBLIC:1268,WITHDRAWN,38.5,20.5,2019-09-01 07:00:00,,FULL CAPACITY,,HERDLYN - TRACY 70 KV - LONG: -121.577185 LAT: 37.800654,ALAMEDA,PGAE,CAL SUN,C09,HERDLYN TRACY LONG 121 577185 LAT 37 800654,HERDLYN - TRACY,PUBLIC,1268
PUBLIC:1269,WITHDRAWN,125.0,0.0,2022-09-15 07:00:00,Executed,ENERGY ONLY,,BRIDGEVILLE 115 KV,HUMBOLDT,PGAE,CAPETOWN HYBRID,C09,BRIDGEVILLE,BRIDGEVILLE,PUBLIC,1269
PUBLIC:1271,WITHDRAWN,414.0,418.0,2020-12-01 08:00:00,,FULL CAPACITY,,MOSS LANDING - METCALF 230 KV LINE,SANTA CLARA,PGAE,CREEKSIDE,C09,MOSS LANDING METCALF,MOSS LANDING - METCALF,PUBLIC,1271
PUBLIC:1273,WITHDRAWN,252.15,0.0,2019-06-30 07:00:00,,FULL CAPACITY,,COTTONWOOD-DELEVAN 230 KV LINE #1,TEHAMA,PGAE,IG TEHAMA SOLAR,C09,COTTONWOOD DELEVAN,COTTONWOOD-DELEVAN,PUBLIC,1273
PUBLIC:1274,WITHDRAWN,40.64,0.0,2020-12-31 08:00:00,,FULL CAPACITY,,CROWS LANDING SUBSTATION 60 KV,STANISLAUS,PGAE,JOAQUIN SOLAR,C09,CROWS LANDING,CROWS LANDING SUBSTATION,PUBLIC,1274
PUBLIC:1276,WITHDRAWN,110.0,110.0,2019-05-31 07:00:00,,FULL CAPACITY,,CARBERRY SWITCHING STATION 230KV,SHASTA,PGAE,LAS HERMANAS BESS,C09,CARBERRY,CARBERRY SWITCHING STATION,PUBLIC,1276
PUBLIC:1278,WITHDRAWN,46.018,27.0,2022-12-01 08:00:00,Terminated,FULL CAPACITY,,WESTWOOD  60KV,LASSEN,PGAE,NORTHERN PINES,C09,WESTWOOD,WESTWOOD,PUBLIC,1278
PUBLIC:1279,WITHDRAWN,20.226,0.0,2019-06-30 07:00:00,,FULL CAPACITY,,TABLE MTN.-BUTTE #2 115 KV LINE,BUTTE,PGAE,PANEM SOLAR,C09,TABLE MTN BUTTE,TABLE MTN.-BUTTE #2,PUBLIC,1279
PUBLIC:1280,WITHDRAWN,20.23,20.0,2020-06-01 07:00:00,,FULL CAPACITY,,PG&E MARTIN SUBSTATION 115KV,SAN MATEO,PGAE,ROUND HOUSE ENERGY STORAGE,C09,PG E MARTIN,PG&E MARTIN SUBSTATION,PUBLIC,1280
PUBLIC:1281,WITHDRAWN,101.908,0.0,2020-12-31 08:00:00,,FULL CAPACITY,,RIO OSO - WOODLAND #1 115 KV LINE,STANISLAUS,PGAE,ROYAL SOLAR,C09,RIO OSO WOODLAND,RIO OSO - WOODLAND #1,PUBLIC,1281
PUBLIC:1282,WITHDRAWN,24.0,0.0,2017-06-01 07:00:00,,FULL CAPACITY,,SPI 60 KV TAP OF PG&E'S CARIBOU PLUMAS JCT. 60 KV LINE NEAR POLE 17/12,PLUMAS,PGAE,SPI QUINCY,C09,SPI OF PG E S CARIBOU PLUMAS NEAR POLE 17 12,SPI,PUBLIC,1282
PUBLIC:1284,WITHDRAWN,140.9,0.0,2026-12-16 08:00:00,Executed,PARTIAL CAPACITY,,CORTINA-MENDOCINO  AND  CORTINA-EAGLE ROCK 115KV LINES,LAKE,PGAE,WALKER RIDGE,C09,CORTINA MENDOCINO AND CORTINA EAGLE ROCK LINES,CORTINA-MENDOCINO  AND  CORTINA-EAGLE ROCK,PUBLIC,1284
PUBLIC:1285,WITHDRAWN,203.48,0.0,2021-12-31 08:00:00,,FULL CAPACITY,,HOODOO WASH SWITCHYARD 500 KV,YUMA,SDGE,BLUE WING RANCH SOLAR,C09,HOODOO WASH,HOODOO WASH SWITCHYARD,PUBLIC,1285
PUBLIC:1286,WITHDRAWN,726.41,0.0,2020-12-31 08:00:00,,FULL CAPACITY,,NORTH GILA-IMPERIAL VALLEY 500 KV LINE,IMPERIAL,SDGE,GIGANTES SOLAR,C09,NORTH GILA IMPERIAL VALLEY,NORTH GILA-IMPERIAL VALLEY,PUBLIC,1286
PUBLIC:1287,WITHDRAWN,207.9,0.0,2023-12-01 08:00:00,,FULL CAPACITY,,SUNCREST - OCOTILLO 500 KV LINE,SAN DIEGO,SDGE,MOUNT LAGUNA WIND,C09,SUNCREST OCOTILLO,SUNCREST - OCOTILLO,PUBLIC,1287
PUBLIC:1288,WITHDRAWN,203.48,0.0,2021-12-31 08:00:00,,FULL CAPACITY,,HOODOO WASH SWITCHYARD 500 KV,YUMA,SDGE,RED WING RANCH SOLAR,C09,HOODOO WASH,HOODOO WASH SWITCHYARD,PUBLIC,1288
PUBLIC:1289,WITHDRAWN,101.0,100.0,2019-06-01 07:00:00,,FULL CAPACITY,,ENCINA SUBSTATION 138KV,SAN DIEGO,SDGE,DORADO ENERGY STORAGE,C09,ENCINA,ENCINA SUBSTATION,PUBLIC,1289
PUBLIC:1290,WITHDRAWN,201.2,200.0,2019-08-01 07:00:00,,FULL CAPACITY,,OTAY MESA SUBSTATION 230 KV,SAN DIEGO,SDGE,GATEWAY ENERGY STORAGE 2,C09,OTAY MESA,OTAY MESA SUBSTATION,PUBLIC,1290
PUBLIC:1292,WITHDRAWN,20.0,20.0,2019-03-01 08:00:00,,FULL CAPACITY,,BORDER SUBSTATION 69 KV,SAN DIEGO,SDGE,OTAYBAT,C09,BORDER,BORDER SUBSTATION,PUBLIC,1292
PUBLIC:1293,WITHDRAWN,400.0,0.0,2021-12-01 08:00:00,In Progress,ENERGY ONLY,,HOODOO WASH SWITCHYARD 500 KV,YUMA,SDGE,SIGNAL PEAK,C09,HOODOO WASH,HOODOO WASH SWITCHYARD,PUBLIC,1293
PUBLIC:1296,WITHDRAWN,306.87,0.0,2021-12-31 08:00:00,,FULL CAPACITY,,DELANEY-COLORADO RIVER LINE 500KV,MARICOPA,DCRT,CENTURY SOLAR,C09,DELANEY COLORADO RIVER,DELANEY-COLORADO RIVER LINE,PUBLIC,1296
PUBLIC:1297,WITHDRAWN,153.45,0.0,2021-12-31 08:00:00,,FULL CAPACITY,,COLORADO RIVER 230 KV SUB,RIVERSIDE,SCE,QUARTZ 9,C09,COLORADO RIVER,COLORADO RIVER,PUBLIC,1297
PUBLIC:1298,WITHDRAWN,515.126,0.0,2021-12-31 08:00:00,,FULL CAPACITY,,DELANEY-COLORADO RIVER LINE 500KV,MARICOPA,DCRT,HARQUAHALA SOLAR,C09,DELANEY COLORADO RIVER,DELANEY-COLORADO RIVER LINE,PUBLIC,1298
PUBLIC:1299,WITHDRAWN,150.0,0.0,2021-02-01 08:00:00,,FULL CAPACITY,,EL CASCO 230 KV,RIVERSIDE,SCE,WEST SPRINGS WIND FARM,C09,EL CASCO,EL CASCO,PUBLIC,1299
PUBLIC:1300,WITHDRAWN,60.0,0.0,2019-12-31 08:00:00,,FULL CAPACITY,,DEVERS 230 KV SUBSTATION,RIVERSIDE,SCE,DHS OASIS SOLAR,C09,DEVERS,DEVERS,PUBLIC,1300
PUBLIC:1301,WITHDRAWN,118.5,0.0,2020-12-31 08:00:00,,FULL CAPACITY,,RED BLUFF 230KV,RIVERSIDE,SCE,SIDEWINDER SOLAR,C09,RED BLUFF,RED BLUFF,PUBLIC,1301
PUBLIC:1303,WITHDRAWN,201.5,203.7,2020-08-01 07:00:00,,FULL CAPACITY,,"LIGHTHIPE SUBSTATION  BATTERIES, INVERTERS, STEP UP TRANSFORMER AND A 220 KV GEN TIE LINE",LOS ANGELES,SCE,LH ENERGY STORAGE,C09,LIGHTHIPE BATTERIES INVERTERS STEP UP TRANSFORMER AND A GEN TIE,"LIGHTHIPE SUBSTATION  BATTERIES, INVERTERS, STEP UP TRANSFORMER AND A",PUBLIC,1303
PUBLIC:1304,WITHDRAWN,70.736,0.0,2019-12-31 08:00:00,,FULL CAPACITY,,COOL WATERDUNN SIDING BAKER MOUNT PASS IVANPAH 115 KV LINE,SAN BERNARDINO,SCE,YERMO SOLAR 1,C09,COOL WATERDUNN SIDING BAKER MOUNT PASS IVANPAH,COOL WATERDUNN SIDING BAKER MOUNT PASS IVANPAH,PUBLIC,1304
PUBLIC:1305,WITHDRAWN,100.0,20.7,2021-12-31 08:00:00,In Progress,ENERGY ONLY,,CALCITE 230 KV LINE,SAN BERNARDINO,SCE,CALCITE SOLAR 1,C09,CALCITE,CALCITE,PUBLIC,1305
PUBLIC:1306,WITHDRAWN,203.86,0.0,2020-12-31 08:00:00,,FULL CAPACITY,,KRAMER 230 KV SUB,SAN BERNARDINO,SCE,GHOST TOWN SOLAR,C09,KRAMER,KRAMER,PUBLIC,1306
PUBLIC:1307,WITHDRAWN,300.0,0.0,2021-12-31 08:00:00,,FULL CAPACITY,,KRAMER 230 KV SUB,SAN BERNARDINO,SCE,SAND SOLAR,C09,KRAMER,KRAMER,PUBLIC,1307
PUBLIC:1308,WITHDRAWN,210.94,0.0,2021-06-30 07:00:00,,FULL CAPACITY,,COOLWATER SUBSTATION 115KV,SAN BERNARDINO,SCE,BARSTOW SOLAR 1,C09,COOLWATER,COOLWATER SUBSTATION,PUBLIC,1308
PUBLIC:1309,WITHDRAWN,81.2,0.0,2019-12-31 08:00:00,,FULL CAPACITY,,KRAMER 230 KV,SAN BERNARDINO,SCE,SEGS10 SOLAR,C09,KRAMER,KRAMER,PUBLIC,1309
PUBLIC:1310,WITHDRAWN,206.5,0.0,2019-12-31 08:00:00,,FULL CAPACITY,,KRAMER 230 KV,INYO,SCE,COSO SOLAR 2,C09,KRAMER,KRAMER,PUBLIC,1310
PUBLIC:1311,WITHDRAWN,78.2,0.0,2018-12-31 08:00:00,,FULL CAPACITY,,KRAMER 230KV,INYO,SCE,COSO SOLAR 1,C09,KRAMER,KRAMER,PUBLIC,1311
PUBLIC:1315,WITHDRAWN,500.0,100.0,2023-05-01 07:00:00,,FULL CAPACITY,,KRAMER-BLM WEST 230KV LINE,KERN,SCE,WALLER SOLAR FARM,C09,KRAMER BLM WEST,KRAMER-BLM WEST,PUBLIC,1315
PUBLIC:1316,WITHDRAWN,161.05,30.0,2020-05-01 07:00:00,,FULL CAPACITY,,CALCITE SUBSTATION 230 KV,SAN BERNARDINO,SCE,HIGH DESERT VIEW SOLAR PROJECT,C09,CALCITE,CALCITE SUBSTATION,PUBLIC,1316
PUBLIC:1317,WITHDRAWN,402.0,406.0,2020-12-01 08:00:00,,FULL CAPACITY,,HIGHWIND SUBSTATION 230KV,KERN,SCE,GRAPEVINE 1,C09,HIGHWIND,HIGHWIND SUBSTATION,PUBLIC,1317
PUBLIC:1318,WITHDRAWN,250.0,0.0,2020-12-31 08:00:00,,FULL CAPACITY,,WHIRLWIND 230 KV SUB.,KERN,SCE,ROSY 9,C09,WHIRLWIND,WHIRLWIND,PUBLIC,1318
PUBLIC:1320,WITHDRAWN,700.0,0.0,2020-12-31 08:00:00,,FULL CAPACITY,,WINDHUB 230 KV SUB,KERN,SCE,CALIFORNIA CITY SOLAR,C09,WINDHUB,WINDHUB,PUBLIC,1320
PUBLIC:1321,WITHDRAWN,400.0,0.0,2020-12-31 08:00:00,,FULL CAPACITY,,VESTAL 230 KV SUB,KERN,SCE,ALL AMERICAN SOLAR ,C09,VESTAL,VESTAL,PUBLIC,1321
PUBLIC:1326,WITHDRAWN,82.0,0.0,2020-12-15 08:00:00,,FULL CAPACITY,,VINCENT  230 KV SUB.,KERN,SCE,SAGEBRUSH SOLAR 1,C09,VINCENT,VINCENT,PUBLIC,1326
PUBLIC:1328,WITHDRAWN,312.22,0.0,2019-07-01 07:00:00,,FULL CAPACITY,,SCE WHIRLWIND SUBSTATION,KERN,SCE,GOLDEN EVENING SOLAR,C09,SCE WHIRLWIND,SCE WHIRLWIND SUBSTATION,PUBLIC,1328
PUBLIC:1330,WITHDRAWN,120.0,300.0,2023-05-15 07:00:00,Executed,FULL CAPACITY,,ANTELOPE SUBSTATION 66KV,LOS ANGELES,SCE,CLOVER ENERGY STORAGE PLANT,C09,ANTELOPE,ANTELOPE SUBSTATION,PUBLIC,1330
PUBLIC:1331,WITHDRAWN,300.0,300.0,2021-10-01 07:00:00,,FULL CAPACITY,,WINDHUB SUBSTATION 230KV,KERN,SCE,CANELLA SOLAR FARM,C09,WINDHUB,WINDHUB SUBSTATION,PUBLIC,1331
PUBLIC:1332,WITHDRAWN,205.15,200.0,2019-06-01 07:00:00,,FULL CAPACITY,,WHIRLWIND SUBSTATION 230KV,KERN,SCE,LINWOOD SOLAR FARM,C09,WHIRLWIND,WHIRLWIND SUBSTATION,PUBLIC,1332
PUBLIC:1333,WITHDRAWN,277.6,0.0,2019-12-31 08:00:00,,FULL CAPACITY,,WHIRLWIND 230 KV SUBSTATION,KERN,SCE,EON VISION WIND,C09,WHIRLWIND,WHIRLWIND,PUBLIC,1333
PUBLIC:1334,WITHDRAWN,312.0,26.125,2020-10-01 07:00:00,,FULL CAPACITY,,SANTA CLARA SUBSTATION 230KV,VENTURA,SCE,MISSION ROCK,C09,SANTA CLARA,SANTA CLARA SUBSTATION,PUBLIC,1334
PUBLIC:1336,WITHDRAWN,375.0,0.0,2023-04-26 07:00:00,In Progress,FULL CAPACITY,,MOHAVE SUBSTATION 500KV,CLARK,SCE,SOUTHLAND,C09,MOHAVE,MOHAVE SUBSTATION,PUBLIC,1336
PUBLIC:1337,WITHDRAWN,514.843,0.0,2020-12-01 08:00:00,,FULL CAPACITY,,MOHAVE SWITCHYARD 500KV,MOHAVE,SCE,ARIZONA MOHAVE SOLAR,C09,MOHAVE,MOHAVE SWITCHYARD,PUBLIC,1337
PUBLIC:1338,WITHDRAWN,256.8,20.0,2023-04-28 07:00:00,,FULL CAPACITY,,SCE OWNED ELDORADO BUS 230KV,CLARK,SCE,COPPER MTN SOLAR 5,C09,SCE OWNED ELDORADO,SCE OWNED ELDORADO BUS,PUBLIC,1338
PUBLIC:1340,WITHDRAWN,152.67,0.0,2019-12-01 08:00:00,,FULL CAPACITY,,VEA SANDY VALLEY 138 KV,CLARK,VEA,YELLOW PINE 1,C09,VEA SANDY VALLEY,VEA SANDY VALLEY,PUBLIC,1340
PUBLIC:1342,WITHDRAWN,86.45,0.0,2020-12-31 08:00:00,,FULL CAPACITY,,VISTA SUBSTATION 138 KV BUS.,NYE,VEA,PAHRUMP SOLAR,C09,VISTA,VISTA SUBSTATION,PUBLIC,1342
PUBLIC:1343,WITHDRAWN,66.02,0.0,2020-12-31 08:00:00,,FULL CAPACITY,,AMARGOSA SUB 138 KV,CLARK,VEA,DESERT OBSIDIAN,C09,AMARGOSA,AMARGOSA SUB,PUBLIC,1343
PUBLIC:1344,WITHDRAWN,714.042,0.0,2021-12-31 08:00:00,,FULL CAPACITY,,GAMEBIRD SUBSTATION 230KV,NYE,VEA,COPPER RAYS,C09,GAMEBIRD,GAMEBIRD SUBSTATION,PUBLIC,1344
PUBLIC:1345,WITHDRAWN,203.307,0.0,2021-12-31 08:00:00,,FULL CAPACITY,,INNOVATION SUBSTATION 230KV,NYE,VEA,SOUTH RIDGE,C09,INNOVATION,INNOVATION SUBSTATION,PUBLIC,1345
PUBLIC:1346,WITHDRAWN,204.96,0.0,2019-12-31 08:00:00,,FULL CAPACITY,,GAMEBIRD SUBSTATION 230KV,NYE,VEA,RE PRISM,C09,GAMEBIRD,GAMEBIRD SUBSTATION,PUBLIC,1346
PUBLIC:1351,WITHDRAWN,39.673,45.0,2021-06-01 07:00:00,,FULL CAPACITY,,CONTRA COSTA SWITCHYARD 230KV,CONTRA COSTA,PGAE,BIG BREAK ENERGY STORAGE,C10,CONTRA COSTA,CONTRA COSTA SWITCHYARD,PUBLIC,1351
PUBLIC:1352,WITHDRAWN,37.7,20.5,2019-09-01 07:00:00,,FULL CAPACITY,,HERDLYN-TRACY LINE 70 KV,ALAMEDA,PGAE,CAL SUN SOLAR,C10,HERDLYN TRACY,HERDLYN-TRACY LINE,PUBLIC,1352
PUBLIC:1353,WITHDRAWN,100.0,100.0,2020-10-01 07:00:00,,FULL CAPACITY,,VALLEY SPRINGS SUBSTATION 60KV,CALAVERAS,PGAE,CHANSON ENERGY STORAGE FACILITY,C10,VALLEY SPRINGS,VALLEY SPRINGS SUBSTATION,PUBLIC,1353
PUBLIC:1354,WITHDRAWN,150.0,0.0,2023-02-14 08:00:00,In Progress,ENERGY ONLY,,TESLA SUBSTATION 230KV,ALAMEDA,PGAE,EAST-BAY-WIND,C10,TESLA,TESLA SUBSTATION,PUBLIC,1354
PUBLIC:1355,WITHDRAWN,110.0,0.0,2019-05-03 07:00:00,,FULL CAPACITY,,EXCHEQUER-LEGRAND 115 KV,MARIPOSA,PGAE,EXCHEQUER,C10,EXCHEQUER LEGRAND,EXCHEQUER-LEGRAND,PUBLIC,1355
PUBLIC:1356,WITHDRAWN,60.0,60.0,2020-10-01 07:00:00,,FULL CAPACITY,,KYOHO TAP 115KV,SAN JOAQUIN,PGAE,HAYDON ENERGY STORAGE FACILITY,C10,KYOHO,KYOHO TAP,PUBLIC,1356
PUBLIC:1357,WITHDRAWN,150.0,0.0,2020-06-01 07:00:00,,FULL CAPACITY,,DELEVAN-VACA NO. 2 & NO. 3 230KV,YOLO,PGAE,KING FLAT WIND FARM 1,C10,DELEVAN VACA,DELEVAN-VACA NO. 2 & NO. 3,PUBLIC,1357
PUBLIC:1358,WITHDRAWN,100.0,0.0,2020-06-01 07:00:00,,FULL CAPACITY,,DELEVAN-VACA NO. 2& NO. 3 230KV,YOLO,PGAE,KING FLAT WIND FARM 2,C10,DELEVAN VACA,DELEVAN-VACA NO. 2& NO. 3,PUBLIC,1358
PUBLIC:1359,WITHDRAWN,20.0,22.99,2021-12-31 08:00:00,,FULL CAPACITY,,HALF MOON BAY SUBSTATION 60KV,SAN MATEO,PGAE,LUNA MAR,C10,HALF MOON BAY,HALF MOON BAY SUBSTATION,PUBLIC,1359
PUBLIC:1360,WITHDRAWN,100.0,101.55,2019-12-15 08:00:00,,FULL CAPACITY,,OAKLAND C SUBSTATION 115KV,ALAMEDA,PGAE,OAKLAND ENERGY RELIABILITY CENTER,C10,OAKLAND C,OAKLAND C SUBSTATION,PUBLIC,1360
PUBLIC:1361,WITHDRAWN,19.74,0.0,2020-11-30 08:00:00,,FULL CAPACITY,,SMARTVILLE-CAMP FAR WEST 60KV LINE,PLACER,PGAE,RIOSA CENTRAL SOLAR,C10,SMARTVILLE CAMP FAR WEST,SMARTVILLE-CAMP FAR WEST,PUBLIC,1361
PUBLIC:1362,WITHDRAWN,100.0,0.0,2020-06-01 07:00:00,,FULL CAPACITY,,CAYETANO SUBSTATION 230KV,ALAMEDA,PGAE,SAGE SOLAR,C10,CAYETANO,CAYETANO SUBSTATION,PUBLIC,1362
PUBLIC:1364,WITHDRAWN,350.0,0.0,2020-12-31 08:00:00,,FULL CAPACITY,,COTTONWOOD-DELEVAN #1 230KV,TEHAMA,PGAE,SOURGRASS SOLAR,C10,COTTONWOOD DELEVAN,COTTONWOOD-DELEVAN #1,PUBLIC,1364
PUBLIC:1365,WITHDRAWN,50.0,52.8,2019-12-15 08:00:00,,FULL CAPACITY,,YUBA CITY COGEN TAP LINE-PEASE 60KV,YUBA,PGAE,WALTON ENERGY RELIABILITY CENTER,C10,YUBA CITY COGEN PEASE,YUBA CITY COGEN TAP LINE-PEASE,PUBLIC,1365
PUBLIC:1366,WITHDRAWN,300.0,313.5,2022-12-31 08:00:00,,FULL CAPACITY,,TESLA SUBSTATION 230KV,ALAMEDA,PGAE,WARDENCLYFFE,C10,TESLA,TESLA SUBSTATION,PUBLIC,1366
PUBLIC:1368,WITHDRAWN,91.3,94.5,2023-11-13 08:00:00,,FULL CAPACITY,,CONTRA COSTA SWITCHYARD 230KV,CONTRA COSTA,PGAE,WILBUR ENERGY STORAGE,C10,CONTRA COSTA,CONTRA COSTA SWITCHYARD,PUBLIC,1368
PUBLIC:1369,WITHDRAWN,150.0,0.0,2021-09-01 07:00:00,,FULL CAPACITY,,MUSTANG SWITCHING STATION 230KV,FRESNO,PGAE,AMERICAN KINGS 10,C10,MUSTANG,MUSTANG SWITCHING STATION,PUBLIC,1369
PUBLIC:1370,WITHDRAWN,50.0,0.0,2020-05-01 07:00:00,,FULL CAPACITY,,MENDOTA SUBSTATION 115KV,FRESNO,PGAE,BRUIN SOLAR,C10,MENDOTA,MENDOTA SUBSTATION,PUBLIC,1370
PUBLIC:1371,WITHDRAWN,20.0,22.355,2021-12-01 08:00:00,,FULL CAPACITY,,MENDOTA SUBSTATION 115KV,FRESNO,PGAE,CALIFORNIA BEAR 6,C10,MENDOTA,MENDOTA SUBSTATION,PUBLIC,1371
PUBLIC:1372,WITHDRAWN,70.0,0.0,2020-11-01 07:00:00,,FULL CAPACITY,,SCHINDLER SUBSTATION 70KV,FRESNO,PGAE,CURRY SOLAR,C10,SCHINDLER,SCHINDLER SUBSTATION,PUBLIC,1372
PUBLIC:1373,WITHDRAWN,200.0,0.0,2020-06-01 07:00:00,,FULL CAPACITY,,WILSON SUBSTATION 230KV,MERCED,PGAE,DASOS 10,C10,WILSON,WILSON SUBSTATION,PUBLIC,1373
PUBLIC:1375,WITHDRAWN,75.0,75.0,2020-12-31 08:00:00,,FULL CAPACITY,,SMYRNA SUBSTATION 115KV,KERN,PGAE,FIREHAWK SOLAR 1,C10,SMYRNA,SMYRNA SUBSTATION,PUBLIC,1375
PUBLIC:1376,WITHDRAWN,400.0,204.82,2021-09-01 07:00:00,,FULL CAPACITY,,TRANQUILITY SWITCHING STATION 230 KV,FRESNO,PGAE,GOLDEN SQUARE,C10,TRANQUILITY,TRANQUILITY SWITCHING STATION,PUBLIC,1376
PUBLIC:1377,WITHDRAWN,101.44,100.0,2020-10-01 07:00:00,,FULL CAPACITY,,SALADO SUBSTATION 115KV,STANISLAUS,PGAE,GOLDWICK SOLAR FARM,C10,SALADO,SALADO SUBSTATION,PUBLIC,1377
PUBLIC:1381,WITHDRAWN,40.2,40.0,2019-11-30 08:00:00,,FULL CAPACITY,,MERCY SPRINGS SUBSTATION 70KV,FRESNO/MERCED,PGAE,KROE HYBRID,C10,MERCY SPRINGS,MERCY SPRINGS SUBSTATION,PUBLIC,1381
PUBLIC:1383,WITHDRAWN,101.423,0.0,2021-11-30 08:00:00,,FULL CAPACITY,,LOS BANOS SUBSTATION 230KV,MERCED,PGAE,LAS CAMAS 2,C10,LOS BANOS,LOS BANOS SUBSTATION,PUBLIC,1383
PUBLIC:1384,WITHDRAWN,102.0,100.0,2020-03-01 08:00:00,,FULL CAPACITY,,BORDEN SUBSTATION 70KV,MADERA,PGAE,LOTUS 2 SOLAR FARM,C10,BORDEN,BORDEN SUBSTATION,PUBLIC,1384
PUBLIC:1385,WITHDRAWN,150.0,47.0,2025-03-31 07:00:00,,FULL CAPACITY,,MUSTANG SWITCHING STATION 230 KV,FRESNO,PGAE,VANGUARD SOLAR BESS,C10,MUSTANG,MUSTANG SWITCHING STATION,PUBLIC,1385
PUBLIC:1386,WITHDRAWN,81.11,90.0,2021-06-01 07:00:00,,FULL CAPACITY,,PITTSBURG SWITCHYARD 230KV,CONTRA COSTA,PGAE,MALLARD ENERGY STORAGE PROJECT,C10,PITTSBURG,PITTSBURG SWITCHYARD,PUBLIC,1386
PUBLIC:1387,WITHDRAWN,206.37,0.0,2021-08-01 07:00:00,,FULL CAPACITY,,BORDEN SUBSTATION 230KV,MERCED,PGAE,PERSEUS SOLAR,C10,BORDEN,BORDEN SUBSTATION,PUBLIC,1387
PUBLIC:1388,WITHDRAWN,76.56,52.8,2019-06-01 07:00:00,,FULL CAPACITY,,GATES-COALINGA #2 70KV,FRESNO,PGAE,PUERTA RENEWABLE ENERGY RELIABILITY CENTER,C10,GATES COALINGA,GATES-COALINGA #2,PUBLIC,1388
PUBLIC:1390,WITHDRAWN,200.0,0.0,2022-12-31 08:00:00,,FULL CAPACITY,,QUINTO SUBSTATION 230KV,MERCED,PGAE,ROMERO CREEK SOLAR,C10,QUINTO,QUINTO SUBSTATION,PUBLIC,1390
PUBLIC:1392,WITHDRAWN,40.0,0.0,2021-11-01 07:00:00,,FULL CAPACITY,,CRESCENT SWITCHING STATION 70KV,FRESNO,PGAE,WARRIORS SOLAR,C10,CRESCENT,CRESCENT SWITCHING STATION,PUBLIC,1392
PUBLIC:1393,WITHDRAWN,76.12,0.0,2021-08-01 07:00:00,,FULL CAPACITY,,TAP ON MARICOPA-COPUS LINE 70KV,KERN,PGAE,CASSIOPEIA SOLAR,C10,ON MARICOPA COPUS,TAP ON MARICOPA-COPUS LINE,PUBLIC,1393
PUBLIC:1394,WITHDRAWN,200.0,200.0,2026-11-01 07:00:00,Executed,ENERGY ONLY,,MIDWAY 115 KV,KERN,PGAE,DRIFTWOOD STELLA,C10,MIDWAY,MIDWAY,PUBLIC,1394
PUBLIC:1395,WITHDRAWN,102.29,0.0,2021-11-01 07:00:00,,FULL CAPACITY,,WILSON - LE GRAND115KV,MERCED,PGAE,KERRNESS SOLAR,C10,WILSON LE GRAND115KV,WILSON - LE GRAND,PUBLIC,1395
PUBLIC:1396,WITHDRAWN,30.42,0.0,2021-08-01 07:00:00,,FULL CAPACITY,,CUYAMA 2 SUBSTATION 70KV,SANTA BARBARA,PGAE,LYNX SOLAR,C10,CUYAMA 2,CUYAMA 2 SUBSTATION,PUBLIC,1396
PUBLIC:1399,WITHDRAWN,16.345,0.0,2019-12-16 08:00:00,,FULL CAPACITY,,BLACKWELL SUBSTATION 70KV,KERN,PGAE,SUN BRILLIANCE ,C10,BLACKWELL,BLACKWELL SUBSTATION,PUBLIC,1399
PUBLIC:1400,WITHDRAWN,266.5,0.0,2021-12-31 08:00:00,,FULL CAPACITY,,CRAZY EYES SWITCHING STATION 230KV,INYO,GLW,HIDDEN HILLS SOLAR 1,C10,CRAZY EYES,CRAZY EYES SWITCHING STATION,PUBLIC,1400
PUBLIC:1401,WITHDRAWN,69.26,0.0,2020-03-01 08:00:00,,FULL CAPACITY,,CHARLESTON SUBSTATION 138KV,NYE,VEA,WARREN SOLAR 1,C10,CHARLESTON,CHARLESTON SUBSTATION,PUBLIC,1401
PUBLIC:1403,WITHDRAWN,450.0,450.0,2022-12-16 08:00:00,,ENERGY ONLY,,COLORADO RIVER-DELANEY 500KV,MARICOPA,DCRT,HARQUAHALA FLATS,C10,COLORADO RIVER DELANEY,COLORADO RIVER-DELANEY,PUBLIC,1403
PUBLIC:1404,WITHDRAWN,150.0,162.5,2020-06-01 07:00:00,,FULL CAPACITY,,DELANEY-COLORADO RIVER 500KV,MARICOPA,DCRT,HARQUAHALA SUN,C10,DELANEY COLORADO RIVER,DELANEY-COLORADO RIVER,PUBLIC,1404
PUBLIC:1406,WITHDRAWN,675.0,229.9,2022-01-15 08:00:00,In Progress,ENERGY ONLY,,COLORADO RIVER SUBSTATION 230KV,RIVERSIDE,SCE,MESAVILLE SOLAR,C10,COLORADO RIVER,COLORADO RIVER SUBSTATION,PUBLIC,1406
PUBLIC:1408,WITHDRAWN,150.0,0.0,2023-12-01 08:00:00,,FULL CAPACITY,,COLORADO RIVER SUBSTATION 230KV,RIVERSIDE,SCE,QUARTZITE 10,C10,COLORADO RIVER,COLORADO RIVER SUBSTATION,PUBLIC,1408
PUBLIC:1409,WITHDRAWN,200.0,203.7,2023-06-01 07:00:00,,FULL CAPACITY,,DEVERS SUBSTATION 220KV,RIVERSIDE,SCE,VERMILLION ENERGY STORAGE,C10,DEVERS,DEVERS SUBSTATION,PUBLIC,1409
PUBLIC:1410,WITHDRAWN,150.0,0.0,2023-10-15 07:00:00,,FULL CAPACITY,,DEVERS-VISTA #1 230KV,RIVERSIDE,SCE,WEST SPRINGS 2 WIND FARM,C10,DEVERS VISTA,DEVERS-VISTA #1,PUBLIC,1410
PUBLIC:1411,WITHDRAWN,100.0,0.0,2019-12-31 08:00:00,,FULL CAPACITY,,MIRA LOMA-WALNUT 230KV,SAN BERNARDINO,SCE,GABRIEL SOLAR 3,C10,MIRA LOMA WALNUT,MIRA LOMA-WALNUT,PUBLIC,1411
PUBLIC:1412,WITHDRAWN,80.0,80.0,2021-11-16 08:00:00,Terminated,FULL CAPACITY,,LA CIENEGA SUBSTATION 230KV,LOS ANGELES,SCE,VICKERS ENERGY STORAGE,C10,LA CIENEGA,LA CIENEGA SUBSTATION,PUBLIC,1412
PUBLIC:1415,WITHDRAWN,100.0,0.0,2023-10-15 07:00:00,,ENERGY ONLY,,KRAMER-INYOKERN-RANDSBURG NO.1 115KV,SAN BERNARDINO,SCE,RUBITA,C10,KRAMER INYOKERN RANDSBURG,KRAMER-INYOKERN-RANDSBURG NO.1,PUBLIC,1415
PUBLIC:1416,WITHDRAWN,100.0,0.0,2020-12-01 08:00:00,,FULL CAPACITY,,ANTELOPE SUBSTATION 230KV,LOS ANGELES,SCE,BLUE MOUNTAIN WIND,C10,ANTELOPE,ANTELOPE SUBSTATION,PUBLIC,1416
PUBLIC:1417,WITHDRAWN,99.0,100.0,2022-06-01 07:00:00,,FULL CAPACITY,,VESTAL SUBSTATION 230KV,TULARE,SCE,CALHAWK SOLAR FARM,C10,VESTAL,VESTAL SUBSTATION,PUBLIC,1417
PUBLIC:1418,WITHDRAWN,400.0,0.0,2021-08-01 07:00:00,,FULL CAPACITY,,WINDHUB SUBSTATION 230KV,KERN,SCE,CREOSOTE,C10,WINDHUB,WINDHUB SUBSTATION,PUBLIC,1418
PUBLIC:1420,WITHDRAWN,200.0,200.0,2020-10-01 07:00:00,,FULL CAPACITY,,WINDHUB SUBSTATION 230KV,KERN,SCE,CANELLA 2 SOLAR FARM,C10,WINDHUB,WINDHUB SUBSTATION,PUBLIC,1420
PUBLIC:1421,WITHDRAWN,37.4,0.0,2021-12-15 08:00:00,,FULL CAPACITY,,HIGHWIND SUBSTATION 230KV,KERN,SCE,JAWBONE WIND ENERGY PROJECT,C10,HIGHWIND,HIGHWIND SUBSTATION,PUBLIC,1421
PUBLIC:1422,WITHDRAWN,250.0,0.0,2021-12-31 08:00:00,,FULL CAPACITY,,RATTLESNAKE SWITCHYARD 230KV,KERN,SCE,LONGSPUR 10,C10,RATTLESNAKE,RATTLESNAKE SWITCHYARD,PUBLIC,1422
PUBLIC:1423,WITHDRAWN,90.0,90.0,2020-12-31 08:00:00,,FULL CAPACITY,,ANTELOPE SUBSTATION 66KV,LOS ANGELES,SCE,MUNZ SOLAR 1,C10,ANTELOPE,ANTELOPE SUBSTATION,PUBLIC,1423
PUBLIC:1425,WITHDRAWN,312.0,26.125,2020-10-01 07:00:00,,FULL CAPACITY,,SANTA CLARA SUBSTATION 230KV,VENTURA,SCE,VENTURA ENERGY CENTER,C10,SANTA CLARA,SANTA CLARA SUBSTATION,PUBLIC,1425
PUBLIC:1426,WITHDRAWN,275.0,0.0,2023-04-15 07:00:00,,FULL CAPACITY,,WHIRLWIND SUBSTATION 220KV,KERN,SCE,VISION WIND,C10,WHIRLWIND,WHIRLWIND SUBSTATION,PUBLIC,1426
PUBLIC:1427,WITHDRAWN,125.0,60.0,2024-04-30 07:00:00,,FULL CAPACITY,,HASSAYAMPA SWITCHYARD 500KV,MARICOPA,SDGE,DARLINGTON BALLEY SOLAR ENERGY 1,C10,HASSAYAMPA,HASSAYAMPA SWITCHYARD,PUBLIC,1427
PUBLIC:1428,WITHDRAWN,10.0,10.0,2021-12-31 08:00:00,,FULL CAPACITY,,MIRAMAR GT SWITCHYARD 69KV,SAN DIEGO,SDGE,MAVERICK,C10,MIRAMAR GT,MIRAMAR GT SWITCHYARD,PUBLIC,1428
PUBLIC:1429,WITHDRAWN,400.0,0.0,2031-02-05 08:00:00,Executed,ENERGY ONLY,,SUNCREST - OCOTILLO 500 KV LINE,SAN DIEGO,SDGE,MOUNT LAGUNA WIND 2,C10,SUNCREST OCOTILLO,SUNCREST - OCOTILLO,PUBLIC,1429
PUBLIC:1430,WITHDRAWN,40.0,40.0,2021-05-28 07:00:00,,FULL CAPACITY,,OCEAN RANCH SUBSTATION,SAN DIEGO,SDGE,OCEANSIDE ENERGY STORAGE,C10,OCEAN RANCH,OCEAN RANCH SUBSTATION,PUBLIC,1430
PUBLIC:1431,WITHDRAWN,10.0,10.0,2021-12-31 08:00:00,,FULL CAPACITY,,KEARNY WEST SUBSTATION 69KV,SAN DIEGO,SDGE,ROSEBUD,C10,KEARNY WEST,KEARNY WEST SUBSTATION,PUBLIC,1431
PUBLIC:1433,WITHDRAWN,150.0,0.0,2020-06-01 07:00:00,,FULL CAPACITY,,HASSAYAMPA SUBSTATION 500 KV,MARICOPA,SDGE,SUN STREAMS SOLAR 3,C10,HASSAYAMPA,HASSAYAMPA SUBSTATION,PUBLIC,1433
PUBLIC:1436,WITHDRAWN,150.0,0.0,2019-12-31 08:00:00,,FULL CAPACITY,,IMPERIAL VALLEY SUBSTATION 230KV,IMPERIAL,SDGE,WISTARIA SOLAR 2,C10,IMPERIAL VALLEY,IMPERIAL VALLEY SUBSTATION,PUBLIC,1436
PUBLIC:1437,WITHDRAWN,425.0,400.0,2021-12-31 08:00:00,,ENERGY ONLY,,IMPERIAL VALLEY SUBSTATION 230KV,IMPERIAL,SDGE,WESTSIDE CANAL ENERGY CENTER,C10,IMPERIAL VALLEY,IMPERIAL VALLEY SUBSTATION,PUBLIC,1437
PUBLIC:1438,WITHDRAWN,15.6,0.0,2018-02-01 08:00:00,,FULL CAPACITY,,PANOCHE SUBSTATION,FRESNO,PGAE,PANOCHE ENERGY CENTER,ISP,PANOCHE,PANOCHE SUBSTATION,PUBLIC,1438
PUBLIC:1441,WITHDRAWN,0.0,0.0,2020-12-15 08:00:00,,ENERGY ONLY,,KERN RIDGE SUBSTATION 115KV,KERN,PGAE,KERNRIDGE EXPANSION,ISP,KERN RIDGE,KERN RIDGE SUBSTATION,PUBLIC,1441
PUBLIC:1445,WITHDRAWN,200.0,200.0,2021-05-01 07:00:00,,FULL CAPACITY,,PITTSBURG 230KV,CONTRA COSTA,PGAE,BLACK DIAMOND ENERGY STORAGE 2,C11,PITTSBURG,PITTSBURG,PUBLIC,1445
PUBLIC:1446,WITHDRAWN,50.0,50.7,2021-07-09 07:00:00,,FULL CAPACITY,,BOGUE - RIO OSO 115 KV LINE,SUTTER,PGAE,BODIE ENERGY STORAGE,C11,BOGUE RIO OSO,BOGUE - RIO OSO,PUBLIC,1446
PUBLIC:1447,WITHDRAWN,100.0,0.0,2021-11-30 08:00:00,,FULL CAPACITY,,SCHINDLER 115KV,FRESNO,PGAE,DERNOPI SOLAR,C11,SCHINDLER,SCHINDLER,PUBLIC,1447
PUBLIC:1448,WITHDRAWN,500.0,510.0,2023-12-01 08:00:00,,FULL CAPACITY,,LOGAN CREEK - DELEVAN LINE TAP 230KV,COLUSA,PGAE,DESCENDANT RANCH 2,C11,LOGAN CREEK DELEVAN,LOGAN CREEK - DELEVAN LINE TAP,PUBLIC,1448
PUBLIC:1449,WITHDRAWN,148.84,151.2,2021-09-01 07:00:00,,FULL CAPACITY,,KASSON-LAMMERS 115KV,SAN JOAQUIN,PGAE,FALCON ENERGY CENTER,C11,KASSON LAMMERS,KASSON-LAMMERS,PUBLIC,1449
PUBLIC:1450,WITHDRAWN,30.8,32.4,2021-12-01 08:00:00,,FULL CAPACITY,,CABRILLO SUBSTATION 115KV,SANTA BARBARA,PGAE,GAUCHO STORAGE,C11,CABRILLO,CABRILLO SUBSTATION,PUBLIC,1450
PUBLIC:1451,WITHDRAWN,40.0,40.0,2021-12-01 08:00:00,,FULL CAPACITY,,BAIR SUBSTATION 60KV BUS,SAN MATEO,PGAE,HOLOCRYSTALLINE ENERGY CENTER,C11,BAIR,BAIR SUBSTATION,PUBLIC,1451
PUBLIC:1452,WITHDRAWN,200.0,0.0,2022-12-31 08:00:00,,FULL CAPACITY,,Q1244 SWITCHING STATION 230KV,STANISLAUS,PGAE,HOOD 2,C11,Q1244,Q1244 SWITCHING STATION,PUBLIC,1452
PUBLIC:1453,WITHDRAWN,200.0,0.0,2022-12-31 08:00:00,,FULL CAPACITY,,Q1244 SWITCHING STATION 230KV,STANISLAUS,PGAE,HOOD 3,C11,Q1244,Q1244 SWITCHING STATION,PUBLIC,1453
PUBLIC:1458,WITHDRAWN,65.0,65.0,2020-07-01 07:00:00,,FULL CAPACITY,,EASTSHORE STATION 115KV,ALAMEDA,PGAE,MONTARA,C11,EASTSHORE,EASTSHORE STATION,PUBLIC,1458
PUBLIC:1460,WITHDRAWN,20.0,20.0,2023-12-31 08:00:00,Executed,FULL CAPACITY,,CHRISTIE SUBSTATION 60KV,CONTRA COSTA,PGAE,PINTO PASS,C11,CHRISTIE,CHRISTIE SUBSTATION,PUBLIC,1460
PUBLIC:1462,WITHDRAWN,40.0,41.8,2022-12-01 08:00:00,,FULL CAPACITY,,OAKLAND STATION C 115KV,ALAMEDA,PGAE,SEAPORT STORAGE,C11,OAKLAND C,OAKLAND STATION C,PUBLIC,1462
PUBLIC:1464,WITHDRAWN,45.0,45.8,2021-12-01 08:00:00,,FULL CAPACITY,,GREENLEAF #1 TAP 115 KV,SUTTER,PGAE,STAR GL STORAGE 2,C11,GREENLEAF,GREENLEAF #1 TAP,PUBLIC,1464
PUBLIC:1465,WITHDRAWN,150.0,0.0,2021-12-01 08:00:00,,FULL CAPACITY,,CAYETANO SUBSTATION 230KV,ALAMEDA,PGAE,STARGAZE SOLAR BESS,C11,CAYETANO,CAYETANO SUBSTATION,PUBLIC,1465
PUBLIC:1466,WITHDRAWN,74.3513,74.3513,2021-09-01 07:00:00,,FULL CAPACITY,,PEASE 60KV,SUTTER,PGAE,TIERRA BUENA ENERGY CENTER,C11,PEASE,PEASE,PUBLIC,1466
PUBLIC:1467,WITHDRAWN,50.0,50.0,2020-07-01 07:00:00,,FULL CAPACITY,,KASSON STATION 60KV,SAN JOAQUIN,PGAE,TUNITAS,C11,KASSON,KASSON STATION,PUBLIC,1467
PUBLIC:1468,WITHDRAWN,1000.0,1036.8,2022-12-31 08:00:00,,FULL CAPACITY,,LOS BANOS - GATES #3 500KV LINE,FRESNO,PGAE,ATLAS,C11,LOS BANOS GATES,LOS BANOS - GATES #3,PUBLIC,1468
PUBLIC:1469,WITHDRAWN,40.0,41.8,2022-12-01 08:00:00,,FULL CAPACITY,,BIRDS LANDING 230KV,ALAMEDA,PGAE,BERRYDALE STORAGE,C11,BIRDS LANDING,BIRDS LANDING,PUBLIC,1469
PUBLIC:1471,WITHDRAWN,200.0,104.0,2022-06-15 07:00:00,,ENERGY ONLY,,TRANQUILITY 230KV,FRESNO,PGAE,CASY SOLAR,C11,TRANQUILITY,TRANQUILITY,PUBLIC,1471
PUBLIC:1473,WITHDRAWN,100.0,102.6,2021-12-31 08:00:00,,FULL CAPACITY,,KELSO SWITCHING STATION 230KV,CONTRA COSTA,PGAE,DEL RANCHO,C11,KELSO,KELSO SWITCHING STATION,PUBLIC,1473
PUBLIC:1474,WITHDRAWN,2005.8,0.0,2025-03-31 07:00:00,,FULL CAPACITY,,DIABLO CANYON POWER PLANT 500KV,,PGAE,GEMINI WIND NORTH,C11,DIABLO CANYON,DIABLO CANYON POWER PLANT,PUBLIC,1474
PUBLIC:1475,WITHDRAWN,58.63,0.0,2020-12-21 08:00:00,,FULL CAPACITY,,LOS BANOS SUBSTATION 70KV,MERCED,PGAE,GONZAGA RIDGE WIND FARM 2,C11,LOS BANOS,LOS BANOS SUBSTATION,PUBLIC,1475
PUBLIC:1476,WITHDRAWN,200.0,204.1,2022-12-01 08:00:00,,FULL CAPACITY,,BIRDS LANDING SWITCHYARD 230KV,SOLANO,PGAE,GREEN MEZZO,C11,BIRDS LANDING,BIRDS LANDING SWITCHYARD,PUBLIC,1476
PUBLIC:1477,WITHDRAWN,150.0,51.169,2022-12-30 08:00:00,,FULL CAPACITY,,TRANQUILITY SWITCHING STATION 230KV,FRESNO,PGAE,HEARTLAND 3,C11,TRANQUILITY,TRANQUILITY SWITCHING STATION,PUBLIC,1477
PUBLIC:1478,WITHDRAWN,80.0,102.0,2022-06-30 07:00:00,,ENERGY ONLY,,PANOCHE SUBSTATION 115KV,FRESNO,PGAE,HUDSON SOLAR 2,C11,PANOCHE,PANOCHE SUBSTATION,PUBLIC,1478
PUBLIC:1480,WITHDRAWN,300.0,309.3,2024-12-01 08:00:00,,FULL CAPACITY,,GATES SUB 230KV,FRESNO,PGAE,KEY STORAGE 2,C11,GATES,GATES SUB,PUBLIC,1480
PUBLIC:1481,WITHDRAWN,50.0,50.74,2021-07-09 07:00:00,,FULL CAPACITY,,BORDEN SUBSTATION 70KV,MADERA,PGAE,KINGSTON ENERGY STORAGE,C11,BORDEN,BORDEN SUBSTATION,PUBLIC,1481
PUBLIC:1482,WITHDRAWN,500.0,518.4,2021-12-31 08:00:00,,FULL CAPACITY,,TRANQUILLITY SS 230KV,FRESNO,PGAE,MERCATOR,C11,TRANQUILLITY SS,TRANQUILLITY SS,PUBLIC,1482
PUBLIC:1483,WITHDRAWN,50.3,19.8,2021-12-01 08:00:00,,FULL CAPACITY,,JAYNE SWITCHING STATION 70KV,FRESNO,PGAE,PANIOLO SOLAR,C11,JAYNE,JAYNE SWITCHING STATION,PUBLIC,1483
PUBLIC:1485,WITHDRAWN,200.0,90.0,2021-05-01 07:00:00,,FULL CAPACITY,,MENDOTA SUBSTATION 115KV,FRESNO,PGAE,PLACID,C11,MENDOTA,MENDOTA SUBSTATION,PUBLIC,1485
PUBLIC:1486,WITHDRAWN,500.0,510.0,2023-12-01 08:00:00,,FULL CAPACITY,,MOSS LANDING 230KV,MONTEREY,PGAE,ROCKFISH STORAGE 1,C11,MOSS LANDING,MOSS LANDING,PUBLIC,1486
PUBLIC:1487,WITHDRAWN,500.0,510.0,2024-12-01 08:00:00,,FULL CAPACITY,,MOSS LANDING 230KV,MONTEREY,PGAE,ROCKFISH STORAGE 2,C11,MOSS LANDING,MOSS LANDING,PUBLIC,1487
PUBLIC:1488,WITHDRAWN,300.0,92.08,2022-12-30 08:00:00,,FULL CAPACITY,,GATES SUBSTATION 230KV,FRESNO,PGAE,SAGEBERRY SOLAR,C11,GATES,GATES SUBSTATION,PUBLIC,1488
PUBLIC:1489,WITHDRAWN,100.0,0.0,2022-06-01 07:00:00,,FULL CAPACITY,,SCHINDLER SUBSTATION 115KV,FRESNO,PGAE,STEPHEN,C11,SCHINDLER,SCHINDLER SUBSTATION,PUBLIC,1489
PUBLIC:1490,WITHDRAWN,100.0,100.0,2024-06-01 07:00:00,,FULL CAPACITY,,MESA 230KV,SAN LUIS OBISPO,PGAE,TEMETTATE ADVANCED CAES,C11,MESA,MESA,PUBLIC,1490
PUBLIC:1491,WITHDRAWN,156.0,0.0,2034-10-01 07:00:00,,ENERGY ONLY,,HUMBOLDT 115 KV,HUMBOLDT,PGAE,TEPONA OFF-SHORE WIND,C11,HUMBOLDT,HUMBOLDT,PUBLIC,1491
PUBLIC:1492,WITHDRAWN,150.0,150.0,2021-12-01 08:00:00,,FULL CAPACITY,,BIRDS LANDING SUBSTATION 230KV,SOLANO,PGAE,WINDCHARGER ESS,C11,BIRDS LANDING,BIRDS LANDING SUBSTATION,PUBLIC,1492
PUBLIC:1494,WITHDRAWN,559.3,0.0,2025-03-30 07:00:00,,FULL CAPACITY,,MORRO BAY SUBSTATION  230KV,SAN LUIS OBISPO,PGAE,CASTLE WIND OFFSHORE,C11,MORRO BAY,MORRO BAY SUBSTATION,PUBLIC,1494
PUBLIC:1496,WITHDRAWN,500.0,510.0,2034-02-27 08:00:00,Executed,ENERGY ONLY,,DELEVAN 230 KV,COLUSA,PGAE,DESCENDANT RANCH 1,C11,DELEVAN,DELEVAN,PUBLIC,1496
PUBLIC:1497,WITHDRAWN,40.0,0.0,2021-11-01 07:00:00,,FULL CAPACITY,,CORCORAN-GUERNSEY 70KV LINE,KINGS,PGAE,HOLLY,C11,CORCORAN GUERNSEY,CORCORAN-GUERNSEY,PUBLIC,1497
PUBLIC:1498,WITHDRAWN,100.0,0.0,2022-12-31 08:00:00,,FULL CAPACITY,,OLIVE SWITCHING SUBSTATION 115KV,TULARE,PGAE,HOOD 1,C11,OLIVE SWITCHING,OLIVE SWITCHING SUBSTATION,PUBLIC,1498
PUBLIC:1500,WITHDRAWN,125.0,25.0,2020-12-01 08:00:00,,FULL CAPACITY,,MIDWAY SUBSTATION 230KV,KERN,PGAE,LIMON ENERGY PARK,C11,MIDWAY,MIDWAY SUBSTATION,PUBLIC,1500
PUBLIC:1501,WITHDRAWN,100.0,101.4,2021-07-09 07:00:00,,FULL CAPACITY,,MIDWAY SUBSTATION 115KV,KERN,PGAE,MAMMOTH ENERGY STORAGE,C11,MIDWAY,MIDWAY SUBSTATION,PUBLIC,1501
PUBLIC:1502,WITHDRAWN,300.0,300.0,2021-07-01 07:00:00,,FULL CAPACITY,,NEWARK STATION 230KV,ALAMEDA,PGAE,MAVERICKS,C11,NEWARK,NEWARK STATION,PUBLIC,1502
PUBLIC:1503,WITHDRAWN,100.0,100.0,2021-06-30 07:00:00,,FULL CAPACITY,,LAKEVILLE 230KV,SONOMA,PGAE,PINTAIL ENERGY STORAGE,C11,LAKEVILLE,LAKEVILLE,PUBLIC,1503
PUBLIC:1504,WITHDRAWN,150.0,37.0,2020-12-01 08:00:00,,FULL CAPACITY,,ARCO-MIDWAY & GATES-MIDWAY 230KV,KERN,PGAE,PISTACHIO ENERGY PARK,C11,ARCO MIDWAY GATES MIDWAY,ARCO-MIDWAY & GATES-MIDWAY,PUBLIC,1504
PUBLIC:1505,WITHDRAWN,99.995,41.4,2021-12-01 08:00:00,,FULL CAPACITY,,MERCY SPRINGS 70KV,FRESNO/MERCED,PGAE,POLELINE SOLAR ENERGY CENTER,C11,MERCY SPRINGS,MERCY SPRINGS,PUBLIC,1505
PUBLIC:1506,WITHDRAWN,200.0,50.0,2020-12-01 08:00:00,,FULL CAPACITY,,BITTERWATER SWITCHING STATION 230KV,KERN,PGAE,POSEIDON,C11,BITTERWATER,BITTERWATER SWITCHING STATION,PUBLIC,1506
PUBLIC:1508,WITHDRAWN,500.0,500.0,2021-12-22 08:00:00,,FULL CAPACITY,,CHINO SUBSTATION 230KV BUS,SAN BERNARDINO,SCE,CORTES,C11,CHINO,CHINO SUBSTATION,PUBLIC,1508
PUBLIC:1509,WITHDRAWN,250.0,29.47,2024-10-01 07:00:00,,FULL CAPACITY,,WHIRLWIND SUBSTATION  230KV,KERN,SCE,ARROW,C11,WHIRLWIND,WHIRLWIND SUBSTATION,PUBLIC,1509
PUBLIC:1511,WITHDRAWN,37.5,37.7,2020-12-15 08:00:00,,PARTIAL CAPACITY,,NEENACH SUBSTATION 66KV,LOS ANGELES,SCE,CLEANPOWER SOLAR,C11,NEENACH,NEENACH SUBSTATION,PUBLIC,1511
PUBLIC:1512,WITHDRAWN,100.0,0.0,2022-12-31 08:00:00,,FULL CAPACITY,,MAGUNDEN-VESTAL #1 230KV LINE,KERN,SCE,DRY CREEK SOLAR ,C11,MAGUNDEN VESTAL,MAGUNDEN-VESTAL #1,PUBLIC,1512
PUBLIC:1513,WITHDRAWN,74.9,40.0,2021-12-01 08:00:00,,FULL CAPACITY,,HIGHWIND SUBSTATION 230KV,KERN,SCE,HIGHLINE SOLAR ENERGY CENTER,C11,HIGHWIND,HIGHWIND SUBSTATION,PUBLIC,1513
PUBLIC:1514,WITHDRAWN,175.0,51.093,2022-12-30 08:00:00,,FULL CAPACITY,,WHIRLWIND SUBSTATION 230KV,KERN,SCE,LONGSPUR 11,C11,WHIRLWIND,WHIRLWIND SUBSTATION,PUBLIC,1514
PUBLIC:1515,WITHDRAWN,100.0,100.0,2020-12-01 08:00:00,,FULL CAPACITY,,MANDALAY-SANTA CLARA 220KV,VENTURA,SCE,MCGRATH ENERGY CENTER 1,C11,MANDALAY SANTA CLARA,MANDALAY-SANTA CLARA,PUBLIC,1515
PUBLIC:1517,WITHDRAWN,200.0,0.0,2022-12-31 08:00:00,,FULL CAPACITY,,VINCENT SUBSTATION 230KV,KERN,SCE,SAGEBRUSH SOLAR 5,C11,VINCENT,VINCENT SUBSTATION,PUBLIC,1517
PUBLIC:1520,WITHDRAWN,199.0,0.0,2022-12-01 08:00:00,,FULL CAPACITY,,VICTOR SUBSTATION 230KV,SAN BERNARDINO,SCE,BIG BEAR WIND,C11,VICTOR,VICTOR SUBSTATION,PUBLIC,1520
PUBLIC:1521,WITHDRAWN,200.0,200.0,2022-11-30 08:00:00,,FULL CAPACITY,,LUGO SUBSTATION 220KV,SAN BERNARDINO,SCE,MOORHEN ENERGY STORAGE,C11,LUGO,LUGO SUBSTATION,PUBLIC,1521
PUBLIC:1523,WITHDRAWN,900.0,900.0,2022-12-31 08:00:00,,FULL CAPACITY,,ELDORADO SUBSTATION 500KV,RIVERSIDE,SCE,PORTHOS SOLAR,C11,ELDORADO,ELDORADO SUBSTATION,PUBLIC,1523
PUBLIC:1524,WITHDRAWN,600.0,600.0,2022-10-01 07:00:00,,FULL CAPACITY,,ELDORADO SUBSTATION 500KV,CLARK,SCE,SUNVALE SOLAR FARM,C11,ELDORADO,ELDORADO SUBSTATION,PUBLIC,1524
PUBLIC:1525,WITHDRAWN,1400.0,1407.0,2025-04-10 07:00:00,,FULL CAPACITY,,RED BLUFF SUBSTATION 500KV,RIVERSIDE,SCE,IRON HILLS PUMPED STORAGE,C11,RED BLUFF,RED BLUFF SUBSTATION,PUBLIC,1525
PUBLIC:1527,WITHDRAWN,150.0,156.0,2022-12-31 08:00:00,,FULL CAPACITY,,DEVERS SUBSTATION 230KV,RIVERSIDE,SCE,SILVERWING,C11,DEVERS,DEVERS SUBSTATION,PUBLIC,1527
PUBLIC:1528,WITHDRAWN,79.0,0.0,2022-12-31 08:00:00,,ENERGY ONLY,,DEVERS SUBSTATION 220KV,RIVERSIDE,SCE,WINDY WASH SOLAR,C11,DEVERS,DEVERS SUBSTATION,PUBLIC,1528
PUBLIC:1530,WITHDRAWN,500.0,510.0,2024-12-01 08:00:00,,FULL CAPACITY,,DELANEY SUBSTATION 500KV,MARICOPA,DCRT,PITCHFORK ENERGY,C11,DELANEY,DELANEY SUBSTATION,PUBLIC,1530
PUBLIC:1533,WITHDRAWN,500.0,500.0,2025-04-03 07:00:00,,FULL CAPACITY,,SYCAMORE CANYON SUBSTATION 230KV,SAN DIEGO,SDGE,SAN VICENTE ENERGY STORAGE FACILITY,C11,SYCAMORE CANYON,SYCAMORE CANYON SUBSTATION,PUBLIC,1533
PUBLIC:1535,WITHDRAWN,117.405,0.0,2020-12-21 08:00:00,,FULL CAPACITY,,LOS BANOS-PACHECO 70 KV LINE VIA DINOSAUR POINT TAP 70 KV LINE,MERCED,PGAE,GONZAGA RIDGE WIND FARM 3,C11,LOS BANOS PACHECO VIA DINOSAUR POINT,LOS BANOS-PACHECO,PUBLIC,1535
PUBLIC:1536,WITHDRAWN,3.0,0.0,2021-04-20 07:00:00,,ENERGY ONLY,,COLGATE-CHALLENGE,YUBA,PGAE,CAMPTONVILLE BIOPOWER,FT,COLGATE CHALLENGE,COLGATE-CHALLENGE,PUBLIC,1536
PUBLIC:1537,WITHDRAWN,5.0,0.0,2022-03-18 07:00:00,,FULL CAPACITY,,COLGATE-CHALLENGE 60KV,YUBA,PGAE,CAMPTONVILLE BIOPOWER1,ISP,COLGATE CHALLENGE,COLGATE-CHALLENGE,PUBLIC,1537
PUBLIC:1538,WITHDRAWN,40.0,40.5,2021-12-31 08:00:00,,FULL CAPACITY,,GEYSERS #3 CLOVERDALE 115 KV LINE,SONOMA,PGAE,KUIPER ENERGY STORAGE,ISP,GEYSERS CLOVERDALE,GEYSERS #3 CLOVERDALE,PUBLIC,1538
PUBLIC:1541,WITHDRAWN,350.0,356.796,2022-12-31 08:00:00,,FULL CAPACITY,,BRIGHTON-BELLOTA 230KV,SAN JOAQUIN,PGAE,BRIGHT STAR HYBRID,C12,BRIGHTON BELLOTA,BRIGHTON-BELLOTA,PUBLIC,1541
PUBLIC:1542,WITHDRAWN,100.0,50.875,2021-06-30 07:00:00,,FULL CAPACITY,,BRIDGEVILLE SUBSTATION 115KV,HUMBOLDT,PGAE,CAPETOWN 2 HYBRID,C12,BRIDGEVILLE,BRIDGEVILLE SUBSTATION,PUBLIC,1542
PUBLIC:1543,WITHDRAWN,150.0,75.0,2023-12-01 08:00:00,,FULL CAPACITY,,CORTINA SUBSTATION 115KV,COLUSA,PGAE,BEAUCHAMP 2 SOLAR,C12,CORTINA,CORTINA SUBSTATION,PUBLIC,1543
PUBLIC:1544,WITHDRAWN,300.0,150.0,2023-12-01 08:00:00,,FULL CAPACITY,,DELEVAN SUBSTATION 230KV,COLUSA,PGAE,RANCHERO SOLAR,C12,DELEVAN,DELEVAN SUBSTATION,PUBLIC,1544
PUBLIC:1545,WITHDRAWN,99.0,99.0,2023-05-31 07:00:00,,FULL CAPACITY,,GRANT EASTSHORE #1 115KV,ALAMEDA,PGAE,MARESTE BESS,C12,GRANT EASTSHORE,GRANT EASTSHORE #1,PUBLIC,1545
PUBLIC:1546,WITHDRAWN,30.0,30.58,2021-12-01 08:00:00,,FULL CAPACITY,,ELK-GUALALA 60 KV,MENDOCINO,PGAE,TATTON STORAGE 1,C12,ELK GUALALA,ELK-GUALALA,PUBLIC,1546
PUBLIC:1547,WITHDRAWN,350.0,356.796,2022-12-31 08:00:00,,FULL CAPACITY,,LAMBIE SW STATION-BIRDS LANDING 230KV,SOLANO,PGAE,BRADMOOR SOLAR,C12,LAMBIE BIRDS LANDING,LAMBIE SW STATION-BIRDS LANDING,PUBLIC,1547
PUBLIC:1548,WITHDRAWN,30.0,30.48,2022-11-30 08:00:00,,FULL CAPACITY,,MORGAN HILL SUBSTATION 115KV,SANTA CLARA,PGAE,LORINER STORAGE,C12,MORGAN HILL,MORGAN HILL SUBSTATION,PUBLIC,1548
PUBLIC:1549,WITHDRAWN,200.0,200.0,2023-12-01 08:00:00,,FULL CAPACITY,,LOS ESTEROS SUBSTATION 115KV,SANTA CLARA,PGAE,MIRANDA ESS,C12,LOS ESTEROS,LOS ESTEROS SUBSTATION,PUBLIC,1549
PUBLIC:1551,WITHDRAWN,100.0,100.4,2023-05-31 07:00:00,,FULL CAPACITY,,MABURY TAP 115KV,SANTA CLARA,PGAE,MABU BESS,C12,MABURY,MABURY TAP,PUBLIC,1551
PUBLIC:1554,WITHDRAWN,100.0,101.2,2022-12-31 08:00:00,,FULL CAPACITY,,OAKLAND J-GRANT 115KV,ALAMEDA,PGAE,HERCULIS,C12,OAKLAND J GRANT,OAKLAND J-GRANT,PUBLIC,1554
PUBLIC:1555,WITHDRAWN,650.0,650.0,2025-06-30 07:00:00,,FULL CAPACITY,,PITTSBURG SUBSTATION 230KV,CONTRA COSTA,PGAE,STEEL CITY ENERGY STORAGE,C12,PITTSBURG,PITTSBURG SUBSTATION,PUBLIC,1555
PUBLIC:1556,WITHDRAWN,100.0,101.725,2022-11-30 08:00:00,,FULL CAPACITY,,RIO OSO SUBSTATION 115KV,SUTTER,PGAE,SPINDRIFT HYBRID SOLAR,C12,RIO OSO,RIO OSO SUBSTATION,PUBLIC,1556
PUBLIC:1558,WITHDRAWN,40.0,41.436,2022-12-31 08:00:00,In Progress,ENERGY ONLY,,MILLER #1 115 KV LINE,STANISLAUS,PGAE,HYDASPES,C12,MILLER,MILLER #1,PUBLIC,1558
PUBLIC:1559,WITHDRAWN,1500.0,319.35,2025-10-31 07:00:00,,FULL CAPACITY,,ROUND MOUNTAIN SUBSTATION 500KV,HUMBOLDT,PGAE,TEMPEST GENERATION,C12,ROUND MOUNTAIN,ROUND MOUNTAIN SUBSTATION,PUBLIC,1559
PUBLIC:1560,WITHDRAWN,240.0,61.256,2023-04-15 07:00:00,,FULL CAPACITY,,TESLA-STAGG 230KV,SAN JOAQUIN,PGAE,NIKOLA NORTE,C12,TESLA STAGG,TESLA-STAGG,PUBLIC,1560
PUBLIC:1561,WITHDRAWN,240.0,61.256,2023-04-15 07:00:00,,FULL CAPACITY,,TESLA-WEBER 230KV,SAN JOAQUIN,PGAE,TESOSTER,C12,TESLA WEBER,TESLA-WEBER,PUBLIC,1561
PUBLIC:1562,WITHDRAWN,240.0,61.256,2023-04-15 07:00:00,,FULL CAPACITY,,TESLA-WESTLEY 230KV,STANISLAUS,PGAE,NIKOVASTER,C12,TESLA WESTLEY,TESLA-WESTLEY,PUBLIC,1562
PUBLIC:1563,WITHDRAWN,50.0,50.805,2022-11-30 08:00:00,,FULL CAPACITY,,TESLA SUBSTATION 115KV,SAN JOAQUIN,PGAE,BAY SUNSHINE HYBRID SOLAR,C12,TESLA,TESLA SUBSTATION,PUBLIC,1563
PUBLIC:1564,WITHDRAWN,100.0,100.4,2023-05-31 07:00:00,,FULL CAPACITY,,TRIMBLE SUBSTATION 115KV,SANTA CLARA,PGAE,TRIM BESS,C12,TRIMBLE,TRIMBLE SUBSTATION,PUBLIC,1564
PUBLIC:1566,WITHDRAWN,55.0,55.656,2022-12-31 08:00:00,,FULL CAPACITY,,VALLEY SPRINGS #2 60 KV,SAN JOAQUIN,PGAE,TYRE,C12,VALLEY SPRINGS,VALLEY SPRINGS #2,PUBLIC,1566
PUBLIC:1567,WITHDRAWN,150.0,77.34,2023-12-15 08:00:00,,FULL CAPACITY,,BORDEN SUBSTATION 230KV,MADERA,PGAE,TRIGO,C12,BORDEN,BORDEN SUBSTATION,PUBLIC,1567
PUBLIC:1569,WITHDRAWN,65.0,0.0,2021-07-31 07:00:00,,FULL CAPACITY,,COALINGA COGEN TAP 70KV,FRESNO,PGAE,OSO ROJO WEST,C12,COALINGA COGEN,COALINGA COGEN TAP,PUBLIC,1569
PUBLIC:1570,WITHDRAWN,50.0,50.0,2022-11-30 08:00:00,,FULL CAPACITY,,COALINGA#1-SAN MIGUEL 70 KV,FRESNO,PGAE,CARBONERA 1 HYBRID SOLAR,C12,COALINGA SAN MIGUEL,COALINGA#1-SAN MIGUEL,PUBLIC,1570
PUBLIC:1571,WITHDRAWN,80.0,41.89,2023-12-15 08:00:00,,FULL CAPACITY,,EL NIDO SUBSTATION 115KV,MERCED,PGAE,EASTSIDE,C12,EL NIDO,EL NIDO SUBSTATION,PUBLIC,1571
PUBLIC:1572,WITHDRAWN,190.0,0.0,2022-11-30 08:00:00,,FULL CAPACITY,,GATES SUBSTATION 230KV,FRESNO,PGAE,POPPY,C12,GATES,GATES SUBSTATION,PUBLIC,1572
PUBLIC:1573,WITHDRAWN,23.0,27.5,2022-07-16 07:00:00,,ENERGY ONLY,,JAYNE SUBSTATION 70KV,FRESNO,PGAE,BOYCE SOLAR HYBRID,C12,JAYNE,JAYNE SUBSTATION,PUBLIC,1573
PUBLIC:1574,WITHDRAWN,400.0,462.0,2022-07-01 07:00:00,,FULL CAPACITY,,PANOCHE SUBSTATION 230 KV,FRESNO,PGAE,BIG DUCK STORAGE,C12,PANOCHE,PANOCHE SUBSTATION,PUBLIC,1574
PUBLIC:1575,WITHDRAWN,200.0,202.877,2022-11-30 08:00:00,,FULL CAPACITY,,GATES SUBSTATION 230KV,FRESNO,PGAE,ASH TREE HYBRID SOLAR,C12,GATES,GATES SUBSTATION,PUBLIC,1575
PUBLIC:1576,WITHDRAWN,200.0,200.0,2022-11-30 08:00:00,,FULL CAPACITY,,GATES SUBSTATION 230KV,FRESNO,PGAE,DRY GRAPE HYBRID SOLAR,C12,GATES,GATES SUBSTATION,PUBLIC,1576
PUBLIC:1577,WITHDRAWN,150.0,77.34,2023-12-15 08:00:00,,FULL CAPACITY,,GREGG SUBSTATION 230KV,MADERA,PGAE,IRRIGOSA,C12,GREGG,GREGG SUBSTATION,PUBLIC,1577
PUBLIC:1578,WITHDRAWN,350.0,354.88,2022-12-31 08:00:00,,FULL CAPACITY,,HENRIETTA SUBSTATION 230KV,KINGS,PGAE,JOURNEY STORAGE,C12,HENRIETTA,HENRIETTA SUBSTATION,PUBLIC,1578
PUBLIC:1579,WITHDRAWN,27.0,30.25,2022-12-16 08:00:00,,FULL CAPACITY,,SOLEDAD SUBSTATION 60KV,MONTEREY,PGAE,ROBIN SOLAR HYBRID,C12,SOLEDAD,SOLEDAD SUBSTATION,PUBLIC,1579
PUBLIC:1580,WITHDRAWN,65.0,31.88,2023-12-15 08:00:00,,FULL CAPACITY,,LIVINGSTON SUBSTATION 115KV,MERCED,PGAE,STEVINSON,C12,LIVINGSTON,LIVINGSTON SUBSTATION,PUBLIC,1580
PUBLIC:1581,WITHDRAWN,1500.0,1537.0,2024-11-01 07:00:00,,FULL CAPACITY,,LOS BANOS-GATES #1 500 KV,FRESNO,PGAE,PINEBROOK SOLAR HYBRID ENERGY CENTER,C12,LOS BANOS GATES,LOS BANOS-GATES #1,PUBLIC,1581
PUBLIC:1582,WITHDRAWN,150.0,150.0,2022-11-30 08:00:00,,FULL CAPACITY,,PANOCHE SUBSTATION 230KV,FRESNO,PGAE,SUGARLOAF HYBRID SOLAR,C12,PANOCHE,PANOCHE SUBSTATION,PUBLIC,1582
PUBLIC:1583,WITHDRAWN,90.0,90.0,2022-11-30 08:00:00,,FULL CAPACITY,,WAUKENA SUBSTATION 115KV,KINGS,PGAE,CORCAIR HYBRID SOLAR,C12,WAUKENA,WAUKENA SUBSTATION,PUBLIC,1583
PUBLIC:1584,WITHDRAWN,75.0,0.0,2022-12-31 08:00:00,,FULL CAPACITY,,WILSON-ORO LOMA 115 KV,MADERA,PGAE,RIVIERA SOLAR,C12,WILSON ORO LOMA,WILSON-ORO LOMA,PUBLIC,1584
PUBLIC:1585,WITHDRAWN,50.0,0.0,2021-07-31 07:00:00,,FULL CAPACITY,,OLIVE SW STATION-SMYRNA 115KV,KERN,PGAE,STORM,C12,OLIVE SMYRNA,OLIVE SW STATION-SMYRNA,PUBLIC,1585
PUBLIC:1586,WITHDRAWN,150.0,152.29,2026-11-03 08:00:00,Executed,ENERGY ONLY,,ARCO 230 KV,KERN,PGAE,ARCTURUS,C12,ARCO,ARCO,PUBLIC,1586
PUBLIC:1588,WITHDRAWN,1145.0,0.0,2026-04-01 07:00:00,,FULL CAPACITY,,DIABLO CANYON SWITCHING STATION 500KV,SAN LUIS OBISPO,PGAE,LAS BRISAS OFFSHORE WIND,C12,DIABLO CANYON,DIABLO CANYON SWITCHING STATION,PUBLIC,1588
PUBLIC:1589,WITHDRAWN,1500.0,319.35,2024-10-31 07:00:00,,FULL CAPACITY,,DIABLO CANYON-GATES 500KV,SAN LUIS OBISPO,PGAE,NIMITZ 1 GENERATION,C12,DIABLO CANYON GATES,DIABLO CANYON-GATES,PUBLIC,1589
PUBLIC:1590,WITHDRAWN,1500.0,319.35,2026-04-01 07:00:00,,FULL CAPACITY,,DIABLO CANYON-GATES 500KV,SAN LUIS OBISPO,PGAE,NIMITZ 2 GENERATION,C12,DIABLO CANYON GATES,DIABLO CANYON-GATES,PUBLIC,1590
PUBLIC:1591,WITHDRAWN,55.0,21.8,2024-12-31 08:00:00,In Progress,ENERGY ONLY,,MIDWAY-TUPMAN-RIO BRAVO-RENFRO 115 KV,KERN,PGAE,CHAMISE,C12,MIDWAY TUPMAN RIO BRAVO RENFRO,MIDWAY-TUPMAN-RIO BRAVO-RENFRO,PUBLIC,1591
PUBLIC:1592,WITHDRAWN,500.0,500.0,2022-11-30 08:00:00,,FULL CAPACITY,,GATES-TEMPLETON 230 KV,KINGS,PGAE,OATFIELD HYBRID SOLAR,C12,GATES TEMPLETON,GATES-TEMPLETON,PUBLIC,1592
PUBLIC:1594,WITHDRAWN,250.0,250.0,2023-11-30 08:00:00,,ENERGY ONLY,,GATES-MIDWAY 230KV,KINGS,PGAE,GRAND LAKE HYBRID SOLAR,C12,GATES MIDWAY,GATES-MIDWAY,PUBLIC,1594
PUBLIC:1595,WITHDRAWN,350.0,0.0,2022-11-30 08:00:00,,FULL CAPACITY,,MIDWAY 230KV,KERN,PGAE,PEONY,C12,MIDWAY,MIDWAY,PUBLIC,1595
PUBLIC:1597,WITHDRAWN,138.0,0.0,2021-07-31 07:00:00,,FULL CAPACITY,,MIDWAY-WHEELER RIDGE 230KV,KERN,PGAE,OSO ROJO GOLF COURSE,C12,MIDWAY WHEELER RIDGE,MIDWAY-WHEELER RIDGE,PUBLIC,1597
PUBLIC:1598,WITHDRAWN,400.0,0.0,2023-10-31 07:00:00,,FULL CAPACITY,,SOLARSS SWITCHING STATION,SAN LUIS OBISPO,PGAE,AGUA AMARGA WIND,C12,SOLARSS,SOLARSS SWITCHING STATION,PUBLIC,1598
PUBLIC:1599,WITHDRAWN,605.0,0.0,2026-04-01 07:00:00,,FULL CAPACITY,,MORRO BAY SUBSTATION 230KV,SAN LUIS OBISPO,PGAE,LION ROCK OFFSHORE WIND,C12,MORRO BAY,MORRO BAY SUBSTATION,PUBLIC,1599
PUBLIC:1600,WITHDRAWN,1500.0,319.35,2024-10-31 07:00:00,,FULL CAPACITY,,MIDWAY-DIABLO CANYON #2,SAN LUIS OBISPO,PGAE,SEAWOLF GENERATION,C12,MIDWAY DIABLO CANYON,MIDWAY-DIABLO CANYON #2,PUBLIC,1600
PUBLIC:1601,WITHDRAWN,200.0,202.5,2022-11-30 08:00:00,,FULL CAPACITY,,MIDWAY-WHEELER RIDGE #2 230KV,MARICOPA,PGAE,FAMILIA HYBRID SOLAR,C12,MIDWAY WHEELER RIDGE,MIDWAY-WHEELER RIDGE #2,PUBLIC,1601
PUBLIC:1602,WITHDRAWN,150.0,151.6,2023-12-15 08:00:00,,FULL CAPACITY,,HIGHWIND SUBSTATION 230KV,KERN,SCE,FOKUS RENEWABLE ENERGY CENTER,C12,HIGHWIND,HIGHWIND SUBSTATION,PUBLIC,1602
PUBLIC:1603,WITHDRAWN,200.0,202.98,2022-12-31 08:00:00,,FULL CAPACITY,,INYOKERN-RANDSBURG 115 KV,KERN,SCE,RIGAL,C12,INYOKERN RANDSBURG,INYOKERN-RANDSBURG,PUBLIC,1603
PUBLIC:1605,WITHDRAWN,100.0,102.1,2022-12-16 08:00:00,,FULL CAPACITY,,CHINO SUBSTATION 220KV,LOS ANGELES,SCE,CAYENNE ENERGY STORAGE,C12,CHINO,CHINO SUBSTATION,PUBLIC,1605
PUBLIC:1606,WITHDRAWN,200.0,203.41,2021-10-31 07:00:00,,FULL CAPACITY,,ELLIS SUBSTATION 220KV,ORANGE,SCE,ELLIS BESS,C12,ELLIS,ELLIS SUBSTATION,PUBLIC,1606
PUBLIC:1607,WITHDRAWN,250.0,250.0,2023-01-01 08:00:00,,FULL CAPACITY,,ETIWANDA SUBSTATION 230KV,SAN BERNARDINO,SCE,RANCHO 2 ENERGY STORAGE,C12,ETIWANDA,ETIWANDA SUBSTATION,PUBLIC,1607
PUBLIC:1609,WITHDRAWN,300.0,308.102,2022-08-01 07:00:00,,FULL CAPACITY,,HINSON SUBSTATION 220KV,LOS ANGELES,SCE,HINSON BESS,C12,HINSON,HINSON SUBSTATION,PUBLIC,1609
PUBLIC:1610,WITHDRAWN,300.0,305.0,2021-12-01 08:00:00,,FULL CAPACITY,,JOHANNA SUBSTATION 230 KV,ORANGE,SCE,SUPERBA STORAGE 1,C12,JOHANNA,JOHANNA SUBSTATION,PUBLIC,1610
PUBLIC:1612,WITHDRAWN,200.0,200.0,2024-04-15 07:00:00,,FULL CAPACITY,,RIO HONDO SUBSTATION 230KV,LOS ANGELES,SCE,SPEEDWAY ESS,C12,RIO HONDO,RIO HONDO SUBSTATION,PUBLIC,1612
PUBLIC:1613,WITHDRAWN,400.0,433.752,2022-12-16 08:00:00,,FULL CAPACITY,,RIO HONDO SUBSTATION 220KV,LOS ANGELES,SCE,TRESTLES ENERGY STORAGE,C12,RIO HONDO,RIO HONDO SUBSTATION,PUBLIC,1613
PUBLIC:1614,WITHDRAWN,200.0,200.0,2023-12-01 08:00:00,,FULL CAPACITY,,JOHANNA SUBSTATION 230 KV,ORANGE,SCE,CITADEL ESS,C12,JOHANNA,JOHANNA SUBSTATION,PUBLIC,1614
PUBLIC:1616,WITHDRAWN,115.0,28.38,2023-12-31 08:00:00,,FULL CAPACITY,,HIGHWIND SUBSTATION 230KV,KERN,SCE,HIGHWIND ENERGY CENTER,C12,HIGHWIND,HIGHWIND SUBSTATION,PUBLIC,1616
PUBLIC:1618,WITHDRAWN,200.0,202.998,2022-12-31 08:00:00,,FULL CAPACITY,,MAGUNDEN-PASTORIA 230KV,KERN,SCE,DORADUS,C12,MAGUNDEN PASTORIA,MAGUNDEN-PASTORIA,PUBLIC,1618
PUBLIC:1620,WITHDRAWN,100.0,51.56,2023-12-15 08:00:00,,FULL CAPACITY,,RECTOR SUBSTATION 230KV,TULARE,SCE,ROCKY HILL SOLAR,C12,RECTOR,RECTOR SUBSTATION,PUBLIC,1620
PUBLIC:1621,WITHDRAWN,200.0,200.0,2022-11-30 08:00:00,,FULL CAPACITY,,MAGUNDEN-SPRINGVILLE #1 220 KV,TULARE,SCE,YELLOW HAY HYBRID SOLAR,C12,MAGUNDEN SPRINGVILLE,MAGUNDEN-SPRINGVILLE #1,PUBLIC,1621
PUBLIC:1622,WITHDRAWN,240.0,64.17,2023-04-15 07:00:00,,FULL CAPACITY,,SPRINGVILLE-RECTOR 220KV LINE,TULARE,SCE,BARRENSPRING,C12,SPRINGVILLE RECTOR,SPRINGVILLE-RECTOR,PUBLIC,1622
PUBLIC:1623,WITHDRAWN,300.0,150.0,2023-12-01 08:00:00,,FULL CAPACITY,,VESTAL SUBSTATION 230 KV,TULARE,SCE,TRIUMPH SOLAR,C12,VESTAL,VESTAL SUBSTATION,PUBLIC,1623
PUBLIC:1624,WITHDRAWN,240.0,64.17,2023-04-15 07:00:00,,FULL CAPACITY,,VESTAL SUBSTATION 220KV,TULARE,SCE,VESTAL VALLEY,C12,VESTAL,VESTAL SUBSTATION,PUBLIC,1624
PUBLIC:1626,WITHDRAWN,200.0,113.96,2022-12-01 08:00:00,,FULL CAPACITY,,VINCENT SUBSTATION 230KV,KERN,SCE,SAGEBRUSH 6 HYBRID,C12,VINCENT,VINCENT SUBSTATION,PUBLIC,1626
PUBLIC:1627,WITHDRAWN,600.0,615.9,2022-12-31 08:00:00,,FULL CAPACITY,,VINCENT SUBSTATION 230KV,LOS ANGELES,SCE,UNA LAKE SOLAR,C12,VINCENT,VINCENT SUBSTATION,PUBLIC,1627
PUBLIC:1628,WITHDRAWN,300.0,306.26,2026-08-15 07:00:00,,FULL CAPACITY,,VINCENT SUBSTATION 230KV,LOS ANGELES,SCE,FORT TEJON SOLAR,C12,VINCENT,VINCENT SUBSTATION,PUBLIC,1628
PUBLIC:1630,WITHDRAWN,250.0,125.0,2023-12-01 08:00:00,,FULL CAPACITY,,WHIRLWIND SUBSTATION 230 KV,KERN,SCE,DRACO SOLAR,C12,WHIRLWIND,WHIRLWIND SUBSTATION,PUBLIC,1630
PUBLIC:1633,WITHDRAWN,85.0,0.0,2023-12-31 08:00:00,,FULL CAPACITY,,WINDHUB SUBSTATION 230 KV,KERN,SCE,DESERT FLOWER WIND FARM,C12,WINDHUB,WINDHUB SUBSTATION,PUBLIC,1633
PUBLIC:1634,WITHDRAWN,200.0,200.0,2022-11-30 08:00:00,,FULL CAPACITY,,WINDHUB SUBSTATION 230 KV,KERN,SCE,GARCES HYBRID SOLAR,C12,WINDHUB,WINDHUB SUBSTATION,PUBLIC,1634
PUBLIC:1635,WITHDRAWN,400.0,406.56,2022-11-30 08:00:00,,FULL CAPACITY,,WINDHUB SUBSTATION 500KV,KERN,SCE,YEAGER HYBRID SOLAR,C12,WINDHUB,WINDHUB SUBSTATION,PUBLIC,1635
PUBLIC:1637,WITHDRAWN,500.0,518.4,2022-12-31 08:00:00,,FULL CAPACITY,,COLORADO RIVER SUBSTATION 500KV,RIVERSIDE,SCE,SOLO,C12,COLORADO RIVER,COLORADO RIVER SUBSTATION,PUBLIC,1637
PUBLIC:1638,WITHDRAWN,200.0,204.93,2023-12-15 08:00:00,,FULL CAPACITY,,DEVERS SUBSTATION 230KV,RIVERSIDE,SCE,VENTUS RENEWABLE ENERGY CENTER,C12,DEVERS,DEVERS SUBSTATION,PUBLIC,1638
PUBLIC:1639,WITHDRAWN,100.0,100.98,2022-12-31 08:00:00,,FULL CAPACITY,,DEVERS SUBSTATION 230KV,RIVERSIDE,SCE,CONSECHA,C12,DEVERS,DEVERS SUBSTATION,PUBLIC,1639
PUBLIC:1640,WITHDRAWN,500.0,514.35,2026-09-01 07:00:00,,FULL CAPACITY,,DEVERS-SAN BERNARDINO LINE 230 KV,RIVERSIDE,SCE,SUNNYNOOK SOLAR CENTER,C12,DEVERS SAN BERNARDINO,DEVERS-SAN BERNARDINO LINE,PUBLIC,1640
PUBLIC:1644,WITHDRAWN,300.0,308.1,2022-08-01 07:00:00,,FULL CAPACITY,,SAN BERNARDINO SUBSTATION 220KV,SAN BERNARDINO,SCE,SAN BERNARDINO BESS,C12,SAN BERNARDINO,SAN BERNARDINO SUBSTATION,PUBLIC,1644
PUBLIC:1648,WITHDRAWN,400.0,200.0,2023-12-01 08:00:00,,FULL CAPACITY,,MOHAVE SUBSTATION 500KV,CLARK,SCE,BULLHEAD SOLAR,C12,MOHAVE,MOHAVE SUBSTATION,PUBLIC,1648
PUBLIC:1651,WITHDRAWN,100.0,51.15,2023-12-15 08:00:00,,FULL CAPACITY,,SLOAN CANYON SWITCHING STATION 230KV,CLARK,GLW,BLACK HILLS PLAYA A SOLAR,C12,SLOAN CANYON,SLOAN CANYON SWITCHING STATION,PUBLIC,1651
PUBLIC:1652,WITHDRAWN,100.0,51.15,2023-12-15 08:00:00,,FULL CAPACITY,,SLOAN CANYON SWITCHING STATION 230 KV,CLARK,GLW,BLACK HILLS PLAYA B SOLAR,C12,SLOAN CANYON,SLOAN CANYON SWITCHING STATION,PUBLIC,1652
PUBLIC:1653,WITHDRAWN,448.0,118.56,2023-05-31 07:00:00,,FULL CAPACITY,,SLOAN CANYON SWITCHING STATION 230KV,CLARK,GLW,SLOAN ENERGY CENTER,C12,SLOAN CANYON,SLOAN CANYON SWITCHING STATION,PUBLIC,1653
PUBLIC:1656,WITHDRAWN,200.0,200.0,2023-09-01 07:00:00,,FULL CAPACITY,,BAY-BOULEVARD 230KV,SAN DIEGO,SDGE,GYPSY ESS,C12,BAY BOULEVARD,BAY-BOULEVARD,PUBLIC,1656
PUBLIC:1657,WITHDRAWN,200.0,200.0,2026-04-15 07:00:00,Terminated,PARTIAL CAPACITY,,TALEGA SUBSTATION 138 KV,ORANGE,SDGE,SANDPIPER STORAGE,C12,TALEGA,TALEGA SUBSTATION,PUBLIC,1657
PUBLIC:1658,WITHDRAWN,200.0,200.0,2028-10-12 07:00:00,,ENERGY ONLY,,IMPERIAL VALLEY SUBSTATION 230KV,IMPERIAL,SDGE,CARDINAL STORAGE,C12,IMPERIAL VALLEY,IMPERIAL VALLEY SUBSTATION,PUBLIC,1658
PUBLIC:1659,WITHDRAWN,200.0,200.0,2023-12-01 08:00:00,,FULL CAPACITY,,ECO 230KV,SAN DIEGO,SDGE,PRIMAVERA STORAGE,C12,ECO,ECO,PUBLIC,1659
PUBLIC:1661,WITHDRAWN,300.0,0.0,2029-09-26 07:00:00,,ENERGY ONLY,,EAST COUNTY SUBSTATION 230 KV,BAJA CALIFORNIA,SDGE,OBSIDIAN STORAGE ,C12,EAST COUNTY,EAST COUNTY SUBSTATION,PUBLIC,1661
PUBLIC:1664,WITHDRAWN,500.0,500.0,2035-03-10 08:00:00,,ENERGY ONLY,,IMPERIAL VALLEY SUBSTATION 230 KV,SONORA,SDGE,VOLTA DE MEXICALI,C12,IMPERIAL VALLEY,IMPERIAL VALLEY SUBSTATION,PUBLIC,1664
PUBLIC:1665,WITHDRAWN,360.0,360.0,2030-01-31 08:00:00,Executed,ENERGY ONLY,,IMPERIAL VALLEY SUBSTATION 230 KV,IMPERIAL,SDGE,KINGSLEY SOLAR FARM,C12,IMPERIAL VALLEY,IMPERIAL VALLEY SUBSTATION,PUBLIC,1665
PUBLIC:1666,WITHDRAWN,400.0,210.6,2023-12-01 08:00:00,,FULL CAPACITY,,IMPERIAL VALLEY SUBSTATION 230KV,IMPERIAL,SDGE,SALTON SOLAR,C12,IMPERIAL VALLEY,IMPERIAL VALLEY SUBSTATION,PUBLIC,1666
PUBLIC:1668,WITHDRAWN,50.0,51.0,2021-12-01 08:00:00,,FULL CAPACITY,,MESA HEIGHTS SUBSTATION 69KV,SAN DIEGO,SDGE,SUFFOLK STORAGE,C12,MESA HEIGHTS,MESA HEIGHTS SUBSTATION,PUBLIC,1668
PUBLIC:1671,WITHDRAWN,25.0,26.6,2026-10-20 07:00:00,,ENERGY ONLY,,POINT LOMA SUBSTATION 69 KV,SAN DIEGO,,MARINE DEPOT,C12,POINT LOMA,POINT LOMA SUBSTATION,PUBLIC,1671
PUBLIC:1672,WITHDRAWN,400.0,205.0,2023-06-01 07:00:00,,FULL CAPACITY,,ECO-MIGUEL 500KV,SAN DIEGO,SDGE,BOULDER OAKS HYBRID,C12,ECO MIGUEL,ECO-MIGUEL,PUBLIC,1672
PUBLIC:1674,WITHDRAWN,500.0,500.0,2026-04-01 07:00:00,,FULL CAPACITY,,SYCAMORE CANYON SUBSTATION 230KV,SAN DIEGO,SDGE,SV ENERGY STORAGE FACILITY,C12,SYCAMORE CANYON,SYCAMORE CANYON SUBSTATION,PUBLIC,1674
PUBLIC:1676,WITHDRAWN,50.0,50.0,2023-12-01 08:00:00,,FULL CAPACITY,,WARNERS SUBSTATION 69KV,SAN DIEGO,SDGE,CHAPARREL STORAGE,C12,WARNERS,WARNERS SUBSTATION,PUBLIC,1676
PUBLIC:1677,WITHDRAWN,60.0,0.0,2019-12-01 08:00:00,,FULL CAPACITY,,MAGUNDEN,KERN,SCE,SYCAMORE EXPANSION,ISP,MAGUNDEN,MAGUNDEN,PUBLIC,1677
PUBLIC:1682,WITHDRAWN,250.0,253.6895,2023-10-15 07:00:00,,FULL CAPACITY,,MARTIN,SAN MATEO,PGAE,BRISBANE ENERGY STORAGE,C13,MARTIN,MARTIN,PUBLIC,1682
PUBLIC:1683,WITHDRAWN,100.0,102.25,2026-04-30 07:00:00,Executed,ENERGY ONLY,,CONTRA COSTA-DELTA 230 KV LINE,CONTRA COSTA,PGAE,AQUEDUCT ENERGY STORAGE ,C13,CONTRA COSTA DELTA,CONTRA COSTA-DELTA,PUBLIC,1683
PUBLIC:1684,WITHDRAWN,150.0,61.01394,2023-12-01 08:00:00,,FULL CAPACITY,,BRIDGEVILLE SUBSTATION 115KV,HUMBOLDT,PGAE,CAPETOWN 3 HYBRID,C13,BRIDGEVILLE,BRIDGEVILLE SUBSTATION,PUBLIC,1684
PUBLIC:1685,WITHDRAWN,300.0,300.0,2025-12-01 08:00:00,,FULL CAPACITY,,CAYETANO SUBSTATION 230KV,ALAMEDA,PGAE,CHIA ESS,C13,CAYETANO,CAYETANO SUBSTATION,PUBLIC,1685
PUBLIC:1686,WITHDRAWN,85.0,86.7,2023-12-31 08:00:00,,FULL CAPACITY,,TABLE MOUNTAIN SUBSTATION 115KV,BUTTE,PGAE,CHICKAREE HYBRID SOLAR,C13,TABLE MOUNTAIN,TABLE MOUNTAIN SUBSTATION,PUBLIC,1686
PUBLIC:1687,WITHDRAWN,80.0,84.8117,2023-01-01 08:00:00,,ENERGY ONLY,,WOODLAND-DAVIS 115 KV LINE,YOLO,PGAE,CONAWAY HYBRID POWER PLANT,C13,WOODLAND DAVIS,WOODLAND-DAVIS,PUBLIC,1687
PUBLIC:1688,WITHDRAWN,299.99,312.96,2027-04-01 07:00:00,,ENERGY ONLY,,ROUND MOUNTAIN 230 KV,SHASTA,PGAE,CROSSROADS STORAGE,C13,ROUND MOUNTAIN,ROUND MOUNTAIN,PUBLIC,1688
PUBLIC:1689,WITHDRAWN,20.0,10.0,2023-12-30 08:00:00,,FULL CAPACITY,,CROW CREEK SWITCHING STATION 60KV,STANISLAUS,PGAE,CROWSWEST,C13,CROW CREEK,CROW CREEK SWITCHING STATION,PUBLIC,1689
PUBLIC:1691,WITHDRAWN,200.0,203.94,2028-02-11 08:00:00,Executed,ENERGY ONLY,,BIRDS LANDING 230 KV,SOLANO,PGAE,FORTIS,C13,BIRDS LANDING,BIRDS LANDING,PUBLIC,1691
PUBLIC:1692,WITHDRAWN,1500.12,319.356,2027-04-15 07:00:00,,FULL CAPACITY,,ROUND MOUNTAIN SUBSTATION 500KV,HUMBOLDT,PGAE,INTREPID ENERGY,C13,ROUND MOUNTAIN,ROUND MOUNTAIN SUBSTATION,PUBLIC,1692
PUBLIC:1693,WITHDRAWN,34.1,26.21,2027-03-31 07:00:00,,FULL CAPACITY,,MARIPOSA ENERGY CENTER 230KV,CONTRA COSTA,PGAE,MARIPOSA ENERGY BESS,C13,MARIPOSA ENERGY CENTER,MARIPOSA ENERGY CENTER,PUBLIC,1693
PUBLIC:1694,WITHDRAWN,40.0,102.8,2023-12-31 08:00:00,,FULL CAPACITY,,PITTSBURG SUBSTATION 60KV,CONTRA COSTA,PGAE,MAYA,C13,PITTSBURG,PITTSBURG SUBSTATION,PUBLIC,1694
PUBLIC:1695,WITHDRAWN,101.2,102.0,2025-01-29 08:00:00,,ENERGY ONLY,,ATLANTIC 60 KV,PLACER,PGAE,MEADOWS ENERGY STORAGE,C13,ATLANTIC,ATLANTIC,PUBLIC,1695
PUBLIC:1696,WITHDRAWN,900.0,950.4,2023-08-01 07:00:00,,FULL CAPACITY,,VACA-DIXON SUBSTATION 500KV,SOLANO,PGAE,MENARD ENERGY STORAGE,C13,VACA DIXON,VACA-DIXON SUBSTATION,PUBLIC,1696
PUBLIC:1697,WITHDRAWN,300.0,305.25,2025-10-30 07:00:00,,FULL CAPACITY,,IGNACIO SUBSTATION 230KV,MARIN,PGAE,MUIR STORAGE,C13,IGNACIO,IGNACIO SUBSTATION,PUBLIC,1697
PUBLIC:1698,WITHDRAWN,300.0,300.0,2024-12-01 08:00:00,,FULL CAPACITY,,LOS ESTEROS SUBSTATION 115KV,SANTA CLARA,PGAE,MIRANDA ESS 2,C13,LOS ESTEROS,LOS ESTEROS SUBSTATION,PUBLIC,1698
PUBLIC:1699,WITHDRAWN,300.0,166.905,2023-12-01 08:00:00,,FULL CAPACITY,,DELEVAN-VACA #3 230KV LINE,COLUSA,PGAE,GREASEWOOD HYBRID,C13,DELEVAN VACA,DELEVAN-VACA #3,PUBLIC,1699
PUBLIC:1700,WITHDRAWN,100.0,102.75,2027-03-18 07:00:00,Executed,ENERGY ONLY,,LAKEVILLE 60 KV,SONOMA,PGAE,NORTH BAY ENERGY STORAGE,C13,LAKEVILLE,LAKEVILLE,PUBLIC,1700
PUBLIC:1701,WITHDRAWN,101.1,102.0,2023-06-15 07:00:00,,FULL CAPACITY,,COTTONWOOD SUBSTATION 115KV,SHASTA,PGAE,ORIGIN ENERGY STORAGE,C13,COTTONWOOD,COTTONWOOD SUBSTATION,PUBLIC,1701
PUBLIC:1703,WITHDRAWN,150.0,150.929,2023-10-15 07:00:00,,FULL CAPACITY,,NEW SWITCHYARD ON LOS ESTEROS-TRIMBLE LINE 115KV,SANTA CLARA,PGAE,RAILYARD ENERGY STORAGE,C13,NEW ON LOS ESTEROS TRIMBLE,NEW SWITCHYARD ON LOS ESTEROS-TRIMBLE LINE,PUBLIC,1703
PUBLIC:1704,WITHDRAWN,150.0,152.2875,2023-09-01 07:00:00,,FULL CAPACITY,,RIO OSO SUBSTATION 115KV,SUTTER,PGAE,SPARTAN ENERGY STORAGE,C13,RIO OSO,RIO OSO SUBSTATION,PUBLIC,1704
PUBLIC:1705,WITHDRAWN,220.0,675.0,2029-03-01 08:00:00,Executed,ENERGY ONLY,,PITTSBURG 230 KV,CONTRA COSTA,PGAE,STEEL CITY BATTERY STORAGE,C13,PITTSBURG,PITTSBURG,PUBLIC,1705
PUBLIC:1706,WITHDRAWN,101.2,102.0,2023-07-15 07:00:00,,FULL CAPACITY,,PARADISE  SUBSTATION 115KV,BUTTE,PGAE,TRAILWAYS ENERGY STORAGE,C13,PARADISE,PARADISE  SUBSTATION,PUBLIC,1706
PUBLIC:1707,WITHDRAWN,84.9,86.6,2023-12-31 08:00:00,,FULL CAPACITY,,CAMANCHE 115KV TAP VIA THE CAMANCHE POWERHOUSE STATION 115KV,SAN JOAQUIN,PGAE,OWL CLAW HYBRID SOLAR,C13,CAMANCHE VIA THE CAMANCHE POWERHOUSE,CAMANCHE,PUBLIC,1707
PUBLIC:1708,WITHDRAWN,250.0,250.0,2024-08-01 07:00:00,,FULL CAPACITY,,METCALF SUBSTATION 230KV,SANTA CLARA,PGAE,QUICKSILVER ENERGY STORAGE,C13,METCALF,METCALF SUBSTATION,PUBLIC,1708
PUBLIC:1710,WITHDRAWN,150.0,77.638,2023-10-31 07:00:00,,FULL CAPACITY,,MENDOTA SUBSTATION 115KV,FRESNO,PGAE,ALBA,C13,MENDOTA,MENDOTA SUBSTATION,PUBLIC,1710
PUBLIC:1711,WITHDRAWN,110.0,114.5529,2023-12-01 08:00:00,,FULL CAPACITY,,HOLLISTER SUBSTATION 115KV,SAN BENITO,PGAE,ALLIUM,C13,HOLLISTER,HOLLISTER SUBSTATION,PUBLIC,1711
PUBLIC:1712,WITHDRAWN,30.0,30.6,2023-07-01 07:00:00,,FULL CAPACITY,,CHENEY #1 TAP 115KV LINE,FRESNO,PGAE,APRICOT ENERGY STORAGE,C13,CHENEY,CHENEY #1 TAP,PUBLIC,1712
PUBLIC:1714,WITHDRAWN,200.0,202.5,2024-09-30 07:00:00,,FULL CAPACITY,,GATES SUBSTATION 230KV,FRESNO,PGAE,COMAL FLATS 1,C13,GATES,GATES SUBSTATION,PUBLIC,1714
PUBLIC:1715,WITHDRAWN,1700.0,1700.0,2024-11-01 07:00:00,,FULL CAPACITY,,LOS BANOS - GATES #1 500KV LINE,FRESNO,PGAE,EDGEWOOD SOLAR HYBRID,C13,LOS BANOS GATES,LOS BANOS - GATES #1,PUBLIC,1715
PUBLIC:1716,WITHDRAWN,100.0,50.0,2023-11-30 08:00:00,,FULL CAPACITY,,DAIRYLAND - MENDOTA 115KV LINE,MADERA,PGAE,FERRY HYBRID SOLAR,C13,DAIRYLAND MENDOTA,DAIRYLAND - MENDOTA,PUBLIC,1716
PUBLIC:1717,WITHDRAWN,100.0,102.5,2023-12-31 08:00:00,,FULL CAPACITY,,BORDEN SUBSTATION 70KV,MADERA,PGAE,FOXGLOVE HYBRID SOLAR,C13,BORDEN,BORDEN SUBSTATION,PUBLIC,1717
PUBLIC:1719,WITHDRAWN,100.0,50.0,2023-11-30 08:00:00,,FULL CAPACITY,,CHOWCHILLA-KERCKHOFF #2 115KV LIN3,MADERA,PGAE,HENSLEY HYBRID SOLAR,C13,CHOWCHILLA KERCKHOFF LIN3,CHOWCHILLA-KERCKHOFF #2,PUBLIC,1719
PUBLIC:1720,WITHDRAWN,30.0,31.7579,2022-07-01 07:00:00,,FULL CAPACITY,,SPENCE SUBSTATION 60KV,MONTEREY,PGAE,ICEBERG ENERGY STORAGE,C13,SPENCE,SPENCE SUBSTATION,PUBLIC,1720
PUBLIC:1721,WITHDRAWN,350.0,175.0,2023-11-30 08:00:00,,FULL CAPACITY,,GATES- TEMPLETON 230KV LINE,KINGS,PGAE,MILKY WAY HYBRID SOLAR,C13,GATES TEMPLETON,GATES- TEMPLETON,PUBLIC,1721
PUBLIC:1722,WITHDRAWN,250.0,250.0,2024-04-01 07:00:00,,FULL CAPACITY,,MUSTANG SWITCHING STATION 230KV,KINGS,PGAE,MORTIMER SOLAR HYBRID,C13,MUSTANG,MUSTANG SWITCHING STATION,PUBLIC,1722
PUBLIC:1723,WITHDRAWN,50.0,25.0,2023-11-30 08:00:00,,FULL CAPACITY,,JAYNE SW STA-COALINGA #1 70KV LINE,FRESNO,PGAE,POLVADERO HYBRID SOLAR,C13,JAYNE COALINGA,JAYNE SW STA-COALINGA #1,PUBLIC,1723
PUBLIC:1724,WITHDRAWN,300.0,387.94,2024-11-30 08:00:00,,FULL CAPACITY,,ARCO - MIDWAY 230KV LINE,KERN,PGAE,ROCK DOVE 1 ENERGY CENTER,C13,ARCO MIDWAY,ARCO - MIDWAY,PUBLIC,1724
PUBLIC:1725,WITHDRAWN,300.0,387.94,2025-11-30 08:00:00,,FULL CAPACITY,,GATES - MIDWAY 230KV LINE,KERN,PGAE,ROCK DOVE 2 ENERGY CENTER,C13,GATES MIDWAY,GATES - MIDWAY,PUBLIC,1725
PUBLIC:1726,WITHDRAWN,100.0,102.5,2023-12-31 08:00:00,,FULL CAPACITY,,LOS BANOS SUBSTATION 70KV,MERCED,PGAE,TORANA HYBRID SOLAR,C13,LOS BANOS,LOS BANOS SUBSTATION,PUBLIC,1726
PUBLIC:1727,WITHDRAWN,70.0,71.45,2023-07-01 07:00:00,,FULL CAPACITY,,GATES - COALINGA #2 LINE 70KV,FRESNO,PGAE,TURON ENERGY STORAGE,C13,GATES COALINGA,GATES - COALINGA #2 LINE,PUBLIC,1727
PUBLIC:1729,WITHDRAWN,200.0,103.202,2023-10-31 07:00:00,,FULL CAPACITY,,SISQUOC SUBSTATION 115KV,SANTA BARBARA,PGAE,ANACAPA,C13,SISQUOC,SISQUOC SUBSTATION,PUBLIC,1729
PUBLIC:1730,WITHDRAWN,200.0,203.6,2024-12-01 08:00:00,,FULL CAPACITY,,MORRO BAY SUBSTATION 230KV,SAN LUIS OBISPO,PGAE,AUSTIN ES,C13,MORRO BAY,MORRO BAY SUBSTATION,PUBLIC,1730
PUBLIC:1731,WITHDRAWN,100.0,102.0,2023-02-01 08:00:00,,FULL CAPACITY,,MESA SUBSTATION 115KV,SAN LUIS OBISPO,PGAE,BLACK BEAR ENERGY STORAGE 1,C13,MESA,MESA SUBSTATION,PUBLIC,1731
PUBLIC:1732,WITHDRAWN,100.0,102.0,2023-02-01 08:00:00,,FULL CAPACITY,,MESA SUBSTATION 230KV,SAN LUIS OBISPO,PGAE,BLACK BEAR ENERGY STORAGE 2,C13,MESA,MESA SUBSTATION,PUBLIC,1732
PUBLIC:1733,WITHDRAWN,500.0,632.44,2027-08-10 07:00:00,In Progress,ENERGY ONLY,,MESA SUBSTATION 230KV,SAN LUIS OBISPO,PGAE,BLUFF TRAIL STORAGE,C13,MESA,MESA SUBSTATION,PUBLIC,1733
PUBLIC:1734,WITHDRAWN,27.0,0.0,2023-12-30 08:00:00,,FULL CAPACITY,,MIDWAY-TAFT 115KV LINE,KERN,PGAE,FREEBORN,C13,MIDWAY TAFT,MIDWAY-TAFT,PUBLIC,1734
PUBLIC:1735,WITHDRAWN,30.0,30.8,2023-07-01 07:00:00,,FULL CAPACITY,,SANTA MARIA COGEN TAP 115KV LINE,SANTA BARBARA,PGAE,HANSON ENERGY CENTER,C13,SANTA MARIA COGEN,SANTA MARIA COGEN TAP,PUBLIC,1735
PUBLIC:1737,WITHDRAWN,350.0,179.4,2025-10-30 07:00:00,,FULL CAPACITY,,MIDWAY SUBSTATION 230KV,KERN,PGAE,KAIROS HYBRID,C13,MIDWAY,MIDWAY SUBSTATION,PUBLIC,1737
PUBLIC:1738,WITHDRAWN,1400.0,0.0,2027-03-01 08:00:00,,FULL CAPACITY,,DIABLO CANYON SWITCHING STATION 500KV,SAN LUIS OBISPO,PGAE,LIGHTHOUSE WIND,C13,DIABLO CANYON,DIABLO CANYON SWITCHING STATION,PUBLIC,1738
PUBLIC:1739,WITHDRAWN,500.0,108.0,2031-01-24 08:00:00,Terminated,PARTIAL CAPACITY,,MORRO BAY 230 KV,SAN LUIS OBISPO,PGAE,PECHO ENERGY STORAGE,C13,MORRO BAY,MORRO BAY,PUBLIC,1739
PUBLIC:1741,WITHDRAWN,200.0,103.95,2023-12-01 08:00:00,,FULL CAPACITY,,MORRO BAY SOLAR SW STA #2 230KV,SAN LUIS OBISPO,PGAE,ROBIN 2,C13,MORRO BAY SOLAR,MORRO BAY SOLAR SW STA #2,PUBLIC,1741
PUBLIC:1742,WITHDRAWN,150.0,79.2,2023-12-01 08:00:00,,FULL CAPACITY,,TEMBLOR - SAN LUIS OBISPO 115KV LINE,SAN LUIS OBISPO,PGAE,ROBIN 3,C13,TEMBLOR SAN LUIS OBISPO,TEMBLOR - SAN LUIS OBISPO,PUBLIC,1742
PUBLIC:1743,WITHDRAWN,100.0,51.401,2023-10-31 07:00:00,,FULL CAPACITY,,OLD RIVER SUBSTATION 70KV,KERN,PGAE,SAGRARIO,C13,OLD RIVER,OLD RIVER SUBSTATION,PUBLIC,1743
PUBLIC:1746,WITHDRAWN,120.0,123.59655,2023-12-01 08:00:00,,FULL CAPACITY,,TUPMAN SUBSTATION 115KV,KERN,PGAE,VERBENA,C13,TUPMAN,TUPMAN SUBSTATION,PUBLIC,1746
PUBLIC:1747,WITHDRAWN,1499.94,319.35,2027-04-13 07:00:00,,FULL CAPACITY,,DIABLO-GATES 500KV LINE,SAN LUIS OBISPO,PGAE,VINSON ENERGY,C13,DIABLO GATES,DIABLO-GATES,PUBLIC,1747
PUBLIC:1748,WITHDRAWN,1000.0,0.0,2027-04-07 07:00:00,,FULL CAPACITY,,DIABLO CANYON - MORRO BAY 230 KV AND DIABLO CANYON - MESA 230 KV LINES,SAN LUIS OBISPO,PGAE,WESTERN COAST WIND 1,C13,DIABLO CANYON MORRO BAY AND DIABLO CANYON MESA LINES,DIABLO CANYON - MORRO BAY,PUBLIC,1748
PUBLIC:1749,WITHDRAWN,299.65,75.0,2031-04-27 07:00:00,In Progress,ENERGY ONLY,,CALIENTE 230 KV,SAN LUIS OBISPO,PGAE,WHALE ROCK ENERGY,C13,CALIENTE,CALIENTE,PUBLIC,1749
PUBLIC:1752,WITHDRAWN,2000.0,1572.2,2025-02-05 08:00:00,,FULL CAPACITY,,DELANEY SUBSTATION 500KV,MARICOPA,DCRT,ARIZONA A1,C13,DELANEY,DELANEY SUBSTATION,PUBLIC,1752
PUBLIC:1753,WITHDRAWN,500.0,415.96,2024-12-01 08:00:00,,FULL CAPACITY,,DELANEY - COLORADO RIVER 500KV LINE,MARICOPA,DCRT,LA PAZ,C13,DELANEY COLORADO RIVER,DELANEY - COLORADO RIVER,PUBLIC,1753
PUBLIC:1754,WITHDRAWN,300.0,306.18,2023-10-31 07:00:00,,FULL CAPACITY,,DELANEY SUBSTATION 500KV,MARICOPA,DCRT,PAPAGO,C13,DELANEY,DELANEY SUBSTATION,PUBLIC,1754
PUBLIC:1755,WITHDRAWN,200.0,100.0,2023-12-01 08:00:00,,FULL CAPACITY,,COLORADO RIVER SUBSTATION 230KV,RIVERSIDE,SCE,AMETHYST SOLAR,C13,COLORADO RIVER,COLORADO RIVER SUBSTATION,PUBLIC,1755
PUBLIC:1756,WITHDRAWN,200.0,205.92,2024-12-15 08:00:00,,FULL CAPACITY,,BLYTHE SUBSTATION 161KV,RIVERSIDE,SCE,ASTRA,C13,BLYTHE,BLYTHE SUBSTATION,PUBLIC,1756
PUBLIC:1759,WITHDRAWN,1400.0,2807.0,2026-12-01 08:00:00,,ENERGY ONLY,,RED BLUFF SUBSTATION 500KV,RIVERSIDE,SCE,ETERNAL PUMPED STORAGE,C13,RED BLUFF,RED BLUFF SUBSTATION,PUBLIC,1759
PUBLIC:1760,WITHDRAWN,200.0,205.92,2024-12-15 08:00:00,,FULL CAPACITY,,DEVERS SUBSTATION 220KV,RIVERSIDE,SCE,FORTUNA,C13,DEVERS,DEVERS SUBSTATION,PUBLIC,1760
PUBLIC:1762,WITHDRAWN,500.0,510.0,2022-11-15 08:00:00,,FULL CAPACITY,,DEVERS SUBSTATION 230KV,RIVERSIDE,SCE,GRISEDALE STORAGE 1,C13,DEVERS,DEVERS SUBSTATION,PUBLIC,1762
PUBLIC:1763,WITHDRAWN,200.0,204.16,2029-01-31 08:00:00,,ENERGY ONLY,,DEVERS SUBSTATION 220KV,RIVERSIDE,SCE,PORTA,C13,DEVERS,DEVERS SUBSTATION,PUBLIC,1763
PUBLIC:1765,WITHDRAWN,400.0,408.07,2023-06-01 07:00:00,,FULL CAPACITY,,RIO HONDO SUBSTATION 220KV,LOS ANGELES,SCE,BULLDOG ENERGY STORAGE,C13,RIO HONDO,RIO HONDO SUBSTATION,PUBLIC,1765
PUBLIC:1767,WITHDRAWN,150.0,152.5,2023-12-31 08:00:00,,FULL CAPACITY,,EL NIDO SUBSTATION 230KV,LOS ANGELES,SCE,HAMMOCK STORAGE,C13,EL NIDO,EL NIDO SUBSTATION,PUBLIC,1767
PUBLIC:1769,WITHDRAWN,300.0,300.0,2024-12-01 08:00:00,,FULL CAPACITY,,RIO HONDO SUBSTATION 230KV,LOS ANGELES,SCE,SPEEDWAY ESS 2,C13,RIO HONDO,RIO HONDO SUBSTATION,PUBLIC,1769
PUBLIC:1770,WITHDRAWN,300.0,300.0,2025-12-01 08:00:00,,FULL CAPACITY,,MIRA LOMA SUBSTATION 230KV,SAN BERNARDINO,SCE,SWAN ESS,C13,MIRA LOMA,MIRA LOMA SUBSTATION,PUBLIC,1770
PUBLIC:1771,WITHDRAWN,500.0,508.56,2024-11-30 08:00:00,,FULL CAPACITY,,KRAMER JUNCTION SUBSTATION 230KV,SAN BERNARDINO,SCE,LEO WOLF ENERGY CENTER,C13,KRAMER,KRAMER JUNCTION SUBSTATION,PUBLIC,1771
PUBLIC:1772,WITHDRAWN,150.0,156.48,2022-11-30 08:00:00,,FULL CAPACITY,,KRAMER JUNCTION SUBSTATION 115KV,SAN BERNARDINO,SCE,LUZEN SOLAR ENERGY CENTER,C13,KRAMER,KRAMER JUNCTION SUBSTATION,PUBLIC,1772
PUBLIC:1773,WITHDRAWN,75.0,78.378,2023-12-31 08:00:00,,FULL CAPACITY,,KRAMER-INYOKERN-RANDSBURG #1 115KV LINE,KERN,SCE,OXFORD,C13,KRAMER INYOKERN RANDSBURG,KRAMER-INYOKERN-RANDSBURG #1,PUBLIC,1773
PUBLIC:1776,WITHDRAWN,200.0,204.16,2027-10-01 07:00:00,Executed,ENERGY ONLY,,COOLWATER SUBSTATION 115KV,SAN BERNARDINO,SCE,VENTOSO,C13,COOLWATER,COOLWATER SUBSTATION,PUBLIC,1776
PUBLIC:1777,WITHDRAWN,150.0,75.0,2023-11-30 08:00:00,,FULL CAPACITY,,HIGHWIND SUBSTATION 220KV,KERN,SCE,ALLEGRO HYBRID SOLAR,C13,HIGHWIND,HIGHWIND SUBSTATION,PUBLIC,1777
PUBLIC:1778,WITHDRAWN,250.0,0.0,2025-12-15 08:00:00,,FULL CAPACITY,,WINDHUB SUBSTATION 230KV,KERN,SCE,ALTA 20 WIND,C13,WINDHUB,WINDHUB SUBSTATION,PUBLIC,1778
PUBLIC:1780,WITHDRAWN,75.0,75.0,2022-07-01 07:00:00,,FULL CAPACITY,,ANTELOPE SUBSTATION 66KV,LOS ANGELES,SCE,BOBCAT ENERGY STORAGE,C13,ANTELOPE,ANTELOPE SUBSTATION,PUBLIC,1780
PUBLIC:1781,WITHDRAWN,750.0,0.0,2027-04-07 07:00:00,,FULL CAPACITY,,GOLETA SUBSTATION 230KV,SANTA BARBARA,SCE,CENTRAL COAST WIND 1,C13,GOLETA,GOLETA SUBSTATION,PUBLIC,1781
PUBLIC:1785,WITHDRAWN,100.0,0.0,2024-12-01 08:00:00,,FULL CAPACITY,,WHIRLWIND SUBSTATION 230KV,KERN,SCE,KEYHOLE WIND 2,C13,WHIRLWIND,WHIRLWIND SUBSTATION,PUBLIC,1785
PUBLIC:1786,WITHDRAWN,400.0,405.8,2024-09-30 07:00:00,,FULL CAPACITY,,WINDHUB SUBSTATION 230KV,KERN,SCE,LONGHORN 1,C13,WINDHUB,WINDHUB SUBSTATION,PUBLIC,1786
PUBLIC:1787,WITHDRAWN,460.0,122.512,2024-04-15 07:00:00,,FULL CAPACITY,,SPRINGVILLE SUBSTATION 230KV,TULARE,SCE,LYCKA SOLAR,C13,SPRINGVILLE,SPRINGVILLE SUBSTATION,PUBLIC,1787
PUBLIC:1788,WITHDRAWN,400.0,200.0,2024-12-01 08:00:00,,FULL CAPACITY,,WHIRLWIND SUBSTATION 230 KV,KERN,SCE,METEORITE SOLAR,C13,WHIRLWIND,WHIRLWIND SUBSTATION,PUBLIC,1788
PUBLIC:1793,WITHDRAWN,200.0,203.94,2024-12-15 08:00:00,,FULL CAPACITY,,HIGHWIND SUBSTATION 230KV,KERN,SCE,VALOREM,C13,HIGHWIND,HIGHWIND SUBSTATION,PUBLIC,1793
PUBLIC:1794,WITHDRAWN,300.0,305.2,2024-09-30 07:00:00,,FULL CAPACITY,,WHIRLWIND SUBSTATION 230KV,ROSAMOND,SCE,VENADO VALLEY 1,C13,WHIRLWIND,WHIRLWIND SUBSTATION,PUBLIC,1794
PUBLIC:1797,WITHDRAWN,300.0,150.0,2024-12-01 08:00:00,,FULL CAPACITY,,INNOVATION SUBSTATION 230KV,CLARK/NYE,GLW,BONANZA SOLAR 2,C13,INNOVATION,INNOVATION SUBSTATION,PUBLIC,1797
PUBLIC:1802,WITHDRAWN,20.0,20.8,2024-12-08 08:00:00,,ENERGY ONLY,,OTAY SUBSTATION 69 KV,SAN DIEGO,SDGE,AMPCHAMP STORAGE,C13,OTAY,OTAY SUBSTATION,PUBLIC,1802
PUBLIC:1803,WITHDRAWN,80.0,81.375,2025-10-30 07:00:00,,FULL CAPACITY,,LOOP LOVELAND - LOS COCHES 69KV LINE,SAN DIEGO,SDGE,BLUEGILL STORAGE,C13,LOOP LOVELAND LOS COCHES,LOOP LOVELAND - LOS COCHES,PUBLIC,1803
PUBLIC:1804,WITHDRAWN,400.0,205.0,2023-12-01 08:00:00,,FULL CAPACITY,,NEW SWITCHYARD TO LOOP THE ECO-MIGUEL 500 KV LINE,SAN DIEGO,SDGE,BOULDER OAKS HYBRID 2,C13,NEW TO LOOP THE ECO MIGUEL,NEW SWITCHYARD TO LOOP THE ECO-MIGUEL,PUBLIC,1804
PUBLIC:1805,WITHDRAWN,75.0,75.0,2022-06-01 07:00:00,,FULL CAPACITY,,MIRAMAR-SCRIPPS 69KV LINE,SAN DIEGO,SDGE,BRADSHAW ENERGY STORAGE,C13,MIRAMAR SCRIPPS,MIRAMAR-SCRIPPS,PUBLIC,1805
PUBLIC:1806,WITHDRAWN,250.0,256.875,2028-06-01 07:00:00,Executed,ENERGY ONLY,,TRABUCO - CAPISTRANO 138 KV LINE,ORANGE,SDGE,CAPTIVA ENERGY STORAGE,C13,TRABUCO CAPISTRANO,TRABUCO - CAPISTRANO,PUBLIC,1806
PUBLIC:1807,WITHDRAWN,150.0,154.14048,2023-10-15 07:00:00,,FULL CAPACITY,,EASTGATE SUBSTATION 69KV,SAN DIEGO,SDGE,CARROLL CANYON ENERGY STORAGE,C13,EASTGATE,EASTGATE SUBSTATION,PUBLIC,1807
PUBLIC:1808,WITHDRAWN,101.1,101.9,2023-07-15 07:00:00,,FULL CAPACITY,,SHADOWRIDGE SUBSTATION 138KV,SAN DIEGO,SDGE,COASTWOOD ENERGY STORAGE,C13,SHADOWRIDGE,SHADOWRIDGE SUBSTATION,PUBLIC,1808
PUBLIC:1809,WITHDRAWN,30.0,30.0,2022-07-01 07:00:00,,FULL CAPACITY,,BORREGO SUBSTATION 69KV,SAN DIEGO,SDGE,CUCKOO ENERGY STORAGE,C13,BORREGO,BORREGO SUBSTATION,PUBLIC,1809
PUBLIC:1811,WITHDRAWN,100.0,101.9,2024-12-08 08:00:00,In Progress,FULL CAPACITY,,LOS COCHES SUBSTATION 138 KV,SAN DIEGO,SDGE,DUCK PILOT STORAGE,C13,LOS COCHES,LOS COCHES SUBSTATION,PUBLIC,1811
PUBLIC:1813,WITHDRAWN,300.0,300.0,2024-12-01 08:00:00,,FULL CAPACITY,,BAY BOULEVARD 230KV,SAN DIEGO,SDGE,GYPSY ESS 2,C13,BAY BOULEVARD,BAY BOULEVARD,PUBLIC,1813
PUBLIC:1814,WITHDRAWN,160.0,160.0,2024-02-08 08:00:00,,ENERGY ONLY,,ENCINA SUBSTATION 138 KV,SAN DIEGO,,HEDIONDA ENERGY STORAGE,C13,ENCINA,ENCINA SUBSTATION,PUBLIC,1814
PUBLIC:1815,WITHDRAWN,100.0,103.275,2024-12-08 08:00:00,,PARTIAL CAPACITY,,CREELMAN SUBSTATION 69 KV,SAN DIEGO,SDGE,HINTON ENERGY STORAGE,C13,CREELMAN,CREELMAN SUBSTATION,PUBLIC,1815
PUBLIC:1816,WITHDRAWN,26.37,0.0,2022-05-01 07:00:00,,FULL CAPACITY,,OTAY MESA SUBSTATION 230KV,SAN DIEGO,SDGE,OTAY MESA ENERGY CENTER EXPANSION,C13,OTAY MESA,OTAY MESA SUBSTATION,PUBLIC,1816
PUBLIC:1817,WITHDRAWN,200.0,202.23,2022-06-20 07:00:00,,FULL CAPACITY,,OCEANSIDE TAP - STUART TAP 69KV (TL690C ),SAN DIEGO,SDGE,POWWOW,C13,OCEANSIDE STUART,OCEANSIDE TAP - STUART TAP,PUBLIC,1817
PUBLIC:1819,WITHDRAWN,80.0,82.6,2023-09-01 07:00:00,,FULL CAPACITY,,BORDER-SALT CREEK 69KV LINE,SAN DIEGO,SDGE,SANYO AVE STORAGE 1,C13,BORDER SALT CREEK,BORDER-SALT CREEK,PUBLIC,1819
PUBLIC:1820,WITHDRAWN,50.0,52.0,2030-01-08 08:00:00,Terminated,ENERGY ONLY,,CREELMAN SUBSTATION 69 KV,SAN DIEGO,SDGE,SCAFELL STORAGE,C13,CREELMAN,CREELMAN SUBSTATION,PUBLIC,1820
PUBLIC:1821,WITHDRAWN,400.0,407.0,2032-05-14 07:00:00,Executed,PARTIAL CAPACITY,,ESCONDIDO SUBSTATION 230 KV,SAN DIEGO,SDGE,SEGURO STORAGE,C13,ESCONDIDO,ESCONDIDO SUBSTATION,PUBLIC,1821
PUBLIC:1822,WITHDRAWN,215.0,225.04,2024-06-01 07:00:00,,ENERGY ONLY,,HASSAYAMPA COMMON BUS 500 KV,MARICOPA,SDGE,SUN STREAMS 4,C13,HASSAYAMPA COMMON,HASSAYAMPA COMMON BUS,PUBLIC,1822
PUBLIC:1823,WITHDRAWN,450.0,473.76,2025-06-01 07:00:00,,ENERGY ONLY,,HASSAYAMPA COMMON BUS 500 KV,MARICOPA,SDGE,SUN STREAMS 5,C13,HASSAYAMPA COMMON,HASSAYAMPA COMMON BUS,PUBLIC,1823
PUBLIC:1825,WITHDRAWN,101.1,101.9,2024-11-09 08:00:00,,ENERGY ONLY,,OCEAN RANCH SUBSTATION 69 KV,SAN DIEGO,SDGE,VIKING ENERGY STORAGE,C13,OCEAN RANCH,OCEAN RANCH SUBSTATION,PUBLIC,1825
PUBLIC:1826,WITHDRAWN,250.0,252.6,2024-09-30 07:00:00,,FULL CAPACITY,,HASSAYAMPA SWITCHYARD COMMON BUS 500KV,MARICOPA,SDGE,VULCAN 2,C13,HASSAYAMPA COMMON,HASSAYAMPA SWITCHYARD COMMON BUS,PUBLIC,1826
PUBLIC:1827,WITHDRAWN,400.0,425.1,2024-07-01 07:00:00,,FULL CAPACITY,,IMPERIAL VALLEY SUBSTATION 230KV,IMPERIAL,SDGE,BIG HORN ENERGY STORAGE,C13,IMPERIAL VALLEY,IMPERIAL VALLEY SUBSTATION,PUBLIC,1827
PUBLIC:1828,WITHDRAWN,5.0,5.0,2021-04-01 07:00:00,,ENERGY ONLY,,PANOCHE 115 KV,FRESNO,PGAE,"WELLHEAD POWER PANOCHE, LLC",FT,PANOCHE,PANOCHE,PUBLIC,1828
PUBLIC:1830,WITHDRAWN,55.0,55.65,2024-01-01 08:00:00,,FULL CAPACITY,,OAKLAND C SUB VIA OAKLAND C-TURBINE 115 KV LINE,ALAMEDA,PGAE,OAKLAND ES UNIT 3,ISP,OAKLAND C VIA OAKLAND C TURBINE,OAKLAND C SUB VIA OAKLAND C-TURBINE,PUBLIC,1830
PUBLIC:1831,WITHDRAWN,400.0,405.4,2032-03-01 08:00:00,,FULL CAPACITY,,MORRO BAY 230 KV,SAN LUIS OBISPO,PGAE,MIDLAND ES,C14,MORRO BAY,MORRO BAY,PUBLIC,1831
PUBLIC:1832,WITHDRAWN,50.0,51.375,2026-07-05 07:00:00,,FULL CAPACITY,,ESCONDIDO SUBSTATION 69 KV,SAN DIEGO,SDGE,GOAL LINE RELIABILITY,C14,ESCONDIDO,ESCONDIDO SUBSTATION,PUBLIC,1832
PUBLIC:1833,WITHDRAWN,122.5,510.21,2022-07-22 07:00:00,,FULL CAPACITY,,JULIAN HINDS SUBSTATION 230 KV,RIVERSIDE,SCE,BLYTHE BESS,C14,JULIAN HINDS,JULIAN HINDS SUBSTATION,PUBLIC,1833
PUBLIC:1836,WITHDRAWN,200.0,213.55,2027-06-01 07:00:00,Terminated,ENERGY ONLY,,FULTON 115 KV,SONOMA,PGAE,BRIX ENERGY STORAGE,ISP,FULTON,FULTON,PUBLIC,1836
PUBLIC:1837,WITHDRAWN,300.0,313.79321,2030-06-18 07:00:00,,FULL CAPACITY,,IGNACIO 115 KV,MARIN,PGAE,TAMALPAIS ENERGY STORAGE,C14,IGNACIO,IGNACIO,PUBLIC,1837
PUBLIC:1838,WITHDRAWN,300.0,313.79321,2030-06-18 07:00:00,,FULL CAPACITY,,LAKEVILLE 115 KV,SONOMA,PGAE,BOREALIS ENERGY STORAGE,C14,LAKEVILLE,LAKEVILLE,PUBLIC,1838
PUBLIC:1839,WITHDRAWN,60.0,61.85,2024-11-01 07:00:00,,FULL CAPACITY,,APPLE HILL SUBSTATION  115 KV,EL DORADO,PGAE,NEWTON,C14,APPLE HILL,APPLE HILL SUBSTATION,PUBLIC,1839
PUBLIC:1840,WITHDRAWN,250.0,252.0,2031-12-19 08:00:00,,FULL CAPACITY,,VACA-LAKEVILLE #1 230 KV LINE,NAPA,PGAE,GENOA ENERGY STORAGE,C14,VACA LAKEVILLE,VACA-LAKEVILLE #1,PUBLIC,1840
PUBLIC:1841,WITHDRAWN,40.0,40.4,2025-01-01 08:00:00,,FULL CAPACITY,,KONOCTI SUBSTATION 60 KV,LAKE,PGAE,SCENIC ENERGY STORAGE,C14,KONOCTI,KONOCTI SUBSTATION,PUBLIC,1841
PUBLIC:1843,WITHDRAWN,400.0,400.0,2031-02-18 08:00:00,,ENERGY ONLY,,LAMBIE 230 KV,SOLANO,PGAE,BRUSHY,C14,LAMBIE,LAMBIE,PUBLIC,1843
PUBLIC:1844,WITHDRAWN,150.0,159.418,2031-03-20 07:00:00,,FULL CAPACITY,,LOGAN CREEK-DELEVAN 230 KV LINE,GLENN,PGAE,KANOA SOLAR,C14,LOGAN CREEK DELEVAN,LOGAN CREEK-DELEVAN,PUBLIC,1844
PUBLIC:1845,WITHDRAWN,100.0,102.2112,2028-04-17 07:00:00,,FULL CAPACITY,,LAKEVILLE 60 KV,SONOMA,PGAE,NORTH BAY ENERGY STORAGE 2,C14,LAKEVILLE,LAKEVILLE,PUBLIC,1845
PUBLIC:1847,WITHDRAWN,700.0,710.6,2031-02-02 08:00:00,,FULL CAPACITY,,VACA-DIXON 500 KV,SOLANO,PGAE,JUGLANS ENERGY STORAGE,C14,VACA DIXON,VACA-DIXON,PUBLIC,1847
PUBLIC:1848,WITHDRAWN,210.0,189.3015,2025-10-30 07:00:00,,FULL CAPACITY,,SANTA ROSA-CORONA 115 KV LINE,SONOMA,PGAE,MYRTLE,C14,SANTA ROSA CORONA,SANTA ROSA-CORONA,PUBLIC,1848
PUBLIC:1849,WITHDRAWN,200.0,213.8451,2026-12-31 08:00:00,,FULL CAPACITY,,GOLD HILL-EIGHT MILE ROAD 230 KV,SACRAMENTO,PGAE,SUNRIDGE STORAGE,C14,GOLD HILL EIGHT MILE ROAD,GOLD HILL-EIGHT MILE ROAD,PUBLIC,1849
PUBLIC:1850,WITHDRAWN,100.0,120.62,2031-03-16 07:00:00,,ENERGY ONLY,,BIRDS LANDING 230 KV,SOLANO,PGAE,HIGH WINDS STORAGE,C14,BIRDS LANDING,BIRDS LANDING,PUBLIC,1850
PUBLIC:1851,WITHDRAWN,100.0,120.62,2024-11-30 08:00:00,,FULL CAPACITY,,RIO OSO SUBSTATION 115 KV,SUTTER,PGAE,BLUE BIRD,C14,RIO OSO,RIO OSO SUBSTATION,PUBLIC,1851
PUBLIC:1852,WITHDRAWN,225.0,225.0,2030-12-03 08:00:00,,FULL CAPACITY,,TABLE MOUNTAIN 115 KV,BUTTE,PGAE,BULL RUN,C14,TABLE MOUNTAIN,TABLE MOUNTAIN,PUBLIC,1852
PUBLIC:1853,WITHDRAWN,200.0,205.1,2030-12-03 08:00:00,,FULL CAPACITY,,TABLE MOUNTAIN 115 KV,BUTTE,PGAE,BULL RUN 2 ES,C14,TABLE MOUNTAIN,TABLE MOUNTAIN,PUBLIC,1853
PUBLIC:1855,WITHDRAWN,250.0,90.304,2025-03-01 08:00:00,,FULL CAPACITY,,TABLE MTN-RIO OSO 230 KV,YUBA,PGAE,TRES RIOS ENERGY CENTER,C14,TABLE MTN RIO OSO,TABLE MTN-RIO OSO,PUBLIC,1855
PUBLIC:1857,WITHDRAWN,200.0,213.55,2029-10-04 07:00:00,,FULL CAPACITY,,FULTON 115 KV,SONOMA,PGAE,BLITZ ENERGY STORAGE,C14,FULTON,FULTON,PUBLIC,1857
PUBLIC:1858,WITHDRAWN,140.0,0.0,2031-07-19 07:00:00,,FULL CAPACITY,,COTTONWOOD-DELEVAN #1 AND #2 230 KV,TEHAMA,PGAE,GRINDSTONE CREEK SOLAR,C14,COTTONWOOD DELEVAN AND,COTTONWOOD-DELEVAN #1 AND #2,PUBLIC,1858
PUBLIC:1860,WITHDRAWN,75.0,19.992,2034-02-01 08:00:00,,FULL CAPACITY,,PIT 1-COTTONWOOD 230 KV LINE,SHASTA,PGAE,MEADOW RIDGE SOLAR AND BATTERY,C14,PIT 1 COTTONWOOD,PIT 1-COTTONWOOD,PUBLIC,1860
PUBLIC:1861,WITHDRAWN,300.0,306.55,2024-09-01 07:00:00,,FULL CAPACITY,,RIO OSO-ATLANTIC 230 KV/RIO OSO-GOLD HILL 230 KV,PLACER,PGAE,OSITO ENERGY,C14,RIO OSO ATLANTIC RIO OSO GOLD HILL,RIO OSO-ATLANTIC,PUBLIC,1861
PUBLIC:1862,WITHDRAWN,49.2,50.5,2028-03-01 08:00:00,,FULL CAPACITY,,AT SWITCH 125 OUTSIDE HARTER SUB,SUTTER,PGAE,VERBENA ENERGY STORAGE,C14,AT 125 OUTSIDE HARTER,AT SWITCH 125 OUTSIDE HARTER SUB,PUBLIC,1862
PUBLIC:1863,WITHDRAWN,250.0,251.9,2031-07-19 07:00:00,,FULL CAPACITY,,COTTONWOOD-DELEVAN #1 AND #2 230 KV,TEHAMA,PGAE,STONY CREEK STORAGE,C14,COTTONWOOD DELEVAN AND,COTTONWOOD-DELEVAN #1 AND #2,PUBLIC,1863
PUBLIC:1867,WITHDRAWN,450.0,462.57,2031-08-18 07:00:00,,FULL CAPACITY,,SCHULTE 115 KV,SAN JOAQUIN,PGAE,VELAS,C14,SCHULTE,SCHULTE,PUBLIC,1867
PUBLIC:1868,WITHDRAWN,150.0,152.8,2024-11-01 07:00:00,,FULL CAPACITY,,COBURN SUBSTATION 230 KV,TBD,PGAE,COPERNICUS,C14,COBURN,COBURN SUBSTATION,PUBLIC,1868
PUBLIC:1869,WITHDRAWN,100.0,101.622637,2024-06-30 07:00:00,,FULL CAPACITY,,GRANT - EASTSHORE #2 LINE 115 KV,ALAMEDA,PGAE,FIFE,C14,GRANT EASTSHORE,GRANT - EASTSHORE #2 LINE,PUBLIC,1869
PUBLIC:1870,WITHDRAWN,150.0,150.0,2024-06-30 07:00:00,,FULL CAPACITY,,GRANT - EASTSHORE #2 115 KV LINE,ALAMEDA,PGAE,BALSAM,C14,GRANT EASTSHORE,GRANT - EASTSHORE #2,PUBLIC,1870
PUBLIC:1871,WITHDRAWN,200.0,213.55,2030-11-18 08:00:00,,FULL CAPACITY,,PALERMO 115 KV,BUTTE,PGAE,STAGELINE ENERGY STORAGE,C14,PALERMO,PALERMO,PUBLIC,1871
PUBLIC:1873,WITHDRAWN,95.0,95.8,2034-03-19 07:00:00,,FULL CAPACITY,,EVERGREEN 115 KV,SANTA CLARA,PGAE,BEOWULF ENERGY STORAGE,C14,EVERGREEN,EVERGREEN,PUBLIC,1873
PUBLIC:1874,WITHDRAWN,500.0,504.0,2032-07-19 07:00:00,,FULL CAPACITY,,PITTSBURG 230 KV,CONTRA COSTA,PGAE,COMMANDER ENERGY STORAGE,C14,PITTSBURG,PITTSBURG,PUBLIC,1874
PUBLIC:1877,WITHDRAWN,250.0,252.0,2034-01-18 08:00:00,,FULL CAPACITY,,GRANT-EASTSHORE #1 115 KV LINE,ALAMEDA,PGAE,JAGUAR ENERGY STORAGE,C14,GRANT EASTSHORE,GRANT-EASTSHORE #1,PUBLIC,1877
PUBLIC:1878,WITHDRAWN,200.0,201.6,2024-08-01 07:00:00,,FULL CAPACITY,,PITTSBURG-KIRKER-COLUMBIA STEEL 115KV LINE,CONTRA COSTA,PGAE,LANYARD ENERGY STORAGE,C14,PITTSBURG KIRKER COLUMBIA STEEL,PITTSBURG-KIRKER-COLUMBIA STEEL,PUBLIC,1878
PUBLIC:1879,WITHDRAWN,500.0,504.0,2024-08-01 07:00:00,,FULL CAPACITY,,TASSAJARA - NEWARK 230 KV,ALAMEDA,PGAE,MOONSTONE ENERGY STORAGE,C14,TASSAJARA NEWARK,TASSAJARA - NEWARK,PUBLIC,1879
PUBLIC:1880,WITHDRAWN,75.0,75.6,2030-07-22 07:00:00,,ENERGY ONLY,,OAKLAND C 115 KV,ALAMEDA,PGAE,PALMETTO ENERGY STORAGE,C14,OAKLAND C,OAKLAND C,PUBLIC,1880
PUBLIC:1882,WITHDRAWN,225.0,226.8,2024-08-01 07:00:00,,FULL CAPACITY,,DUMBARTON-NEWARK 115 KV LINE,ALAMEDA,PGAE,LACUNA ENERGY STORAGE,C14,DUMBARTON NEWARK,DUMBARTON-NEWARK,PUBLIC,1882
PUBLIC:1883,WITHDRAWN,600.0,615.6,2025-10-30 07:00:00,,FULL CAPACITY,,TESLA-TRACY #1 230 KV LINE,SAN JOAQUIN,PGAE,BLUE OAK STORAGE,C14,TESLA TRACY,TESLA-TRACY #1,PUBLIC,1883
PUBLIC:1884,WITHDRAWN,100.0,105.7884,2025-10-01 07:00:00,,FULL CAPACITY,,LLAGAS SUBSTATION 115 KV,SANTA CLARA,PGAE,ZIETZ STORAGE,C14,LLAGAS,LLAGAS SUBSTATION,PUBLIC,1884
PUBLIC:1885,WITHDRAWN,150.0,159.2303,2025-10-01 07:00:00,,FULL CAPACITY,,NEWARK SUBSTATION 230 KV,ALAMEDA,PGAE,LENNY STORAGE,C14,NEWARK,NEWARK SUBSTATION,PUBLIC,1885
PUBLIC:1886,WITHDRAWN,400.0,407.42,2025-06-01 07:00:00,,FULL CAPACITY,,BELLOTA-WARNERVILLE AND BELLOTA COTTLE LINES 230 KV,STANISLAUS,PGAE,HADSELVILLE,C14,BELLOTA WARNERVILLE AND BELLOTA COTTLE LINES,BELLOTA-WARNERVILLE AND BELLOTA COTTLE LINES,PUBLIC,1886
PUBLIC:1888,WITHDRAWN,500.0,509.8,2025-06-01 07:00:00,,FULL CAPACITY,,LOS ESTEROS SUBSTATION 230 KV,SAN CLARA,PGAE,DOLORES,C14,LOS ESTEROS,LOS ESTEROS SUBSTATION,PUBLIC,1888
PUBLIC:1890,WITHDRAWN,100.0,50.8,2024-12-15 08:00:00,,FULL CAPACITY,,HERDLYN-BALFOUR 60KV LINE,CONTRA COSTA,PGAE,HALIFAX,C14,HERDLYN BALFOUR,HERDLYN-BALFOUR,PUBLIC,1890
PUBLIC:1891,WITHDRAWN,160.0,165.048,2025-10-30 07:00:00,,FULL CAPACITY,,FIBREBOARD TAP 115 KV,CONTRA COSTA,PGAE,HARMONY STORAGE 1,C14,FIBREBOARD,FIBREBOARD TAP,PUBLIC,1891
PUBLIC:1893,WITHDRAWN,100.0,105.8348,2025-10-01 07:00:00,,FULL CAPACITY,,PIERCY SUBSTATION 115 KV,SANTA CLARA,PGAE,HEMMINGS STORAGE,C14,PIERCY,PIERCY SUBSTATION,PUBLIC,1893
PUBLIC:1894,WITHDRAWN,500.0,505.2,2034-03-19 07:00:00,,FULL CAPACITY,,MONTA VISTA 230 KV,SANTA CLARA,PGAE,ADA ENERGY STORAGE,C14,MONTA VISTA,MONTA VISTA,PUBLIC,1894
PUBLIC:1897,WITHDRAWN,110.0,112.4,2024-12-15 08:00:00,,FULL CAPACITY,,CROWS LANDING SUBSTATION 60 KV,STANISLAUS,PGAE,SODIS STORAGE,C14,CROWS LANDING,CROWS LANDING SUBSTATION,PUBLIC,1897
PUBLIC:1898,WITHDRAWN,34.1,27.0,2027-03-31 07:00:00,,FULL CAPACITY,,KELSO 230 KV,CONTRA COSTA,PGAE,NIGHTSHADE,C14,KELSO,KELSO,PUBLIC,1898
PUBLIC:1899,WITHDRAWN,220.0,224.986,2024-11-01 07:00:00,,FULL CAPACITY,,PITTSBURG SUBSTATION 230 KV,CONTRA COSTA,PGAE,STONEMAN,C14,PITTSBURG,PITTSBURG SUBSTATION,PUBLIC,1899
PUBLIC:1901,WITHDRAWN,200.0,213.55,2024-06-01 07:00:00,,FULL CAPACITY,,ATLANTIC SUBSTATION 230 KV,PLACER,PGAE,TIMBER ENERGY STORAGE,C14,ATLANTIC,ATLANTIC SUBSTATION,PUBLIC,1901
PUBLIC:1902,WITHDRAWN,200.0,213.1488,2025-10-01 07:00:00,,FULL CAPACITY,,CONTRA COSTA SUBSTATION 230 KV,CONTRA COSTA,PGAE,TOLEDO STORAGE,C14,CONTRA COSTA,CONTRA COSTA SUBSTATION,PUBLIC,1902
PUBLIC:1904,WITHDRAWN,300.0,365.12,2031-02-16 08:00:00,,ENERGY ONLY,,BELLOTA 115 KV,SAN JOAQUIN,PGAE,NORTHEAST CENTRAL VALLEY,C14,BELLOTA,BELLOTA,PUBLIC,1904
PUBLIC:1905,WITHDRAWN,41.1,55.5,2031-10-18 07:00:00,,FULL CAPACITY,,MILLBRAE 60 KV,SAN MATEO,PGAE,ADRIAN STORAGE,C14,MILLBRAE,MILLBRAE,PUBLIC,1905
PUBLIC:1906,WITHDRAWN,250.0,256.29,2032-12-18 08:00:00,,FULL CAPACITY,,LOS ESTEROS 230 KV,SANTA CLARA,PGAE,ALVISO ENERGY STORAGE,C14,LOS ESTEROS,LOS ESTEROS,PUBLIC,1906
PUBLIC:1907,WITHDRAWN,0.0,21.8295,2024-05-01 07:00:00,,FULL CAPACITY,,CROW CREEK SWITCHING STATION 60 KV,STANISLAUS,PGAE,CROW CREEK BATTERY 1,C14,CROW CREEK,CROW CREEK SWITCHING STATION,PUBLIC,1907
PUBLIC:1908,WITHDRAWN,150.0,151.2,2024-08-01 07:00:00,,FULL CAPACITY,,SOBRANTE - STANDARD OIL SWITCHING STN #1 115  KV LINE,CONTRA COSTA,PGAE,RUBY ENERGY STORAGE,C14,SOBRANTE STANDARD OIL SWITCHING STN,SOBRANTE - STANDARD OIL SWITCHING STN #1,PUBLIC,1908
PUBLIC:1909,WITHDRAWN,150.0,151.2,2024-10-31 07:00:00,,FULL CAPACITY,,OAKLAND J - GRANT 115 KV LINE,ALAMEDA,PGAE,STOMPER STORAGE,C14,OAKLAND J GRANT,OAKLAND J - GRANT,PUBLIC,1909
PUBLIC:1910,WITHDRAWN,40.0,40.36,2025-07-01 07:00:00,,FULL CAPACITY,,DIXON LANDING - MCKEE 115 KV LINE,SAN MATEO,PGAE,STARBURST STORAGE,C14,DIXON LANDING MCKEE,DIXON LANDING - MCKEE,PUBLIC,1910
PUBLIC:1913,WITHDRAWN,46.5,62.6,2034-02-18 08:00:00,,FULL CAPACITY,,DUMBARTON-NEWARK 115 KV LINE,ALAMEDA,PGAE,OVERLAKE STORAGE,C14,DUMBARTON NEWARK,DUMBARTON-NEWARK,PUBLIC,1913
PUBLIC:1916,WITHDRAWN,250.0,250.0,2031-03-03 08:00:00,,FULL CAPACITY,,BELLOTA 115 KV,SAN JOAQUIN,PGAE,STIRLING BRIDGE,C14,BELLOTA,BELLOTA,PUBLIC,1916
PUBLIC:1917,WITHDRAWN,100.0,102.6,2031-03-03 08:00:00,,FULL CAPACITY,,BELLOTA 115 KV,SAN JOAQUIN,PGAE,STIRLING BRIDGE 2 ES,C14,BELLOTA,BELLOTA,PUBLIC,1917
PUBLIC:1919,WITHDRAWN,65.0,100.9,2034-02-19 08:00:00,Executed,FULL CAPACITY,,COOLEY LANDING 60 KV,SAN MATEO,PGAE,SUNBEAM STORAGE,C14,COOLEY LANDING,COOLEY LANDING,PUBLIC,1919
PUBLIC:1923,WITHDRAWN,150.0,152.2,2024-12-15 08:00:00,,FULL CAPACITY,,FMC SUBSTATION 115 KV,SANTA CLARA,PGAE,EMPEROR STORAGE,C14,FMC,FMC SUBSTATION,PUBLIC,1923
PUBLIC:1924,WITHDRAWN,300.0,305.0,2026-03-31 07:00:00,,FULL CAPACITY,,MORAGA 230 KV,CONTRA COSTA,PGAE,EPPS STORAGE,C14,MORAGA,MORAGA,PUBLIC,1924
PUBLIC:1925,WITHDRAWN,400.0,407.85,2024-09-01 07:00:00,,FULL CAPACITY,,BELLOTA-WARNERVILLE 230 KV,SAN JOAQUIN,PGAE,ESTANISLAU SOLAR STORAGE,C14,BELLOTA WARNERVILLE,BELLOTA-WARNERVILLE,PUBLIC,1925
PUBLIC:1926,WITHDRAWN,200.0,204.07,2024-09-01 07:00:00,,FULL CAPACITY,,GREEN VALLEY SUBSTATION 115 KV,SANTA CRUZ,PGAE,VALLEY GREEN,C14,GREEN VALLEY,GREEN VALLEY SUBSTATION,PUBLIC,1926
PUBLIC:1927,WITHDRAWN,101.5,108.7,2025-12-15 08:00:00,,FULL CAPACITY,,SAN BENITO - HOLLISTER 115KV LINE,SAN BENITO,PGAE,BOA VISTA STORAGE,C14,SAN BENITO HOLLISTER,SAN BENITO - HOLLISTER,PUBLIC,1927
PUBLIC:1929,WITHDRAWN,150.0,151.3,2032-08-19 07:00:00,,FULL CAPACITY,,LAMMERS 115 KV,SAN JOAQUIN,PGAE,CAZADORES STORAGE,C14,LAMMERS,LAMMERS,PUBLIC,1929
PUBLIC:1931,WITHDRAWN,175.0,178.192,2025-06-01 07:00:00,,FULL CAPACITY,,WEST FRESNO SUBSTATION 115 KV,FRESNO,PGAE,BULLDOG STORAGE,C14,WEST FRESNO,WEST FRESNO SUBSTATION,PUBLIC,1931
PUBLIC:1933,WITHDRAWN,200.0,203.699,2030-11-18 08:00:00,,FULL CAPACITY,,BORDEN 230 KV,MADERA,PGAE,PUMA STORAGE,C14,BORDEN,BORDEN,PUBLIC,1933
PUBLIC:1936,WITHDRAWN,425.0,439.084,2024-11-01 07:00:00,,FULL CAPACITY,,HELM SUBSTATION 230 KV,TBD,PGAE,THREE ROCKS,C14,HELM,HELM SUBSTATION,PUBLIC,1936
PUBLIC:1937,WITHDRAWN,150.0,154.362,2024-11-01 07:00:00,,FULL CAPACITY,,LE GRAND SUBSTATION 115 KV,MERCED,PGAE,MARNIER,C14,LE GRAND,LE GRAND SUBSTATION,PUBLIC,1937
PUBLIC:1938,WITHDRAWN,175.0,178.881,2024-11-01 07:00:00,,FULL CAPACITY,,EL CAPITAN SUBSTATION 115 KV,TBD,PGAE,BOBCAT,C14,EL CAPITAN,EL CAPITAN SUBSTATION,PUBLIC,1938
PUBLIC:1939,WITHDRAWN,750.0,772.245,2024-11-01 07:00:00,,FULL CAPACITY,,MCCALL SUBSTATION 230 KV,TBD,PGAE,MUSCAT,C14,MCCALL,MCCALL SUBSTATION,PUBLIC,1939
PUBLIC:1940,WITHDRAWN,150.0,150.0,2030-07-18 07:00:00,Executed,ENERGY ONLY,,MENDOTA 115 KV,FRESNO,PGAE,WHITE RABBIT,C14,MENDOTA,MENDOTA,PUBLIC,1940
PUBLIC:1941,WITHDRAWN,200.0,204.8,2026-06-01 07:00:00,,FULL CAPACITY,,HELM SUBSTATION 230 KV,KINGS,PGAE,DAHLIA SOLAR,C14,HELM,HELM SUBSTATION,PUBLIC,1941
PUBLIC:1942,WITHDRAWN,100.0,105.735,2024-06-30 07:00:00,,FULL CAPACITY,,LOS BANOS-LIVINGSTON-CANAL 70 KV LINE,MERCED,PGAE,NORTHLINE,C14,LOS BANOS LIVINGSTON CANAL,LOS BANOS-LIVINGSTON-CANAL,PUBLIC,1942
PUBLIC:1944,WITHDRAWN,550.0,561.5,2027-06-01 07:00:00,,FULL CAPACITY,,LOS BANOS SUBSTATION 500 KV,MERCED,PGAE,WINGTIP SOLAR 2,C14,LOS BANOS,LOS BANOS SUBSTATION,PUBLIC,1944
PUBLIC:1945,WITHDRAWN,250.0,255.5,2024-06-30 07:00:00,,FULL CAPACITY,,PANOCHE - TRANQUILITY #1 230 KV LINE,FRESNO,PGAE,MENILLES,C14,PANOCHE TRANQUILITY,PANOCHE - TRANQUILITY #1,PUBLIC,1945
PUBLIC:1946,WITHDRAWN,100.0,101.1,2025-01-01 08:00:00,,FULL CAPACITY,,LE GRAND SUBSTATION 115 KV,MERCED,PGAE,ELBRUS ENERGY STORAGE,C14,LE GRAND,LE GRAND SUBSTATION,PUBLIC,1946
PUBLIC:1947,WITHDRAWN,100.0,100.93,2025-01-01 08:00:00,,FULL CAPACITY,,HURON SUBSTATION 70 KV,FRESNO,PGAE,HEKLA ENERGY STORAGE,C14,HURON,HURON SUBSTATION,PUBLIC,1947
PUBLIC:1948,WITHDRAWN,150.0,151.42,2025-01-01 08:00:00,,FULL CAPACITY,,EL NIDO SUBSTATION 115 KV,MERCED,PGAE,TRIVOR ENERGY STORAGE,C14,EL NIDO,EL NIDO SUBSTATION,PUBLIC,1948
PUBLIC:1950,WITHDRAWN,0.0,20.4,2024-05-01 07:00:00,,FULL CAPACITY,,KENT SW STA-TULARE LAKE 70 KV,KINGS,PGAE,EE K BATTERY 1,C14,KENT TULARE LAKE,KENT SW STA-TULARE LAKE,PUBLIC,1950
PUBLIC:1951,WITHDRAWN,0.0,62.37,2024-05-01 07:00:00,,FULL CAPACITY,,EXCELSIOR SWITCHING STATION 115 KV,FRESNO,PGAE,EXCELSIOR BATTERY 1,C14,EXCELSIOR,EXCELSIOR SWITCHING STATION,PUBLIC,1951
PUBLIC:1953,WITHDRAWN,150.0,151.7416,2031-02-18 08:00:00,,FULL CAPACITY,,GREGG 230 KV,MADERA,PGAE,FLORES STORAGE,C14,GREGG,GREGG,PUBLIC,1953
PUBLIC:1957,WITHDRAWN,114.9992,115.745,2024-06-16 07:00:00,,FULL CAPACITY,,PANOCHE SUBSTATION 230 KV,FRESNO,PGAE,SOLITUDE HYBRID,C14,PANOCHE,PANOCHE SUBSTATION,PUBLIC,1957
PUBLIC:1960,WITHDRAWN,100.0,100.0,2028-04-01 07:00:00,,FULL CAPACITY,,LOS BANOS 230 KV,MERCED,PGAE,LAS CAMAS 4,C14,LOS BANOS,LOS BANOS,PUBLIC,1960
PUBLIC:1961,WITHDRAWN,350.0,360.198,2024-11-01 07:00:00,,FULL CAPACITY,,GREGG SUBSTATION 230 KV,TBD,PGAE,OLIVOS,C14,GREGG,GREGG SUBSTATION,PUBLIC,1961
PUBLIC:1963,WITHDRAWN,250.0,256.29,2030-06-18 07:00:00,,ENERGY ONLY,,WILSON 230 KV,MERCED,PGAE,ALMANDE ENERGY STORAGE,C14,WILSON,WILSON,PUBLIC,1963
PUBLIC:1964,WITHDRAWN,70.0,70.879997,2024-11-30 08:00:00,,FULL CAPACITY,,GUERNSEY - HENRIETTA 70KV LINE,KINGS,PGAE,ALBACORE ESS,C14,GUERNSEY HENRIETTA,GUERNSEY - HENRIETTA,PUBLIC,1964
PUBLIC:1965,WITHDRAWN,60.0,60.0,2024-12-31 08:00:00,,FULL CAPACITY,,GUERNSEY SUBSTATION 70 KV,KINGS,PGAE,NORMANDY,C14,GUERNSEY,GUERNSEY SUBSTATION,PUBLIC,1965
PUBLIC:1967,WITHDRAWN,189.91,192.73,2024-07-31 07:00:00,,FULL CAPACITY,,GATES SUBSTATION 230 KV,FRESNO,PGAE,NORTE VISTA,C14,GATES,GATES SUBSTATION,PUBLIC,1967
PUBLIC:1969,WITHDRAWN,85.0,87.5,2029-12-03 08:00:00,,FULL CAPACITY,,CORCORAN 70 KV,KINGS,PGAE,YORKTOWN,C14,CORCORAN,CORCORAN,PUBLIC,1969
PUBLIC:1970,WITHDRAWN,130.0,65.47,2032-03-04 08:00:00,,FULL CAPACITY,,LE GRAND 115 KV,MERCED,PGAE,BUTTERCUP HYBRID SOLAR,C14,LE GRAND,LE GRAND,PUBLIC,1970
PUBLIC:1971,WITHDRAWN,200.0,204.07,2024-09-01 07:00:00,,FULL CAPACITY,,KEARNEY SUBSTATION 230 KV,FRESNO,PGAE,STORYBOOK,C14,KEARNEY,KEARNEY SUBSTATION,PUBLIC,1971
PUBLIC:1972,WITHDRAWN,200.0,213.55,2024-06-01 07:00:00,,FULL CAPACITY,,PANOCHE SUBSTATION 115 KV,KINGS,PGAE,KRATOS BESS,C14,PANOCHE,PANOCHE SUBSTATION,PUBLIC,1972
PUBLIC:1974,WITHDRAWN,60.0,30.219999,2024-11-30 08:00:00,,FULL CAPACITY,,CALIFORNIA FLATS SWITCHING STATION 230 KV,MONTEREY,PGAE,SWEETBRIER HYBRID SOLAR,C14,CALIFORNIA FLATS,CALIFORNIA FLATS SWITCHING STATION,PUBLIC,1974
PUBLIC:1976,WITHDRAWN,200.0,202.5,2024-09-30 07:00:00,,FULL CAPACITY,,GATES SUBSTATION 230 KV,FRESNO,PGAE,TAVA FLATS,C14,GATES,GATES SUBSTATION,PUBLIC,1976
PUBLIC:1977,WITHDRAWN,75.0,79.5871,2028-11-01 07:00:00,,ENERGY ONLY,,CHOWCHILLA 115 KV,MADERA,PGAE,VALETUDO ENERGY STORAGE,C14,CHOWCHILLA,CHOWCHILLA,PUBLIC,1977
PUBLIC:1978,WITHDRAWN,100.0,101.9,2025-06-01 07:00:00,,FULL CAPACITY,,LAMONT SUBSTATION 115 KV,KERN,PGAE,ESTRADA STORAGE,C14,LAMONT,LAMONT SUBSTATION,PUBLIC,1978
PUBLIC:1979,WITHDRAWN,500.0,514.83,2024-11-01 07:00:00,,FULL CAPACITY,,TEMPLETON SUBSTATION 230 KV,TBD,PGAE,APPELLATION,C14,TEMPLETON,TEMPLETON SUBSTATION,PUBLIC,1979
PUBLIC:1981,WITHDRAWN,100.0,101.7915,2024-12-31 08:00:00,,FULL CAPACITY,,SEMITROPIC  - MIDWAY #1 115 KV,KERN,PGAE,AIRFIELD,C14,SEMITROPIC MIDWAY,SEMITROPIC  - MIDWAY #1,PUBLIC,1981
PUBLIC:1982,WITHDRAWN,100.0,101.7635,2024-12-31 08:00:00,,FULL CAPACITY,,MIDWAY-TUPMAN-RIO BRAVO-RENFRO 115 KV,KERN,PGAE,RESPIRE,C14,MIDWAY TUPMAN RIO BRAVO RENFRO,MIDWAY-TUPMAN-RIO BRAVO-RENFRO,PUBLIC,1982
PUBLIC:1984,WITHDRAWN,150.0,153.54,2024-06-30 07:00:00,,FULL CAPACITY,,OLIVE SWITCH STATION - SMYRNA 115 KV LINE,TULARE,PGAE,HOG ISLAND,C14,OLIVE SMYRNA,OLIVE SWITCH STATION - SMYRNA,PUBLIC,1984
PUBLIC:1985,WITHDRAWN,150.0,150.0,2024-06-30 07:00:00,,FULL CAPACITY,,KERN - OLD RIVER #1 70 KV LINE,KERN,PGAE,FINKE RIVER,C14,KERN OLD RIVER,KERN - OLD RIVER #1,PUBLIC,1985
PUBLIC:1986,WITHDRAWN,100.0,101.780758,2024-12-31 08:00:00,,FULL CAPACITY,,SYMRNA-SEMITROPIC-MIDWAY 115 KV LINE,KERN,PGAE,ROWAN,C14,SYMRNA SEMITROPIC MIDWAY,SYMRNA-SEMITROPIC-MIDWAY,PUBLIC,1986
PUBLIC:1988,WITHDRAWN,100.0,101.780995,2028-04-11 07:00:00,,FULL CAPACITY,,LAMONT SUBSTATION 115 KV,KERN,PGAE,THUNDER,C14,LAMONT,LAMONT SUBSTATION,PUBLIC,1988
PUBLIC:1989,WITHDRAWN,150.0,151.6,2024-06-30 07:00:00,,FULL CAPACITY,,KERN PP SUBSTATION 115KV,KERN,PGAE,ROSEBOWL,C14,KERN,KERN PP SUBSTATION,PUBLIC,1989
PUBLIC:1990,WITHDRAWN,100.0,101.0,2024-06-30 07:00:00,,FULL CAPACITY,,MIDWAY SUBSTATION 230 KV,KERN,PGAE,SHEATH STORAGE,C14,MIDWAY,MIDWAY SUBSTATION,PUBLIC,1990
PUBLIC:1991,WITHDRAWN,100.0,100.0,2024-06-30 07:00:00,,FULL CAPACITY,,MIDWAY SUBSTATION 230 KV,KERN,PGAE,SALIX,C14,MIDWAY,MIDWAY SUBSTATION,PUBLIC,1991
PUBLIC:1992,WITHDRAWN,150.0,159.4008,2031-02-18 08:00:00,,FULL CAPACITY,,ARCO 230 KV,KERN,PGAE,CALLINAN SOLAR AND STORAGE,C14,ARCO,ARCO,PUBLIC,1992
PUBLIC:1993,WITHDRAWN,100.0,101.629085,2024-06-30 07:00:00,,FULL CAPACITY,,BEAR MOUNTAIN - BEAR MOUNTAIN TAP 115 KV LINE,KERN,PGAE,AURUM MINE,C14,BEAR MOUNTAIN BEAR MOUNTAIN,BEAR MOUNTAIN - BEAR MOUNTAIN TAP,PUBLIC,1993
PUBLIC:1994,WITHDRAWN,100.0,100.9,2032-02-16 08:00:00,,FULL CAPACITY,,LAMONT 115 KV,KERN,PGAE,EIGER ENERGY STORAGE,C14,LAMONT,LAMONT,PUBLIC,1994
PUBLIC:1995,WITHDRAWN,200.0,201.8,2030-10-18 07:00:00,,FULL CAPACITY,,KERN PP 230 KV,KERN,PGAE,EVEREST ENERGY STORAGE,C14,KERN,KERN PP,PUBLIC,1995
PUBLIC:1996,WITHDRAWN,75.0,76.5,2025-06-01 07:00:00,,FULL CAPACITY,,LAMONT SUBSTATION 115 KV,KERN,PGAE,BRECKENRIDGE,C14,LAMONT,LAMONT SUBSTATION,PUBLIC,1996
PUBLIC:1997,WITHDRAWN,400.0,406.142,2024-04-01 07:00:00,,FULL CAPACITY,,CALIENTE SWITCHING STATION 230 KV,SAN LUIS OBISPO,PGAE,HIGH PLAINS STORAGE,C14,CALIENTE,CALIENTE SWITCHING STATION,PUBLIC,1997
PUBLIC:1998,WITHDRAWN,1500.0,756.054,2034-08-16 07:00:00,,FULL CAPACITY,,DIABLO CANYON 500 KV,SAN LUIS OBISPO,PGAE,ISLAY,C14,DIABLO CANYON,DIABLO CANYON,PUBLIC,1998
PUBLIC:1999,WITHDRAWN,98.0,52.9,2024-12-15 08:00:00,,FULL CAPACITY,,WHEELER RIDGE-TEJON 70 KV LINE,KERN,PGAE,LEGACY,C14,WHEELER RIDGE TEJON,WHEELER RIDGE-TEJON,PUBLIC,1999
PUBLIC:2000,WITHDRAWN,110.0,113.325,2024-10-30 07:00:00,,FULL CAPACITY,,"BERRENDA ""C"" TAP 70 KV",KERN,PGAE,FLYWAY SOLAR,C14,BERRENDA C,"BERRENDA ""C"" TAP",PUBLIC,2000
PUBLIC:2002,WITHDRAWN,140.0,196.56,2025-10-30 07:00:00,,FULL CAPACITY,,ALPAUGH SUBSTATION 115 KV,TULARE,PGAE,FOUNTAIN HYBRID,C14,ALPAUGH,ALPAUGH SUBSTATION,PUBLIC,2002
PUBLIC:2003,WITHDRAWN,100.0,102.2814,2024-06-01 07:00:00,,FULL CAPACITY,,KERN - OLD RIVER #2 70 KV,KERN,PGAE,BUCKAROO SOLAR STORAGE,C14,KERN OLD RIVER,KERN - OLD RIVER #2,PUBLIC,2003
PUBLIC:2004,WITHDRAWN,400.0,411.3018,2032-02-18 08:00:00,,ENERGY ONLY,,GATES-MIDWAY 230 KV LINE,KINGS,PGAE,VALLEY SUNLIGHT REFINERY,C14,GATES MIDWAY,GATES-MIDWAY,PUBLIC,2004
PUBLIC:2005,WITHDRAWN,300.0,300.0,2025-06-01 07:00:00,,FULL CAPACITY,,GATES - MIDWAY 230 KV LINE,KERN,PGAE,EUROPA ENERGY CENTER,C14,GATES MIDWAY,GATES - MIDWAY,PUBLIC,2005
PUBLIC:2006,WITHDRAWN,82.9,92.07,2029-09-16 07:00:00,,FULL CAPACITY,,7TH STANDARD 115 KV,KERN,PGAE,CALLOWAY BESS,C14,7TH STANDARD,7TH STANDARD,PUBLIC,2006
PUBLIC:2007,WITHDRAWN,1000.0,0.0,2028-03-31 07:00:00,,FULL CAPACITY,,DIABLO CANYON SWITCHING STATION 500 KV,SAN LUIS OBISPO,PGAE,WATER CANYON WIND,C14,DIABLO CANYON,DIABLO CANYON SWITCHING STATION,PUBLIC,2007
PUBLIC:2008,WITHDRAWN,1148.37,319.35,2032-09-17 07:00:00,,FULL CAPACITY,,DIABLO-GATES 500 KV LINE,SAN LUIS OBISPO,PGAE,SALINAN ENERGY,C14,DIABLO GATES,DIABLO-GATES,PUBLIC,2008
PUBLIC:2009,WITHDRAWN,75.0,75.0,2023-05-01 07:00:00,,FULL CAPACITY,,CALLENDER SW STA 115 KV,SAN LUIS OBISPO,PGAE,SHOVELNOSE ENERGY STORAGE,C14,CALLENDER,CALLENDER SW STA,PUBLIC,2009
PUBLIC:2010,WITHDRAWN,115.0,115.0,2030-12-03 08:00:00,,FULL CAPACITY,,MIDWAY 115 KV,KERN,PGAE,CANNAE,C14,MIDWAY,MIDWAY,PUBLIC,2010
PUBLIC:2011,WITHDRAWN,137.85,139.7,2024-07-31 07:00:00,,FULL CAPACITY,,MIDWAY-WHEELER RIDGE #1 230 KV,KERN,PGAE,GRAN VISTA,C14,MIDWAY WHEELER RIDGE,MIDWAY-WHEELER RIDGE #1,PUBLIC,2011
PUBLIC:2012,WITHDRAWN,606.0588,0.0,2032-06-01 07:00:00,,FULL CAPACITY,,MORRO BAY 230 KV,SAN LUIS OBISPO,PGAE,SEAGLASS OFFSHORE WIND,C14,MORRO BAY,MORRO BAY,PUBLIC,2012
PUBLIC:2013,WITHDRAWN,160.0,172.835,2029-04-10 07:00:00,,FULL CAPACITY,,ALPAUGH 115 KV,TULARE,PGAE,ANDROMEDA,C14,ALPAUGH,ALPAUGH,PUBLIC,2013
PUBLIC:2014,WITHDRAWN,1400.0,0.0,2034-02-17 08:00:00,,FULL CAPACITY,,DIABLO CANYON 500 KV,SAN LUIS OBISPO,PGAE,BRAVO WIND,C14,DIABLO CANYON,DIABLO CANYON,PUBLIC,2014
PUBLIC:2016,WITHDRAWN,130.0,65.46,2024-11-30 08:00:00,,FULL CAPACITY,,SOLAR SWITCHING STATION 230 KV,SAN LUIS OBISPO,PGAE,CHERRYBLOSSOM HYBRID SOLAR,C14,SOLAR,SOLAR SWITCHING STATION,PUBLIC,2016
PUBLIC:2017,WITHDRAWN,160.0,163.268,2030-12-17 08:00:00,Terminated,ENERGY ONLY,,OLIVE 115 KV,TULARE,PGAE,ARIELLA SOLAR,C14,OLIVE,OLIVE,PUBLIC,2017
PUBLIC:2018,WITHDRAWN,30.0,30.8,2028-10-18 07:00:00,,ENERGY ONLY,,ARCO-CARNERAS 70 KV LINE,KERN,PGAE,HIDDEN KNOLLS BESS,C14,ARCO CARNERAS,ARCO-CARNERAS,PUBLIC,2018
PUBLIC:2019,WITHDRAWN,352.09,358.875,2024-07-31 07:00:00,,FULL CAPACITY,,MIDWAY SUBSTATION 230 KV,KERN,PGAE,SUR VISTA,C14,MIDWAY,MIDWAY SUBSTATION,PUBLIC,2019
PUBLIC:2020,WITHDRAWN,1000.0,0.0,2028-04-13 07:00:00,,FULL CAPACITY,,DIABLO CANYON SUBSTATION 500 KV,SAN LUIS OBISPO,PGAE,RED STAR GRIZZLY OFFSHORE WIND,C14,DIABLO CANYON,DIABLO CANYON SUBSTATION,PUBLIC,2020
PUBLIC:2021,WITHDRAWN,500.0,516.7638,2028-04-01 07:00:00,,FULL CAPACITY,,CIELO AZUL SUBSTATION 500 KV,MARICOPA,DCRT,LA PAZ 2,C14,CIELO AZUL,CIELO AZUL SUBSTATION,PUBLIC,2021
PUBLIC:2023,WITHDRAWN,2000.0,2090.2,2030-01-26 08:00:00,,ENERGY ONLY,,CIELO AZUL SUBSTATION 500 KV,LA PAZ,DCRT,JOVE SOLAR,C14,CIELO AZUL,CIELO AZUL SUBSTATION,PUBLIC,2023
PUBLIC:2024,WITHDRAWN,350.0,0.0,2025-12-31 08:00:00,,FULL CAPACITY,,TWL SERIES COMPENSATION STATION 500 KV,LA PAZ,DCRT,BRENDA RENEWABLE ENERGY COMPLEX,C14,TWL SERIES COMPENSATION,TWL SERIES COMPENSATION STATION,PUBLIC,2024
PUBLIC:2025,WITHDRAWN,700.0,718.81,2029-07-26 07:00:00,,FULL CAPACITY,,COLORADO RIVER-DELANEY 500 KV LINE,LA PAZ,DCRT,RANEGRAS PVS,C14,COLORADO RIVER DELANEY,COLORADO RIVER-DELANEY,PUBLIC,2025
PUBLIC:2026,WITHDRAWN,500.0,515.08,2025-11-30 08:00:00,,FULL CAPACITY,,CIELO AZUL SUBSTATION 500 KV,LA PAZ,DCRT,ADOBE FLATS,C14,CIELO AZUL,CIELO AZUL SUBSTATION,PUBLIC,2026
PUBLIC:2028,WITHDRAWN,449.9969,452.918,2025-06-16 07:00:00,,FULL CAPACITY,,DELANEY SUBSTATION 500 KV,MARICOPA,DCRT,PRIMROSE HYBRID,C14,DELANEY,DELANEY SUBSTATION,PUBLIC,2028
PUBLIC:2030,WITHDRAWN,1600.0,1646.568,2024-11-01 07:00:00,,FULL CAPACITY,,ETIWANDA SUBSTATION 230 KV,SAN BERNARDINO,SCE,EMPIRE,C14,ETIWANDA,ETIWANDA SUBSTATION,PUBLIC,2030
PUBLIC:2031,WITHDRAWN,200.0,206.091,2032-06-26 07:00:00,,FULL CAPACITY,,WILDLIFE SUBSTATION 230 KV,RIVERSIDE,SCE,MARLEY,C14,WILDLIFE,WILDLIFE SUBSTATION,PUBLIC,2031
PUBLIC:2034,WITHDRAWN,250.0,261.0,2031-01-01 08:00:00,,PARTIAL CAPACITY,,DEVERS 220KV,RIVERSIDE,SCE,HUB CITY ENERGY STORAGE,C14,DEVERS,DEVERS,PUBLIC,2034
PUBLIC:2035,WITHDRAWN,400.0,404.1,2024-08-01 07:00:00,,FULL CAPACITY,,DEVERS SUBSTATION 220 KV,RIVERSIDE,SCE,PELAGIC ENERGY STORAGE,C14,DEVERS,DEVERS SUBSTATION,PUBLIC,2035
PUBLIC:2037,WITHDRAWN,200.0,202.8,2032-05-26 07:00:00,,FULL CAPACITY,,SAN BERNADINO 230 KV,SAN BERNARDINO,SCE,SARGASSO STORAGE,C14,SAN BERNADINO,SAN BERNADINO,PUBLIC,2037
PUBLIC:2038,WITHDRAWN,300.0,303.856,2025-12-15 08:00:00,,FULL CAPACITY,,DEVERS-EL CASCO LINE 230KV,KERN,SCE,RED ARCH HYBRID SOLAR,C14,DEVERS EL CASCO,DEVERS-EL CASCO LINE,PUBLIC,2038
PUBLIC:2040,WITHDRAWN,250.0,253.2,2024-12-15 08:00:00,,FULL CAPACITY,,MIRAGE SUBSTATION 230 KV,RIVERSIDE,SCE,GARGANTUA STORAGE,C14,MIRAGE,MIRAGE SUBSTATION,PUBLIC,2040
PUBLIC:2043,WITHDRAWN,250.0,252.0,2032-05-26 07:00:00,,FULL CAPACITY,,ETIWANDA SUBSTATION 230 KV,SAN BERNARDINO,SCE,PICADOR ENERGY STORAGE,C14,ETIWANDA,ETIWANDA SUBSTATION,PUBLIC,2043
PUBLIC:2044,WITHDRAWN,200.0,207.92,2025-12-15 08:00:00,,FULL CAPACITY,,DEVERS SUBSTATION 220 KV,RIVERSIDE,SCE,NATURA,C14,DEVERS,DEVERS SUBSTATION,PUBLIC,2044
PUBLIC:2045,WITHDRAWN,300.0,430.192,2029-11-26 08:00:00,,ENERGY ONLY,,COLORADO RIVER 230 KV,RIVERSIDE,SCE,INVICTUS,C14,COLORADO RIVER,COLORADO RIVER,PUBLIC,2045
PUBLIC:2046,WITHDRAWN,320.0,325.1,2024-12-15 08:00:00,,FULL CAPACITY,,EAGLE MOUNTAIN SUBSTATION 220 KV,RIVERSIDE,SCE,ASHANTI HYBRID SOLAR,C14,EAGLE MOUNTAIN,EAGLE MOUNTAIN SUBSTATION,PUBLIC,2046
PUBLIC:2047,WITHDRAWN,225.0,227.899,2024-12-15 08:00:00,,FULL CAPACITY,,RED BLUFF SUBSTATION 220 KV,RIVERSIDE,SCE,LONGMEADOW HYBRID SOLAR,C14,RED BLUFF,RED BLUFF SUBSTATION,PUBLIC,2047
PUBLIC:2049,WITHDRAWN,400.0,410.76,2032-04-26 07:00:00,,FULL CAPACITY,,DEVERS SUBSTATION 230KV,RIVERSIDE,SCE,ARDILLA,C14,DEVERS,DEVERS SUBSTATION,PUBLIC,2049
PUBLIC:2050,WITHDRAWN,1400.0,2851.4,2031-11-26 08:00:00,,ENERGY ONLY,,RED BLUFF SUBSTATION 500 KV,RIVERSIDE,SCE,ETERNAL 2,C14,RED BLUFF,RED BLUFF SUBSTATION,PUBLIC,2050
PUBLIC:2051,WITHDRAWN,400.0,404.8,2030-12-26 08:00:00,,FULL CAPACITY,,MIRAGE SUBSTATION 220 KV,RIVERSIDE,SCE,SALVADOR,C14,MIRAGE,MIRAGE SUBSTATION,PUBLIC,2051
PUBLIC:2053,WITHDRAWN,500.0,510.0,2023-12-15 08:00:00,,FULL CAPACITY,,VISTA - MIRA LOMA 230 KV LINE,SAN BERNARDINO,SCE,GOODALL STORAGE,C14,VISTA MIRA LOMA,VISTA - MIRA LOMA,PUBLIC,2053
PUBLIC:2054,WITHDRAWN,200.0,213.55,2024-06-01 07:00:00,,FULL CAPACITY,,ANTELOPE SUBSTATION 220 KV,LOS ANGELES,SCE,GOLDENSTAR ENERGY STORAGE,C14,ANTELOPE,ANTELOPE SUBSTATION,PUBLIC,2054
PUBLIC:2056,WITHDRAWN,400.0,405.663412,2034-12-26 08:00:00,,FULL CAPACITY,,PARDEE-VINCENT NO1 230KV LINE,LOS ANGELES,SCE,QUERCUS,C14,PARDEE VINCENT,PARDEE-VINCENT NO1,PUBLIC,2056
PUBLIC:2057,WITHDRAWN,300.0,307.7,2024-06-30 07:00:00,,FULL CAPACITY,,WHIRLWIND SUBSTATION 230 KV,LOS ANGELES,SCE,RESONATE,C14,WHIRLWIND,WHIRLWIND SUBSTATION,PUBLIC,2057
PUBLIC:2058,WITHDRAWN,250.0,261.0,2030-07-01 07:00:00,,FULL CAPACITY,,RECTOR SUBSTATION 230 KV,TULARE,SCE,FOUR CREEKS ENERGY STORAGE,C14,RECTOR,RECTOR SUBSTATION,PUBLIC,2058
PUBLIC:2063,WITHDRAWN,200.0,214.9928,2025-10-01 07:00:00,,FULL CAPACITY,,VESTAL SUBSTATION 230 KV,TULARE,SCE,GILMORE SOLAR,C14,VESTAL,VESTAL SUBSTATION,PUBLIC,2063
PUBLIC:2065,WITHDRAWN,500.0,508.67,2025-07-31 07:00:00,,FULL CAPACITY,,WINDHUB SUBSTATION 500 KV,KERN,SCE,BELLEFIELD SOLAR 4,C14,WINDHUB,WINDHUB SUBSTATION,PUBLIC,2065
PUBLIC:2067,WITHDRAWN,250.0,253.88,2024-12-15 08:00:00,,FULL CAPACITY,,HIGHWIND SUBSTATION 230 KV,KERN,SCE,WINOKA HYBRID SOLAR,C14,HIGHWIND,HIGHWIND SUBSTATION,PUBLIC,2067
PUBLIC:2069,WITHDRAWN,350.0,354.6,2025-12-15 08:00:00,,FULL CAPACITY,,SPRINGVILLE SUBSTATION 230 KV,TULARE,SCE,ADASTRA HYBRID SOLAR,C14,SPRINGVILLE,SPRINGVILLE SUBSTATION,PUBLIC,2069
PUBLIC:2070,WITHDRAWN,600.0,606.048,2026-04-15 07:00:00,,FULL CAPACITY,,PASTORIA SUBSTATION 230 KV,KERN,SCE,COLIMA HYBRID SOLAR,C14,PASTORIA,PASTORIA SUBSTATION,PUBLIC,2070
PUBLIC:2071,WITHDRAWN,200.0,213.7549,2025-10-01 07:00:00,,FULL CAPACITY,,SPRINGVILLE SUBSTATION 230 KV,TULARE,SCE,CONLOUGE SOLAR,C14,SPRINGVILLE,SPRINGVILLE SUBSTATION,PUBLIC,2071
PUBLIC:2072,WITHDRAWN,150.0,159.2593,2025-10-01 07:00:00,,FULL CAPACITY,,MOORPARK SUBSTATION 230 KV,VENTURA,SCE,DUPONT STORAGE,C14,MOORPARK,MOORPARK SUBSTATION,PUBLIC,2072
PUBLIC:2073,WITHDRAWN,79.0,79.474,2026-04-01 07:00:00,,FULL CAPACITY,,NEENACH SUBSTATION 66 KV,LOS ANGELES,SCE,ALPINE STORAGE,C14,NEENACH,NEENACH SUBSTATION,PUBLIC,2073
PUBLIC:2074,WITHDRAWN,150.0,150.79,2024-04-01 07:00:00,,FULL CAPACITY,,WINDHUB SUBSTATION 230 KV,KERN,SCE,ALTA 1 STORAGE,C14,WINDHUB,WINDHUB SUBSTATION,PUBLIC,2074
PUBLIC:2075,WITHDRAWN,20.0,12.0,2023-12-15 08:00:00,,FULL CAPACITY,,ANTELOPE-NEENACH 66KV LINE,LOS ANGELES,SCE,FAIRMONT SOLAR I,C14,ANTELOPE NEENACH,ANTELOPE-NEENACH,PUBLIC,2075
PUBLIC:2076,WITHDRAWN,200.0,204.5175,2024-11-01 07:00:00,,FULL CAPACITY,,MOORPARK SUBSTATION 230 KV,VENTURA,SCE,MICHELANGELO,C14,MOORPARK,MOORPARK SUBSTATION,PUBLIC,2076
PUBLIC:2077,WITHDRAWN,325.0,335.7,2027-06-01 07:00:00,,,,VINCENT SUBSTATION 230 KV,LOS ANGELES,SCE,HUXLEY SOLAR,C14,VINCENT,VINCENT SUBSTATION,PUBLIC,2077
PUBLIC:2079,WITHDRAWN,80.0,82.8,2027-12-01 08:00:00,,FULL CAPACITY,,SPRINGVILLE SUBSTATION 230 KV,TULARE,SCE,SLATE MOUNTAIN SOLAR,C14,SPRINGVILLE,SPRINGVILLE SUBSTATION,PUBLIC,2079
PUBLIC:2080,WITHDRAWN,210.0,102.672,2033-08-26 07:00:00,,FULL CAPACITY,,ANTELOPE- MAGUNDEN #2 230 KV LINE,LOS ANGELES,SCE,RANGELAND SOLAR,C14,ANTELOPE MAGUNDEN,ANTELOPE- MAGUNDEN #2,PUBLIC,2080
PUBLIC:2083,WITHDRAWN,150.0,151.2,2025-11-01 07:00:00,,FULL CAPACITY,,BAILEY SUBSTATION 230 KV,LOS ANGELES,SCE,QUAIL LAKE STORAGE,C14,BAILEY,BAILEY SUBSTATION,PUBLIC,2083
PUBLIC:2084,WITHDRAWN,400.0,410.76,2026-11-30 08:00:00,,FULL CAPACITY,,RECTOR SUBSTATION 230KV,TULARE,SCE,SOLAR FARM ENERGY CENTER,C14,RECTOR,RECTOR SUBSTATION,PUBLIC,2084
PUBLIC:2086,WITHDRAWN,500.0,506.0,2025-12-31 08:00:00,,FULL CAPACITY,,WINDHUB SUBSTATION 230 KV,KERN,SCE,BISON PEAK,C14,WINDHUB,WINDHUB SUBSTATION,PUBLIC,2086
PUBLIC:2087,WITHDRAWN,660.0,672.0,2024-01-01 08:00:00,,FULL CAPACITY,,MOORPARK SUBSTATION 230 KV,VENTURA,SCE,EDISON DRIVE ENERGY STORAGE,C14,MOORPARK,MOORPARK SUBSTATION,PUBLIC,2087
PUBLIC:2088,WITHDRAWN,200.0,214.0983,2026-12-31 08:00:00,,FULL CAPACITY,,VESTAL SUBSTATION 220 KV,TULARE,SCE,AMARYLLIS SOLAR,C14,VESTAL,VESTAL SUBSTATION,PUBLIC,2088
PUBLIC:2090,WITHDRAWN,465.0,473.0,2033-01-26 08:00:00,,FULL CAPACITY,,MOORPARK SUBSTATION 230 KV,VENTURA,SCE,GWENT STORAGE 2,C14,MOORPARK,MOORPARK SUBSTATION,PUBLIC,2090
PUBLIC:2091,WITHDRAWN,250.0,256.0,2033-01-26 08:00:00,In Progress,FULL CAPACITY,,VINCENT SUBSTATION 230 KV,LOS ANGELES,SCE,MAATHAI,C14,VINCENT,VINCENT SUBSTATION,PUBLIC,2091
PUBLIC:2093,WITHDRAWN,400.0,407.63,2027-09-01 07:00:00,,FULL CAPACITY,,WHIRLWIND-WINDHUB 500 KV,KERN,SCE,YEAGER MUSTANG,C14,WHIRLWIND WINDHUB,WHIRLWIND-WINDHUB,PUBLIC,2093
PUBLIC:2094,WITHDRAWN,200.0,200.0,2025-10-01 07:00:00,,FULL CAPACITY,,PISGAH SUBSTATION 230 KV,SAN BERNARDINO,SCE,FITZGIBBONS SOLAR,C14,PISGAH,PISGAH SUBSTATION,PUBLIC,2094
PUBLIC:2095,WITHDRAWN,200.0,200.0,2025-10-01 07:00:00,,FULL CAPACITY,,VICTOR SUBSTATION 230 KV,SAN BERNARDINO,SCE,LAKEY SOLAR,C14,VICTOR,VICTOR SUBSTATION,PUBLIC,2095
PUBLIC:2096,WITHDRAWN,400.0,408.12,2033-09-26 07:00:00,Executed,PARTIAL CAPACITY,,KRAMER-LUGO #1 220 KV,SAN BERNARDINO,SCE,HIDALGO ENERGY STORAGE,C14,KRAMER LUGO,KRAMER-LUGO #1,PUBLIC,2096
PUBLIC:2098,WITHDRAWN,150.0,0.0,2035-04-10 07:00:00,,FULL CAPACITY,,LUGO-PISGAH  230 KV,SAN BERNARDINO,SCE,CUERNO GRANDE WIND,C14,LUGO PISGAH,LUGO-PISGAH,PUBLIC,2098
PUBLIC:2099,WITHDRAWN,150.0,0.0,2025-10-01 07:00:00,,FULL CAPACITY,,KRAMER SUBSTATION 230 KV,KERN,SCE,GRAVEL HILLS WIND & SOLAR,C14,KRAMER,KRAMER SUBSTATION,PUBLIC,2099
PUBLIC:2100,WITHDRAWN,200.0,213.8183,2025-10-01 07:00:00,,FULL CAPACITY,,VINCENT-LUGO 500 KV LINE,LOS ANGELES,SCE,SOUZA SOLAR,C14,VINCENT LUGO,VINCENT-LUGO,PUBLIC,2100
PUBLIC:2102,WITHDRAWN,400.0,404.25,2025-08-01 07:00:00,,FULL CAPACITY,,VICTOR SUBSTATION 230 KV,SAN BERNARDINO,SCE,ALTILIUM ENERGY STORAGE,C14,VICTOR,VICTOR SUBSTATION,PUBLIC,2102
PUBLIC:2104,WITHDRAWN,400.0,410.76,2031-04-26 07:00:00,Executed,FULL CAPACITY,,VICTOR SUBSTATION 230 KV,SAN BERNARDINO,SCE,DOS PALMAS,C14,VICTOR,VICTOR SUBSTATION,PUBLIC,2104
PUBLIC:2106,WITHDRAWN,200.0,0.0,2027-09-10 07:00:00,,FULL CAPACITY,,CONTROL SUBSTATION 115 KV,ESMERALDA,SCE,PEARL GEOTHERMAL,C14,CONTROL,CONTROL SUBSTATION,PUBLIC,2106
PUBLIC:2107,WITHDRAWN,200.0,206.091,2025-06-01 07:00:00,,FULL CAPACITY,,KRAMER-VICTOR #1 230 KV LINE,SAN BERNARDINO,SCE,SUMMIT HYBRID,C14,KRAMER VICTOR,KRAMER-VICTOR #1,PUBLIC,2107
PUBLIC:2108,WITHDRAWN,60.0,61.9,2028-04-10 07:00:00,,FULL CAPACITY,,TORTILLA SUBSTATION 115 KV,SAN BERNARDINO,SCE,RED DIAMOND SOLAR,C14,TORTILLA,TORTILLA SUBSTATION,PUBLIC,2108
PUBLIC:2109,WITHDRAWN,400.0,405.663412,2032-04-28 07:00:00,,FULL CAPACITY,,HINSON SUBSTATION 230 KV,LOS ANGELES,SCE,ADAGIO,C14,HINSON,HINSON SUBSTATION,PUBLIC,2109
PUBLIC:2110,WITHDRAWN,200.0,213.55,2033-01-26 08:00:00,,FULL CAPACITY,,VINCENT SUBSTATION 230 KV,LOS ANGELES,SCE,FLEA FLICKER ENERGY STORAGE,C14,VINCENT,VINCENT SUBSTATION,PUBLIC,2110
PUBLIC:2112,WITHDRAWN,400.0,405.656518,2032-04-09 07:00:00,,FULL CAPACITY,,MIRA LOMA SUBSTATION 230 KV,RIVERSIDE,SCE,MAGNOLIA,C14,MIRA LOMA,MIRA LOMA SUBSTATION,PUBLIC,2112
PUBLIC:2118,WITHDRAWN,400.0,405.750882,2030-10-11 07:00:00,,FULL CAPACITY,,CENTER S SUBSTATION 230 KV,LOS ANGELES,SCE,SPROUT,C14,CENTER S,CENTER S SUBSTATION,PUBLIC,2118
PUBLIC:2119,WITHDRAWN,250.0,252.6,2030-10-11 07:00:00,,FULL CAPACITY,,VILLA PARK SUBSTATION 230 KV,ORANGE,SCE,RISU,C14,VILLA PARK,VILLA PARK SUBSTATION,PUBLIC,2119
PUBLIC:2120,WITHDRAWN,300.0,306.0,2024-06-30 07:00:00,,FULL CAPACITY,,LAGUNA BELL SUBSTATION 230 KV SUBSTATION,LOS ANGELES,SCE,VOLTRON,C14,LAGUNA BELL,LAGUNA BELL SUBSTATION,PUBLIC,2120
PUBLIC:2121,WITHDRAWN,250.0,252.0,2032-05-26 07:00:00,Executed,FULL CAPACITY,,MESA SUBSTATION 500 KV,LOS ANGELES,SCE,GREENWOOD ENERGY STORAGE,C14,MESA,MESA SUBSTATION,PUBLIC,2121
PUBLIC:2122,WITHDRAWN,400.0,403.5,2024-08-01 07:00:00,,FULL CAPACITY,,MIRA LOMA SUBSTATION 230 KV,SAN BERNARDINO,SCE,JACIVA ENERGY STORAGE,C14,MIRA LOMA,MIRA LOMA SUBSTATION,PUBLIC,2122
PUBLIC:2123,WITHDRAWN,500.0,504.2,2024-08-01 07:00:00,,FULL CAPACITY,,LA CIENEGA SUBSTATION 230 KV,LOS ANGELES,SCE,SPINDLE ENERGY STORAGE,C14,LA CIENEGA,LA CIENEGA SUBSTATION,PUBLIC,2123
PUBLIC:2126,WITHDRAWN,550.0,554.4,2024-08-01 07:00:00,,FULL CAPACITY,,MIRA LOMA - CHINO 230 #1 230 KV,SAN BERNARDINO,SCE,FUERTE ENERGY STORAGE,C14,MIRA LOMA CHINO 230,MIRA LOMA - CHINO 230 #1,PUBLIC,2126
PUBLIC:2127,WITHDRAWN,236.0,241.5,2031-08-26 07:00:00,,FULL CAPACITY,,ALAMITOS 220 KV,LOS ANGELES,SCE,OTROS ALAMITOS ENERGY STORAGE,C14,ALAMITOS,ALAMITOS,PUBLIC,2127
PUBLIC:2128,WITHDRAWN,150.0,150.0,2025-10-01 07:00:00,,FULL CAPACITY,,CHINO SUBSTATION 230 KV,SAN BERNARDINO,SCE,MANUEL STORAGE,C14,CHINO,CHINO SUBSTATION,PUBLIC,2128
PUBLIC:2130,WITHDRAWN,200.0,204.5175,2024-11-01 07:00:00,,FULL CAPACITY,,MIRA LOMA SUBSTATION 230 KV,SAN BERNARDINO,SCE,LAS PILAS,C14,MIRA LOMA,MIRA LOMA SUBSTATION,PUBLIC,2130
PUBLIC:2131,WITHDRAWN,200.0,200.0,2032-05-26 07:00:00,,FULL CAPACITY,,HINSON SUBSTATION 220 KV,LOS ANGELES,SCE,MERLIN STORAGE,C14,HINSON,HINSON SUBSTATION,PUBLIC,2131
PUBLIC:2132,WITHDRAWN,100.0,102.26,2024-11-01 07:00:00,,FULL CAPACITY,,LAGUNA BELL SUBSTATION 230 KV,LOS ANGELES,SCE,RANGER,C14,LAGUNA BELL,LAGUNA BELL SUBSTATION,PUBLIC,2132
PUBLIC:2133,WITHDRAWN,350.0,358.4412,2024-06-01 07:00:00,,FULL CAPACITY,,SAN BERNADINO 220 KV,SAN BERNARDINO,SCE,LIVE OAK STORAGE,C14,SAN BERNADINO,SAN BERNADINO,PUBLIC,2133
PUBLIC:2134,WITHDRAWN,162.9,171.738,2033-06-26 07:00:00,,FULL CAPACITY,,SYLMAR-GOULD LINE 230 KV,LOS ANGELES,SCE,LOPEZ BESS,C14,SYLMAR GOULD,SYLMAR-GOULD LINE,PUBLIC,2134
PUBLIC:2135,WITHDRAWN,300.0,300.0,2024-06-01 07:00:00,,FULL CAPACITY,,HINSON SUBSTATION 220KV,LOS ANGELES,SCE,CATHODE,C14,HINSON,HINSON SUBSTATION,PUBLIC,2135
PUBLIC:2137,WITHDRAWN,500.0,512.58,2031-02-26 08:00:00,,FULL CAPACITY,,MIRA LOMA SUBSTATION 230 KV,SAN BERNARDINO,SCE,MT BALDY ENERGY STORAGE,C14,MIRA LOMA,MIRA LOMA SUBSTATION,PUBLIC,2137
PUBLIC:2138,WITHDRAWN,300.0,300.0,2031-01-26 08:00:00,,FULL CAPACITY,,SERRANO SUBSTATION 220 KV,ORANGE,SCE,SEPARATOR UNIT 2,C14,SERRANO,SERRANO SUBSTATION,PUBLIC,2138
PUBLIC:2143,WITHDRAWN,427.3,0.0,2025-02-01 08:00:00,,FULL CAPACITY,,BEATTY SUBSTATION 138 KV,ESMERALDA,VEA,ALUM GEOTHERMAL,C14,BEATTY,BEATTY SUBSTATION,PUBLIC,2143
PUBLIC:2145,WITHDRAWN,220.0,110.87,2027-12-26 08:00:00,,ENERGY ONLY,,VISTA SUBSTATION 230 KV,NYE,GLW,DANDELION HYBRID SOLAR,C14,VISTA,VISTA SUBSTATION,PUBLIC,2145
PUBLIC:2151,WITHDRAWN,1050.0,510.1785,2025-12-01 08:00:00,,FULL CAPACITY,,HARRY ALLEN-ELDORADO 500 KV,LINCOLN,DSLK,LAVA RIDGE WIND,C14,HARRY ALLEN ELDORADO,HARRY ALLEN-ELDORADO,PUBLIC,2151
PUBLIC:2152,WITHDRAWN,800.0,520.0,2026-12-01 08:00:00,,FULL CAPACITY,,HARRY ALLEN-ELDORADO 500 KV,TWIN FALLS,DSLK,SALMON FALLS WIND,C14,HARRY ALLEN ELDORADO,HARRY ALLEN-ELDORADO,PUBLIC,2152
PUBLIC:2153,WITHDRAWN,200.0,213.5487,2035-03-05 08:00:00,,FULL CAPACITY,,SILVERGATE SUBSTATION 230 KV,SAN DIEGO,SDGE,FRIGATEBIRD STORAGE,C14,SILVERGATE,SILVERGATE SUBSTATION,PUBLIC,2153
PUBLIC:2155,WITHDRAWN,300.0,303.753296,2027-04-12 07:00:00,,FULL CAPACITY,,CHICARITA SUBSTATION 138 KV,SAN DIEGO,SDGE,AMBER RAY,C14,CHICARITA,CHICARITA SUBSTATION,PUBLIC,2155
PUBLIC:2156,WITHDRAWN,300.0,304.19315907,2028-09-09 07:00:00,,FULL CAPACITY,,TRABUCO SUBSTATION 138 KV,ORANGE,SDGE,SCIURUS,C14,TRABUCO,TRABUCO SUBSTATION,PUBLIC,2156
PUBLIC:2157,WITHDRAWN,300.0,304.39992,2027-08-07 07:00:00,,ENERGY ONLY,,ENCINA SUBSTATION 138 KV,SAN DIEGO,SDGE,GNARLY OSAGE,C14,ENCINA,ENCINA SUBSTATION,PUBLIC,2157
PUBLIC:2158,WITHDRAWN,300.0,304.122776,2024-06-30 07:00:00,,FULL CAPACITY,,RANCHO MISSION VIEJO SUBSTATION 138 KV,ORANGE,SDGE,PALADIN,C14,RANCHO MISSION VIEJO,RANCHO MISSION VIEJO SUBSTATION,PUBLIC,2158
PUBLIC:2159,WITHDRAWN,150.0,157.0,2025-06-01 07:00:00,,FULL CAPACITY,,ARTESIAN RANCH SUBSTATION 69 KV,SAN DIEGO,SDGE,BERNARDO ENERGY STORAGE,C14,ARTESIAN RANCH,ARTESIAN RANCH SUBSTATION,PUBLIC,2159
PUBLIC:2160,WITHDRAWN,150.0,157.0,2025-06-01 07:00:00,,FULL CAPACITY,,JAMACHA - MIGUEL 69 KV LINE,SAN DIEGO,SDGE,OLD STEEL BRIDGE BESS,C14,JAMACHA MIGUEL,JAMACHA - MIGUEL,PUBLIC,2160
PUBLIC:2162,WITHDRAWN,275.0,286.13,2030-03-16 07:00:00,,FULL CAPACITY,,IMPERIAL VALLEY SUBSTATION 230 KV,BAJA CALIFORNIA,SDGE,SOLAR DE MEXICALI,C14,IMPERIAL VALLEY,IMPERIAL VALLEY SUBSTATION,PUBLIC,2162
PUBLIC:2163,WITHDRAWN,400.0,400.0,2026-06-01 07:00:00,,FULL CAPACITY,,TALEGA SUBSTATION 230 KV,SAN DIEGO,SDGE,PAVION,C14,TALEGA,TALEGA SUBSTATION,PUBLIC,2163
PUBLIC:2164,WITHDRAWN,50.0,51.099,2024-12-15 08:00:00,,FULL CAPACITY,,FRIARS SUBSTATION 138 KV,SAN DIEGO,SDGE,PETREL STORAGE,C14,FRIARS,FRIARS SUBSTATION,PUBLIC,2164
PUBLIC:2165,WITHDRAWN,100.0,105.0,2029-02-05 08:00:00,,FULL CAPACITY,,OCEAN RANCH SUBSTATION 69 KV,SAN DIEGO,SDGE,TOWER 1 ENERGY STORAGE,C14,OCEAN RANCH,OCEAN RANCH SUBSTATION,PUBLIC,2165
PUBLIC:2167,WITHDRAWN,70.0,71.3,2030-05-05 07:00:00,,ENERGY ONLY,,SCRIPPS SUBSTATION 69 KV,SAN DIEGO,SDGE,HAMMERHEAD STORAGE,C14,SCRIPPS,SCRIPPS SUBSTATION,PUBLIC,2167
PUBLIC:2168,WITHDRAWN,80.0,82.35,2025-10-30 07:00:00,,FULL CAPACITY,,BOULEVARD EAST SUBSTATION 69 KV,SAN DIEGO,SDGE,LAGO DOMINGO SOLAR,C14,BOULEVARD EAST,BOULEVARD EAST SUBSTATION,PUBLIC,2168
PUBLIC:2169,WITHDRAWN,100.0,100.8,2024-05-31 07:00:00,,FULL CAPACITY,,BORDER - BORDER TAP 69 KV,SAN DIEGO,SDGE,SPANISH TABLE,C14,BORDER BORDER,BORDER - BORDER TAP,PUBLIC,2169
PUBLIC:2170,WITHDRAWN,300.0,308.2086,2024-12-31 08:00:00,,FULL CAPACITY,,SUNCREST SUBSTATION 230 KV,SAN DIEGO,SDGE,JAPATUL VALLEY STORAGE,C14,SUNCREST,SUNCREST SUBSTATION,PUBLIC,2170
PUBLIC:2171,WITHDRAWN,250.0,261.0,2025-06-01 07:00:00,,FULL CAPACITY,,SYCAMORE CANYON SUBSTATION 230 KV,SAN DIEGO,SDGE,WEST HILLS ENERGY STORAGE,C14,SYCAMORE CANYON,SYCAMORE CANYON SUBSTATION,PUBLIC,2171
PUBLIC:2172,WITHDRAWN,800.0,823.85,2035-06-05 07:00:00,,FULL CAPACITY,,HOODOO WASH - HASSAYAMPA 500 KV LINE,MARICOPA,SDGE,HYDER,C14,HOODOO WASH HASSAYAMPA,HOODOO WASH - HASSAYAMPA,PUBLIC,2172
PUBLIC:2174,WITHDRAWN,600.0,615.756,2025-10-30 07:00:00,,FULL CAPACITY,,OTAY MESA SWITCHYARD 230 KV,SAN DIEGO,SDGE,CHARGER STORAGE,C14,OTAY MESA,OTAY MESA SWITCHYARD,PUBLIC,2174
PUBLIC:2175,WITHDRAWN,400.0,408.5,2028-03-11 08:00:00,,FULL CAPACITY,,HOODOO WASH SWITCHYARD 500 KV,YUMA,SDGE,WINGED DOVE STORAGE,C14,HOODOO WASH,HOODOO WASH SWITCHYARD,PUBLIC,2175
PUBLIC:2176,WITHDRAWN,600.0,633.1,2031-11-05 08:00:00,,ENERGY ONLY,,IMPERIAL VALLEY SUBSTATION 230 KV,IMPERIAL,SDGE,YUHA DESERT BATTERY STORAGE,C14,IMPERIAL VALLEY,IMPERIAL VALLEY SUBSTATION,PUBLIC,2176
PUBLIC:2178,WITHDRAWN,300.0,312.96,2035-03-05 08:00:00,,ENERGY ONLY,,SUNCREST SUBSTATION 230 KV,SAN DIEGO,SDGE,BELL BLUFF STORAGE,C14,SUNCREST,SUNCREST SUBSTATION,PUBLIC,2178
PUBLIC:2179,WITHDRAWN,99.99,100.365,2024-06-01 07:00:00,,FULL CAPACITY,,BORDER SUBSTATION 69 KV,SAN DIEGO,SDGE,BIERSTADT ENERGY STORAGE,C14,BORDER,BORDER SUBSTATION,PUBLIC,2179
PUBLIC:2180,WITHDRAWN,300.0,312.96,2036-05-05 07:00:00,,ENERGY ONLY,,OTAY MESA SWITCHYARD 230 KV,SAN DIEGO,SDGE,CARGO STORAGE,C14,OTAY MESA,OTAY MESA SWITCHYARD,PUBLIC,2180
PUBLIC:2181,WITHDRAWN,149.91,150.521,2029-02-05 08:00:00,,FULL CAPACITY,,CARRIZO GORGE SWITCHYARD 138 KV,SAN DIEGO,SDGE,PINSCHER ENERGY STORAGE,C14,CARRIZO GORGE,CARRIZO GORGE SWITCHYARD,PUBLIC,2181
PUBLIC:2182,WITHDRAWN,100.0,101.9,2029-12-01 08:00:00,,ENERGY ONLY,,CHICARITA SUBSTATION 138 KV,SAN DIEGO,SDGE,TAYLOR STORAGE,C14,CHICARITA,CHICARITA SUBSTATION,PUBLIC,2182
PUBLIC:2183,WITHDRAWN,80.0,81.6,2025-11-01 07:00:00,,FULL CAPACITY,,SPRING VALLEY SUBSTATION 69 KV,SAN DIEGO,SDGE,HELIX STORAGE,C14,SPRING VALLEY,SPRING VALLEY SUBSTATION,PUBLIC,2183
PUBLIC:2184,WITHDRAWN,100.0,100.6499,2034-02-05 08:00:00,,FULL CAPACITY,,LOVELAND - ALPINE 69 KV LINE,SAN DIEGO,SDGE,AMBERJACK ENERGY STORAGE,C14,LOVELAND ALPINE,LOVELAND - ALPINE,PUBLIC,2184
PUBLIC:2186,WITHDRAWN,250.0,256.0,2030-02-05 08:00:00,,ENERGY ONLY,,SAN LUIS REY SUBSTATION 230 KV,SAN DIEGO,SDGE,SANDBAR ENERGY STORAGE,C14,SAN LUIS REY,SAN LUIS REY SUBSTATION,PUBLIC,2186
PUBLIC:2187,WITHDRAWN,900.0,0.0,2035-05-05 07:00:00,,FULL CAPACITY,,EAST COUNTY SUBSTATION 500 KV,TECATE BAJA CALIFORNIA MEXICO,SDGE,EOLICA DE RUMOROSA,C14,EAST COUNTY,EAST COUNTY SUBSTATION,PUBLIC,2187
PUBLIC:2188,WITHDRAWN,50.0,51.4,2029-02-05 08:00:00,,FULL CAPACITY,,MIGUEL SUBSTATION 69 KV,SAN DIEGO,SDGE,GERANIUM ENERGY STORAGE,C14,MIGUEL,MIGUEL SUBSTATION,PUBLIC,2188
PUBLIC:2189,WITHDRAWN,100.0,105.9831,2024-06-01 07:00:00,,FULL CAPACITY,,OTAY MESA SWITCHYARD 230 KV,SAN DIEGO,SDGE,LA FUENTE ENERGY STORAGE,C14,OTAY MESA,OTAY MESA SWITCHYARD,PUBLIC,2189
PUBLIC:2190,WITHDRAWN,150.0,154.6,2024-06-01 07:00:00,,FULL CAPACITY,,BORDER SUBSTATION 69 KV,SAN DIEGO,SDGE,HERMES ENERGY STORAGE,C14,BORDER,BORDER SUBSTATION,PUBLIC,2190
PUBLIC:2191,WITHDRAWN,50.0,51.75,2025-06-01 07:00:00,,FULL CAPACITY,,BORDER SUBSTATION 69 KV,SAN DIEGO,SDGE,FREIGHT ENERGY STORAGE,C14,BORDER,BORDER SUBSTATION,PUBLIC,2191
PUBLIC:2192,WITHDRAWN,100.0,102.04,2030-03-05 08:00:00,,FULL CAPACITY,,SALT CREEK SUBSTATION 69 KV,SAN DIEGO,SDGE,PAJARO VALLEY STORAGE,C14,SALT CREEK,SALT CREEK SUBSTATION,PUBLIC,2192
PUBLIC:2193,WITHDRAWN,250.0,254.3,2024-06-01 07:00:00,,FULL CAPACITY,,LUGO,SAN BERNARDINO,SCE,VENTANA ENERGY STORAGE,ISP,LUGO,LUGO,PUBLIC,2193
PUBLIC:2194,WITHDRAWN,120.0,122.6,2026-06-01 07:00:00,,FULL CAPACITY,,ANTELOPE,LOS ANGELES,SCE,PRONGHORN ENERGY STORAGE,ISP,ANTELOPE,ANTELOPE,PUBLIC,2194
PUBLIC:2196,WITHDRAWN,44.0,46.28,2024-11-06 08:00:00,,FULL CAPACITY,,MALAGA 115 KV,FRESNO,PGAE,MALAGA BESS,ISP,MALAGA,MALAGA,PUBLIC,2196
PUBLIC:2197,WITHDRAWN,250.0,254.3,2024-06-01 07:00:00,,FULL CAPACITY,,LUGO,SAN BERNARDINO,SCE,VENTANA RELIABILITY PROJECT,ISP,LUGO,LUGO,PUBLIC,2197
PUBLIC:2198,WITHDRAWN,250.0,254.3,2024-06-01 07:00:00,,FULL CAPACITY,,VINCENT,LOS ANGELES,SCE,VISTA RELIABILITY,ISP,VINCENT,VINCENT,PUBLIC,2198
PUBLIC:2199,WITHDRAWN,120.0,126.0,2026-05-01 07:00:00,,FULL CAPACITY,,VICTOR SUBSTATION 230 KV,SAN BERNARDINO,SCE,TUNGSTEN BESS,ISP,VICTOR,VICTOR SUBSTATION,PUBLIC,2199
C15:2207,ACTIVE,500.0,500.0,,,ENERGY ONLY (REQ),,NORTH GILA - HOODOO WASH (SDGE PORTION ONLY),YUMA,SDGE,Alisa Solar Energy Complex 2,C15,NORTH GILA HOODOO WASH,NORTH GILA - HOODOO WASH (SDGE PORTION ONLY),C15,2207
C15:2328,ACTIVE,400.0,416.545013,,,FULL CAPACITY (REQ),,QUINTO SW STA- FINK SW STA 230 KV,STANISLAUS,PGAE,Amanece,C15,QUINTO FINK,QUINTO SW STA- FINK SW STA,C15,2328
C15:2244,ACTIVE,250.0,257.0,,,FULL CAPACITY (REQ),,QUINTO SW STA 230 KV,MERCED,PGAE,Annapurna,C15,QUINTO,QUINTO SW STA,C15,2244
C15:2204,ACTIVE,199.0,204.859,,,FULL CAPACITY (REQ),,MOSS LANDING PP 115 KV,MONTEREY,PGAE,Antlia,C15,MOSS LANDING,MOSS LANDING PP,C15,2204
C15:2212,ACTIVE,150.01,0.0,,,ENERGY ONLY (REQ),,PISGAH 230 KV,SAN BERNARDINO,SCE,Argenta,C15,PISGAH,PISGAH,C15,2212
C15:2219,ACTIVE,350.12,0.0,,,ENERGY ONLY (REQ),,CALCITE 230 KV,SAN BERNARDINO,SCE,Argos Solar,C15,CALCITE,CALCITE,C15,2219
C15:2349,ACTIVE,600.0,600.0,,,FULL CAPACITY (REQ),,LUGO 500 KV,SAN BERNARDINO,SCE,Aviation,C15,LUGO,LUGO,C15,2349
C15:2305,ACTIVE,350.0,0.0,,,ENERGY ONLY (REQ),,RED BLUFF 230 KV,RIVERSIDE,SCE,Bajada,C15,RED BLUFF,RED BLUFF,C15,2305
C15:2333,ACTIVE,500.0,514.08,,,FULL CAPACITY (REQ),,BELLOTA 230 KV,CALAVERAS,PGAE,Belterra Energy Storage,C15,BELLOTA,BELLOTA,C15,2333
C15:2298,ACTIVE,300.0,206.8022619,,,FULL CAPACITY (REQ),,DRY LAKE SW STA 500 KV,KINGS,PGAE,Blue Star,C15,DRY LAKE,DRY LAKE SW STA,C15,2298
C15:2248,ACTIVE,250.0,253.8,,,FULL CAPACITY (REQ),,MANNING 500 KV,FRESNO,LSPC,Bolt,C15,MANNING,MANNING,C15,2248
C15:2206,ACTIVE,100.0,102.91,,,FULL CAPACITY (REQ),,TALEGA 138 KV,ORANGE,SDGE,Bonita Bateria,C15,TALEGA,TALEGA,C15,2206
C15:2208,ACTIVE,120.0,123.405,,,FULL CAPACITY (REQ),,MARGARITA 138 KV,ORANGE,SDGE,Bonita Bateria 2,C15,MARGARITA,MARGARITA,C15,2208
C15:2265,ACTIVE,60.0,0.0,,,ENERGY ONLY (REQ),,RED BLUFF 230 KV,RIVERSIDE,SCE,Box,C15,RED BLUFF,RED BLUFF,C15,2265
C15:2257,ACTIVE,450.0,460.14,,,ENERGY ONLY (REQ),,VALLEY SWITCH 230 KV,NYE,GLW,Bristlecone,C15,VALLEY,VALLEY SWITCH,C15,2257
C15:2308,ACTIVE,800.0,491.8,,,FULL CAPACITY (REQ),,LOS BANOS-GATES #3,FRESNO,WAPA,Broadview,C15,LOS BANOS GATES,LOS BANOS-GATES #3,C15,2308
C15:2336,ACTIVE,300.0,74.202262,,,FULL CAPACITY (REQ),,DRY LAKE SW STA 500 KV,KINGS,PGAE,Brown Bear,C15,DRY LAKE,DRY LAKE SW STA,C15,2336
C15:2359,ACTIVE,197.0,202.2668,,,FULL CAPACITY (REQ),,ANTELOPE 230 KV,LOS ANGELES,SCE,Brundage Energy Storage,C15,ANTELOPE,ANTELOPE,C15,2359
C15:2280,ACTIVE,240.0,249.524,,,FULL CAPACITY (REQ),,FINK SW STA 230 KV,MERCED,PGAE,Cantus,C15,FINK,FINK SW STA,C15,2280
C15:2370,ACTIVE,400.0,415.86,,,FULL CAPACITY (REQ),,LOS BANOS 500 KV,MERCED,PGAE,Carissalito Creek,C15,LOS BANOS,LOS BANOS,C15,2370
C15:2306,ACTIVE,500.0,516.8,,,FULL CAPACITY (REQ),,LUGO 500 KV,SAN BERNARDINO,SCE,Chronos Energy Storage,C15,LUGO,LUGO,C15,2306
C15:2339,ACTIVE,199.0,199.0,,,FULL CAPACITY (REQ),,LUGO 500 KV,SAN BERNARDINO,SCE,Comstock,C15,LUGO,LUGO,C15,2339
C15:2227,ACTIVE,199.0,199.0,,,FULL CAPACITY (REQ),,LUGO 500 KV,SAN BERNARDINO,SCE,Conduit Energy Storage 2,C15,LUGO,LUGO,C15,2227
C15:2226,ACTIVE,200.0,0.0,,,ENERGY ONLY (REQ),,VALLEY SWITCH 230 KV,NYE,GLW,Container,C15,VALLEY,VALLEY SWITCH,C15,2226
C15:2344,ACTIVE,150.0,155.3,,,ENERGY ONLY (REQ),,DELEVAN-CORTINA,COLUSA,PGAE,Cowboy,C15,DELEVAN CORTINA,DELEVAN-CORTINA,C15,2344
C15:2210,ACTIVE,550.01,0.0,,,ENERGY ONLY (REQ),,HASSAYAMPA 500 KV,MARICOPA,SDGE,Domestic Chicken,C15,HASSAYAMPA,HASSAYAMPA,C15,2210
C15:2286,ACTIVE,500.0,514.368,,,FULL CAPACITY (REQ),,TESLA 500 KV,SAN JOAQUIN,PGAE,Dove Cove,C15,TESLA,TESLA,C15,2286
C15:2351,ACTIVE,300.0,300.0,,,FULL CAPACITY (REQ),,LUGO 500 KV,SAN BERNARDINO,SCE,Duran,C15,LUGO,LUGO,C15,2351
C15:2342,ACTIVE,350.0,188.82,,,FULL CAPACITY (REQ),,DRY LAKE SW STA 500 KV,KERN,PGAE,East Wonder,C15,DRY LAKE,DRY LAKE SW STA,C15,2342
C15:2221,ACTIVE,199.9,205.7,,,FULL CAPACITY (REQ),,TESLA 230 KV,ALAMEDA,PGAE,Emerita Energy Storage,C15,TESLA,TESLA,C15,2221
C15:2224,ACTIVE,299.8,0.0,,,ENERGY ONLY (REQ),,EAST COUNTY 230 KV,TIJUANA,SDGE,Energia Sierra Juarez 4,C15,EAST COUNTY,EAST COUNTY,C15,2224
C15:2216,ACTIVE,250.0,258.47,,,FULL CAPACITY (REQ),,QUINTO SW STA 230 KV,MERCED,PGAE,Fika,C15,QUINTO,QUINTO SW STA,C15,2216
C15:2209,ACTIVE,100.0,103.125,,,ENERGY ONLY (REQ),,TRANQUILLITY SW STA 230 KV,FRESNO,PGAE,Fornax,C15,TRANQUILLITY,TRANQUILLITY SW STA,C15,2209
C15:2297,ACTIVE,300.0,317.5,,,FULL CAPACITY (REQ),,TESLA 230 KV,MADERA,PGAE,Galadriel,C15,TESLA,TESLA,C15,2297
C15:2300,ACTIVE,200.0,200.0,,,ENERGY ONLY (REQ),,ARCO-MIDWAY,KERN,PGAE,GAMAY,C15,ARCO MIDWAY,ARCO-MIDWAY,C15,2300
C15:2273,ACTIVE,350.0,0.0,,,ENERGY ONLY (REQ),,LATHROP 230 KV (FUTURE),NYE,GLW,Goldlink,C15,LATHROP,LATHROP,C15,2273
C15:2313,ACTIVE,300.0,0.0,,,ENERGY ONLY (REQ),,BITTERWATER SW STA 230 KV,KERN,PGAE,Gosford Solar Storage,C15,BITTERWATER,BITTERWATER SW STA,C15,2313
C15:2238,ACTIVE,200.01,0.0,,,ENERGY ONLY (REQ),,VALLEY SWITCH 230 KV,NYE,GLW,Grapevine 1,C15,VALLEY,VALLEY SWITCH,C15,2238
C15:2368,ACTIVE,300.62,0.0,,,ENERGY ONLY (REQ),,COLORADO RIVER 230 KV,RIVERSIDE,SCE,Green Palms,C15,COLORADO RIVER,COLORADO RIVER,C15,2368
C15:2220,ACTIVE,150.0,0.0,,,ENERGY ONLY (REQ),,PISGAH 230 KV,SAN BERNARDINO,SCE,Hacienda,C15,PISGAH,PISGAH,C15,2220
C15:2262,ACTIVE,199.0,205.4504,,,FULL CAPACITY (REQ),,LOCKEFORD 115 KV,CALAVERAS,PGAE,Helios Grid Reliability,C15,LOCKEFORD,LOCKEFORD,C15,2262
C15:2327,ACTIVE,1000.0,1064.748473,,,FULL CAPACITY (REQ),,VINCENT 230 KV,LOS ANGELES,SCE,Hillside Energy Storage,C15,VINCENT,VINCENT,C15,2327
C15:2282,ACTIVE,125.0,128.4,,,FULL CAPACITY (REQ),,VALLEY SPRINGS 230 KV,CALAVERAS,PGAE,Holly Oaks,C15,VALLEY SPRINGS,VALLEY SPRINGS,C15,2282
C15:2263,ACTIVE,300.0,307.62,,,FULL CAPACITY (REQ),,LOS ESTEROS 115 KV,SANTA CLARA,PGAE,Jackrabbit Power Bank,C15,LOS ESTEROS,LOS ESTEROS,C15,2263
C15:2294,ACTIVE,1000.0,1029.0,,,FULL CAPACITY (REQ),,LAGUNA BELL 230 KV,LOS ANGELES,SCE,Lagoonez,C15,LAGUNA BELL,LAGUNA BELL,C15,2294
C15:2275,ACTIVE,60.0,63.14,,,FULL CAPACITY (REQ),,MIRA LOMA 230 KV,SAN BERNARDINO,SCE,Little Hill,C15,MIRA LOMA,MIRA LOMA,C15,2275
C15:2288,ACTIVE,190.0,0.0,,,ENERGY ONLY (REQ),,RED BLUFF 500 KV,RIVERSIDE,SCE,Lycan Solar 2,C15,RED BLUFF,RED BLUFF,C15,2288
C15:2356,ACTIVE,300.0,304.03,,,FULL CAPACITY (REQ),,HARLAN SW STA 500 KV,FRESNO,PGAE,Maestro,C15,HARLAN,HARLAN SW STA,C15,2356
C15:2360,ACTIVE,200.0,202.615998,,,FULL CAPACITY (REQ),,DRY LAKE SW STA 500 KV,KINGS,PGAE,Maravillosa 1,C15,DRY LAKE,DRY LAKE SW STA,C15,2360
C15:2361,ACTIVE,400.0,404.6370076,,,FULL CAPACITY (REQ),,DRY LAKE SW STA 500 KV,KERN,PGAE,Maravillosa 2,C15,DRY LAKE,DRY LAKE SW STA,C15,2361
C15:2366,ACTIVE,400.0,406.098,,,ENERGY ONLY (REQ),,DEVERS 500 KV,RIVERSIDE,SCE,MATTERHORN,C15,DEVERS,DEVERS,C15,2366
C15:2279,ACTIVE,150.0,154.5,,,ENERGY ONLY (REQ),,HASSAYAMPA 500 KV,MARICOPA,SDGE,Mesquite Solar 6,C15,HASSAYAMPA,HASSAYAMPA,C15,2279
C15:2362,ACTIVE,300.0,74.2022619,,,FULL CAPACITY (REQ),,DRY LAKE SW STA 500 KV,KINGS,PGAE,MidBishop,C15,DRY LAKE,DRY LAKE SW STA,C15,2362
C15:2246,ACTIVE,350.0,352.7437,,,FULL CAPACITY (REQ),,WHIRLWIND 230 KV,KERN,SCE,Moonraker,C15,WHIRLWIND,WHIRLWIND,C15,2246
C15:2266,ACTIVE,1150.0,1169.504,,,FULL CAPACITY (REQ),,HARLAN SW STA 500 KV,FRESNO,PGAE,Muon,C15,HARLAN,HARLAN SW STA,C15,2266
C15:2269,ACTIVE,100.0,0.0,,,ENERGY ONLY (REQ),,VALLEY SWITCH 230 KV,NYE,GLW,Nelson,C15,VALLEY,VALLEY SWITCH,C15,2269
C15:2237,ACTIVE,200.0,0.0,,,ENERGY ONLY (REQ),,VALLEY SWITCH 230 KV,NYE,GLW,Nelson Hills,C15,VALLEY,VALLEY SWITCH,C15,2237
C15:2214,ACTIVE,100.0,103.226,,,ENERGY ONLY (REQ),,ORO LOMA 70 KV,FRESNO,PGAE,Octans,C15,ORO LOMA,ORO LOMA,C15,2214
C15:2357,ACTIVE,67.4,68.896962,,,ENERGY ONLY (REQ),,DELEVAN-CORTINA,COLUSA,PGAE,Off Stream Water Storage,C15,DELEVAN CORTINA,DELEVAN-CORTINA,C15,2357
C15:2343,ACTIVE,200.0,107.902122,,,FULL CAPACITY (REQ),,DRY LAKE SW STA 500 KV,KERN,PGAE,Quaking Aspen,C15,DRY LAKE,DRY LAKE SW STA,C15,2343
C15:2232,ACTIVE,125.0,0.0,,,ENERGY ONLY (REQ),,RED BLUFF 230 KV,RIVERSIDE,SCE,Reflex,C15,RED BLUFF,RED BLUFF,C15,2232
C15:2234,ACTIVE,900.0,933.8717,,,ENERGY ONLY (REQ),,DRY LAKE SW STA 500 KV,FRESNO/KINGS,PGAE,Ripple,C15,DRY LAKE,DRY LAKE SW STA,C15,2234
C15:2332,ACTIVE,12.5,12.55,,,FULL CAPACITY (REQ),,ETIWANDA 230 KV,SAN BERNARDINO,SCE,Separator Expansion,C15,ETIWANDA,ETIWANDA,C15,2332
C15:2215,ACTIVE,300.01,0.0,,,ENERGY ONLY (REQ),,VALLEY SWITCH 230 KV,NYE,GLW,Serenity,C15,VALLEY,VALLEY SWITCH,C15,2215
C15:2293,ACTIVE,450.0,461.13,,,FULL CAPACITY (REQ),,VINCENT 500 KV,LOS ANGELES,SCE,Shoals Energy Storage 2,C15,VINCENT,VINCENT,C15,2293
C15:2249,ACTIVE,131.0,134.36,,,FULL CAPACITY (REQ),,MANNING 500 KV,FRESNO,LSPC,Shoestring,C15,MANNING,MANNING,C15,2249
C15:2268,ACTIVE,288.0,288.0,,,ENERGY ONLY (REQ),,CALCITE 230 KV,SAN BERNARDINO,SCE,Sienna 3,C15,CALCITE,CALCITE,C15,2268
C15:2311,ACTIVE,550.0,0.0,,,ENERGY ONLY (REQ),,WINDHUB 230 KV,KERN,SCE,Soledad Solar,C15,WINDHUB,WINDHUB,C15,2311
C15:2252,ACTIVE,550.0,554.6,,,FULL CAPACITY (REQ),,MANNING 500 KV,FRESNO,LSPC,Solstice A,C15,MANNING,MANNING,C15,2252
C15:2254,ACTIVE,600.0,604.93,,,FULL CAPACITY (REQ),,MANNING 500 KV,FRESNO,LSPC,Solstice B,C15,MANNING,MANNING,C15,2254
C15:2253,ACTIVE,200.0,203.63,,,FULL CAPACITY (REQ),,MANNING 500 KV,FRESNO,LSPC,Solstice C,C15,MANNING,MANNING,C15,2253
C15:2251,ACTIVE,200.0,203.63,,,FULL CAPACITY (REQ),,MANNING 500 KV,FRESNO,LSPC,Solstice D,C15,MANNING,MANNING,C15,2251
C15:2250,ACTIVE,369.0,373.11,,,FULL CAPACITY (REQ),,MANNING 500 KV,FRESNO,LSPC,Stable,C15,MANNING,MANNING,C15,2250
C15:2331,ACTIVE,1000.0,1032.1121,,,ENERGY ONLY (REQ),,CIELO AZUL 500 KV,MARICOPA,DCRT,Stanley,C15,CIELO AZUL,CIELO AZUL,C15,2331
C15:2240,ACTIVE,700.0,715.1,,,ENERGY ONLY (REQ),,LUGO-PISGAH NO.2,SAN BERNARDINO,SCE,Sunflower,C15,LUGO PISGAH,LUGO-PISGAH NO.2,C15,2240
C15:2260,ACTIVE,362.0,372.165,,,FULL CAPACITY (REQ),,MANNING 500 KV,KINGS,LSPC,Sunglow,C15,MANNING,MANNING,C15,2260
C15:2319,ACTIVE,600.0,0.0,,,ENERGY ONLY (REQ),,MAGUNDEN-PASTORIA NO.3,KERN,SCE,Sunvine,C15,MAGUNDEN PASTORIA,MAGUNDEN-PASTORIA NO.3,C15,2319
C15:2258,ACTIVE,100.0,102.7,,,ENERGY ONLY (REQ),,ORO LOMA 115 KV,FRESNO,PGAE,Telluride,C15,ORO LOMA,ORO LOMA,C15,2258
C15:2301,ACTIVE,100.0,100.0,,,ENERGY ONLY (REQ),,ARCO-MIDWAY,KERN,PGAE,TENDRIL,C15,ARCO MIDWAY,ARCO-MIDWAY,C15,2301
C15:2272,ACTIVE,104.8,0.0,,,FULL CAPACITY (REQ),,BIRDS LANDING SW STA 230 KV,SOLANO,PGAE,Toland Renewable Energy Park,C15,BIRDS LANDING,BIRDS LANDING SW STA,C15,2272
C15:2317,ACTIVE,300.0,303.95,,,FULL CAPACITY (REQ),,MIRA LOMA 230 KV,SAN BERNARDINO,SCE,Twinkle,C15,MIRA LOMA,MIRA LOMA,C15,2317
C15:2321,ACTIVE,101.0,105.4,,,FULL CAPACITY (REQ),,WHIRLWIND 230 KV,KERN,SCE,Voyager Energy Storage,C15,WHIRLWIND,WHIRLWIND,C15,2321
C15:2259,ACTIVE,400.0,0.0,,,ENERGY ONLY (REQ),,RIO OSO 230 KV,SUTTER,PGAE,Whiskey Diggings,C15,RIO OSO,RIO OSO,C15,2259
C15:2352,ACTIVE,500.0,514.41,,,FULL CAPACITY (REQ),,CHINO 230 KV,SAN BERNARDINO,SCE,Yacht Rock,C15,CHINO,CHINO,C15,2352
C15:2247,ACTIVE,350.0,352.7437,,,FULL CAPACITY (REQ),,WHIRLWIND 230 KV,KERN,SCE,Zama,C15,WHIRLWIND,WHIRLWIND,C15,2247
C15:2264,ACTIVE,250.0,258.2079,,,FULL CAPACITY (REQ),,KASSON 115 KV,SAN JOAQUIN,PGAE,Zeitgeist K Energy Center,C15,KASSON,KASSON,C15,2264
C15:2229,WITHDRAWN,425.0,437.08,,,ENERGY ONLY (REQ),,MANNING 500 KV,KINGS,LSPC,Clay Flats,C15,MANNING,MANNING,C15,2229
C15:2202,WITHDRAWN,150.0,154.598,,,ENERGY ONLY (REQ),,MERCY SPRINGS SW STA 70 KV,MERCED,PGAE,Gibson,C15,MERCY SPRINGS,MERCY SPRINGS SW STA,C15,2202
C15:2283,WITHDRAWN,500.0,508.19,,,FULL CAPACITY (REQ),,BEATTY 230 KV,NYE,GLW,Amargosa SEZ,C15,BEATTY,BEATTY,C15,2283
C15:2290,WITHDRAWN,1000.0,1022.47,,,FULL CAPACITY (REQ),,VALLEY SWITCH 230 KV,NYE,GLW,Ashton Energy Center,C15,VALLEY,VALLEY SWITCH,C15,2290
C15:2228,WITHDRAWN,500.0,505.1,,,FULL CAPACITY (REQ),,ELDORADO 230 KV,CLARK,SCE,Grapevine 2,C15,ELDORADO,ELDORADO,C15,2228
C15:2211,WITHDRAWN,550.0,565.769988,,,FULL CAPACITY (REQ),,TROUT CANYON 230 KV,INYO,GLW,Campito Peak,C15,TROUT CANYON,TROUT CANYON,C15,2211
C15:2245,WITHDRAWN,550.0,565.769988,,,FULL CAPACITY (REQ),,SLOAN CANYON 230 KV,CLARK,GLW,Reed Meadow,C15,SLOAN CANYON,SLOAN CANYON,C15,2245
C15:2299,WITHDRAWN,162.0,171.104,,,FULL CAPACITY (REQ),,SALADO 115 KV,STANISLAUS,PGAE,Saltgrass,C15,SALADO,SALADO,C15,2299
C15:2309,WITHDRAWN,350.0,360.3123,,,FULL CAPACITY (REQ),,TROUT CANYON 500 KV,NYE,GLW,Cathedral,C15,TROUT CANYON,TROUT CANYON,C15,2309
C15:2241,WITHDRAWN,350.0,359.798,,,FULL CAPACITY (REQ),,MOHAVE 500 KV,CLARK,SCE,Hiko,C15,MOHAVE,MOHAVE,C15,2241
C15:2291,WITHDRAWN,350.0,352.9139,,,FULL CAPACITY (REQ),,DESERT VIEW-INNOVATION,CLARK,GLW,Onyx,C15,DESERT VIEW INNOVATION,DESERT VIEW-INNOVATION,C15,2291
C15:2242,WITHDRAWN,600.0,629.5905,,,ENERGY ONLY (REQ),,TROUT CANYON 230 KV,INYO,GLW,Borderline Solar,C15,TROUT CANYON,TROUT CANYON,C15,2242
C15:2270,WITHDRAWN,850.0,894.2191,,,ENERGY ONLY (REQ),,BEATTY 230 KV,NYE,GLW,Chance Solar,C15,BEATTY,BEATTY,C15,2270
C15:2326,WITHDRAWN,250.0,259.36,,,ENERGY ONLY (REQ),,CALIENTE SW STA-MIDWAY #1,KERN,PGAE,Aridpeak Storage,C15,CALIENTE MIDWAY,CALIENTE SW STA-MIDWAY #1,C15,2326
C15:2334,WITHDRAWN,350.0,350.0,,,FULL CAPACITY (REQ),,OLINDA 230 KV,LOS ANGELES,SCE,Esteli Energy Storage,C15,OLINDA,OLINDA,C15,2334
C15:2316,WITHDRAWN,100.0,104.96,,,FULL CAPACITY (REQ),,MESA 230KV,LOS ANGELES,SCE,Birdrock,C15,MESA,MESA,C15,2316
C15:2222,WITHDRAWN,100.15,103.68,,,FULL CAPACITY (REQ),,PIERCY 115 KV,STANISLAUS,PGAE,Peach Storage,C15,PIERCY,PIERCY,C15,2222
C15:2284,WITHDRAWN,400.0,405.28949,,,FULL CAPACITY (REQ),,TESLA 500 KV,SAN JOAQUIN,PGAE,POTENTIA-VIRIDI 2,C15,TESLA,TESLA,C15,2284
C15:2292,WITHDRAWN,1000.0,1014.4,,,ENERGY ONLY (REQ),,CIELO AZUL,LA PAZ,DCRT,BlueWater Solar,C15,CIELO AZUL,CIELO AZUL,C15,2292
C15:2371,WITHDRAWN,500.0,514.8781,,,FULL CAPACITY (REQ),,VINCENT 500 KV,LOS ANGELES,SCE,Connor,C15,VINCENT,VINCENT,C15,2371
C15:2271,WITHDRAWN,400.0,406.2,,,ENERGY ONLY (REQ),,VALLEY SWITCH 230 KV,NYE,GLW,White Oak Solar,C15,VALLEY,VALLEY SWITCH,C15,2271
C15:2218,WITHDRAWN,450.0,458.703,,,FULL CAPACITY (REQ),,LOS BANOS 500 KV,MERCED,PGAE,Leopard Storage,C15,LOS BANOS,LOS BANOS,C15,2218
C15:2324,WITHDRAWN,500.0,506.95128,,,FULL CAPACITY (REQ),,LUGO 500 KV,SAN BERNARDINO,SCE,Goldspur,C15,LUGO,LUGO,C15,2324
C15:2296,WITHDRAWN,400.01,405.48,,,FULL CAPACITY (REQ),,NORTH OF SONGS 500 KV,SAN DIEGO,HWT,Sing,C15,NORTH OF SONGS,NORTH OF SONGS,C15,2296
C15:2274,WITHDRAWN,300.0,306.59,,,FULL CAPACITY (REQ),,SAN ONOFRE 230 KV,SAN DIEGO,SCE,Vantage,C15,SAN ONOFRE,SAN ONOFRE,C15,2274
C15:2338,WITHDRAWN,0.0,0.0,,,ENERGY ONLY (REQ),,SOBRANTE-STANDARD OIL SW STA #1,CONTRA COSTA,PGAE,Raspberry Solar 1,C15,SOBRANTE STANDARD OIL,SOBRANTE-STANDARD OIL SW STA #1,C15,2338
C15:2203,WITHDRAWN,500.0,514.599,,,ENERGY ONLY (REQ),,HASSAYAMPA-HOODOO WASH,YUMA,SDGE,Pinecone,C15,HASSAYAMPA HOODOO WASH,HASSAYAMPA-HOODOO WASH,C15,2203
C15:2314,WITHDRAWN,250.0,258.193909,,,FULL CAPACITY (REQ),,GATES 500 KV,FRESNO,PGAE,Fritts,C15,GATES,GATES,C15,2314
C15:2335,WITHDRAWN,199.0,205.4614,,,FULL CAPACITY (REQ),,GATES 500 KV,FRESNO,PGAE,Superba,C15,GATES,GATES,C15,2335
C15:2243,WITHDRAWN,150.0,0.0,,,ENERGY ONLY (REQ),,INYOKERN 115 KV,INYO,SCE,Avenida Del Sul,C15,INYOKERN,INYOKERN,C15,2243
C15:2355,WITHDRAWN,550.0,564.5,,,FULL CAPACITY (REQ),,VINCENT 500 KV,LOS ANGELES,SCE,Nightcap,C15,VINCENT,VINCENT,C15,2355
C15:2354,WITHDRAWN,500.0,501.63,,,FULL CAPACITY (REQ),,MIDWAY-WHIRLWIND,KERN,PGAE,Buonissimo Energy,C15,MIDWAY WHIRLWIND,MIDWAY-WHIRLWIND,C15,2354
C15:2205,WITHDRAWN,50.0,51.48,,,FULL CAPACITY (REQ),,SAN MATEO 138 KV,ORANGE,SDGE,La Media,C15,SAN MATEO,SAN MATEO,C15,2205
C15:2281,WITHDRAWN,200.0,204.9,,,FULL CAPACITY (REQ),,GOLD HILL-EIGHT MILE ROAD,SAN JOAQUIN,PGAE,Chardonnay Storage Center,C15,GOLD HILL EIGHT MILE ROAD,GOLD HILL-EIGHT MILE ROAD,C15,2281
C15:2358,WITHDRAWN,50.0,50.46,,,FULL CAPACITY (REQ),,LLAGAS 115 KV,SANTA CLARA,PGAE,Garden Green Solar,C15,LLAGAS,LLAGAS,C15,2358
C15:2217,WITHDRAWN,475.0,490.734,,,FULL CAPACITY (REQ),,LOS BANOS 500 KV,MERCED,PGAE,Baca,C15,LOS BANOS,LOS BANOS,C15,2217
C15:2256,WITHDRAWN,400.0,0.0,,,ENERGY ONLY (REQ),,COLORADO RIVER 500 KV,RIVERSIDE,SCE,Calypso Solar 2,C15,COLORADO RIVER,COLORADO RIVER,C15,2256
C15:2315,WITHDRAWN,614.0,620.58,,,FULL CAPACITY (REQ),,LUGO 500 KV,SAN BERNARDINO,SCE,Date Palm,C15,LUGO,LUGO,C15,2315
C15:2303,WITHDRAWN,500.0,500.0,,,FULL CAPACITY (REQ),,LUGO 500 KV,SAN BERNARDINO,SCE,RIGHTEOUS ENERGY STORAGE,C15,LUGO,LUGO,C15,2303
C15:2233,WITHDRAWN,250.0,0.0,,,ENERGY ONLY (REQ),,MANNING - TRANQUILITY #1,FRESNO,PGAE,Whiptail Solar,C15,MANNING TRANQUILITY,MANNING - TRANQUILITY #1,C15,2233
C15:2276,WITHDRAWN,300.0,303.96,,,FULL CAPACITY (REQ),,TESLA 230 KV,ALAMEDA,PGAE,Ace,C15,TESLA,TESLA,C15,2276
C15:2287,WITHDRAWN,300.0,304.19,,,FULL CAPACITY (REQ),,TESLA 230 KV,ALAMEDA,PGAE,Flamingo,C15,TESLA,TESLA,C15,2287
C15:2310,WITHDRAWN,700.0,716.4,,,ENERGY ONLY (REQ),,MOHAVE 500 KV,MOHAVE,SCE,Icarus Solar,C15,MOHAVE,MOHAVE,C15,2310
C15:2337,WITHDRAWN,207.0,215.75,,,FULL CAPACITY (REQ),,MANNING 500 KV,FRESNO,LSPC,Tumey Hills Energy Storage,C15,MANNING,MANNING,C15,2337
C15:2213,WITHDRAWN,100.0,50.19,,,ENERGY ONLY (REQ),,IMPERIAL VALLEY 230 KV,IMPERIAL,SDGE,Amberjill Energy,C15,IMPERIAL VALLEY,IMPERIAL VALLEY,C15,2213
C15:2369,WITHDRAWN,600.28,609.3,,,FULL CAPACITY (REQ),,TESLA 230 KV,ALAMEDA,PGAE,Blue Oak Storage 2,C15,TESLA,TESLA,C15,2369
C15:2363,WITHDRAWN,60.07,61.8,,,FULL CAPACITY (REQ),,METCALF 230 KV,SANTA CLARA,PGAE,Castoria BESS,C15,METCALF,METCALF,C15,2363
C15:2346,WITHDRAWN,200.0,200.0,,,FULL CAPACITY (REQ),,LOS BANOS 500 KV,MERCED,PGAE,Copper Cloud,C15,LOS BANOS,LOS BANOS,C15,2346
C15:2347,WITHDRAWN,270.0,270.0,,,FULL CAPACITY (REQ),,LOS BANOS 500 KV,MERCED,PGAE,CRESTLEY,C15,LOS BANOS,LOS BANOS,C15,2347
C15:2230,WITHDRAWN,300.0,308.7,,,FULL CAPACITY (REQ),,MILPITAS 115 KV,SANTA CLARA,PGAE,HillRich,C15,MILPITAS,MILPITAS,C15,2230
C15:2225,WITHDRAWN,64.0,64.36,,,FULL CAPACITY (REQ),,SALADO 115 KV,STANISLAUS,PGAE,Jupiter Bowl,C15,SALADO,SALADO,C15,2225
C15:2345,WITHDRAWN,400.0,400.0,,,FULL CAPACITY (REQ),,LOS BANOS 500 KV,MERCED,PGAE,Silkie,C15,LOS BANOS,LOS BANOS,C15,2345
C15:2348,WITHDRAWN,500.0,516.0,,,FULL CAPACITY (REQ),,LUGO 500 KV,SAN BERNARDINO,SCE,Victorious,C15,LUGO,LUGO,C15,2348
C15:2278,WITHDRAWN,199.0,205.0,,,FULL CAPACITY (REQ),,PIERCY 115 KV,SANTA CLARA,PGAE,Grand BESS,C15,PIERCY,PIERCY,C15,2278
C15:2330,WITHDRAWN,100.0,103.0,,,ENERGY ONLY (REQ),,GLENN 230 KV,TEHAMA,PGAE,Mandorla,C15,GLENN,GLENN,C15,2330
C15:2255,WITHDRAWN,200.0,206.0,,,FULL CAPACITY (REQ),,LOS BANOS 500 KV,SAN BENITO,PGAE,Mystic Ridge,C15,LOS BANOS,LOS BANOS,C15,2255
C15:2307,WITHDRAWN,150.0,154.4,,,ENERGY ONLY (REQ),,HENRIETTA 230 KV,KINGS,PGAE,Redpoint,C15,HENRIETTA,HENRIETTA,C15,2307
C15:2289,WITHDRAWN,1150.0,1173.48,,,FULL CAPACITY (REQ),,MIDWAY - VINCENT 500KV #1,KERN,SCE,Boson,C15,MIDWAY VINCENT,MIDWAY - VINCENT,C15,2289
C15:2295,WITHDRAWN,10.0,0.0,,,ENERGY ONLY (REQ),,CARIBOU - WESTWOOD,LASSEN,PGAE,Mount Lassen Power Plant,C15,CARIBOU WESTWOOD,CARIBOU - WESTWOOD,C15,2295
C15:2367,WITHDRAWN,10.0,10.072,,,FULL CAPACITY (REQ),,SOLEDAD #1 60KV,MONTEREY,PGAE,Blacktail Energy Storage,C15,SOLEDAD,SOLEDAD #1,C15,2367
C15:2364,WITHDRAWN,150.0,157.6,,,FULL CAPACITY (REQ),,LUGO 500 KV,SAN BERNARDINO,SCE,Castle Rock Energy Storage,C15,LUGO,LUGO,C15,2364
C15:2365,WITHDRAWN,22.0,22.205,,,FULL CAPACITY (REQ),,SOLEDAD #2 60KV,MONTEREY,PGAE,Redtail Energy Storage,C15,SOLEDAD,SOLEDAD #2,C15,2365
C15:2285,WITHDRAWN,400.01,404.31,,,FULL CAPACITY (REQ),,TESLA 230 KV,ALAMEDA,PGAE,Tea Leaf Energy Storage,C15,TESLA,TESLA,C15,2285
C15:2235,WITHDRAWN,150.0,153.69,,,FULL CAPACITY (REQ),,BELLOTA-RIVERBANK,SAN JOAQUIN,PGAE,Zinfandel Storage Center,C15,BELLOTA RIVERBANK,BELLOTA-RIVERBANK,C15,2235
C15:2322,WITHDRAWN,500.01,504.9,,,FULL CAPACITY (REQ),,LUGO 500 KV,SAN BERNARDINO,SCE,Ambar Energy Storage,C15,LUGO,LUGO,C15,2322
C15:2318,WITHDRAWN,199.0,204.93,,,FULL CAPACITY (REQ),,MIRA LOMA 230 KV,SAN BERNARDINO,SCE,Mt Baldy Energy Storage 2,C15,MIRA LOMA,MIRA LOMA,C15,2318
C15:2302,WITHDRAWN,199.0,204.93,,,FULL CAPACITY (REQ),,CHINO 230 KV,SAN BERNARDINO,SCE,Saguaro Energy Storage,C15,CHINO,CHINO,C15,2302
C15:2277,WITHDRAWN,180.0,185.643,,,ENERGY ONLY (REQ),,LE GRAND 115 KV,MERCED,PGAE,Circinus,C15,LE GRAND,LE GRAND,C15,2277
C15:2239,WITHDRAWN,1150.0,1167.705,,,FULL CAPACITY (REQ),,MANNING 500 KV,FRESNO,LSPC,Pion,C15,MANNING,MANNING,C15,2239
C15:2267,WITHDRAWN,1150.0,1175.3,,,FULL CAPACITY (REQ),,HARLAN SW STA 500 KV,FRESNO,PGAE,Quark,C15,HARLAN,HARLAN SW STA,C15,2267
C15:2304,WITHDRAWN,100.0,101.93,,,FULL CAPACITY (REQ),,QUINTO SW STA 230 KV,MERCED,PGAE,Droga,C15,QUINTO,QUINTO SW STA,C15,2304
C15:2223,WITHDRAWN,130.0,133.76,,,FULL CAPACITY (REQ),,FINK SW STA 230 KV,STANISLAUS,PGAE,Geras,C15,FINK,FINK SW STA,C15,2223
C15:2329,WITHDRAWN,450.0,0.0,,,ENERGY ONLY (REQ),,WINDHUB 500 KV,KERN,SCE,Torbino Solar,C15,WINDHUB,WINDHUB,C15,2329
C15:2261,WITHDRAWN,99.0,102.15,,,FULL CAPACITY (REQ),,LAMMERS 115 KV,SAN JOAQUIN,PGAE,Cassia,C15,LAMMERS,LAMMERS,C15,2261
C15:2323,WITHDRAWN,500.0,513.99,,,FULL CAPACITY (REQ),,RANCHO VISTA 230 KV,SAN BERNARDINO,SCE,Fontus,C15,RANCHO VISTA,RANCHO VISTA,C15,2323
C15:2325,WITHDRAWN,490.0,505.6459,,,FULL CAPACITY (REQ),,LUGO 500 KV,SAN BERNARDINO,SCE,Galicia Storage,C15,LUGO,LUGO,C15,2325
C15:2312,WITHDRAWN,500.0,522.019348,,,ENERGY ONLY (REQ),,MAGUNDEN-SPRINGVILLE NO.1 220 KV,TULARE,SCE,Musketeers,C15,MAGUNDEN SPRINGVILLE,MAGUNDEN-SPRINGVILLE NO.1,C15,2312
C15:2341,WITHDRAWN,200.0,206.24,,,FULL CAPACITY (REQ),,VINCENT 230 KV,LOS ANGELES,SCE,Rover,C15,VINCENT,VINCENT,C15,2341
C15:2236,WITHDRAWN,500.0,518.6815,,,FULL CAPACITY (REQ),,LUGO 500 KV,SAN BERNARDINO,SCE,Summit Valley Energy Storage,C15,LUGO,LUGO,C15,2236
C15:2353,WITHDRAWN,199.0,205.403,,,FULL CAPACITY (REQ),,LUGO 500 KV,SAN BERNARDINO,SCE,Cabrera Reliability,C15,LUGO,LUGO,C15,2353
C15:2231,WITHDRAWN,100.0,103.0000006,,,FULL CAPACITY (REQ),,LOCKEFORD 115 KV,SAN JOAQUIN,PGAE,Tioga Pass,C15,LOCKEFORD,LOCKEFORD,C15,2231
C15:2340,WITHDRAWN,100.0,104.97,,,FULL CAPACITY (REQ),,EAGLE ROCK 230 KV,LOS ANGELES,SCE,Ulua,C15,EAGLE ROCK,EAGLE ROCK,C15,2340
C15:2320,WITHDRAWN,500.0,518.0683,,,FULL CAPACITY (REQ),,LUGO 500 KV,SAN BERNARDINO,SCE,Lupine Energy Center,C15,LUGO,LUGO,C15,2320
C15:2350,WITHDRAWN,1000.0,1029.0,,,FULL CAPACITY (REQ),,VIEJO 230 KV,ORANGE,SCE,Crusade,C15,VIEJO,VIEJO,C15,2350
