plant_code,plant_name,utility_name,state,county,lat,lon,ba,td_owner,source_file,source_run_date,pipeline_commit,pipeline_run,node_key
34,Rollins,Nevada Irrigation District,CA,Placer,39.134259,-120.953341,CISO,Pacific Gas & Electric Co,eia860.zip,,5988a32,2026-09-15T19:25:24Z,
72,Venice Hydro,Metropolitan Water District of S CA,CA,Los Angeles,34.01135,-118.4168,CISO,Southern California Edison Co,eia860.zip,,5988a32,2026-09-15T19:25:24Z,LA CIENEGA
104,J S Eastwood,Southern California Edison Co,CA,Fresno,37.147926,-119.2567,CISO,Southern California Edison Co,eia860.zip,,5988a32,2026-09-15T19:25:24Z,
180,Volta 2,Pacific Gas & Electric Co.,CA,Shasta,40.45193,-121.86215,CISO,Pacific Gas & Electric Co,eia860.zip,,5988a32,2026-09-15T19:25:24Z,
214,Alta Powerhouse,Pacific Gas & Electric Co.,CA,Placer,39.215979,-120.80355,CISO,Pacific Gas & Electric Co,eia860.zip,,5988a32,2026-09-15T19:25:24Z,
215,Angels,Utica Water & Power Authority,CA,Calaveras,38.071944,-120.539444,CISO,Pacific Gas & Electric Co,eia860.zip,,5988a32,2026-09-15T19:25:24Z,
217,Balch 1,Pacific Gas & Electric Co.,CA,Fresno,36.909137,-119.087712,CISO,Pacific Gas & Electric Co,eia860.zip,,5988a32,2026-09-15T19:25:24Z,
218,Balch 2,Pacific Gas & Electric Co.,CA,Fresno,36.908907,-119.087556,CISO,Pacific Gas & Electric Co,eia860.zip,,5988a32,2026-09-15T19:25:24Z,
219,Belden,Pacific Gas & Electric Co.,CA,Plumas,40.007445,-121.249438,CISO,Pacific Gas & Electric Co,eia860.zip,,5988a32,2026-09-15T19:25:24Z,
220,Bucks Creek,Pacific Gas & Electric Co.,CA,Plumas,39.91062,-121.327692,CISO,Pacific Gas & Electric Co,eia860.zip,,5988a32,2026-09-15T19:25:24Z,
221,Butt Valley,Pacific Gas & Electric Co.,CA,Plumas,40.175656,-121.190663,CISO,Pacific Gas & Electric Co,eia860.zip,,5988a32,2026-09-15T19:25:24Z,
222,Caribou 1,Pacific Gas & Electric Co.,CA,Plumas,40.085476,-121.148241,CISO,Pacific Gas & Electric Co,eia860.zip,,5988a32,2026-09-15T19:25:24Z,
223,Caribou 2,Pacific Gas & Electric Co.,CA,Plumas,40.085997,-121.149373,CISO,Pacific Gas & Electric Co,eia860.zip,,5988a32,2026-09-15T19:25:24Z,
224,Centerville PH,Pacific Gas & Electric Co.,CA,Butte,39.788877,-121.657383,CISO,Pacific Gas & Electric Co,eia860.zip,,5988a32,2026-09-15T19:25:24Z,
225,Chili Bar,Sacramento Municipal Util Dist,CA,El Dorado,38.771764,-120.813239,CISO,Pacific Gas & Electric Co.,eia860.zip,,5988a32,2026-09-15T19:25:24Z,
226,Coal Canyon,Pacific Gas & Electric Co.,CA,Butte,39.605043,-121.600525,CISO,Pacific Gas & Electric Co,eia860.zip,,5988a32,2026-09-15T19:25:24Z,
227,Coleman PH,Pacific Gas & Electric Co.,CA,Shasta,40.404645,-122.121904,CISO,Pacific Gas & Electric Co,eia860.zip,,5988a32,2026-09-15T19:25:24Z,
229,Cow Creek,Pacific Gas & Electric Co.,CA,Shasta,40.570817,-122.02093,CISO,Pacific Gas & Electric Co,eia860.zip,,5988a32,2026-09-15T19:25:24Z,
231,Cresta,Pacific Gas & Electric Co.,CA,Butte,39.825907,-121.409687,CISO,Pacific Gas & Electric Co,eia860.zip,,5988a32,2026-09-15T19:25:24Z,
232,De Sabla,Pacific Gas & Electric Co.,CA,Butte,39.869265,-121.631819,CISO,Pacific Gas & Electric Co,eia860.zip,,5988a32,2026-09-15T19:25:24Z,
233,Deer Creek PH,Nevada Irrigation District,CA,Nevada,39.29807,-120.8443,CISO,Pacific Gas & Electric Co,eia860.zip,,5988a32,2026-09-15T19:25:24Z,
235,Drum 1,Pacific Gas & Electric Co.,CA,Placer,39.256873,-120.767437,CISO,Pacific Gas & Electric Co,eia860.zip,,5988a32,2026-09-15T19:25:24Z,
236,Drum 2,Pacific Gas & Electric Co.,CA,Placer,39.257388,-120.767046,CISO,Pacific Gas & Electric Co,eia860.zip,,5988a32,2026-09-15T19:25:24Z,
237,Dutch Flat,Pacific Gas & Electric Co.,CA,Placer,39.216985,-120.835587,CISO,Pacific Gas & Electric Co,eia860.zip,,5988a32,2026-09-15T19:25:24Z,
238,El Dorado,El Dorado Irrigation District,CA,El Dorado,38.793574,-120.619152,CISO,Pacific Gas & Electric Co,eia860.zip,,5988a32,2026-09-15T19:25:24Z,
239,Electra,Pacific Gas & Electric Co.,CA,Amador,38.330985,-120.669901,CISO,Pacific Gas & Electric Co,eia860.zip,,5988a32,2026-09-15T19:25:24Z,
240,Haas,Pacific Gas & Electric Co.,CA,Fresno,36.927424,-119.02025,CISO,Pacific Gas & Electric Co,eia860.zip,,5988a32,2026-09-15T19:25:24Z,
241,Halsey,Pacific Gas & Electric Co.,CA,Placer,38.956985,-121.041932,CISO,Pacific Gas & Electric Co,eia860.zip,,5988a32,2026-09-15T19:25:24Z,
242,Hamilton Branch,Pacific Gas & Electric Co.,CA,Plumas,40.268712,-121.089479,CISO,Pacific Gas & Electric Co,eia860.zip,,5988a32,2026-09-15T19:25:24Z,
243,Hat Creek 1,Pacific Gas & Electric Co.,CA,Shasta,40.929297,-121.544462,CISO,Pacific Gas & Electric Co,eia860.zip,,5988a32,2026-09-15T19:25:24Z,
244,Hat Creek 2,Pacific Gas & Electric Co.,CA,Shasta,40.960675,-121.548657,CISO,Pacific Gas & Electric Co,eia860.zip,,5988a32,2026-09-15T19:25:24Z,
246,Humboldt Bay,Pacific Gas & Electric Co.,CA,Humboldt,40.7415,-124.2103,CISO,Pacific Gas & Electric Co,eia860.zip,,5988a32,2026-09-15T19:25:24Z,HUMBOLDT BAY HUMBOLDT
248,Inskip,Pacific Gas & Electric Co.,CA,Tehama,40.400988,-121.965502,CISO,Pacific Gas & Electric Co,eia860.zip,,5988a32,2026-09-15T19:25:24Z,
249,James B Black,Pacific Gas & Electric Co.,CA,Shasta,40.992295,-121.975182,CISO,Pacific Gas & Electric Co,eia860.zip,,5988a32,2026-09-15T19:25:24Z,
250,Kerckhoff,Pacific Gas & Electric Co.,CA,Fresno,37.092486,-119.552826,CISO,Pacific Gas & Electric Co,eia860.zip,,5988a32,2026-09-15T19:25:24Z,
253,Kilarc,Pacific Gas & Electric Co.,CA,Shasta,40.677827,-121.873253,CISO,Pacific Gas & Electric Co,eia860.zip,,5988a32,2026-09-15T19:25:24Z,
254,Kings River PH,Pacific Gas & Electric Co.,CA,Fresno,36.888166,-119.158777,CISO,Pacific Gas & Electric Co,eia860.zip,,5988a32,2026-09-15T19:25:24Z,
255,Lime Saddle,Pacific Gas & Electric Co.,CA,Butte,39.698755,-121.57096,CISO,Pacific Gas & Electric Co,eia860.zip,,5988a32,2026-09-15T19:25:24Z,
258,Merced Falls,Merced Irrigation District,CA,Merced,37.52301,-120.329905,CISO,Pacific Gas & Electric Co,eia860.zip,,5988a32,2026-09-15T19:25:24Z,
260,Dynegy Moss Landing Power Plant Hybrid,Dynegy -Moss Landing LLC,CA,Monterey,36.804837,-121.782241,CISO,Pacific Gas & Electric Co,eia860.zip,,5988a32,2026-09-15T19:25:24Z,MOSS LANDING
261,Murphys,Utica Water & Power Authority,CA,Calaveras,38.147093,-120.446396,CISO,Pacific Gas & Electric Co,eia860.zip,,5988a32,2026-09-15T19:25:24Z,
262,Narrows PH,Yuba County Water Agency - (CA),CA,Nevada,39.2364,-121.271741,CISO,Pacific Gas & Electric Co,eia860.zip,,5988a32,2026-09-15T19:25:24Z,
264,Phoenix,Pacific Gas & Electric Co.,CA,Tuolumne,38.032103,-120.326537,CISO,Pacific Gas & Electric Co,eia860.zip,,5988a32,2026-09-15T19:25:24Z,
265,Pit 1,Pacific Gas & Electric Co.,CA,Shasta,40.99084,-121.498243,CISO,Pacific Gas & Electric Co,eia860.zip,,5988a32,2026-09-15T19:25:24Z,
266,Pit 3,Pacific Gas & Electric Co.,CA,Shasta,40.997448,-121.748139,CISO,Pacific Gas & Electric Co,eia860.zip,,5988a32,2026-09-15T19:25:24Z,
267,Pit 4,Pacific Gas & Electric Co.,CA,Shasta,40.986361,-121.84944,CISO,Pacific Gas & Electric Co,eia860.zip,,5988a32,2026-09-15T19:25:24Z,
268,Pit 5,Pacific Gas & Electric Co.,CA,Shasta,40.986197,-121.977594,CISO,Pacific Gas & Electric Co,eia860.zip,,5988a32,2026-09-15T19:25:24Z,
269,Pit 6,Pacific Gas & Electric Co.,CA,Shasta,40.922568,-121.992906,CISO,Pacific Gas & Electric Co,eia860.zip,,5988a32,2026-09-15T19:25:24Z,
270,Pit 7,Pacific Gas & Electric Co.,CA,Shasta,40.847462,-121.990798,CISO,Pacific Gas & Electric Co,eia860.zip,,5988a32,2026-09-15T19:25:24Z,
272,Poe,Pacific Gas & Electric Co.,CA,Butte,39.722892,-121.469814,CISO,Pacific Gas & Electric Co,eia860.zip,,5988a32,2026-09-15T19:25:24Z,
274,Potter Valley,Pacific Gas & Electric Co.,CA,Mendocino,39.361786,-123.127934,CISO,Pacific Gas & Electric Co,eia860.zip,,5988a32,2026-09-15T19:25:24Z,
275,Rock Creek,Pacific Gas & Electric Co.,CA,Plumas,39.90521,-121.345226,CISO,Pacific Gas & Electric Co,eia860.zip,,5988a32,2026-09-15T19:25:24Z,
276,San Joaquin 2,Pacific Gas & Electric Co.,CA,Madera,37.203233,-119.497508,CISO,Pacific Gas & Electric Co,eia860.zip,,5988a32,2026-09-15T19:25:24Z,
277,San Joaquin 3,Pacific Gas & Electric Co.,CA,Madera,37.253718,-119.519352,CISO,Pacific Gas & Electric Co,eia860.zip,,5988a32,2026-09-15T19:25:24Z,
279,Salt Springs,Pacific Gas & Electric Co.,CA,Amador,38.497914,-120.21811,CISO,Pacific Gas & Electric Co,eia860.zip,,5988a32,2026-09-15T19:25:24Z,
280,South,Pacific Gas & Electric Co.,CA,Tehama,40.395396,-121.879186,CISO,Pacific Gas & Electric Co,eia860.zip,,5988a32,2026-09-15T19:25:24Z,
281,Spaulding 1,Pacific Gas & Electric Co.,CA,Nevada,39.324613,-120.644807,CISO,Pacific Gas & Electric Co,eia860.zip,,5988a32,2026-09-15T19:25:24Z,
282,Spaulding 2,Pacific Gas & Electric Co.,CA,Nevada,39.324592,-120.645375,CISO,Pacific Gas & Electric Co,eia860.zip,,5988a32,2026-09-15T19:25:24Z,
283,Spaulding 3,Pacific Gas & Electric Co.,CA,Nevada,39.337679,-120.635467,CISO,Pacific Gas & Electric Co,eia860.zip,,5988a32,2026-09-15T19:25:24Z,
284,Spring Gap,Pacific Gas & Electric Co.,CA,Tuolumne,38.18653,-120.11168,CISO,Pacific Gas & Electric Co,eia860.zip,,5988a32,2026-09-15T19:25:24Z,
285,Stanislaus,Pacific Gas & Electric Co.,CA,Tuolumne,38.139048,-120.370325,CISO,Pacific Gas & Electric Co,eia860.zip,,5988a32,2026-09-15T19:25:24Z,
286,Geysers Unit 5-20,Geysers Power Co LLC,CA,Sonoma,38.777,-122.745,CISO,Pacific Gas & Electric Co,eia860.zip,,5988a32,2026-09-15T19:25:24Z,
287,Tiger Creek,Pacific Gas & Electric Co.,CA,Amador,38.449291,-120.492645,CISO,Pacific Gas & Electric Co,eia860.zip,,5988a32,2026-09-15T19:25:24Z,
289,Tule River,Tule Hydro LLC ,CA,Tulare,36.163076,-118.707104,CISO,Pacific Gas & Electric Co,eia860.zip,,5988a32,2026-09-15T19:25:24Z,
290,Volta 1,Pacific Gas & Electric Co.,CA,Shasta,40.459111,-121.86708,CISO,Pacific Gas & Electric Co,eia860.zip,,5988a32,2026-09-15T19:25:24Z,
291,West Point PH,Pacific Gas & Electric Co.,CA,Amador,38.420898,-120.549572,CISO,Pacific Gas & Electric Co,eia860.zip,,5988a32,2026-09-15T19:25:24Z,
292,Wise,Pacific Gas & Electric Co.,CA,Placer,38.889862,-121.098525,CISO,Pacific Gas & Electric Co,eia860.zip,,5988a32,2026-09-15T19:25:24Z,
293,A G Wishon,Pacific Gas & Electric Co.,CA,Madera,37.15105,-119.504724,CISO,Pacific Gas & Electric Co,eia860.zip,,5988a32,2026-09-15T19:25:24Z,
309,Silver Gate,San Diego Gas & Electric Co,CA,San Diego,32.697222,-117.114722,CISO,,eia860.zip,,5988a32,2026-09-15T19:25:24Z,
315,AES Alamitos LLC,AES Alamitos LLC,CA,Los Angeles,33.7688,-118.1009,CISO,Southern California Edison Co,eia860.zip,,5988a32,2026-09-15T19:25:24Z,
317,Big Creek 1,Southern California Edison Co,CA,Fresno,37.2042,-119.2396,CISO,Southern California Edison Co,eia860.zip,,5988a32,2026-09-15T19:25:24Z,
318,Big Creek 2,Southern California Edison Co,CA,Fresno,37.2,-119.3069,CISO,Southern California Edison Co,eia860.zip,,5988a32,2026-09-15T19:25:24Z,
319,Big Creek 3,Southern California Edison Co,CA,Fresno,37.148517,-119.386623,CISO,Southern California Edison Co,eia860.zip,,5988a32,2026-09-15T19:25:24Z,
320,Big Creek 4,Southern California Edison Co,CA,Madera,37.139,-119.4898,CISO,Southern California Edison Co,eia860.zip,,5988a32,2026-09-15T19:25:24Z,
321,Big Creek 8,Southern California Edison Co,CA,Fresno,37.2096,-119.3289,CISO,Southern California Edison Co,eia860.zip,,5988a32,2026-09-15T19:25:24Z,
322,Big Creek 2A,Southern California Edison Co,CA,Fresno,37.200062,-119.30681,CISO,Southern California Edison Co,eia860.zip,,5988a32,2026-09-15T19:25:24Z,
323,Bishop Creek 2,Southern California Edison Co,CA,Inyo,37.273581,-118.573339,CISO,Southern California Edison Co,eia860.zip,,5988a32,2026-09-15T19:25:24Z,
324,Bishop Creek 3,Southern California Edison Co,CA,Inyo,37.301962,-118.531957,CISO,Southern California Edison Co,eia860.zip,,5988a32,2026-09-15T19:25:24Z,
325,Bishop Creek 4,Southern California Edison Co,CA,Inyo,37.323035,-118.501714,CISO,Southern California Edison Co,eia860.zip,,5988a32,2026-09-15T19:25:24Z,CONTROL
326,Bishop Creek 5,Southern California Edison Co,CA,Inyo,37.3344,-118.4797,CISO,Southern California Edison Co,eia860.zip,,5988a32,2026-09-15T19:25:24Z,CONTROL
327,Bishop Creek 6,Southern California Edison Co,CA,Inyo,37.3499,-118.4628,CISO,Southern California Edison Co,eia860.zip,,5988a32,2026-09-15T19:25:24Z,CONTROL
328,Borel,Southern California Edison Co,CA,Kern,35.588069,-118.524804,CISO,Southern California Edison Co,eia860.zip,,5988a32,2026-09-15T19:25:24Z,
332,Fontana,Southern California Edison Co,CA,San Bernardino,34.155162,-117.397119,CISO,Southern California Edison Co,eia860.zip,,5988a32,2026-09-15T19:25:24Z,
335,AES Huntington Beach LLC,AES Huntington Beach LLC,CA,Orange,33.6439,-117.9792,CISO,Southern California Edison Co,eia860.zip,,5988a32,2026-09-15T19:25:24Z,
336,Kaweah 2,Southern California Edison Co,CA,Tulare,36.461326,-118.87988,CISO,Southern California Edison Co,eia860.zip,,5988a32,2026-09-15T19:25:24Z,
337,Kaweah 1,Southern California Edison Co,CA,Tulare,36.465066,-118.862023,CISO,Southern California Edison Co,eia860.zip,,5988a32,2026-09-15T19:25:24Z,
338,Kaweah 3,Southern California Edison Co,CA,Tulare,36.486059,-118.835645,CISO,Southern California Edison Co,eia860.zip,,5988a32,2026-09-15T19:25:24Z,
339,Kern River 3,Southern California Edison Co,CA,Kern,35.776185,-118.436233,CISO,Southern California Edison Co,eia860.zip,,5988a32,2026-09-15T19:25:24Z,
340,Kern River 1,Southern California Edison Co,CA,Kern,35.460303,-118.77959,CISO,Southern California Edison Co,eia860.zip,,5988a32,2026-09-15T19:25:24Z,
341,Long Beach Generation,Long Beach Generation LLC,CA,Los Angeles,33.7641,-118.2248,CISO,Southern California Edison Co,eia860.zip,,5988a32,2026-09-15T19:25:24Z,HARBORGEN
342,Lundy,Southern California Edison Co,CA,Mono,38.042729,-119.172015,CISO,Southern California Edison Co,eia860.zip,,5988a32,2026-09-15T19:25:24Z,
344,Mammoth Pool,Southern California Edison Co,CA,Madera,37.220302,-119.337983,CISO,Southern California Edison Co,eia860.zip,,5988a32,2026-09-15T19:25:24Z,
350,Ormond Beach,"Ormond Beach Power, LLC",CA,Ventura,34.1292,-119.1689,CISO,Southern California Edison Co,eia860.zip,,5988a32,2026-09-15T19:25:24Z,
353,Poole,Southern California Edison Co,CA,Mono,37.944237,-119.2161,CISO,Southern California Edison Co,eia860.zip,,5988a32,2026-09-15T19:25:24Z,
354,Portal,Southern California Edison Co,CA,Fresno,37.257045,-119.158936,CISO,Southern California Edison Co,eia860.zip,,5988a32,2026-09-15T19:25:24Z,
357,Rush Creek,Southern California Edison Co,CA,Mono,37.766954,-119.123284,CISO,Southern California Edison Co,eia860.zip,,5988a32,2026-09-15T19:25:24Z,
358,Mountainview Generating Station,Southern California Edison Co,CA,San Bernardino,34.0818,-117.2418,CISO,Southern California Edison Co,eia860.zip,,5988a32,2026-09-15T19:25:24Z,SAN BERNARDINO
360,San Onofre Nuclear Generating Station,Southern California Edison Co,CA,San Diego,33.368794,-117.554916,CISO,Southern California Edison Co,eia860.zip,,5988a32,2026-09-15T19:25:24Z,
361,Santa Ana 1,Southern California Edison Co,CA,San Bernardino,34.14522,-117.058481,CISO,Southern California Edison Co,eia860.zip,,5988a32,2026-09-15T19:25:24Z,
363,Santa Ana 3,Southern California Edison Co,CA,San Bernardino,34.107245,-117.099091,CISO,Southern California Edison Co,eia860.zip,,5988a32,2026-09-15T19:25:24Z,
365,Lower Tule River,Southern California Edison Co,CA,Tulare,36.13568,-118.788868,CISO,Southern California Edison Co,eia860.zip,,5988a32,2026-09-15T19:25:24Z,
376,Pardee,East Bay Municipal Util Dist - (CA),CA,Calaveras,38.2569,-120.8507,CISO,Pacific Gas & Electric Co,eia860.zip,,5988a32,2026-09-15T19:25:24Z,
380,Dion R Holm,City & County of San Francisco - (CA),CA,Tuolumne,37.896649,-119.9675,CISO,City & County of San Francisco,eia860.zip,,5988a32,2026-09-15T19:25:24Z,
381,Moccasin,City & County of San Francisco - (CA),CA,Tuolumne,37.809388,-120.299254,CISO,City & County of San Francisco,eia860.zip,,5988a32,2026-09-15T19:25:24Z,
382,R C Kirkwood,City & County of San Francisco - (CA),CA,Tuolumne,37.877667,-119.953233,CISO,City & County of San Francisco,eia860.zip,,5988a32,2026-09-15T19:25:24Z,
409,Exchequer,Merced Irrigation District,CA,Mariposa,37.584345,-120.26859,CISO,Pacific Gas & Electric Co,eia860.zip,,5988a32,2026-09-15T19:25:24Z,
410,McSwain,Merced Irrigation District,CA,Mariposa,37.522065,-120.31009,CISO,Pacific Gas & Electric Co,eia860.zip,,5988a32,2026-09-15T19:25:24Z,
412,Chicago Park,Nevada Irrigation District,CA,Nevada,39.177903,-120.890856,CISO,Pacific Gas & Electric Co,eia860.zip,,5988a32,2026-09-15T19:25:24Z,
413,Dutch Flat 2,Nevada Irrigation District,CA,Nevada,39.2184,-120.8352,CISO,Pacific Gas & Electric Co,eia860.zip,,5988a32,2026-09-15T19:25:24Z,
414,Beardsley,Oakdale&South San Joaquin Irrigation D.,CA,Tuolumne,38.202569,-120.076983,CISO,Pacific Gas & Electric Co,eia860.zip,,5988a32,2026-09-15T19:25:24Z,
415,Donnells,Oakdale&South San Joaquin Irrigation D.,CA,Tuolumne,38.246656,-120.034072,CISO,Pacific Gas & Electric Co,eia860.zip,,5988a32,2026-09-15T19:25:24Z,
416,Tulloch,Oakdale&South San Joaquin Irrigation D.,CA,Tuolumne,37.876111,-120.605,CISO,Pacific Gas & Electric Co,eia860.zip,,5988a32,2026-09-15T19:25:24Z,
417,Forbestown,South Feather Water and Power Agency,CA,Butte,39.551012,-121.278784,CISO,Pacific Gas & Electric Co,eia860.zip,,5988a32,2026-09-15T19:25:24Z,
418,Kelly Ridge,South Feather Water and Power Agency,CA,Butte,39.531784,-121.491247,CISO,Pacific Gas & Electric Co,eia860.zip,,5988a32,2026-09-15T19:25:24Z,
419,Woodleaf,South Feather Water and Power Agency,CA,Butte,39.553811,-121.204077,CISO,Pacific Gas & Electric Co,eia860.zip,,5988a32,2026-09-15T19:25:24Z,
420,Broadway (CA),City of Pasadena - (CA),CA,Los Angeles,34.1254,-118.148,CISO,City of Pasadena - (CA),eia860.zip,,5988a32,2026-09-15T19:25:24Z,
422,Glenarm,City of Pasadena - (CA),CA,Los Angeles,34.126,-118.1494,CISO,City of Pasadena - (CA),eia860.zip,,5988a32,2026-09-15T19:25:24Z,
424,French Meadows,Placer County Water Agency - (CA),CA,Placer,39.077971,-120.406069,CISO,Pacific Gas & Electric Co,eia860.zip,,5988a32,2026-09-15T19:25:24Z,
425,Middle Fork,Placer County Water Agency - (CA),CA,Placer,39.024801,-120.596383,CISO,Pacific Gas & Electric Co,eia860.zip,,5988a32,2026-09-15T19:25:24Z,
426,Oxbow (CA),Placer County Water Agency - (CA),CA,Placer,39.003372,-120.746651,CISO,Pacific Gas & Electric Co,eia860.zip,,5988a32,2026-09-15T19:25:24Z,
427,Ralston,Placer County Water Agency - (CA),CA,Placer,39.000999,-120.725053,CISO,Pacific Gas & Electric Co,eia860.zip,,5988a32,2026-09-15T19:25:24Z,
428,Parker,Merced Irrigation District,CA,Merced,37.477838,-120.444492,CISO,Pacific Gas & Electric Co,eia860.zip,,5988a32,2026-09-15T19:25:24Z,
436,Devil Canyon,California Dept. of Water Resources,CA,San Bernardino,34.2056,-117.3344,CISO,Southern California Edison Co,eia860.zip,,5988a32,2026-09-15T19:25:24Z,
437,Edward C Hyatt,California Dept. of Water Resources,CA,Butte,39.542985,-121.492188,CISO,Pacific Gas & Electric Co,eia860.zip,,5988a32,2026-09-15T19:25:24Z,
438,Thermalito,California Dept. of Water Resources,CA,Butte,39.514893,-121.630077,CISO,Pacific Gas & Electric Co,eia860.zip,,5988a32,2026-09-15T19:25:24Z,TABLE MOUNTAIN
446,ONeill,U S Bureau of Reclamation,CA,Merced,37.098671,-121.047718,CISO,WAPA-- Western Area Power Administration,eia860.zip,,5988a32,2026-09-15T19:25:24Z,QUINTO
448,W R Gianelli,California Dept. of Water Resources,CA,Merced,37.0692,-121.0772,CISO,Pacific Gas & Electric Co,eia860.zip,,5988a32,2026-09-15T19:25:24Z,
454,Colgate,Yuba County Water Agency - (CA),CA,Yuba,39.330833,-121.191666,CISO,Pacific Gas & Electric Co,eia860.zip,,5988a32,2026-09-15T19:25:24Z,
455,Narrows 2,Yuba County Water Agency - (CA),CA,Yuba,39.238996,-121.270409,CISO,Pacific Gas & Electric Co,eia860.zip,,5988a32,2026-09-15T19:25:24Z,
457,Bear Valley,City of Escondido - (CA),CA,San Diego,33.166246,-117.016566,CISO,San Diego Gas & Electric Co,eia860.zip,,5988a32,2026-09-15T19:25:24Z,
479,Temescal,Metropolitan Water District of S CA,CA,Riverside,33.8343,-117.4971,CISO,Southern California Edison Co,eia860.zip,,5988a32,2026-09-15T19:25:24Z,
480,Corona,Metropolitan Water District of S CA,CA,Riverside,33.85895,-117.6106,CISO,Southern California Edison Co,eia860.zip,,5988a32,2026-09-15T19:25:24Z,
481,Perris,Metropolitan Water District of S CA,CA,Riverside,33.8361,-117.1831,CISO,Southern California Edison Co,eia860.zip,,5988a32,2026-09-15T19:25:24Z,
482,Rio Hondo,Metropolitan Water District of S CA,CA,Los Angeles,34.004722,-118.09917,CISO,Southern California Edison Co,eia860.zip,,5988a32,2026-09-15T19:25:24Z,
483,Coyote Creek,Metropolitan Water District of S CA,CA,Orange,33.92493,-117.95517,CISO,Southern California Edison Co,eia860.zip,,5988a32,2026-09-15T19:25:24Z,
484,Red Mountain,Metropolitan Water District of S CA,CA,San Diego,33.3944,-117.1889,CISO,San Diego Gas & Electric Co,eia860.zip,,5988a32,2026-09-15T19:25:24Z,AVOCADO
487,Valley View,Metropolitan Water District of S CA,CA,Orange,33.9001,-117.82905,CISO,Southern California Edison Co,eia860.zip,,5988a32,2026-09-15T19:25:24Z,
510,Sonoma California Geothermal,Geysers Power Co LLC,CA,Lake,38.7903,-122.7559,CISO,Pacific Gas & Electric Co,eia860.zip,,5988a32,2026-09-15T19:25:24Z,
531,Sacramento Municipal Util Dist,South Sutter Water District,CA,Placer,39.048802,-121.316966,CISO,Pacific Gas & Electric Co,eia860.zip,,5988a32,2026-09-15T19:25:24Z,
537,Camanche,East Bay Municipal Util Dist - (CA),CA,San Joaquin,38.2268,-121.0245,CISO,Pacific Gas & Electric Co,eia860.zip,,5988a32,2026-09-15T19:25:24Z,
626,Oak Flat,Pacific Gas & Electric Co.,CA,Plumas,40.07531,-121.16143,CISO,Pacific Gas & Electric Co,eia860.zip,,5988a32,2026-09-15T19:25:24Z,
632,Newcastle,Pacific Gas & Electric Co.,CA,Placer,38.835182,-121.092982,CISO,Pacific Gas & Electric Co,eia860.zip,,5988a32,2026-09-15T19:25:24Z,
682,Kerckhoff 2,Pacific Gas & Electric Co.,CA,Fresno,37.071846,-119.558008,CISO,Pacific Gas & Electric Co,eia860.zip,,5988a32,2026-09-15T19:25:24Z,
714,Toadtown,Pacific Gas & Electric Co.,CA,Butte,39.893491,-121.59338,CISO,Pacific Gas & Electric Co,eia860.zip,,5988a32,2026-09-15T19:25:24Z,
745,Etiwanda,Metropolitan Water District of S CA,CA,San Bernardino,34.10345,-117.5257,CISO,Southern California Edison Co,eia860.zip,,5988a32,2026-09-15T19:25:24Z,RANCHO VISTA
751,Moccasin Low Head Hydro Project,City & County of San Francisco - (CA),CA,Tuolumne,37.816447,-120.312033,CISO,City & County of San Francisco,eia860.zip,,5988a32,2026-09-15T19:25:24Z,
776,Sly Creek,South Feather Water and Power Agency,CA,Butte,39.580413,-121.119479,CISO,Pacific Gas & Electric Co,eia860.zip,,5988a32,2026-09-15T19:25:24Z,
839,Scott Flat,Nevada Irrigation District,CA,Nevada,39.272108,-120.932508,CISO,Pacific Gas & Electric Co,eia860.zip,,5988a32,2026-09-15T19:25:24Z,
846,Combie South,Nevada Irrigation District,CA,Nevada,39.0096,-121.0591,CISO,Pacific Gas & Electric Co,eia860.zip,,5988a32,2026-09-15T19:25:24Z,
902,Bottle Rock Power,Mayacma Geothermal,CA,Lake,38.8348,-122.7677,CISO,Pacific Gas & Electric Co,eia860.zip,,5988a32,2026-09-15T19:25:24Z,
905,Alamo,California Dept. of Water Resources,CA,Los Angeles,34.8158,-118.6867,CISO,Southern California Edison Co,eia860.zip,,5988a32,2026-09-15T19:25:24Z,
2341,Mohave,Southern California Edison Co,NV,Clark,35.1458,-114.5917,CISO,Southern California Edison Co,eia860.zip,,5988a32,2026-09-15T19:25:24Z,MOHAVE
6099,Diablo Canyon,Pacific Gas & Electric Co.,CA,San Luis Obispo,35.211536,-120.855542,CISO,Pacific Gas & Electric Co,eia860.zip,,5988a32,2026-09-15T19:25:24Z,DIABLO CANYON
6100,Helms Pumped Storage,Pacific Gas & Electric Co.,CA,Fresno,37.029304,-118.968252,CISO,Pacific Gas & Electric Co,eia860.zip,,5988a32,2026-09-15T19:25:24Z,
6196,W E Warne,California Dept. of Water Resources,CA,Los Angeles,34.6853,-118.7881,CISO,Southern California Edison Co,eia860.zip,,5988a32,2026-09-15T19:25:24Z,
6211,Dynegy Oakland Power Plant,"Dynegy Oakland, LLC",CA,Alameda,37.79675,-122.28185,CISO,Pacific Gas & Electric Co,eia860.zip,,5988a32,2026-09-15T19:25:24Z,OAKLAND C
6212,Mobile GT,Pacific Gas & Electric Co.,CA,Humboldt,40.741389,-124.210278,CISO,Pacific Gas & Electric Co,eia860.zip,,5988a32,2026-09-15T19:25:24Z,HUMBOLDT BAY HUMBOLDT
6449,Azusa,City of Pasadena - (CA),CA,Los Angeles,34.1548,-117.9093,CISO,Southern California Edison Co,eia860.zip,,5988a32,2026-09-15T19:25:24Z,
6644,Lake Mathews,Metropolitan Water District of S CA,CA,Riverside,33.8553,-117.4537,CISO,Southern California Edison Co,eia860.zip,,5988a32,2026-09-15T19:25:24Z,
6645,Foothill Feeder,Metropolitan Water District of S CA,CA,Los Angeles,34.5148,-118.6092,CISO,Southern California Edison Co,eia860.zip,,5988a32,2026-09-15T19:25:24Z,
6646,San Dimas,Metropolitan Water District of S CA,CA,Los Angeles,34.1275,-117.7958,CISO,Southern California Edison Co,eia860.zip,,5988a32,2026-09-15T19:25:24Z,
6647,Yorba Linda,Metropolitan Water District of S CA,CA,Orange,33.9117,-117.8192,CISO,Southern California Edison Co,eia860.zip,,5988a32,2026-09-15T19:25:24Z,
6704,Pebbly Beach Generating Station Hybrid,Southern California Edison Co,CA,Los Angeles,33.333056,-118.310278,CISO,Southern California Edison Co,eia860.zip,,5988a32,2026-09-15T19:25:24Z,
7072,Mojave Siphon,California Dept. of Water Resources,CA,San Bernardino,34.307444,-117.323548,CISO,Southern California Edison Co,eia860.zip,,5988a32,2026-09-15T19:25:24Z,
7129,Thermalito Diverson Dam,California Dept. of Water Resources,CA,Butte,39.528749,-121.546359,CISO,Pacific Gas & Electric Co,eia860.zip,,5988a32,2026-09-15T19:25:24Z,
7147,Mill Creek 3,Southern California Edison Co,CA,San Bernardino,34.088019,-117.039539,CISO,Southern California Edison Co,eia860.zip,,5988a32,2026-09-15T19:25:24Z,
7148,San Gorgonio 1,Southern California Edison Co,CA,Riverside,34.030376,-116.857142,CISO,Southern California Edison Co,eia860.zip,,5988a32,2026-09-15T19:25:24Z,
7151,Stony Gorge,City of Santa Clara - (CA),CA,Glenn,39.586864,-122.533248,CISO,City of Santa Clara - (CA),eia860.zip,,5988a32,2026-09-15T19:25:24Z,
7229,Black Butte,City of Santa Clara - (CA),CA,Tehama,39.814905,-122.332335,CISO,City of Santa Clara - (CA),eia860.zip,,5988a32,2026-09-15T19:25:24Z,
7231,Gianera,City of Santa Clara - (CA),CA,Santa Clara,37.401,-121.96867,CISO,City of Santa Clara - (CA),eia860.zip,,5988a32,2026-09-15T19:25:24Z,TRIMBLE
7232,Santa Clara Cogen,City of Santa Clara - (CA),CA,Santa Clara,37.364297,-121.944238,CISO,City of Santa Clara - (CA),eia860.zip,,5988a32,2026-09-15T19:25:24Z,TRIMBLE
7338,Grizzly,City of Santa Clara - (CA),CA,Plumas,39.889287,-121.279173,CISO,City of Santa Clara - (CA),eia860.zip,,5988a32,2026-09-15T19:25:24Z,
7368,Geothermal 1,Northern California Power Agny,CA,Sonoma,38.752,-122.7195,CISO,Pacific Gas & Electric Co,eia860.zip,,5988a32,2026-09-15T19:25:24Z,
7369,Geothermal 2,Northern California Power Agny,CA,Sonoma,38.7492,-122.7117,CISO,Pacific Gas & Electric Co,eia860.zip,,5988a32,2026-09-15T19:25:24Z,
7436,Vernon,City of Vernon - (CA),CA,Los Angeles,33.9986,-118.2219,CISO,City of Vernon,eia860.zip,,5988a32,2026-09-15T19:25:24Z,
7449,Combustion Turbine Project No 2,Northern California Power Agny,CA,San Joaquin,38.088138,-121.386944,CISO,Pacific Gas & Electric Co,eia860.zip,,5988a32,2026-09-15T19:25:24Z,
7450,Alameda,Northern California Power Agny,CA,Alameda,37.7886,-122.2889,CISO,City of Alameda,eia860.zip,,5988a32,2026-09-15T19:25:24Z,OAKLAND C
7451,Lodi,Northern California Power Agny,CA,San Joaquin,38.146571,-121.300541,CISO,City of Lodi - (CA),eia860.zip,,5988a32,2026-09-15T19:25:24Z,
7489,Lake Mendocino,City of Ukiah - (CA),CA,Mendocino,39.197222,-123.185556,CISO,City of Ukiah - (CA),eia860.zip,,5988a32,2026-09-15T19:25:24Z,
7507,Deadwood Creek,"Hydro Sierra Energy, LLC",CA,Yuba,39.53,-121.095833,CISO,Pacific Gas & Electric Co,eia860.zip,,5988a32,2026-09-15T19:25:24Z,
7526,Solano Wind,Sacramento Municipal Util Dist,CA,Solano,38.116415,-121.769031,CISO,Pacific Gas & Electric Co,eia860.zip,,5988a32,2026-09-15T19:25:24Z,
7646,Monticello Dam,Solano Irrigation District,CA,Solano,38.513056,-122.104444,CISO,Pacific Gas & Electric Co,eia860.zip,,5988a32,2026-09-15T19:25:24Z,
7693,Anaheim GT,City of Anaheim - (CA),CA,Orange,33.853542,-117.856286,CISO,City of Anaheim - (CA),eia860.zip,,5988a32,2026-09-15T19:25:24Z,VILLA PARK
7907,Pine Flat,Kings River Conservation Dist,CA,Fresno,36.8326,-119.327,CISO,Pacific Gas & Electric Co,eia860.zip,,5988a32,2026-09-15T19:25:24Z,
7911,Kern Canyon,Kern and Tule Hydro LLC,CA,Kern,35.44072,-118.796498,CISO,Pacific Gas & Electric Co,eia860.zip,,5988a32,2026-09-15T19:25:24Z,
7942,Diamond Valley Lake,Metropolitan Water District of S CA,CA,Riverside,33.6808,-117.0698,CISO,Southern California Edison Co,eia860.zip,,5988a32,2026-09-15T19:25:24Z,
8076,Ellwood,"Ellwood Power, LLC",CA,Santa Barbara,34.431419,-119.900055,CISO,Southern California Edison Co,eia860.zip,,5988a32,2026-09-15T19:25:24Z,GOLETA
10005,Dinosaur Point,International Turbine Res Inc,CA,Merced,37.0478,-121.1708,CISO,Pacific Gas & Electric Co,eia860.zip,,5988a32,2026-09-15T19:25:24Z,
10026,Encina Water Pollution Control,Encina Joint Powers Authority,CA,San Diego,33.1165,-117.3215,CISO,San Diego Gas & Electric Co,eia860.zip,,5988a32,2026-09-15T19:25:24Z,
10034,Gilroy Power Plant,Calpine Gilroy Cogen LP,CA,Santa Clara,37.0001,-121.5367,CISO,Pacific Gas & Electric Co,eia860.zip,,5988a32,2026-09-15T19:25:24Z,LLAGAS
10042,Kaweah Delta District Hospital,Kaweah Delta Hospital,CA,Tulare,36.3275,-119.2947,CISO,Southern California Edison Co,eia860.zip,,5988a32,2026-09-15T19:25:24Z,
10052,Fairhaven Power,DG Fairhaven Power LLC,CA,Humboldt,40.7995,-124.2028,CISO,Pacific Gas & Electric Co,eia860.zip,,5988a32,2026-09-15T19:25:24Z,
10090,Commerce Refuse To Energy,Los Angeles County Sanitation,CA,Los Angeles,33.9949,-118.1538,CISO,Southern California Edison Co,eia860.zip,,5988a32,2026-09-15T19:25:24Z,LAGUNA BELL
10091,Total Energy Facilities,Los Angeles County Sanitation,CA,Los Angeles,33.7683,-118.2836,CISO,Southern California Edison Co,eia860.zip,,5988a32,2026-09-15T19:25:24Z,
10115,Grossmont Hospital,Sharp Grossmont Hospital,CA,San Diego,32.77973,-117.006397,CISO,San Diego Gas & Electric Co,eia860.zip,,5988a32,2026-09-15T19:25:24Z,EL CAJON
10128,Gosselin Hydro Plant,Humboldt Bay Mun Water Dist,CA,Trinity,40.37,-123.4347,CISO,Pacific Gas & Electric Co,eia860.zip,,5988a32,2026-09-15T19:25:24Z,
10139,Isabella Hydro Project,Isabella Partners,CA,Kern,35.64414,-118.48199,CISO,Southern California Edison Co,eia860.zip,,5988a32,2026-09-15T19:25:24Z,
10144,Sierra Pacific Lincoln Facility,Sierra Pacific Industries,CA,Placer,38.9032,-121.3097,CISO,Pacific Gas & Electric Co,eia860.zip,,5988a32,2026-09-15T19:25:24Z,
10156,Fresno Cogen Partners,"Wellhead Services, Inc",CA,Fresno,36.617022,-120.099846,CISO,Pacific Gas & Electric Co,eia860.zip,,5988a32,2026-09-15T19:25:24Z,
10162,Whitewater Hydro Plant,Desert Water Agency,CA,Riverside,33.934725,-116.640548,CISO,Southern California Edison Co,eia860.zip,,5988a32,2026-09-15T19:25:24Z,
10169,Carson Cogeneration,Carson Cogeneration Co,CA,Los Angeles,33.8759,-118.2491,CISO,Southern California Edison Co,eia860.zip,,5988a32,2026-09-15T19:25:24Z,
10175,Childrens Hospital,DTE San Diego COGEN Inc.,CA,San Diego,32.7992,-117.1517,CISO,San Diego Gas & Electric Co,eia860.zip,,5988a32,2026-09-15T19:25:24Z,FRIARS
10191,Tehachapi Wind Resource I,CalWind Resources Inc,CA,Kern,35.060556,-118.389722,CISO,Southern California Edison Co,eia860.zip,,5988a32,2026-09-15T19:25:24Z,
10199,West Ford Flat Power Plant,Geysers Power Co LLC,CA,Lake,38.7881,-122.7219,CISO,Pacific Gas & Electric Co,eia860.zip,,5988a32,2026-09-15T19:25:24Z,
10206,Loma Linda University Cogen,Loma Linda University,CA,San Bernardino,34.050391,-117.248417,CISO,Southern California Edison Co,eia860.zip,,5988a32,2026-09-15T19:25:24Z,SAN BERNARDINO
10213,El Segundo Cogen,Chevron USA Inc-El Segundo,CA,Los Angeles,33.9058,-118.4031,CISO,Southern California Edison Co,eia860.zip,,5988a32,2026-09-15T19:25:24Z,
10222,Tulare Success Power Project,Lower Tule River Irrgtn Dist,CA,Tulare,36.058635,-118.924097,CISO,Southern California Edison Co,eia860.zip,,5988a32,2026-09-15T19:25:24Z,
10253,Haypress,EIF Haypress LLC,CA,Sierra,39.565677,-120.581684,CISO,Pacific Gas & Electric Co,eia860.zip,,5988a32,2026-09-15T19:25:24Z,
10262,California Institute of Technology,California Institute-Technology,CA,Los Angeles,34.138467,-118.1256,CISO,City of Pasadena - (CA),eia860.zip,,5988a32,2026-09-15T19:25:24Z,
10282,Big Creek Water Works,Big Creek Water Works Ltd,CA,Trinity,40.646733,-123.498008,CISO,Pacific Gas & Electric Co,eia860.zip,,5988a32,2026-09-15T19:25:24Z,
10288,Big Valley Power LLC,Big Valley Power (BVP) LLC,CA,Lassen,41.1325,-121.137222,CISO,Pacific Gas & Electric Co,eia860.zip,,5988a32,2026-09-15T19:25:24Z,
10294,King City Power Plant,Calpine King City Cogen LLC,CA,Monterey,36.225,-121.1278,CISO,Pacific Gas & Electric Co,eia860.zip,,5988a32,2026-09-15T19:25:24Z,
10342,Marathon Bay Area Cogen,Tesoro Marketing & Refining Co. LLC (Martinez),CA,Contra Costa,38.0244,-122.0589,CISO,Pacific Gas & Electric Co,eia860.zip,,5988a32,2026-09-15T19:25:24Z,
10349,Greenleaf 2 Power Plant,Greenleaf Energy LLC,CA,Sutter,39.1365,-121.6397,CISO,Pacific Gas & Electric Co,eia860.zip,,5988a32,2026-09-15T19:25:24Z,PEASE
10350,Greenleaf 1,"Calpine Greenleaf Holding, Inc.",CA,Sutter,39.052922,-121.696072,CISO,Pacific Gas & Electric Co,eia860.zip,,5988a32,2026-09-15T19:25:24Z,GREENLEAF
10387,Sycamore Energy LLC,Sycamore Energy LLC,CA,San Diego,32.857709,-117.028847,CISO,San Diego Gas & Electric Co,eia860.zip,,5988a32,2026-09-15T19:25:24Z,
10388,GRS Newby I,Gas Recovery Systems Inc,CA,Santa Clara,37.4567,-121.9419,CISO,Pacific Gas & Electric Co,eia860.zip,,5988a32,2026-09-15T19:25:24Z,LOS ESTEROS
10392,GRS American Canyon,Gas Recovery Systems Inc,CA,Napa,38.1419,-122.2439,CISO,Pacific Gas & Electric Co,eia860.zip,,5988a32,2026-09-15T19:25:24Z,
10405,Kingsburg Cogen,KES Kingsburg LP,CA,Fresno,36.5397,-119.5794,CISO,Pacific Gas & Electric Co,eia860.zip,,5988a32,2026-09-15T19:25:24Z,
10427,New-Indy Ontario Mill,New-Indy Ontario LLC,CA,San Bernardino,34.045361,-117.540193,CISO,Southern California Edison Co,eia860.zip,,5988a32,2026-09-15T19:25:24Z,RANCHO VISTA
10437,Sunray 2,"Sunray Energy 2, LLC",CA,San Bernardino,34.863356,-116.827627,CISO,Southern California Edison Co,eia860.zip,,5988a32,2026-09-15T19:25:24Z,
10438,Sunray 3,Sunray Energy 3 LLC,CA,San Bernardino,34.863356,-116.827627,CISO,Southern California Edison Co,eia860.zip,,5988a32,2026-09-15T19:25:24Z,
10444,"Lockhart Solar PV, LLC",Terra-Gen Operating Co-Solar,CA,San Bernardino,35.0308,-117.3563,CISO,Southern California Edison Co,eia860.zip,,5988a32,2026-09-15T19:25:24Z,
10446,SEGS IX,Terra-Gen Operating Co-Solar,CA,San Bernardino,35.033,-117.338,CISO,Southern California Edison Co,eia860.zip,,5988a32,2026-09-15T19:25:24Z,
10458,Muck Valley Hydroelectric,Malacha Hydro Limited Partnership,CA,Lassen,40.976389,-121.255833,CISO,Pacific Gas & Electric Co,eia860.zip,,5988a32,2026-09-15T19:25:24Z,
10469,Bear Canyon Power Plant,Geysers Power Co LLC,CA,Lake,38.762968,-122.692915,CISO,Pacific Gas & Electric Co,eia860.zip,,5988a32,2026-09-15T19:25:24Z,
10471,Spadra Landfill Gas to Energy,Los Angeles County Sanitation,CA,Los Angeles,34.0408,-117.8217,CISO,Southern California Edison Co,eia860.zip,,5988a32,2026-09-15T19:25:24Z,
10472,Puente Hills Energy Recovery,Los Angeles County Sanitation,CA,Los Angeles,34.0233,-118.0241,CISO,Southern California Edison Co,eia860.zip,,5988a32,2026-09-15T19:25:24Z,
10473,Palos Verdes Gas to Energy,Los Angeles County Sanitation,CA,Los Angeles,33.792778,-118.35,CISO,Southern California Edison Co,eia860.zip,,5988a32,2026-09-15T19:25:24Z,
10479,Mammoth G3,Ormat Nevada Inc,CA,Mono,37.6455,-118.9096,CISO,Southern California Edison Co,eia860.zip,,5988a32,2026-09-15T19:25:24Z,
10480,Mammoth G1,Ormat Nevada Inc,CA,Mono,37.6451,-118.9143,CISO,Southern California Edison Co,eia860.zip,,5988a32,2026-09-15T19:25:24Z,
10481,Mammoth G2,Ormat Nevada Inc,CA,Mono,37.6464,-118.9092,CISO,Southern California Edison Co,eia860.zip,,5988a32,2026-09-15T19:25:24Z,
10496,Kern River Cogeneration,Kern River Cogeneration Co,CA,Kern,35.4515,-118.9849,CISO,Southern California Edison Co,eia860.zip,,5988a32,2026-09-15T19:25:24Z,
10501,Mid-Set Cogeneration,Mid Set Cogeneration Co,CA,Kern,35.19456,-119.57097,CISO,Pacific Gas & Electric Co,eia860.zip,,5988a32,2026-09-15T19:25:24Z,
10548,San Jose Cogeneration,San Jose State University Fclts Dev &Ops,CA,Santa Clara,37.336113,-121.878332,CISO,Pacific Gas & Electric Co,eia860.zip,,5988a32,2026-09-15T19:25:24Z,FMC
10586,Cameron Ridge LLC,Terra-Gen Operating Co-Wind,CA,Kern,35.075,-118.3158,CISO,Southern California Edison Co,eia860.zip,,5988a32,2026-09-15T19:25:24Z,
10597,Ridgetop Energy LLC,Terra-Gen Operating Co-Wind,CA,Kern,35.0697,-118.3167,CISO,Southern California Edison Co,eia860.zip,,5988a32,2026-09-15T19:25:24Z,
10635,"Corona Energy Partners, Ltd",WCAC Operating Company,CA,Riverside,33.8827,-117.5565,CISO,Southern California Edison Co,eia860.zip,,5988a32,2026-09-15T19:25:24Z,
10649,Bear Mountain Limited,WCAC Operating Company,CA,Kern,35.419181,-118.926643,CISO,Pacific Gas & Electric Co,eia860.zip,,5988a32,2026-09-15T19:25:24Z,
10650,Badger Creek Limited,WCAC Operating Company,CA,Kern,35.483736,-119.029856,CISO,Pacific Gas & Electric Co,eia860.zip,,5988a32,2026-09-15T19:25:24Z,
10652,Burney Forest Products,"Burney Forest Products, A Joint Venture",CA,Shasta,40.879719,-121.720342,CISO,Pacific Gas & Electric Co,eia860.zip,,5988a32,2026-09-15T19:25:24Z,CARBERRY
10661,Collins Pine Project,Collins Pine Co,CA,Plumas,40.303422,-121.244431,CISO,Pacific Gas & Electric Co,eia860.zip,,5988a32,2026-09-15T19:25:24Z,
10677,CES Placerita Power Plant,CES Placerita Inc,CA,Los Angeles,34.3801,-118.4999,CISO,Southern California Edison Co,eia860.zip,,5988a32,2026-09-15T19:25:24Z,
10684,Argus Cogen Plant,Searles Valley Minerals Operations Inc.,CA,San Bernardino,35.765,-117.3833,CISO,Southern California Edison Co,eia860.zip,,5988a32,2026-09-15T19:25:24Z,
10685,Westend Facility,Searles Valley Minerals Operations Inc.,CA,San Bernardino,35.7075,-117.3956,CISO,Southern California Edison Co,eia860.zip,,5988a32,2026-09-15T19:25:24Z,
10706,Burney Creek,Snow Mountain Hydro LLC,CA,Shasta,40.8579,-121.7225,CISO,Pacific Gas & Electric Co,eia860.zip,,5988a32,2026-09-15T19:25:24Z,CARBERRY
10707,Cove Hydroelectric,Snow Mountain Hydro LLC,CA,Shasta,40.8713,-121.9487,CISO,Pacific Gas & Electric Co,eia860.zip,,5988a32,2026-09-15T19:25:24Z,
10708,Lost Creek I,Snow Mountain Hydro LLC,CA,Shasta,40.7576,-121.4145,CISO,Pacific Gas & Electric Co,eia860.zip,,5988a32,2026-09-15T19:25:24Z,
10709,Ponderosa Bailey Creek,Snow Mountain Hydro LLC,CA,Tehama,40.4579,-121.8427,CISO,Pacific Gas & Electric Co,eia860.zip,,5988a32,2026-09-15T19:25:24Z,
10718,Karen Avenue Wind Farm,San Gorgonio Farms Inc,CA,Riverside,33.92194,-116.56222,CISO,Southern California Edison Co,eia860.zip,,5988a32,2026-09-15T19:25:24Z,DEVERS
10720,Kyocera International Inc.(San Diego),"Kyocera International, Inc",CA,San Diego,32.819675,-117.140548,CISO,San Diego Gas & Electric Co,eia860.zip,,5988a32,2026-09-15T19:25:24Z,KEARNY
10733,Santa Maria Cogen Plant,"Wellhead Services, Inc",CA,Santa Barbara,34.94434,-120.45791,CISO,Pacific Gas & Electric Co,eia860.zip,,5988a32,2026-09-15T19:25:24Z,
10748,Marina Landfill Gas,Monterey Regional Waste Mgmt,CA,Monterey,36.7131,-121.7686,CISO,Pacific Gas & Electric Co,eia860.zip,,5988a32,2026-09-15T19:25:24Z,
10764,Blue Lake Power LLC,Blue Lake Power LLC,CA,Humboldt,40.8786,-123.9942,CISO,Pacific Gas & Electric Co,eia860.zip,,5988a32,2026-09-15T19:25:24Z,
10767,Rio Bravo Fresno,Rio Bravo Fresno,CA,Fresno,36.688915,-119.723218,CISO,Pacific Gas & Electric Co,eia860.zip,,5988a32,2026-09-15T19:25:24Z,
10772,Rio Bravo Rocklin,Rio Bravo Rocklin,CA,Placer,38.8319,-121.313652,CISO,Pacific Gas & Electric Co,eia860.zip,,5988a32,2026-09-15T19:25:24Z,PLEASANT GROVE
10776,E F Oxnard Energy Facility,"EF Oxnard, LLC",CA,Ventura,34.1958,-119.1664,CISO,Southern California Edison Co,eia860.zip,,5988a32,2026-09-15T19:25:24Z,
10777,HL Power,HL Power Company,CA,Lassen,40.368338,-120.264848,CISO,Lassen Municipal Utility District,eia860.zip,,5988a32,2026-09-15T19:25:24Z,HONEY LAKE
10815,Difwind Farms Ltd VII,"EDF Renewable Asset Holdings, Inc.",CA,Alameda,37.7581,-121.5253,CISO,Pacific Gas & Electric Co,eia860.zip,,5988a32,2026-09-15T19:25:24Z,
10836,Woodland Biomass Power Ltd,DTE Energy Services-Woodland,CA,Yolo,38.6905,-121.7371,CISO,Pacific Gas & Electric Co,eia860.zip,,5988a32,2026-09-15T19:25:24Z,
10837,Covanta Mendota,Clean Energy Systems Mendota,CA,Fresno,36.755896,-120.365422,CISO,Pacific Gas & Electric Co,eia860.zip,,5988a32,2026-09-15T19:25:24Z,
10840,Covanta Delano Energy,Clean Energy Systems Delano,CA,Kern,35.7144,-119.2337,CISO,Southern California Edison Co,eia860.zip,,5988a32,2026-09-15T19:25:24Z,
10873,Coso Finance Partners,Coso Operating Co LLC,CA,Inyo,36.0372,-117.7981,CISO,Southern California Edison Co,eia860.zip,,5988a32,2026-09-15T19:25:24Z,
10874,Coso Power Developers,Coso Operating Co LLC,CA,Inyo,36.0192,-117.7917,CISO,Southern California Edison Co,eia860.zip,,5988a32,2026-09-15T19:25:24Z,
10875,Coso Energy Developers,Coso Operating Co LLC,CA,Inyo,36.0019,-117.7886,CISO,Southern California Edison Co,eia860.zip,,5988a32,2026-09-15T19:25:24Z,
10880,Bidwell Ditch Project,Mega Renewables,CA,Shasta,40.8014,-121.4481,CISO,Pacific Gas & Electric Co,eia860.zip,,5988a32,2026-09-15T19:25:24Z,
10881,Roaring Creek Water Power,Shasta Hydroelectric Inc,CA,Shasta,40.882061,-121.948353,CISO,Pacific Gas & Electric Co,eia860.zip,,5988a32,2026-09-15T19:25:24Z,
10882,Hatchet Creek Project,Mega Renewables,CA,Shasta,40.874144,-121.920428,CISO,Pacific Gas & Electric Co,eia860.zip,,5988a32,2026-09-15T19:25:24Z,
50001,Altamont Midway Ltd,AES Distributed Energy,CA,San Joaquin,37.7392,-121.4322,CISO,Pacific Gas & Electric Co,eia860.zip,,5988a32,2026-09-15T19:25:24Z,LAMMERS
50003,Chalk Cliff Limited,WCAC Operating Company,CA,Kern,35.0968,-119.4299,CISO,Pacific Gas & Electric Co,eia860.zip,,5988a32,2026-09-15T19:25:24Z,
50037,Rio Bravo Hydro Project,Olcese Water District,CA,Kern,35.43,-118.8222,CISO,Pacific Gas & Electric Co,eia860.zip,,5988a32,2026-09-15T19:25:24Z,
50049,Humboldt Sawmill Company,Mendocino Forest Products,CA,Humboldt,40.4728,-124.1014,CISO,Pacific Gas & Electric Co,eia860.zip,,5988a32,2026-09-15T19:25:24Z,
50061,San Diego State University,San Diego State University,CA,San Diego,32.778225,-117.070114,CISO,San Diego Gas & Electric Co,eia860.zip,,5988a32,2026-09-15T19:25:24Z,
50064,University of California Santa Cruz,University of California Santa Cruz,CA,Santa Cruz,36.9997,-122.0622,CISO,Pacific Gas & Electric Co,eia860.zip,,5988a32,2026-09-15T19:25:24Z,
50066,Calistoga Power Plant,Geysers Power Co LLC,CA,Lake,38.7879,-122.7434,CISO,Pacific Gas & Electric Co,eia860.zip,,5988a32,2026-09-15T19:25:24Z,
50076,Santa Felicia Dam,United Water Conservation District,CA,Ventura,34.461667,-118.7511,CISO,Southern California Edison Co,eia860.zip,,5988a32,2026-09-15T19:25:24Z,
50089,Univ of San Francisco Cogen,University of San Francisco,CA,San Francisco,37.77656,-122.451878,CISO,Pacific Gas & Electric Co,eia860.zip,,5988a32,2026-09-15T19:25:24Z,
50110,Sierra Pacific Burney Facility,Sierra Pacific Industries,CA,Shasta,40.8767,-121.7016,CISO,Pacific Gas & Electric Co,eia860.zip,,5988a32,2026-09-15T19:25:24Z,CARBERRY
50112,Sierra Pacific Quincy Facility,Sierra Pacific Industries,CA,Plumas,39.941165,-120.909211,CISO,Pacific Gas & Electric Co,eia860.zip,,5988a32,2026-09-15T19:25:24Z,
50115,US Borax,U S Borax Inc,CA,Kern,35.0329,-117.701,CISO,Southern California Edison Co,eia860.zip,,5988a32,2026-09-15T19:25:24Z,
50119,Phillips 66 Rodeo Refinery,Phillips 66 Company,CA,Contra Costa,38.0417,-122.2583,CISO,Pacific Gas & Electric Co,eia860.zip,,5988a32,2026-09-15T19:25:24Z,
50128,Clear Lake Hydro Project,Yolo County Flood Control WCD,CA,Lake,38.923556,-122.56668,CISO,Pacific Gas & Electric Co,eia860.zip,,5988a32,2026-09-15T19:25:24Z,
50129,Indian Valley Dam Hydro Project,Yolo County Flood Control WCD,CA,Lake,39.0788,-122.535556,CISO,Pacific Gas & Electric Co,eia860.zip,,5988a32,2026-09-15T19:25:24Z,
50131,Coalinga Cogeneration,Coalinga Cogeneration Co,CA,Fresno,36.1807,-120.3885,CISO,Pacific Gas & Electric Co,eia860.zip,,5988a32,2026-09-15T19:25:24Z,
50134,Sycamore Cogeneration,Sycamore Cogeneration Co,CA,Kern,35.452577,-118.985313,CISO,Southern California Edison Co,eia860.zip,,5988a32,2026-09-15T19:25:24Z,
50147,R E Badger Filtration Plant,Santa Fe Irrigation District,CA,San Diego,33.051,-117.175,CISO,San Diego Gas & Electric Co,eia860.zip,,5988a32,2026-09-15T19:25:24Z,
50156,Bear Creek (CA),"Central Rivers Power US, LLC",CA,Shasta,40.534454,-121.959109,CISO,Pacific Gas & Electric Co,eia860.zip,,5988a32,2026-09-15T19:25:24Z,
50170,Berry Cogen,Berry Petroleum Co,CA,Kern,35.093046,-119.443617,CISO,Pacific Gas & Electric Co,eia860.zip,,5988a32,2026-09-15T19:25:24Z,
50180,Olsen,Olsen Power Partners,CA,Shasta,40.63722,-121.92805,CISO,Pacific Gas & Electric Co,eia860.zip,,5988a32,2026-09-15T19:25:24Z,
50200,B Braun Medical,B Braun Medical Inc,CA,Orange,33.688721,-117.834793,CISO,Southern California Edison Co,eia860.zip,,5988a32,2026-09-15T19:25:24Z,JOHANNA
50216,Watson Cogeneration,ARCO Products Co-Watson,CA,Los Angeles,33.816647,-118.244841,CISO,Southern California Edison Co,eia860.zip,,5988a32,2026-09-15T19:25:24Z,HINSON
50219,Frankenheimer Power Plant,Turlock Irrigation District,CA,Stanislaus,37.830378,-120.806972,CISO,Pacific Gas & Electric Co,eia860.zip,,5988a32,2026-09-15T19:25:24Z,
50223,Nelson Creek,Nelson Creek Power Inc,CA,Shasta,41.028893,-121.892351,CISO,Pacific Gas & Electric Co,eia860.zip,,5988a32,2026-09-15T19:25:24Z,
50224,Oxnard Wastewater Treatment Plant,City of Oxnard - (CA),CA,Ventura,34.140501,-119.184529,CISO,Southern California Edison Co,eia860.zip,,5988a32,2026-09-15T19:25:24Z,
50233,San Dimas Wash Generating Station,San Gabriel Valley Mun Wtr Dt,CA,Los Angeles,34.124171,-117.805091,CISO,Southern California Edison Co,eia860.zip,,5988a32,2026-09-15T19:25:24Z,
50234,San Antonio Regional Hospital,San Antonio Regional Hospital,CA,San Bernardino,34.1019,-117.6381,CISO,Southern California Edison Co,eia860.zip,,5988a32,2026-09-15T19:25:24Z,
50270,Santa Ynez Facility,Sable Offshore Corp,CA,Santa Barbara,34.464819,-120.044365,CISO,Southern California Edison Co,eia860.zip,,5988a32,2026-09-15T19:25:24Z,
50281,San Gorgonio Farms Wind Farm,San Gorgonio Farms Inc,CA,Riverside,33.926111,-116.615,CISO,Southern California Edison Co,eia860.zip,,5988a32,2026-09-15T19:25:24Z,DEVERS
50293,Wadham Energy,Wadham Energy LP,CA,Colusa,39.1062,-122.1096,CISO,Pacific Gas & Electric Co,eia860.zip,,5988a32,2026-09-15T19:25:24Z,
50298,Wheelabrator Lassen,Wheelabrator Environmental Systems,CA,Shasta,40.4352,-122.2704,CISO,Pacific Gas & Electric Co,eia860.zip,,5988a32,2026-09-15T19:25:24Z,COTTONWOOD
50299,AltaGas Ripon Energy Inc.,AltaGas Ripon Energy Inc.,CA,San Joaquin,37.732533,-121.116006,CISO,Pacific Gas & Electric Co,eia860.zip,,5988a32,2026-09-15T19:25:24Z,RIPON
50300,VESI Pomona,"VESI Pomona Energy Storage, Inc.",CA,Los Angeles,34.059444,-117.774167,CISO,Southern California Edison Co,eia860.zip,,5988a32,2026-09-15T19:25:24Z,
50322,Site 980 65,Madera-Chowchilla Power Auth,CA,Madera,37.056803,-119.899706,CISO,Pacific Gas & Electric Co,eia860.zip,,5988a32,2026-09-15T19:25:24Z,
50350,Forks of Butte Hydro Project,"Hypower Energy, LLC",CA,Butte,39.869284,-121.631865,CISO,Pacific Gas & Electric Co,eia860.zip,,5988a32,2026-09-15T19:25:24Z,
50352,Nacimiento Hydro Project,Monterey Cnty Water Res Agency,CA,San Luis Obispo,35.798576,-120.883331,CISO,Pacific Gas & Electric Co.,eia860.zip,,5988a32,2026-09-15T19:25:24Z,
50375,East Portal Generator,Calleguas Mun Water District,CA,Los Angeles,34.2619,-118.6242,CISO,Southern California Edison Co,eia860.zip,,5988a32,2026-09-15T19:25:24Z,
50386,Windland,Terra-Gen Operating Co-Wind,CA,Kern,35.0522,-118.3581,CISO,Southern California Edison Co,eia860.zip,,5988a32,2026-09-15T19:25:24Z,
50388,Phillips 66 Carbon Plant,Phillips 66 Company,CA,Contra Costa,38.018056,-122.2344,CISO,Pacific Gas & Electric Co,eia860.zip,,5988a32,2026-09-15T19:25:24Z,CHRISTIE
50393,Friant Hydro Facility,Friant Power Authority,CA,Fresno,36.997694,-119.703451,CISO,Pacific Gas & Electric Co,eia860.zip,,5988a32,2026-09-15T19:25:24Z,
50400,Sand Bar Power Plant,Tri-Dam Power Authority,CA,Tuolumne,38.1861,-120.15,CISO,Pacific Gas & Electric Co,eia860.zip,,5988a32,2026-09-15T19:25:24Z,
50464,Oxnard,Procter&Gamble Paper Products Co-Oxnard,CA,Ventura,34.196,-119.1667,CISO,Southern California Edison Co,eia860.zip,,5988a32,2026-09-15T19:25:24Z,
50485,Altech III,Terra-Gen Operating Co-Wind,CA,Riverside,33.915023,-116.555064,CISO,Southern California Edison Co,eia860.zip,,5988a32,2026-09-15T19:25:24Z,DEVERS
50492,Gas Utilization Facility,City of San Diego - (CA),CA,San Diego,32.679172,-117.246698,CISO,San Diego Gas & Electric Co,eia860.zip,,5988a32,2026-09-15T19:25:24Z,
50493,Double C Generation Limited Partnership,WCAC Operating Company,CA,Kern,35.5005,-119.046,CISO,Pacific Gas & Electric Co,eia860.zip,,5988a32,2026-09-15T19:25:24Z,
50494,Kern Front Limited,WCAC Operating Company,CA,Kern,35.51647,-119.040128,CISO,Pacific Gas & Electric Co,eia860.zip,,5988a32,2026-09-15T19:25:24Z,
50495,High Sierra Limited,WCAC Operating Company,CA,Kern,35.509041,-119.030546,CISO,Pacific Gas & Electric Co,eia860.zip,,5988a32,2026-09-15T19:25:24Z,
50532,Victory Garden (Tehachapi),Wind Stream Operations LLC,CA,Kern,35.0686,-118.3833,CISO,Southern California Edison Co,eia860.zip,,5988a32,2026-09-15T19:25:24Z,
50533,Painted Hills Wind Park,Terra-Gen Operating Co-Wind,CA,Riverside,33.9369,-116.6183,CISO,Southern California Edison Co,eia860.zip,,5988a32,2026-09-15T19:25:24Z,DEVERS
50534,Santa Clara (85C),AES Distributed Energy,CA,Alameda,37.7361,-121.6475,CISO,Southern California Edison Co,eia860.zip,,5988a32,2026-09-15T19:25:24Z,
50535,Mesa Wind Power LLC,Mesa Wind Power LLC,CA,Riverside,33.9461,-116.6769,CISO,Southern California Edison Co,eia860.zip,,5988a32,2026-09-15T19:25:24Z,
50536,Sky River Wind Energy Center,Sky River Wind LLC,CA,Kern,35.2608,-118.2469,CISO,Southern California Edison Co,eia860.zip,,5988a32,2026-09-15T19:25:24Z,
50537,SRI International Cogen Project,IPT SRI Cogeneration Inc,CA,San Mateo,37.455314,-122.172797,CISO,Pacific Gas & Electric Co,eia860.zip,,5988a32,2026-09-15T19:25:24Z,COOLEY LANDING
50540,BP Carson Refinery,Tesoro Carson Refinery,CA,Los Angeles,33.8153,-118.2358,CISO,Southern California Edison Co,eia860.zip,,5988a32,2026-09-15T19:25:24Z,HINSON
50541,Harbor Cogen,Harbor Cogeneration Co.,CA,Los Angeles,33.7771,-118.2303,CISO,Southern California Edison Co,eia860.zip,,5988a32,2026-09-15T19:25:24Z,HARBORGEN
50546,Bowman,Nevada Irrigation District,CA,Nevada,39.448352,-120.653417,CISO,Pacific Gas & Electric Co,eia860.zip,,5988a32,2026-09-15T19:25:24Z,
50552,Salka Cabazon Wind,Salka Cabazon Wind LLC,CA,Riverside,33.914986,-116.71026,CISO,Southern California Edison Co,eia860.zip,,5988a32,2026-09-15T19:25:24Z,
50553,Edom Hills Project 1 LLC,Edom Hills Project 1 LLC,CA,Riverside,33.881667,-116.460278,CISO,Southern California Edison Co,eia860.zip,,5988a32,2026-09-15T19:25:24Z,
50560,Pacific-Ultrapower Chinese Station,IHI Power Services Corp,CA,Tuolumne,37.874056,-120.477556,CISO,Pacific Gas & Electric Co,eia860.zip,,5988a32,2026-09-15T19:25:24Z,
50571,Altamont Gas Recovery,WM Renewable Energy LLC,CA,Alameda,37.749308,-121.649866,CISO,Pacific Gas & Electric Co,eia860.zip,,5988a32,2026-09-15T19:25:24Z,
50610,Saint Johns Health Center,Saint John's Health Center,CA,Los Angeles,34.030318,-118.47844,CISO,Southern California Edison Co,eia860.zip,,5988a32,2026-09-15T19:25:24Z,
50612,McKittrick Limited,WCAC Operating Company,CA,Kern,35.319503,-119.661992,CISO,Pacific Gas & Electric Co,eia860.zip,,5988a32,2026-09-15T19:25:24Z,
50622,Berry Cogen Tanne Hills 18,Berry Petroleum Co,CA,Kern,35.089829,-119.440881,CISO,Pacific Gas & Electric Co,eia860.zip,,5988a32,2026-09-15T19:25:24Z,
50624,"Torrance Refining Company, LLC","Torrance Refining Company, LLC",CA,Los Angeles,33.85336,-118.33,CISO,Southern California Edison Co,eia860.zip,,5988a32,2026-09-15T19:25:24Z,
50674,Municipal Cogen Plant,"Palm Springs, City of - (CA)",CA,Riverside,33.8247,-116.5106,CISO,Southern California Edison Co,eia860.zip,,5988a32,2026-09-15T19:25:24Z,
50690,San Gorgonio Westwinds II LLC,Terra-Gen Operating Co-Wind,CA,Riverside,33.934,-116.5781,CISO,Southern California Edison Co,eia860.zip,,5988a32,2026-09-15T19:25:24Z,DEVERS
50696,Plant No 1 Orange County,Orange County Sanitation Dist - (CA),CA,Orange,33.6942,-117.9381,CISO,Southern California Edison Co,eia860.zip,,5988a32,2026-09-15T19:25:24Z,ELLIS
50748,Agnews Power Plant,OLS Energy-Agnews Inc.,CA,Santa Clara,37.4058,-121.9272,CISO,Pacific Gas & Electric Co,eia860.zip,,5988a32,2026-09-15T19:25:24Z,LOS ESTEROS
50750,Coalinga Cogeneration Facility,Aera Energy LLC-Coalinga,CA,Fresno,36.170317,-120.364084,CISO,Pacific Gas & Electric Co,eia860.zip,,5988a32,2026-09-15T19:25:24Z,
50751,Southeast Kern River Cogen,Chevron USA Inc,CA,Kern,35.4206,-118.9644,CISO,Pacific Gas & Electric Co,eia860.zip,,5988a32,2026-09-15T19:25:24Z,
50752,South Belridge Cogeneration Facility,AERA Energy LLC,CA,Kern,35.438611,-119.7075,CISO,Pacific Gas & Electric Co,eia860.zip,,5988a32,2026-09-15T19:25:24Z,
50754,Oak Creek Energy Systems I,Terra-Gen Operating Co-Wind,CA,Kern,35.043889,-118.276388,CISO,Southern California Edison Co,eia860.zip,,5988a32,2026-09-15T19:25:24Z,WINDHUB
50755,New Hogan Power Plant,Modesto Irrigation District,CA,Calaveras,38.149582,-120.814942,CISO,Pacific Gas & Electric Co,eia860.zip,,5988a32,2026-09-15T19:25:24Z,
50818,Dyer Road,AES Distributed Energy,CA,San Joaquin,37.7392,-121.4322,CISO,Pacific Gas & Electric Co,eia860.zip,,5988a32,2026-09-15T19:25:24Z,LAMMERS
50819,ESI Project,AES Distributed Energy,CA,Alameda,37.739167,-121.432222,CISO,Pacific Gas & Electric Co,eia860.zip,,5988a32,2026-09-15T19:25:24Z,LAMMERS
50820,East Winds Project,Terra-Gen Operating Co-Wind,CA,Riverside,33.890913,-116.541515,CISO,Southern California Edison Co,eia860.zip,,5988a32,2026-09-15T19:25:24Z,
50821,Mojave 16/17/18,Terra-Gen Operating Co-Wind,CA,Kern,35.045,-118.2642,CISO,Southern California Edison Co,eia860.zip,,5988a32,2026-09-15T19:25:24Z,WINDHUB
50826,Tres Vaqueros Wind Farms LLC,Pattern Operators LP,CA,Contra Costa,37.771944,-121.74,CISO,Pacific Gas & Electric Co,eia860.zip,,5988a32,2026-09-15T19:25:24Z,CAYETANO
50831,Nove Power Plant,Nove Investments I LLC,CA,Contra Costa,37.9676,-122.382,CISO,Pacific Gas & Electric Co.,eia860.zip,,5988a32,2026-09-15T19:25:24Z,
50849,PE Berkeley,Berkeley Cogeneration Facility,CA,Alameda,37.870331,-122.26337,CISO,Pacific Gas & Electric Co,eia860.zip,,5988a32,2026-09-15T19:25:24Z,
50850,CamChino Leasing LLC,CamChino Leasing LLC,CA,San Bernardino,33.989626,-117.680911,CISO,Southern California Edison Co,eia860.zip,,5988a32,2026-09-15T19:25:24Z,CHINO
50851,CSUCI Site Authority,CSUCI Site Authority,CA,Ventura,34.161951,-119.047916,CISO,Southern California Edison Co,eia860.zip,,5988a32,2026-09-15T19:25:24Z,
50864,Sargent Canyon Cogeneration,Sargent Canyon Cogeneration Co,CA,Monterey,35.9359,-120.8408,CISO,Pacific Gas & Electric Co,eia860.zip,,5988a32,2026-09-15T19:25:24Z,
50865,Salinas River Cogeneration,Salinas River Cogeneration Co,CA,Monterey,35.9515,-120.8679,CISO,Pacific Gas & Electric Co,eia860.zip,,5988a32,2026-09-15T19:25:24Z,
50881,Wheelabrator Shasta,"Shasta Sustainable Resource Management, Inc.",CA,Shasta,40.428329,-122.279248,CISO,Pacific Gas & Electric Co,eia860.zip,,5988a32,2026-09-15T19:25:24Z,COTTONWOOD
50892,Rock Creek LP,Hydroland Omega LLC,CA,El Dorado,38.78342,-120.778506,CISO,Pacific Gas & Electric Co,eia860.zip,,5988a32,2026-09-15T19:25:24Z,
50963,Naval Hospital Medical Center,Department of the Navy,CA,San Diego,32.7261,-117.1464,CISO,San Diego Gas & Electric Co,eia860.zip,,5988a32,2026-09-15T19:25:24Z,
50964,Amedee Geothermal Venture I,"Hays Ranches, LLC",CA,Lassen,40.300833,-120.105,CISO,Pacific Gas & Electric Co,eia860.zip,,5988a32,2026-09-15T19:25:24Z,
50985,Solano County Cogen Plant,Solano County - (CA),CA,Solano,38.2494,-122.0394,CISO,Pacific Gas & Electric Co,eia860.zip,,5988a32,2026-09-15T19:25:24Z,
52015,Dixie Valley,Ormat Nevada Inc,NV,Churchill,39.9663,-117.8557,CISO,Southern California Edison Co,eia860.zip,,5988a32,2026-09-15T19:25:24Z,
52063,Martinez Sulfuric Acid Regeneration Plt,Eco Services Corp.,CA,Contra Costa,38.0314,-122.1139,CISO,Pacific Gas & Electric Co,eia860.zip,,5988a32,2026-09-15T19:25:24Z,
52064,Dominguez Plant,Eco Services Corp.,CA,Los Angeles,33.8431,-118.2347,CISO,Southern California Edison Co,eia860.zip,,5988a32,2026-09-15T19:25:24Z,HINSON
52076,McKittrick Cogen,Chevron USA Inc,CA,Kern,35.3161,-119.6597,CISO,Pacific Gas & Electric Co,eia860.zip,,5988a32,2026-09-15T19:25:24Z,
52077,Lost Hills Cogeneration Plant,AERA Energy LLC,CA,Kern,35.666111,-119.766944,CISO,Pacific Gas & Electric Co,eia860.zip,,5988a32,2026-09-15T19:25:24Z,
52078,North Midway Cogen,Chevron USA Inc,CA,Kern,35.2761,-119.5986,CISO,Pacific Gas & Electric Co,eia860.zip,,5988a32,2026-09-15T19:25:24Z,
52081,Cymric 31X Cogen,Chevron USA Inc,CA,Kern,35.3639,-119.6592,CISO,Pacific Gas & Electric Co,eia860.zip,,5988a32,2026-09-15T19:25:24Z,
52082,Cymric 6Z Cogen,Chevron USA Inc,CA,Kern,35.346102,-119.643431,CISO,Pacific Gas & Electric Co,eia860.zip,,5988a32,2026-09-15T19:25:24Z,
52083,Coalinga 6C Cogen,Chevron USA Inc,CA,Fresno,36.2097,-120.3828,CISO,Pacific Gas & Electric Co,eia860.zip,,5988a32,2026-09-15T19:25:24Z,
52085,Taft 26C Cogen,Chevron USA Inc,CA,Kern,35.1133,-119.4706,CISO,Pacific Gas & Electric Co,eia860.zip,,5988a32,2026-09-15T19:25:24Z,
52086,Coalinga 25D Cogen,Chevron USA Inc,CA,Fresno,36.1556,-120.3972,CISO,Pacific Gas & Electric Co,eia860.zip,,5988a32,2026-09-15T19:25:24Z,
52092,Kern River Fee B Cogen,Chevron USA Inc,CA,Kern,35.440481,-119.007726,CISO,Pacific Gas & Electric Co,eia860.zip,,5988a32,2026-09-15T19:25:24Z,
52094,Kern River Fee A Cogen,Chevron USA Inc,CA,Kern,35.459849,-119.013573,CISO,Pacific Gas & Electric Co,eia860.zip,,5988a32,2026-09-15T19:25:24Z,
52095,Kern River Fee C Cogen,Chevron USA Inc,CA,Kern,35.464253,-118.996337,CISO,Pacific Gas & Electric Co,eia860.zip,,5988a32,2026-09-15T19:25:24Z,
52096,Berry Placerita Cogen,Shadow Wolf Energy,CA,Los Angeles,34.38407,-118.494882,CISO,Southern California Edison Co,eia860.zip,,5988a32,2026-09-15T19:25:24Z,
52099,Plant No 2 Orange County,Orange County Sanitation Dist - (CA),CA,Orange,33.6433,-117.9556,CISO,Southern California Edison Co,eia860.zip,,5988a32,2026-09-15T19:25:24Z,ELLIS
52104,Cymric 36W Cogen,Chevron USA Inc,CA,Kern,35.3633,-119.6756,CISO,Pacific Gas & Electric Co,eia860.zip,,5988a32,2026-09-15T19:25:24Z,
52105,Richmond Refinery TG800,Chevron Products Company-Richmond,CA,Contra Costa,37.932222,-122.389722,CISO,Pacific Gas & Electric Co,eia860.zip,,5988a32,2026-09-15T19:25:24Z,
52107,Kern River Eastridge Cogen,Chevron USA Inc,CA,Kern,35.4406,-118.9617,CISO,Pacific Gas & Electric Co,eia860.zip,,5988a32,2026-09-15T19:25:24Z,
52109,Richmond Cogen,Chevron Products Company-Richmond,CA,Contra Costa,37.9418,-122.3909,CISO,Pacific Gas & Electric Co,eia860.zip,,5988a32,2026-09-15T19:25:24Z,
52142,Mojave 3/4/5,Terra-Gen Operating Co-Wind,CA,Kern,35.0506,-118.2572,CISO,Southern California Edison Co,eia860.zip,,5988a32,2026-09-15T19:25:24Z,WINDHUB
52147,CP Kelco San Diego Plant,CP Kelco US Inc.,CA,San Diego,32.6947,-117.1436,CISO,San Diego Gas & Electric Co,eia860.zip,,5988a32,2026-09-15T19:25:24Z,
52158,Aidlin Geothermal Power Plant,Geysers Power Co LLC,CA,Sonoma,38.8339,-122.881,CISO,Pacific Gas & Electric Co,eia860.zip,,5988a32,2026-09-15T19:25:24Z,
52160,Victory Garden Phase IV LLC,Terra-Gen Operating Co-Wind,CA,Kern,35.076,-118.3664,CISO,Southern California Edison Co,eia860.zip,,5988a32,2026-09-15T19:25:24Z,
52161,Terra-Gen 251 Wind LLC,Terra-Gen Operating Co-Wind,CA,Kern,35.0853,-118.3547,CISO,Southern California Edison Co,eia860.zip,,5988a32,2026-09-15T19:25:24Z,
52162,85 A,Wind Wall 1 LLC,CA,Kern,35.095797,-118.324772,CISO,Southern California Edison Co,eia860.zip,,5988a32,2026-09-15T19:25:24Z,
52163,85 B,Wind Wall 1 LLC,CA,Kern,35.102577,-118.332533,CISO,Southern California Edison Co,eia860.zip,,5988a32,2026-09-15T19:25:24Z,
52169,Midway Sunset Cogen,Midway-Sunset Cogeneration Co,CA,Kern,35.2269,-119.6294,CISO,Pacific Gas & Electric Co,eia860.zip,,5988a32,2026-09-15T19:25:24Z,
52186,Yuba City Cogen Partners,"Wellhead Services, Inc",CA,Sutter,39.13667,-121.639846,CISO,Pacific Gas & Electric Co,eia860.zip,,5988a32,2026-09-15T19:25:24Z,PEASE
54015,MM West Covina,MM West Covina Energy LLC,CA,Los Angeles,34.033206,-117.906129,CISO,Southern California Edison Co,eia860.zip,,5988a32,2026-09-15T19:25:24Z,MERCED CIRCUIT
54017,San Gabriel Hydro Project,Los Angeles County-San Gabriel,CA,Los Angeles,34.204311,-117.855714,CISO,Southern California Edison Co,eia860.zip,,5988a32,2026-09-15T19:25:24Z,
54238,Stockton Biomass,DTE Stockton LLC,CA,San Joaquin,37.943633,-121.330433,CISO,Pacific Gas & Electric Co,eia860.zip,,5988a32,2026-09-15T19:25:24Z,
54242,Alvarado Hydro Facility,San Diego County Water Auth,CA,San Diego,32.7814,-117.0411,CISO,San Diego Gas & Electric Co,eia860.zip,,5988a32,2026-09-15T19:25:24Z,
54261,Warm Springs Hydro Project,Sonoma County Water Agency - (CA),CA,Sonoma,38.722141,-123.011188,CISO,Pacific Gas & Electric Co,eia860.zip,,5988a32,2026-09-15T19:25:24Z,
54296,Biola University Hybrid,Biola University,CA,Los Angeles,33.906953,-118.013105,CISO,Southern California Edison Co,eia860.zip,,5988a32,2026-09-15T19:25:24Z,
54298,Coram Energy LLC (ECT),Nextera Energy Resources,CA,Kern,35.0583,-118.3417,CISO,San Diego Gas & Electric Co,eia860.zip,,5988a32,2026-09-15T19:25:24Z,
54299,Coram Energy LLC,Nextera Energy Resources,CA,Kern,35.075,-118.3417,CISO,Southern California Edison Co,eia860.zip,,5988a32,2026-09-15T19:25:24Z,
54300,Coram Energy LLC (4.5MW),Nextera Energy Resources,CA,Kern,35.0583,-118.3083,CISO,Southern California Edison Co,eia860.zip,,5988a32,2026-09-15T19:25:24Z,WINDHUB
54308,Three Forks Water Power Project,Grizzly Mountain Ranch,CA,Trinity,40.199822,-123.523145,CISO,Pacific Gas & Electric Co,eia860.zip,,5988a32,2026-09-15T19:25:24Z,
54343,Terminus Hydroelectric Project,"Eagle Creek Renewable Energy, LLC",CA,Tulare,36.4156,-119.0069,CISO,Southern California Edison Co,eia860.zip,,5988a32,2026-09-15T19:25:24Z,
54410,Western Power & Steam Inc,Western Power and Steam II LLC,CA,Kern,35.440539,-119.012861,CISO,Pacific Gas & Electric Co,eia860.zip,,5988a32,2026-09-15T19:25:24Z,
54447,Welport Lease Project,"Sentinel Peak Resources California, LLC",CA,Kern,35.354444,-119.6617,CISO,Pacific Gas & Electric Co,eia860.zip,,5988a32,2026-09-15T19:25:24Z,
54449,Dome Project,"Sentinel Peak Resources California, LLC",CA,Kern,35.220833,-119.583056,CISO,Pacific Gas & Electric Co,eia860.zip,,5988a32,2026-09-15T19:25:24Z,
54453,EDF Renewable Windfarm V Inc,"EDF Renewable Asset Holdings, Inc.",CA,Solano,38.1167,-121.8333,CISO,Pacific Gas & Electric Co,eia860.zip,,5988a32,2026-09-15T19:25:24Z,BIRDS LANDING
54454,San Gorgonio Windplant WPP1993,"FPL Energy Operating Services, Inc.",CA,Riverside,33.918395,-116.573906,CISO,Southern California Edison Co,eia860.zip,,5988a32,2026-09-15T19:25:24Z,DEVERS
54477,"Oroville Cogeneration, LLC",Apex Power Generation Corp.,CA,Butte,39.492,-121.5628,CISO,Pacific Gas & Electric Co,eia860.zip,,5988a32,2026-09-15T19:25:24Z,
54517,Sierra Pacific Sonora,Sierra Pacific Industries,CA,Tuolumne,37.966389,-120.317777,CISO,Pacific Gas & Electric Co,eia860.zip,,5988a32,2026-09-15T19:25:24Z,
54554,Spicer Meadow Project,Northern California Power Agny,CA,Tuolumne,38.3914,-120.0008,CISO,Pacific Gas & Electric Co,eia860.zip,,5988a32,2026-09-15T19:25:24Z,
54555,Collierville Powerhouse,Northern California Power Agny,CA,Calaveras,38.144636,-120.380497,CISO,Pacific Gas & Electric Co,eia860.zip,,5988a32,2026-09-15T19:25:24Z,
54567,MM Yolo Power,Yolo County Community Services Department,CA,Yolo,38.596283,-121.687518,CISO,Pacific Gas & Electric Co,eia860.zip,,5988a32,2026-09-15T19:25:24Z,
54647,TPC Windfarms LLC,Terra-Gen Operating Co-Wind,CA,Kern,35.05,-118.2572,CISO,Southern California Edison Co,eia860.zip,,5988a32,2026-09-15T19:25:24Z,WINDHUB
54653,Kanaka,"Eagle Creek Renewable Energy, LLC",CA,Butte,39.558897,-121.296117,CISO,Pacific Gas & Electric Co,eia860.zip,,5988a32,2026-09-15T19:25:24Z,
54654,Kekawaka Power House,"Eagle Creek Renewable Energy, LLC",CA,Trinity,40.0941,-123.508983,CISO,Pacific Gas & Electric Co,eia860.zip,,5988a32,2026-09-15T19:25:24Z,
54681,Difwind Farms Ltd I,Terra-Gen Operating Co-Wind,CA,Riverside,33.898856,-116.57281,CISO,Southern California Edison Co,eia860.zip,,5988a32,2026-09-15T19:25:24Z,DEVERS
54682,Difwind Farms Ltd II,Terra-Gen Operating Co-Wind,CA,Riverside,33.893685,-116.567811,CISO,Southern California Edison Co,eia860.zip,,5988a32,2026-09-15T19:25:24Z,DEVERS
54685,Difwind Farms Ltd V,Terra-Gen Operating Co-Wind,CA,Riverside,33.887401,-116.578231,CISO,Southern California Edison Co,eia860.zip,,5988a32,2026-09-15T19:25:24Z,
54686,Difwind Farms Ltd VI,Terra-Gen Operating Co-Wind,CA,Kern,35.0506,-118.1714,CISO,Southern California Edison Co,eia860.zip,,5988a32,2026-09-15T19:25:24Z,
54687,Difwind Farms Ltd VIII,"EDF Renewable Asset Holdings, Inc.",CA,Kern,35.0506,-118.1714,CISO,Southern California Edison Co,eia860.zip,,5988a32,2026-09-15T19:25:24Z,
54749,Goal Line LP,Goal Line LP,CA,San Diego,33.1185,-117.0995,CISO,San Diego Gas & Electric Co,eia860.zip,,5988a32,2026-09-15T19:25:24Z,ESCONDIDO
54750,Coram Tehachapi,Nextera Energy Resources,CA,Kern,35.0663,-118.339444,CISO,Southern California Edison Co,eia860.zip,,5988a32,2026-09-15T19:25:24Z,
54768,Live Oak Limited,WCAC Operating Company,CA,Kern,35.4837,-119.0298,CISO,Pacific Gas & Electric Co,eia860.zip,,5988a32,2026-09-15T19:25:24Z,
54800,Saint Agnes Medical Center,Saint Agnes Medical Center,CA,Fresno,36.8347,-119.7667,CISO,Pacific Gas & Electric Co,eia860.zip,,5988a32,2026-09-15T19:25:24Z,
54909,Tehachapi Wind Resource II,CalWind Resources Inc,CA,Kern,35.1061,-118.3114,CISO,Southern California Edison Co,eia860.zip,,5988a32,2026-09-15T19:25:24Z,
54912,Martinez Refining,Martinez Refining Co,CA,Contra Costa,38.0169,-122.1117,CISO,Pacific Gas & Electric Co,eia860.zip,,5988a32,2026-09-15T19:25:24Z,
54931,Ridgetop,Terra-Gen Operating Co-Wind,CA,Kern,35.074,-118.3153,CISO,Southern California Edison Co,eia860.zip,,5988a32,2026-09-15T19:25:24Z,
54936,Richard J Donovan Correctional Facility,California Dept of Corrections,CA,San Diego,32.583571,-116.930907,CISO,San Diego Gas & Electric Co,eia860.zip,,5988a32,2026-09-15T19:25:24Z,
54951,Monterey One Water,Monterey One Water,CA,Monterey,36.7056,-121.7714,CISO,Pacific Gas & Electric Co,eia860.zip,,5988a32,2026-09-15T19:25:24Z,
55009,Montgomery Creek Hydro,"Central Rivers Power US, LLC",CA,Shasta,40.846806,-121.956446,CISO,Pacific Gas & Electric Co,eia860.zip,,5988a32,2026-09-15T19:25:24Z,ROUND MOUNTAIN
55049,Sierra Pacific Anderson Facility,Sierra Pacific Industries,CA,Shasta,40.4731,-122.3206,CISO,Pacific Gas & Electric Co,eia860.zip,,5988a32,2026-09-15T19:25:24Z,
55077,Desert Star Energy Center,Desert Star Energy Center SDG&E,NV,Clark,35.788889,-114.994167,CISO,San Diego Gas & Electric Co,eia860.zip,,5988a32,2026-09-15T19:25:24Z,MERCHANT
55084,Crockett Cogen Project,Crockett Cogeneration,CA,Contra Costa,38.0569,-122.2161,CISO,Pacific Gas & Electric Co,eia860.zip,,5988a32,2026-09-15T19:25:24Z,
55094,MM San Diego-Miramar,MM San Diego Energy-Miramar,CA,San Diego,32.844845,-117.162747,CISO,San Diego Gas & Electric Co,eia860.zip,,5988a32,2026-09-15T19:25:24Z,MESA HEIGHTS
55151,La Paloma Generating Plant,CXA La Paloma LLC,CA,Kern,35.2956,-119.5919,CISO,Pacific Gas & Electric Co.,eia860.zip,,5988a32,2026-09-15T19:25:24Z,
55160,MM Tulare Energy,MM Tulare Energy LLC,CA,Tulare,36.388,-119.394,CISO,Southern California Edison Co,eia860.zip,,5988a32,2026-09-15T19:25:24Z,
55161,MM Lopez Energy,MM Lopez Energy LLC,CA,Los Angeles,34.2925,-118.389444,CISO,Southern California Edison Co,eia860.zip,,5988a32,2026-09-15T19:25:24Z,
55182,Sunrise Power LLC,Sunrise Power Co LLC,CA,Kern,35.2097,-119.585,CISO,Pacific Gas & Electric Co,eia860.zip,,5988a32,2026-09-15T19:25:24Z,
55184,Aera San Ardo Cogen Facility,Aera Energy LLC-San Ardo,CA,Monterey,35.953293,-120.859952,CISO,Pacific Gas & Electric Co,eia860.zip,,5988a32,2026-09-15T19:25:24Z,
55185,Aera South Belridge Cogen Facility,AERA Energy LLC,CA,Kern,35.4292,-119.6864,CISO,Pacific Gas & Electric Co,eia860.zip,,5988a32,2026-09-15T19:25:24Z,
55217,Los Medanos Energy Center,Los Medanos Energy Center LLC,CA,Contra Costa,38.030071,-121.873004,CISO,Pacific Gas & Electric Co,eia860.zip,,5988a32,2026-09-15T19:25:24Z,PITTSBURG
55295,Blythe Energy Inc,AltaGas Blythe Operations Inc,CA,Riverside,33.6157,-114.6865,CISO,Southern California Edison Co,eia860.zip,,5988a32,2026-09-15T19:25:24Z,BLYTHE
55333,Delta Energy Center,Delta Energy Center LLC,CA,Contra Costa,38.0169,-121.8439,CISO,Pacific Gas & Electric Co,eia860.zip,,5988a32,2026-09-15T19:25:24Z,
55339,Phoenix Wind Power LLC,Avangrid Power LLC,CA,Riverside,33.916667,-116.55,CISO,Southern California Edison Co,eia860.zip,,5988a32,2026-09-15T19:25:24Z,DEVERS
55345,Otay Mesa Generating Project,Otay Mesa Energy Center LLC,CA,San Diego,32.581481,-116.914969,CISO,San Diego Gas & Electric Co,eia860.zip,,5988a32,2026-09-15T19:25:24Z,
55393,Metcalf Energy Center,Calpine Corp - Metcalf Energy Center,CA,Santa Clara,37.2207,-121.7457,CISO,Pacific Gas & Electric Co,eia860.zip,,5988a32,2026-09-15T19:25:24Z,METCALF
55400,Elk Hills Power LLC,Elk Hills Power LLC,CA,Kern,35.280318,-119.470707,CISO,Pacific Gas & Electric Co,eia860.zip,,5988a32,2026-09-15T19:25:24Z,
55499,CalPeak Power Vaca Dixon Peaker Plant,"CalPeak Power, LLC",CA,Solano,38.398867,-121.923973,CISO,Pacific Gas & Electric Co,eia860.zip,,5988a32,2026-09-15T19:25:24Z,VACA DIXON
55508,CalPeak Power Panoche Peaker Plant,"CalPeak Power, LLC",CA,Fresno,36.652905,-120.580609,CISO,Pacific Gas & Electric Co,eia860.zip,,5988a32,2026-09-15T19:25:24Z,PANOCHE
55510,Border Hybrid Energy Center,"CalPeak Power, LLC",CA,San Diego,32.562448,-116.943869,CISO,San Diego Gas & Electric Co,eia860.zip,,5988a32,2026-09-15T19:25:24Z,
55512,Cuyamaca Peak Energy Plant,San Diego Gas & Electric Co,CA,San Diego,32.796491,-116.972071,CISO,San Diego Gas & Electric Co,eia860.zip,,5988a32,2026-09-15T19:25:24Z,EL CAJON
55513,CalPeak Power Enterprise Peaker Plant,"CalPeak Power, LLC",CA,San Diego,33.121943,-117.117441,CISO,San Diego Gas & Electric Co,eia860.zip,,5988a32,2026-09-15T19:25:24Z,ESCONDIDO
55518,High Desert Power Plant,"MRP Generation Holdings, LLC",CA,San Bernardino,34.5953,-117.3647,CISO,Southern California Edison Co,eia860.zip,,5988a32,2026-09-15T19:25:24Z,
55538,Escondido Energy Center,"Wellhead Services, Inc",CA,San Diego,33.1261,-117.1172,CISO,San Diego Gas & Electric Co,eia860.zip,,5988a32,2026-09-15T19:25:24Z,ESCONDIDO
55540,Chula Vista Energy Center,"Wellhead Services, Inc",CA,San Diego,32.591667,-117.058611,CISO,San Diego Gas & Electric Co,eia860.zip,,5988a32,2026-09-15T19:25:24Z,OTAY
55541,Indigo Energy Facility,Diamond Generating Corporation,CA,Riverside,33.910873,-116.552994,CISO,Southern California Edison Co,eia860.zip,,5988a32,2026-09-15T19:25:24Z,DEVERS
55542,Larkspur Energy Facility,Diamond Generating Corporation,CA,San Diego,32.567041,-116.944197,CISO,San Diego Gas & Electric Co,eia860.zip,,5988a32,2026-09-15T19:25:24Z,
55602,North City - Landfill Gas Engines South,City of San Diego - (CA),CA,San Diego,32.8817,-117.1958,CISO,San Diego Gas & Electric Co,eia860.zip,,5988a32,2026-09-15T19:25:24Z,EASTGATE
55625,Creed Energy Center,Creed Energy Center LLC,CA,Solano,38.242158,-121.854722,CISO,Pacific Gas & Electric Co,eia860.zip,,5988a32,2026-09-15T19:25:24Z,LAMBIE
55626,Lambie Energy Center,Gilroy Energy Center LLC,CA,Solano,38.221577,-121.868333,CISO,Pacific Gas & Electric Co,eia860.zip,,5988a32,2026-09-15T19:25:24Z,LAMBIE
55627,Goose Haven Energy Center,Goose Haven Energy Center,CA,Solano,38.226752,-121.843271,CISO,Pacific Gas & Electric Co,eia860.zip,,5988a32,2026-09-15T19:25:24Z,LAMBIE
55642,Moapa Paiute Energy Center,Calpine Corp - Metcalf Energy Center,NV,Clark,36.702,-114.5125,CISO,Pacific Gas & Electric Co,eia860.zip,,5988a32,2026-09-15T19:25:24Z,
55656,"Pastoria Energy Facility, LLC",Calpine Corp - Pastoria Energy Center,CA,Kern,34.9556,-118.844,CISO,Southern California Edison Co,eia860.zip,,5988a32,2026-09-15T19:25:24Z,PASTORIA
55698,Hanford Energy Park Peaker,MRP San Joaquin Energy LLC.,CA,Kings,36.270072,-119.648055,CISO,Pacific Gas & Electric Co,eia860.zip,,5988a32,2026-09-15T19:25:24Z,
55719,Mountain View I & II,AES Distributed Energy,CA,Riverside,33.9211,-116.5642,CISO,Southern California Edison Co,eia860.zip,,5988a32,2026-09-15T19:25:24Z,DEVERS
55748,Los Esteros Critical Energy Center,Los Esteros Critical Energy Facility LLC,CA,Santa Clara,37.425,-121.9319,CISO,Pacific Gas & Electric Co,eia860.zip,,5988a32,2026-09-15T19:25:24Z,LOS ESTEROS
55752,Sonoma Central Landfill Phase I,County of Sonoma Dept of Trnsp,CA,Sonoma,38.3017,-122.7489,CISO,Pacific Gas & Electric Co,eia860.zip,,5988a32,2026-09-15T19:25:24Z,
55753,Sonoma Central Landfill Phase II,County of Sonoma Dept of Trnsp,CA,Sonoma,38.3017,-122.7489,CISO,Pacific Gas & Electric Co,eia860.zip,,5988a32,2026-09-15T19:25:24Z,
55807,Henrietta Peaker,MRP San Joaquin Energy LLC.,CA,Kings,36.2397,-119.9044,CISO,Pacific Gas & Electric Co,eia860.zip,,5988a32,2026-09-15T19:25:24Z,HENRIETTA
55810,Gilroy Peaking Energy Center,Calpine Gilroy Cogen LP,CA,Santa Clara,36.999,-121.5363,CISO,Pacific Gas & Electric Co,eia860.zip,,5988a32,2026-09-15T19:25:24Z,LLAGAS
55811,King City Peaking,Calpine Corp-King City,CA,Monterey,36.224758,-121.124633,CISO,Pacific Gas & Electric Co,eia860.zip,,5988a32,2026-09-15T19:25:24Z,
55813,Yuba City Energy Center,Calpine Corp-Yuba City,CA,Sutter,39.1392,-121.6387,CISO,Pacific Gas & Electric Co,eia860.zip,,5988a32,2026-09-15T19:25:24Z,PEASE
55845,Four Mile Hill,Calpine Corporation,CA,Siskiyou,41.6014,-121.625,CISO,Pacific Gas & Electric Co,eia860.zip,,5988a32,2026-09-15T19:25:24Z,
55846,Telephone Flat,Calpine Corporation,CA,Siskiyou,41.5633,-121.5708,CISO,Pacific Gas & Electric Co,eia860.zip,,5988a32,2026-09-15T19:25:24Z,
55847,Feather River Energy Center,Calpine Corp-Yuba City,CA,Sutter,39.109344,-121.60931,CISO,Pacific Gas & Electric Co,eia860.zip,,5988a32,2026-09-15T19:25:24Z,
55851,Valero Refinery Cogeneration Unit 1,Valero Refining Co California,CA,Solano,38.0736,-122.1411,CISO,Pacific Gas & Electric Co,eia860.zip,,5988a32,2026-09-15T19:25:24Z,
55852,Valero Refinery Cogeneration Unit 2,Valero Refining Co California,CA,Solano,38.073889,-122.140833,CISO,Pacific Gas & Electric Co,eia860.zip,,5988a32,2026-09-15T19:25:24Z,
55855,Wolfskill Energy Center,Gilroy Energy Center LLC,CA,Solano,38.228522,-122.07525,CISO,Pacific Gas & Electric Co,eia860.zip,,5988a32,2026-09-15T19:25:24Z,
55874,Wellhead Power Panoche,"Wellhead Services, Inc",CA,Fresno,36.6535,-120.5783,CISO,Pacific Gas & Electric Co,eia860.zip,,5988a32,2026-09-15T19:25:24Z,PANOCHE
55875,Gates Peaker,"Wellhead Services, Inc",CA,Fresno,36.152715,-120.148245,CISO,Pacific Gas & Electric Co,eia860.zip,,5988a32,2026-09-15T19:25:24Z,GATES
55880,Sonoma Central Landfill Phase III,County of Sonoma Dept of Trnsp,CA,Sonoma,38.3017,-122.7489,CISO,Pacific Gas & Electric Co,eia860.zip,,5988a32,2026-09-15T19:25:24Z,
55933,Tracy Combined Cycle Power Plant,MRP San Joaquin Energy LLC.,CA,San Joaquin,37.7107,-121.4906,CISO,Pacific Gas & Electric Co,eia860.zip,,5988a32,2026-09-15T19:25:24Z,SCHULTE
55934,Century Generating Facility,Colton Power LP,CA,San Bernardino,34.0606,-117.3533,CISO,City of Colton - (CA),eia860.zip,,5988a32,2026-09-15T19:25:24Z,
55935,Drews Generating Facility,Colton Power LP,CA,San Bernardino,34.0609,-117.3532,CISO,City of Colton - (CA),eia860.zip,,5988a32,2026-09-15T19:25:24Z,
55937,TESLA Power Project,Pacific Gas & Electric Co.,CA,Alameda,37.725,-121.566666,CISO,Pacific Gas & Electric Co,eia860.zip,,5988a32,2026-09-15T19:25:24Z,TESLA
55950,Elk Hills Cogen,California Resources Elk Hills LLC,CA,Kern,35.479146,-119.737464,CISO,Pacific Gas & Electric Co,eia860.zip,,5988a32,2026-09-15T19:25:24Z,
55951,Agua Mansa Power Plant,E I Colton LLC,CA,San Bernardino,34.0414,-117.3603,CISO,City of Colton - (CA),eia860.zip,,5988a32,2026-09-15T19:25:24Z,
55963,Riverview Energy Center,Gilroy Energy Center for Riverview,CA,Contra Costa,38.014423,-121.790679,CISO,Pacific Gas & Electric Co,eia860.zip,,5988a32,2026-09-15T19:25:24Z,CONTRA COSTA
55985,Palomar Energy,San Diego Gas & Electric Co,CA,San Diego,33.1197,-117.117778,CISO,San Diego Gas & Electric Co,eia860.zip,,5988a32,2026-09-15T19:25:24Z,ESCONDIDO
56011,Cabazon Wind Partners,Shell Wind Energy Inc.,CA,Riverside,33.9172,-116.735,CISO,Southern California Edison Co,eia860.zip,,5988a32,2026-09-15T19:25:24Z,
56012,Whitewater Hill Wind Partners,Shell Wind Energy Inc.,CA,Riverside,33.925,-116.617778,CISO,Southern California Edison Co,eia860.zip,,5988a32,2026-09-15T19:25:24Z,DEVERS
56026,Donald Von Raesfeld Power Plant,City of Santa Clara - (CA),CA,Santa Clara,37.3767,-121.9508,CISO,City of Santa Clara - (CA),eia860.zip,,5988a32,2026-09-15T19:25:24Z,TRIMBLE
56036,WWTP Power Generation Station,East Bay Municipal Util Dist - (CA),CA,Alameda,37.8258,-122.2961,CISO,Pacific Gas & Electric Co,eia860.zip,,5988a32,2026-09-15T19:25:24Z,OAKLAND C
56039,H. Gonzales,City of Vernon - (CA),CA,Los Angeles,33.9986,-118.2219,CISO,City of Vernon,eia860.zip,,5988a32,2026-09-15T19:25:24Z,
56041,Malburg,City of Vernon - (CA),CA,Los Angeles,33.9986,-118.2219,CISO,City of Vernon,eia860.zip,,5988a32,2026-09-15T19:25:24Z,
56051,THUMS,THUMS Long Beach Company,CA,Los Angeles,33.7684,-118.2141,CISO,Southern California Edison Co,eia860.zip,,5988a32,2026-09-15T19:25:24Z,HARBORGEN
56075,High Winds LLC,"FPLE High Winds, LLC",CA,Solano,38.1381,-121.8053,CISO,Pacific Gas & Electric Co,eia860.zip,,5988a32,2026-09-15T19:25:24Z,BIRDS LANDING
56080,SJ/SC WPCP,San Jose/Santa Clara Water P C,CA,Santa Clara,37.4344,-121.9464,CISO,Pacific Gas & Electric Co,eia860.zip,,5988a32,2026-09-15T19:25:24Z,LOS ESTEROS
56090,Blacksand Generating Facility,Bridge Energy LLC,CA,Orange,33.9328,-117.855,CISO,Southern California Edison Co,eia860.zip,,5988a32,2026-09-15T19:25:24Z,
56112,Mountain View III,Avangrid Power LLC,CA,Riverside,33.9141,-116.5914,CISO,Southern California Edison Co,eia860.zip,,5988a32,2026-09-15T19:25:24Z,DEVERS
56125,Springville Hydroelectric,Calleguas Mun Water District,CA,Ventura,34.2253,-119.0858,CISO,Southern California Edison Co,eia860.zip,,5988a32,2026-09-15T19:25:24Z,
56134,Regional Wastewater Control Facility,City of Stockton MUD - (CA),CA,San Joaquin,37.9369,-121.3294,CISO,Pacific Gas & Electric Co,eia860.zip,,5988a32,2026-09-15T19:25:24Z,
56143,Riverside Energy Resource Center,City of Riverside - (CA),CA,Riverside,33.9636,-117.4528,CISO,City of Riverside - (CA),eia860.zip,,5988a32,2026-09-15T19:25:24Z,
56144,Springs Generating Station,City of Riverside - (CA),CA,Riverside,33.9308,-117.2933,CISO,City of Riverside - (CA),eia860.zip,,5988a32,2026-09-15T19:25:24Z,
56184,Red Bluff,California Power Holdings LLC,CA,Tehama,40.1501,-122.2124,CISO,Pacific Gas & Electric Co,eia860.zip,,5988a32,2026-09-15T19:25:24Z,
56185,Chowchilla II,California Power Holdings LLC,CA,Madera,37.1073,-120.2485,CISO,Pacific Gas & Electric Co,eia860.zip,,5988a32,2026-09-15T19:25:24Z,
56213,Patterson Pass,"EDF Renewable Asset Holdings, Inc.",CA,Alameda,37.701956,-121.613708,CISO,Pacific Gas & Electric Co,eia860.zip,,5988a32,2026-09-15T19:25:24Z,TESLA
56232,Miramar Energy Facility,San Diego Gas & Electric Co,CA,San Diego,32.8769,-117.166389,CISO,San Diego Gas & Electric Co,eia860.zip,,5988a32,2026-09-15T19:25:24Z,EASTGATE
56239,Malaga Power LLC,"CalPeak Power, LLC",CA,Fresno,36.68957,-119.73989,CISO,Pacific Gas & Electric Co,eia860.zip,,5988a32,2026-09-15T19:25:24Z,
56271,Diablo Winds LLC,"Sequitur Renewables, LLC",CA,Alameda,37.763653,-121.614392,CISO,Pacific Gas & Electric Co,eia860.zip,,5988a32,2026-09-15T19:25:24Z,KELSO
56275,Helzel & Schwarzhoff 86,Wind Stream Operations LLC,CA,Kern,35.0925,-118.3952,CISO,Southern California Edison Co,eia860.zip,,5988a32,2026-09-15T19:25:24Z,
56276,ZCO,Wind Stream Operations LLC,CA,Kern,35.0772,-118.3811,CISO,Southern California Edison Co,eia860.zip,,5988a32,2026-09-15T19:25:24Z,
56295,Kumeyaay Wind,"Leeward Asset Management, LLC",CA,San Diego,32.705556,-116.3425,CISO,San Diego Gas & Electric Co,eia860.zip,,5988a32,2026-09-15T19:25:24Z,
56302,Oasis Wind,Terra-Gen Operating Co-Wind,CA,Kern,35.06094,-118.292406,CISO,San Diego Gas & Electric Co,eia860.zip,,5988a32,2026-09-15T19:25:24Z,WINDHUB
56305,San Francisco Electric Reliability Proj,City & County of San Francisco - (CA),CA,San Francisco,37.785556,-122.383611,CISO,Pacific Gas & Electric Co,eia860.zip,,5988a32,2026-09-15T19:25:24Z,
56306,San Francisco Intl Airport Ct Project,City & County of San Francisco - (CA),CA,San Mateo,37.635833,-122.383888,CISO,Pacific Gas & Electric Co,eia860.zip,,5988a32,2026-09-15T19:25:24Z,MILLBRAE
56346,Bear Valley Power Plant,Bear Valley Electric Service,CA,San Bernardino,34.2506,-116.9025,CISO,Bear Valley Electric Service,eia860.zip,,5988a32,2026-09-15T19:25:24Z,
56356,Clearwater Power Plant,City of Riverside - (CA),CA,Riverside,33.8912,-117.6085,CISO,Southern California Edison Co,eia860.zip,,5988a32,2026-09-15T19:25:24Z,
56362,Shiloh I Wind Project,Avangrid Power LLC,CA,Solano,38.12,-121.85,CISO,Pacific Gas & Electric Co,eia860.zip,,5988a32,2026-09-15T19:25:24Z,BIRDS LANDING
56428,Ameresco Santa Cruz Energy,AMERESCO Santa Cruz Energy LLC,CA,Santa Cruz,36.9178,-121.8156,CISO,Pacific Gas & Electric Co,eia860.zip,,5988a32,2026-09-15T19:25:24Z,
56446,Buena Vista Energy LLC,"Leeward Asset Management, LLC",CA,Contra Costa,37.805,-121.6672,CISO,Pacific Gas & Electric Co,eia860.zip,,5988a32,2026-09-15T19:25:24Z,
56467,Russell City Energy Center,Russell City Energy Company LLC,CA,Alameda,37.63466,-122.13381,CISO,Pacific Gas & Electric Co,eia860.zip,,5988a32,2026-09-15T19:25:24Z,EASTSHORE
56471,McGrath Peaker,Southern California Edison Co,CA,Ventura,34.205556,-119.246944,CISO,Southern California Edison Co,eia860.zip,,5988a32,2026-09-15T19:25:24Z,MANDALAY
56472,Grapeland Hybrid,Southern California Edison Co,CA,San Bernardino,34.0903,-117.5343,CISO,Southern California Edison Co,eia860.zip,,5988a32,2026-09-15T19:25:24Z,RANCHO VISTA
56473,Mira Loma Peaker,Southern California Edison Co,CA,San Bernardino,34.0053,-117.5604,CISO,Southern California Edison Co,eia860.zip,,5988a32,2026-09-15T19:25:24Z,
56474,Barre Peaker,Southern California Edison Co,CA,Orange,33.8073,-117.9832,CISO,Southern California Edison Co,eia860.zip,,5988a32,2026-09-15T19:25:24Z,
56475,Center Hybrid,Southern California Edison Co,CA,Los Angeles,33.9296,-118.1046,CISO,Southern California Edison Co,eia860.zip,,5988a32,2026-09-15T19:25:24Z,
56476,Gateway Generating Station,Pacific Gas & Electric Co.,CA,Contra Costa,38.0175,-121.7587,CISO,Pacific Gas & Electric Co,eia860.zip,,5988a32,2026-09-15T19:25:24Z,CONTRA COSTA
56532,Colusa Generating Station,Pacific Gas & Electric Co.,CA,Colusa,39.3661,-122.27,CISO,Pacific Gas & Electric Co,eia860.zip,,5988a32,2026-09-15T19:25:24Z,DELEVAN
56570,Terra-Gen VG Wind LLC,Terra-Gen Operating Co-Wind,CA,Kern,35.1161,-118.3789,CISO,Southern California Edison Co,eia860.zip,,5988a32,2026-09-15T19:25:24Z,
56615,Rancho Penasquitos,San Diego County Water Auth,CA,San Diego,32.93695,-117.113669,CISO,San Diego Gas & Electric Co,eia860.zip,,5988a32,2026-09-15T19:25:24Z,SCRIPPS
56639,Midway Peaking LLC,"CalPeak Power, LLC",CA,Fresno,36.654114,-120.579727,CISO,Pacific Gas & Electric Co,eia860.zip,,5988a32,2026-09-15T19:25:24Z,PANOCHE
56654,Hatchet Ridge Wind Project,Pattern Operators LP,CA,Shasta,40.8981,-121.8036,CISO,Pacific Gas & Electric Co,eia860.zip,,5988a32,2026-09-15T19:25:24Z,
56676,Margarita Energy Center,"Wellhead Services, Inc",CA,Orange,33.549444,-117.627777,CISO,San Diego Gas & Electric Co,eia860.zip,,5988a32,2026-09-15T19:25:24Z,MARGARITA
56706,Ampersand Chowchilla Biomass LLC,Ampersand Chowchilla Biomass LLC,CA,Madera,37.106668,-120.248504,CISO,Pacific Gas & Electric Co,eia860.zip,,5988a32,2026-09-15T19:25:24Z,
56707,El Nido Facility,Merced Power LLC,CA,Merced,37.1867,-120.4903,CISO,Pacific Gas & Electric Co,eia860.zip,,5988a32,2026-09-15T19:25:24Z,
56768,CalRenew-1,CalRenew-1 LLC,CA,Fresno,36.7575,-120.3658,CISO,Pacific Gas & Electric Co,eia860.zip,,5988a32,2026-09-15T19:25:24Z,
56791,Dillon Wind LLC,Avangrid Power LLC,CA,Riverside,33.9393,-116.5527,CISO,Southern California Edison Co,eia860.zip,,5988a32,2026-09-15T19:25:24Z,DEVERS
56803,Panoche Energy Center,"Panoche Energy Center, LLC",CA,Fresno,36.6514,-120.5833,CISO,Pacific Gas & Electric Co,eia860.zip,,5988a32,2026-09-15T19:25:24Z,PANOCHE
56813,CSU Fresno Solar Project,MMA Fresno Power LP,CA,Fresno,36.809841,-119.741665,CISO,Pacific Gas & Electric Co,eia860.zip,,5988a32,2026-09-15T19:25:24Z,
56814,ELACC Photovoltaic Power Facility,MMA LA Power LP,CA,Los Angeles,34.040278,-118.148056,CISO,Southern California Edison Co,eia860.zip,,5988a32,2026-09-15T19:25:24Z,
56820,Britton Powerhouse,Pacific Gas & Electric Co.,CA,Shasta,41.021389,-121.675,CISO,Pacific Gas & Electric Co,eia860.zip,,5988a32,2026-09-15T19:25:24Z,
56821,Chalk Mountain Powerhouse,Pacific Gas & Electric Co.,CA,Shasta,40.988056,-121.768333,CISO,Pacific Gas & Electric Co,eia860.zip,,5988a32,2026-09-15T19:25:24Z,
56822,Rock Creek Dam,Pacific Gas & Electric Co.,CA,Plumas,39.986944,-121.283055,CISO,Pacific Gas & Electric Co,eia860.zip,,5988a32,2026-09-15T19:25:24Z,
56862,Bolthouse S&P and Rowen Farms Solar,MMA WBF Power LP,CA,Los Angeles,34.5644,-117.6933,CISO,Southern California Edison Co,eia860.zip,,5988a32,2026-09-15T19:25:24Z,
56874,Shiloh Wind Project 2 LLC,"EDF Renewable Asset Holdings, Inc.",CA,Solano,38.1711,-121.8461,CISO,Pacific Gas & Electric Co,eia860.zip,,5988a32,2026-09-15T19:25:24Z,
56895,Ameresco Ox Mountain,AMERESCO Ox Mountain Energy LLC,CA,San Mateo,37.5,-122.4,CISO,Pacific Gas & Electric Co,eia860.zip,,5988a32,2026-09-15T19:25:24Z,HALF MOON BAY
56897,Ameresco Keller Canyon,AMERESCO Keller Canyon LLC,CA,Contra Costa,38.003928,-121.934491,CISO,Pacific Gas & Electric Co,eia860.zip,,5988a32,2026-09-15T19:25:24Z,PITTSBURG
56898,Ameresco Chiquita Canyon,AMERESCO Chiquita Canyon LLC,CA,Los Angeles,34.431664,-118.642855,CISO,Southern California Edison Co,eia860.zip,,5988a32,2026-09-15T19:25:24Z,
56909,Gap Pacific Distribution Center,MN8 Energy LLC,CA,Fresno,36.781606,-119.706911,CISO,Pacific Gas & Electric Co.,eia860.zip,,5988a32,2026-09-15T19:25:24Z,
56914,Orange Grove Peaking Facility,Orange Grove Energy LP,CA,San Diego,33.3594,-117.1114,CISO,San Diego Gas & Electric Co,eia860.zip,,5988a32,2026-09-15T19:25:24Z,
56917,"Imperial Valley Solar, LLC","Imperial Valley Solar, LLC",CA,Imperial,32.671099,-115.587265,CISO,San Diego Gas & Electric Co,eia860.zip,,5988a32,2026-09-15T19:25:24Z,
56939,Solar Blythe LLC,NRG Solar Blythe,CA,Riverside,33.5917,-114.7444,CISO,Southern California Edison Co,eia860.zip,,5988a32,2026-09-15T19:25:24Z,
56944,CM10,RWE Clean Energy,NV,Clark,35.7881,-114.9933,CISO,San Diego Gas & Electric Co,eia860.zip,,5988a32,2026-09-15T19:25:24Z,MERCHANT
56955,Helms Energy Center,"Wellhead Services, Inc",CA,Fresno,36.549167,-120.111111,CISO,Pacific Gas & Electric Co,eia860.zip,,5988a32,2026-09-15T19:25:24Z,
56976,Solar Photovoltaic Project #01,Southern California Edison Co,CA,San Bernardino,34.073206,-117.512842,CISO,Southern California Edison Co,eia860.zip,,5988a32,2026-09-15T19:25:24Z,RANCHO VISTA
56996,Solar Photovoltaic Project #02,Southern California Edison Co,CA,San Bernardino,33.985244,-117.700826,CISO,Southern California Edison Co,eia860.zip,,5988a32,2026-09-15T19:25:24Z,CHINO
57001,El Cajon Energy Center,"Wellhead Services, Inc",CA,San Diego,32.796106,-116.972073,CISO,San Diego Gas & Electric Co,eia860.zip,,5988a32,2026-09-15T19:25:24Z,EL CAJON
57004,SunEdison Walgreens Moreno Valley,SunE WG113 Moreno Valley LLC,CA,Riverside,33.8672,-117.23,CISO,Southern California Edison Co,eia860.zip,,5988a32,2026-09-15T19:25:24Z,
57005,Mariani Packing Vacaville Solar,SunE U6 Holdings LLC,CA,Solano,38.40008,-121.96366,CISO,Pacific Gas & Electric Co,eia860.zip,,5988a32,2026-09-15T19:25:24Z,VACA DIXON
57006,Walgreens Woodland Distribution Center,SunE WG45 Woodland LLC,CA,Yolo,38.674894,-121.713362,CISO,Pacific Gas & Electric Co,eia860.zip,,5988a32,2026-09-15T19:25:24Z,
57007,SunEdison Ironwood State Prison,SunE CPA CDC2 LLC,CA,Riverside,33.567268,-114.917979,CISO,Southern California Edison Co,eia860.zip,,5988a32,2026-09-15T19:25:24Z,
57008,SunEdison Procter & Gamble Oxnard,SunE U6 Holdings LLC,CA,Ventura,34.2089,-119.13,CISO,Southern California Edison Co,eia860.zip,,5988a32,2026-09-15T19:25:24Z,
57009,Kohls San Bernardino Solar Facility,"SunE WF3 KHL A Holdings, LLC",CA,San Bernardino,34.094695,-117.266831,CISO,Southern California Edison Co,eia860.zip,,5988a32,2026-09-15T19:25:24Z,SAN BERNARDINO
57010,SunEdison Anheuser Busch Fairfield,SunE M5 Holdings LLC,CA,Solano,38.232108,-122.092706,CISO,Pacific Gas & Electric Co,eia860.zip,,5988a32,2026-09-15T19:25:24Z,
57011,Chuckawalla Valley State Prison,SunE CPA CDC1 LLC,CA,Riverside,33.565329,-114.903629,CISO,Southern California Edison Co,eia860.zip,,5988a32,2026-09-15T19:25:24Z,
57012,SunEdison Walmart Apple Valley DC,SunE M5 Holdings LLC,CA,San Bernardino,34.5975,-117.2,CISO,Southern California Edison Co,eia860.zip,,5988a32,2026-09-15T19:25:24Z,
57027,Canyon Power Plant,City of Anaheim - (CA),CA,Orange,33.858056,-117.861667,CISO,City of Anaheim - (CA),eia860.zip,,5988a32,2026-09-15T19:25:24Z,
57041,Vaca Dixon Solar Station,Pacific Gas & Electric Co.,CA,Solano,38.4106,-121.9264,CISO,Pacific Gas & Electric Co,eia860.zip,,5988a32,2026-09-15T19:25:24Z,VACA DIXON
57042,CSU East Bay,Pacific Gas & Electric Co.,CA,Alameda,37.658889,-122.059444,CISO,Pacific Gas & Electric Co,eia860.zip,,5988a32,2026-09-15T19:25:24Z,
57043,SF State University,Pacific Gas & Electric Co.,CA,San Francisco,37.723889,-122.4775,CISO,Pacific Gas & Electric Co,eia860.zip,,5988a32,2026-09-15T19:25:24Z,
57073,Ivanpah 2,NRG Energy Services,CA,San Bernardino,35.556111,-115.468611,CISO,Southern California Edison Co,eia860.zip,,5988a32,2026-09-15T19:25:24Z,IVANPAH
57074,Ivanpah 1,NRG Energy Services,CA,San Bernardino,35.533056,-115.4525,CISO,Southern California Edison Co,eia860.zip,,5988a32,2026-09-15T19:25:24Z,IVANPAH
57075,Ivanpah 3,NRG Energy Services,CA,San Bernardino,35.580833,-115.4825,CISO,Southern California Edison Co,eia860.zip,,5988a32,2026-09-15T19:25:24Z,IVANPAH
57100,Santa Maria LFG Power Plant,J&A-Santa Maria LLC,CA,Santa Barbara,34.9537,-120.4142,CISO,Pacific Gas & Electric Co,eia860.zip,,5988a32,2026-09-15T19:25:24Z,
57101,J&A-Santa Maria II LLC,J&A-Santa Maria II LLC,CA,Santa Barbara,34.9494,-120.3803,CISO,Pacific Gas & Electric Co,eia860.zip,,5988a32,2026-09-15T19:25:24Z,
57102,Whittier LFG Power Plant #1,J&A-Whittier LLC,CA,Los Angeles,33.9716,-118.0481,CISO,Southern California Edison Co,eia860.zip,,5988a32,2026-09-15T19:25:24Z,
57122,UCI Facilities Management Central Plant,University of California Irvine,CA,Orange,33.6481,-117.8467,CISO,Southern California Edison Co,eia860.zip,,5988a32,2026-09-15T19:25:24Z,
57127,Solar Photovoltaic Project #24,Southern California Edison Co,CA,San Bernardino,34.038333,-117.373055,CISO,Southern California Edison Co,eia860.zip,,5988a32,2026-09-15T19:25:24Z,
57133,G2 Energy Ostrom Road LLC,G2 Energy LLC,CA,Yuba,39.0728,-121.3992,CISO,Pacific Gas & Electric Co,eia860.zip,,5988a32,2026-09-15T19:25:24Z,
57163,Calabasas Gas to Energy Facility,Los Angeles County Sanitation,CA,Los Angeles,34.1511,-118.7236,CISO,Southern California Edison Co,eia860.zip,,5988a32,2026-09-15T19:25:24Z,
57164,Waste Management Tri-Cities LFGTE,WM Renewable Energy LLC,CA,Alameda,37.4975,-121.985833,CISO,Pacific Gas & Electric Co,eia860.zip,,5988a32,2026-09-15T19:25:24Z,NEWARK
57180,Buckeye Geothermal Power Plant,Calpine Corporation,CA,Lake,38.8242,-122.84,CISO,Pacific Gas & Electric Co,eia860.zip,,5988a32,2026-09-15T19:25:24Z,
57181,Wild Horse Power Plant,Calpine Corporation,CA,Sonoma,38.8417,-122.83,CISO,Pacific Gas & Electric Co,eia860.zip,,5988a32,2026-09-15T19:25:24Z,
57201,FPL Energy Montezuma Winds LLC,FPL Energy Montezuma Wind,CA,Solano,38.163581,-121.79661,CISO,Pacific Gas & Electric Co,eia860.zip,,5988a32,2026-09-15T19:25:24Z,
57205,CM48,RWE Clean Energy,NV,Clark,35.7814,-114.9933,CISO,San Diego Gas & Electric Co,eia860.zip,,5988a32,2026-09-15T19:25:24Z,MERCHANT
57217,Solar Photovoltaic Project #03,Southern California Edison Co,CA,San Bernardino,34.094279,-117.400113,CISO,Southern California Edison Co,eia860.zip,,5988a32,2026-09-15T19:25:24Z,
57218,Solar Photovoltaic Project #04,Southern California Edison Co,CA,San Bernardino,34.071111,-117.520277,CISO,Southern California Edison Co,eia860.zip,,5988a32,2026-09-15T19:25:24Z,RANCHO VISTA
57219,Solar Photovoltaic Project #05,Southern California Edison Co,CA,San Bernardino,34.086276,-117.230571,CISO,Southern California Edison Co,eia860.zip,,5988a32,2026-09-15T19:25:24Z,SAN BERNARDINO
57220,Solar Photovoltaic Project #06,Southern California Edison Co,CA,San Bernardino,34.041389,-117.573055,CISO,Southern California Edison Co,eia860.zip,,5988a32,2026-09-15T19:25:24Z,
57221,Solar Photovoltaic Project #07,Southern California Edison Co,CA,San Bernardino,34.086111,-117.2275,CISO,Southern California Edison Co,eia860.zip,,5988a32,2026-09-15T19:25:24Z,SAN BERNARDINO
57222,Solar Photovoltaic Project #08,Southern California Edison Co,CA,San Bernardino,34.041944,-117.565,CISO,Southern California Edison Co,eia860.zip,,5988a32,2026-09-15T19:25:24Z,
57223,Solar Photovoltaic Project #09,Southern California Edison Co,CA,San Bernardino,34.042778,-117.571666,CISO,Southern California Edison Co,eia860.zip,,5988a32,2026-09-15T19:25:24Z,
57224,Solar Photovoltaic Project #10,Southern California Edison Co,CA,San Bernardino,34.075,-117.516944,CISO,Southern California Edison Co,eia860.zip,,5988a32,2026-09-15T19:25:24Z,RANCHO VISTA
57225,Solar Photovoltaic Project #11,Southern California Edison Co,CA,San Bernardino,34.075833,-117.241388,CISO,Southern California Edison Co,eia860.zip,,5988a32,2026-09-15T19:25:24Z,SAN BERNARDINO
57226,Solar Photovoltaic Project #12,Southern California Edison Co,CA,San Bernardino,34.042222,-117.561666,CISO,Southern California Edison Co,eia860.zip,,5988a32,2026-09-15T19:25:24Z,
57227,Solar Photovoltaic Project #13,Southern California Edison Co,CA,San Bernardino,34.083499,-117.23557,CISO,Southern California Edison Co,eia860.zip,,5988a32,2026-09-15T19:25:24Z,SAN BERNARDINO
57228,Solar Photovoltaic Project #14,Southern California Edison Co,CA,San Bernardino,34.068333,-117.507222,CISO,Southern California Edison Co,eia860.zip,,5988a32,2026-09-15T19:25:24Z,RANCHO VISTA
57229,Solar Photovoltaic Project #15,Southern California Edison Co,CA,San Bernardino,34.079167,-117.516666,CISO,Southern California Edison Co,eia860.zip,,5988a32,2026-09-15T19:25:24Z,RANCHO VISTA
57230,Solar Photovoltaic Project #16,Southern California Edison Co,CA,San Bernardino,34.085556,-117.233611,CISO,Southern California Edison Co,eia860.zip,,5988a32,2026-09-15T19:25:24Z,SAN BERNARDINO
57231,Solar Photovoltaic Project #17,Southern California Edison Co,CA,San Bernardino,34.072778,-117.503333,CISO,Southern California Edison Co,eia860.zip,,5988a32,2026-09-15T19:25:24Z,RANCHO VISTA
57232,Solar Photovoltaic Project #18,Southern California Edison Co,CA,San Bernardino,34.083333,-117.516388,CISO,Southern California Edison Co,eia860.zip,,5988a32,2026-09-15T19:25:24Z,RANCHO VISTA
57233,Solar Photovoltaic Project #19,Southern California Edison Co,CA,San Bernardino,34.086944,-117.516944,CISO,Southern California Edison Co,eia860.zip,,5988a32,2026-09-15T19:25:24Z,RANCHO VISTA
57234,Solar Photovoltaic Project #20,Southern California Edison Co,CA,San Bernardino,34.089167,-117.203333,CISO,Southern California Edison Co,eia860.zip,,5988a32,2026-09-15T19:25:24Z,SAN BERNARDINO
57235,Solar Photovoltaic Project #21,Southern California Edison Co,CA,San Bernardino,34.075278,-117.553611,CISO,Southern California Edison Co,eia860.zip,,5988a32,2026-09-15T19:25:24Z,RANCHO VISTA
57236,Solar Photovoltaic Project #23,Southern California Edison Co,CA,San Bernardino,34.080833,-117.520277,CISO,Southern California Edison Co,eia860.zip,,5988a32,2026-09-15T19:25:24Z,RANCHO VISTA
57237,Solar Photovoltaic Project #22,Southern California Edison Co,CA,San Bernardino,34.08,-117.2114,CISO,Southern California Edison Co,eia860.zip,,5988a32,2026-09-15T19:25:24Z,SAN BERNARDINO
57245,Solar Photovoltaic Project #26,Southern California Edison Co,CA,San Bernardino,34.131214,-117.425324,CISO,Southern California Edison Co,eia860.zip,,5988a32,2026-09-15T19:25:24Z,
57246,Solar Photovoltaic Project #27,Southern California Edison Co,CA,San Bernardino,34.131111,-117.421666,CISO,Southern California Edison Co,eia860.zip,,5988a32,2026-09-15T19:25:24Z,
57247,Solar Photovoltaic Project #28,Southern California Edison Co,CA,San Bernardino,34.094167,-117.274166,CISO,Southern California Edison Co,eia860.zip,,5988a32,2026-09-15T19:25:24Z,SAN BERNARDINO
57254,Victor Valley CC CPV Solar,Victor Valley Community College District,CA,San Bernardino,34.48017,-117.257938,CISO,Southern California Edison Co,eia860.zip,,5988a32,2026-09-15T19:25:24Z,
57267,Marsh Landing Generating Station,Marsh Landing LLC,CA,Contra Costa,38.016944,-121.765,CISO,Pacific Gas & Electric Co,eia860.zip,,5988a32,2026-09-15T19:25:24Z,CONTRA COSTA
57282,Alta Wind Energy Center I,"Alta Wind I, LLC",CA,Kern,35.033725,-118.353422,CISO,Southern California Edison Co,eia860.zip,,5988a32,2026-09-15T19:25:24Z,
57291,Alta Wind Energy Center II,"Alta Wind II, LLC",CA,Kern,35.023889,-118.295278,CISO,Southern California Edison Co,eia860.zip,,5988a32,2026-09-15T19:25:24Z,WINDHUB
57292,Alta Wind Energy Center III,"Alta Wind III, LLC",CA,Kern,35.023889,-118.295278,CISO,Southern California Edison Co,eia860.zip,,5988a32,2026-09-15T19:25:24Z,WINDHUB
57293,Alta Wind Energy Center IV,"Alta Wind IV, LLC",CA,Kern,35.008611,-118.242222,CISO,Southern California Edison Co,eia860.zip,,5988a32,2026-09-15T19:25:24Z,WINDHUB
57294,Alta Wind Energy Center V,"Alta Wind V, LLC",CA,Kern,35.008611,-118.242222,CISO,Southern California Edison Co,eia860.zip,,5988a32,2026-09-15T19:25:24Z,WINDHUB
57295,Alpine Solar,Alpine BESS LLC,CA,Los Angeles,34.7892,-118.5047,CISO,Southern California Edison Co,eia860.zip,,5988a32,2026-09-15T19:25:24Z,
57301,Dutch Wind Energy,Terra-Gen Operating Co-Wind,CA,Riverside,33.8942,-116.5603,CISO,Southern California Edison Co,eia860.zip,,5988a32,2026-09-15T19:25:24Z,
57302,Garnet Wind Energy Center,Terra-Gen Operating Co-Wind,CA,Riverside,33.9053,-116.5825,CISO,Southern California Edison Co,eia860.zip,,5988a32,2026-09-15T19:25:24Z,DEVERS
57331,Mojave Solar Project,Mojave Solar LLC,CA,San Bernardino,35.017717,-117.339144,CISO,Southern California Edison Co,eia860.zip,,5988a32,2026-09-15T19:25:24Z,
57340,Panoche Valley Solar Farm,RWE Clean Energy,CA,San Benito,36.627,-120.879,CISO,Pacific Gas & Electric Co,eia860.zip,,5988a32,2026-09-15T19:25:24Z,
57359,Avenal Park,Avenal Solar Holdings LLC,CA,Kings,35.989722,-120.11,CISO,Pacific Gas & Electric Co,eia860.zip,,5988a32,2026-09-15T19:25:24Z,
57360,Sun City Project LLC,Avenal Solar Holdings LLC,CA,Kings,35.983056,-120.110277,CISO,Pacific Gas & Electric Co,eia860.zip,,5988a32,2026-09-15T19:25:24Z,
57361,Sand Drag LLC,Avenal Solar Holdings LLC,CA,Kings,35.982778,-120.110277,CISO,Pacific Gas & Electric Co,eia860.zip,,5988a32,2026-09-15T19:25:24Z,
57373,Agua Caliente Solar Project,Agua Caliente Solar,AZ,Yuma,32.9774,-113.4945,CISO,San Diego Gas & Electric Co,eia860.zip,,5988a32,2026-09-15T19:25:24Z,
57378,AV Solar Ranch One,AV Solar Ranch 1 LLC,CA,Los Angeles,34.780278,-118.42444,CISO,Southern California Edison Co,eia860.zip,,5988a32,2026-09-15T19:25:24Z,
57394,Genesis Solar Energy Project,Genesis Solar LLC,CA,Riverside,33.665,-114.998055,CISO,Southern California Edison Co,eia860.zip,,5988a32,2026-09-15T19:25:24Z,
57422,Yolo County Solar Project,Yolo County of - (CA),CA,Yolo,38.659722,-121.7294,CISO,Pacific Gas & Electric Co,eia860.zip,,5988a32,2026-09-15T19:25:24Z,
57439,California Valley Solar Ranch,Clearway Energy Operating LLC,CA,San Luis Obispo,35.323739,-119.91663,CISO,Pacific Gas & Electric Co,eia860.zip,,5988a32,2026-09-15T19:25:24Z,
57441,Solar Photovoltaic Project #42,Southern California Edison Co,CA,Tulare,36.028056,-119.074722,CISO,Southern California Edison Co,eia860.zip,,5988a32,2026-09-15T19:25:24Z,
57455,Solar Borrego I,NRG Solar Borrego I,CA,San Diego,33.298889,-116.35083,CISO,San Diego Gas & Electric Co,eia860.zip,,5988a32,2026-09-15T19:25:24Z,
57459,Mountain View IV,AES Distributed Energy,CA,Riverside,33.8816,-116.5527,CISO,Southern California Edison Co,eia860.zip,,5988a32,2026-09-15T19:25:24Z,
57460,Caltech Central,Bloom Energy 2009 PPA,CA,Los Angeles,34.1358,-118.1267,CISO,Southern California Edison Co,eia860.zip,,5988a32,2026-09-15T19:25:24Z,
57477,Black Rock I,CE Obsidian Energy LLC,CA,Imperial,33.1594,-115.6144,CISO,Imperial Irrigation District,eia860.zip,,5988a32,2026-09-15T19:25:24Z,
57478,Black Rock II,CE Obsidian Energy LLC,CA,Imperial,33.1594,-115.6144,CISO,Imperial Irrigation District,eia860.zip,,5988a32,2026-09-15T19:25:24Z,
57479,Black Rock III,CE Obsidian Energy LLC,CA,Imperial,33.1594,-115.6144,CISO,Imperial Irrigation District,eia860.zip,,5988a32,2026-09-15T19:25:24Z,
57482,"Sentinel Energy Center, LLC",Sentinel Energy Center LLC,CA,Riverside,33.934167,-116.571388,CISO,Southern California Edison Co,eia860.zip,,5988a32,2026-09-15T19:25:24Z,DEVERS
57483,Mariposa Energy Project,Diamond Generating Corporation,CA,Alameda,37.789167,-121.601944,CISO,Pacific Gas & Electric Co,eia860.zip,,5988a32,2026-09-15T19:25:24Z,KELSO
57484,Manzana Wind LLC,Avangrid Power LLC,CA,Kern,34.9349,-118.4612,CISO,Southern California Edison Co,eia860.zip,,5988a32,2026-09-15T19:25:24Z,
57490,Imperial Solar Energy Center South,CSOLAR IV South LLC,CA,Imperial,32.663289,-115.658284,CISO,San Diego Gas & Electric Co,eia860.zip,,5988a32,2026-09-15T19:25:24Z,
57491,Imperial Solar Energy Center West,CSOLAR IV West LLC,CA,Imperial,32.772225,-115.779311,CISO,San Diego Gas & Electric Co,eia860.zip,,5988a32,2026-09-15T19:25:24Z,
57497,Stroud Solar Station,Pacific Gas & Electric Co.,CA,Fresno,36.531389,-120.106944,CISO,Pacific Gas & Electric Co,eia860.zip,,5988a32,2026-09-15T19:25:24Z,
57498,Five Points Solar Station,Pacific Gas & Electric Co.,CA,Fresno,36.400278,-120.103333,CISO,Pacific Gas & Electric Co,eia860.zip,,5988a32,2026-09-15T19:25:24Z,
57499,Westside Solar Station,Pacific Gas & Electric Co.,CA,Fresno,36.378726,-120.124898,CISO,Pacific Gas & Electric Co,eia860.zip,,5988a32,2026-09-15T19:25:24Z,
57506,FRV SI Transport Solar LP,"FRV SI Transport Solar, L.P. (Sacremento)",CA,Sacramento,38.4869,-121.3911,CISO,Sacramento Municipal Util Dist,eia860.zip,,5988a32,2026-09-15T19:25:24Z,
57514,Ocotillo Express LLC,Pattern Operators LP,CA,Imperial,32.752778,-116.044722,CISO,San Diego Gas & Electric Co,eia860.zip,,5988a32,2026-09-15T19:25:24Z,
57515,Walnut Creek Energy Park,Walnut Creek LLC,CA,Los Angeles,34.008709,-117.944864,CISO,Southern California Edison Co,eia860.zip,,5988a32,2026-09-15T19:25:24Z,
57521,Giffen,Pacific Gas & Electric Co.,CA,Fresno,36.530278,-120.316111,CISO,Pacific Gas & Electric Co,eia860.zip,,5988a32,2026-09-15T19:25:24Z,
57522,Cantua Solar Station,Pacific Gas & Electric Co.,CA,Fresno,36.425085,-120.343543,CISO,Pacific Gas & Electric Co,eia860.zip,,5988a32,2026-09-15T19:25:24Z,
57523,Huron Solar Station,Pacific Gas & Electric Co.,CA,Fresno,36.181389,-120.030555,CISO,Pacific Gas & Electric Co,eia860.zip,,5988a32,2026-09-15T19:25:24Z,
57528,Solar Photovoltaic Project #25,Southern California Edison Co,CA,San Bernardino,34.130556,-117.421944,CISO,Southern California Edison Co,eia860.zip,,5988a32,2026-09-15T19:25:24Z,
57532,Solar Photovoltaic Project #30,Southern California Edison Co,CA,San Bernardino,34.064722,-117.425833,CISO,Southern California Edison Co,eia860.zip,,5988a32,2026-09-15T19:25:24Z,
57533,Solar Photovoltaic Project #31,Southern California Edison Co,CA,San Bernardino,34.086667,-117.565833,CISO,Southern California Edison Co,eia860.zip,,5988a32,2026-09-15T19:25:24Z,RANCHO VISTA
57534,Solar Photovoltaic Project #32,Southern California Edison Co,CA,San Bernardino,34.031667,-117.571944,CISO,Southern California Edison Co,eia860.zip,,5988a32,2026-09-15T19:25:24Z,
57535,Solar Photovoltaic Project #33,Southern California Edison Co,CA,San Bernardino,34.0325,-117.569166,CISO,Southern California Edison Co,eia860.zip,,5988a32,2026-09-15T19:25:24Z,
57537,Solar Photovoltaic Project #35,Southern California Edison Co,CA,Kern,35.7436,-119.2236,CISO,Southern California Edison Co,eia860.zip,,5988a32,2026-09-15T19:25:24Z,
57538,Solar Photovoltaic Project #40,Southern California Edison Co,CA,San Bernardino,34.855556,-116.866944,CISO,Southern California Edison Co,eia860.zip,,5988a32,2026-09-15T19:25:24Z,
57539,Solar Photovoltaic Project #41,Southern California Edison Co,CA,San Bernardino,34.855556,-116.866944,CISO,Southern California Edison Co,eia860.zip,,5988a32,2026-09-15T19:25:24Z,
57540,Solar Photovoltaic Project #44,Southern California Edison Co,CA,Riverside,33.839167,-117.220833,CISO,Southern California Edison Co,eia860.zip,,5988a32,2026-09-15T19:25:24Z,
57541,Solar Photovoltaic Project #45,Southern California Edison Co,CA,Riverside,33.8689,-116.5575,CISO,Southern California Edison Co,eia860.zip,,5988a32,2026-09-15T19:25:24Z,
57543,Solar Photovoltaic Project #47,Southern California Edison Co,CA,Los Angeles,33.703546,-117.915352,CISO,Southern California Edison Co,eia860.zip,,5988a32,2026-09-15T19:25:24Z,CAMDEN
57544,Cal State Univ San Bernardino FC01,Southern California Edison Co,CA,San Bernardino,34.185833,-117.324167,CISO,Southern California Edison Co,eia860.zip,,5988a32,2026-09-15T19:25:24Z,
57545,Solar Photovoltaic Project #46,Southern California Edison Co,CA,Kern,35.743889,-119.229444,CISO,Southern California Edison Co,eia860.zip,,5988a32,2026-09-15T19:25:24Z,
57555,Pio Pico Energy Center,Pio Pico Energy Center LLC,CA,San Diego,32.573889,-116.917777,CISO,San Diego Gas & Electric Co,eia860.zip,,5988a32,2026-09-15T19:25:24Z,
57557,Sunnyvale City of WPCP,City of Sunnyvale WPCP - (CA),CA,Santa Clara,37.4194,-122.0153,CISO,Pacific Gas & Electric Co,eia860.zip,,5988a32,2026-09-15T19:25:24Z,
57559,Sunset Reservoir North Basin,Deriva Energy,CA,San Francisco,37.750894,-122.481758,CISO,Pacific Gas & Electric Co,eia860.zip,,5988a32,2026-09-15T19:25:24Z,
57564,Algonquin Power Sanger LLC,Clearlight Energy Sanger LLC,CA,Fresno,36.6842,-119.5522,CISO,Pacific Gas & Electric Co,eia860.zip,,5988a32,2026-09-15T19:25:24Z,
57566,GE - Tehachapi,GE Wind Energy LLC,CA,Kern,35.155278,-118.369444,CISO,Southern California Edison Co,eia860.zip,,5988a32,2026-09-15T19:25:24Z,
57573,CCCSD Wastewater Treatment Plnt,Central Contra Costa Sanitary District,CA,Contra Costa,37.9978,-122.0697,CISO,Pacific Gas & Electric Co,eia860.zip,,5988a32,2026-09-15T19:25:24Z,
57579,Robert O Schulz Solar Farm,South San Joaquin Irr District,CA,Stanislaus,37.8583,-120.8917,CISO,Pacific Gas & Electric Co,eia860.zip,,5988a32,2026-09-15T19:25:24Z,
57580,Broadridge Cogen,Broadridge Customer Communications,CA,El Dorado,38.6183,-121.0564,CISO,Pacific Gas & Electric Co,eia860.zip,,5988a32,2026-09-15T19:25:24Z,
57584,University of California San Diego Hybri,University of California San Diego,CA,San Diego,32.8747,-117.2392,CISO,San Diego Gas & Electric Co,eia860.zip,,5988a32,2026-09-15T19:25:24Z,EASTGATE
57585,Oxnard Paper Mill,"New-Indy, Oxnard LLC",CA,Ventura,34.1414,-119.1831,CISO,Southern California Edison Co,eia860.zip,,5988a32,2026-09-15T19:25:24Z,
57586,Shiloh III Wind Project LLC,"EDF Renewable Asset Holdings, Inc.",CA,Solano,38.169444,-121.846944,CISO,Pacific Gas & Electric Co,eia860.zip,,5988a32,2026-09-15T19:25:24Z,
57594,Teichert Materials-Teichert Vernalis,"Foundation HA Energy Generation, LLC",CA,San Joaquin,37.6167,-121.3564,CISO,Pacific Gas & Electric Co,eia860.zip,,5988a32,2026-09-15T19:25:24Z,
57621,Rising Tree Wind Farm,Rising Tree Wind Farm LLC,CA,Kern,35.0775,-118.218333,CISO,Southern California Edison Co,eia860.zip,,5988a32,2026-09-15T19:25:24Z,
57626,Foundation ST,"Foundation HA Energy Generation, LLC",CA,San Joaquin,37.714167,-121.521666,CISO,Pacific Gas & Electric Co,eia860.zip,,5988a32,2026-09-15T19:25:24Z,SCHULTE
57650,Regulus Solar Project,"Regulus Solar, LLC",CA,Kern,35.3,-118.851944,CISO,Pacific Gas & Electric Co,eia860.zip,,5988a32,2026-09-15T19:25:24Z,
57651,Adobe Solar,Southern Power Co,CA,KERN,35.102778,-118.954444,CISO,Pacific Gas & Electric Co,eia860.zip,,5988a32,2026-09-15T19:25:24Z,WHEELER RIDGE
57655,Bakersfield College Solar 01,Kern Community College District,CA,Kern,35.411817,-118.96864,CISO,Pacific Gas & Electric Co,eia860.zip,,5988a32,2026-09-15T19:25:24Z,
57656,"Temescal Canyon RV, LLC","Temescal Canyon RV, LLC",CA,Riverside,33.826389,-117.511667,CISO,Southern California Edison Co,eia860.zip,,5988a32,2026-09-15T19:25:24Z,
57682,City of Madera WWTP,"SunE GIL1, LLC",CA,Madera,36.9408,-120.1572,CISO,Pacific Gas & Electric Co,eia860.zip,,5988a32,2026-09-15T19:25:24Z,
57683,"Staples La Mirada, CA","SunE WF3-ST Holdings, LLC",CA,Los Angeles,33.881667,-118.0175,CISO,Southern California Edison Co,eia860.zip,,5988a32,2026-09-15T19:25:24Z,
57695,Topaz Solar Farm,Topaz Solar Farms LLC,CA,San Luis Obispo,35.405556,-120.068611,CISO,Pacific Gas & Electric Co,eia860.zip,,5988a32,2026-09-15T19:25:24Z,
57696,Power Generation Station (PGS) 2,East Bay Municipal Util Dist - (CA),CA,Alameda,37.825833,-122.296111,CISO,Pacific Gas & Electric Co,eia860.zip,,5988a32,2026-09-15T19:25:24Z,OAKLAND C
57700,Vasco Winds,"Vasco Winds, LLC",CA,Contra Costa,37.790833,-121.718055,CISO,Pacific Gas & Electric Co,eia860.zip,,5988a32,2026-09-15T19:25:24Z,
57701,Montezuma Wind II,"NextEra Energy Montezuma Wind II, LLC",CA,Solano,38.116667,-121.821944,CISO,Pacific Gas & Electric Co,eia860.zip,,5988a32,2026-09-15T19:25:24Z,BIRDS LANDING
57702,Signal Hill West Unit,"Signal Hill Petroleum, Inc",CA,Los Angeles,33.811182,-118.175645,CISO,Southern California Edison Co,eia860.zip,,5988a32,2026-09-15T19:25:24Z,HINSON
57707,Mesquite Solar 1,RWE Clean Energy,AZ,Maricopa,33.341833,-112.904028,CISO,Salt River Project,eia860.zip,,5988a32,2026-09-15T19:25:24Z,
57708,Catalina Solar LLC,"EDF Renewable Asset Holdings, Inc.",CA,Kern,34.938261,-118.334492,CISO,Southern California Edison Co,eia860.zip,,5988a32,2026-09-15T19:25:24Z,
57715,Watkins Manufacturing Co.,Watkins Manufacturing Corporation,CA,San Diego,33.143847,-117.236908,CISO,San Diego Gas & Electric Co,eia860.zip,,5988a32,2026-09-15T19:25:24Z,SHADOWRIDGE
57722,North Palm Springs 4A,"Altus Power America Management, LLC",CA,Riverside,33.909722,-116.5625,CISO,Southern California Edison Co,eia860.zip,,5988a32,2026-09-15T19:25:24Z,DEVERS
57725,Shiloh IV Wind Project LLC,"EDF Renewable Asset Holdings, Inc.",CA,Solano,38.137488,-121.855342,CISO,Pacific Gas & Electric Co,eia860.zip,,5988a32,2026-09-15T19:25:24Z,BIRDS LANDING
57729,Lake Hodges Hydroelectric Facility,San Diego County Water Auth,CA,San Diego,33.058611,-117.119444,CISO,San Diego Gas & Electric Co,eia860.zip,,5988a32,2026-09-15T19:25:24Z,
57743,North Palm Springs 1A,"Altus Power America Management, LLC",CA,Riverside,33.924167,-116.593333,CISO,Southern California Edison Co,eia860.zip,,5988a32,2026-09-15T19:25:24Z,DEVERS
57757,Pacific Wind LLC,"EDF Renewable Asset Holdings, Inc.",CA,Kern,34.891389,-118.4325,CISO,Southern California Edison Co,eia860.zip,,5988a32,2026-09-15T19:25:24Z,WHIRLWIND
57764,Naval Air Weapons Station China Lake,MN8 Energy LLC,CA,Kern,35.68771,-117.68137,CISO,Southern California Edison Co,eia860.zip,,5988a32,2026-09-15T19:25:24Z,
57771,Ameresco Butte County,Ameresco Butte County LLC,CA,Butte,39.674,-121.73,CISO,Pacific Gas & Electric Co,eia860.zip,,5988a32,2026-09-15T19:25:24Z,
57773,Palo Verde College,"Scale Sustainable I, LLC",CA,Riverside,33.661667,-114.651667,CISO,Southern California Edison Co,eia860.zip,,5988a32,2026-09-15T19:25:24Z,
57774,Windstar 1,Nextera Energy Resources,CA,Kern,35.054167,-118.354722,CISO,Southern California Edison Co,eia860.zip,,5988a32,2026-09-15T19:25:24Z,
57791,Foundation AB,"Foundation HA Energy Generation, LLC",CA,Solano,38.232222,-122.092778,CISO,Pacific Gas & Electric Co,eia860.zip,,5988a32,2026-09-15T19:25:24Z,
57792,Foundation IE,"Foundation HA Energy Generation, LLC",CA,San Bernardino,34.084722,-117.529444,CISO,Southern California Edison Co,eia860.zip,,5988a32,2026-09-15T19:25:24Z,RANCHO VISTA
57796,Golden Springs Building C-1,Golden Springs Development Company LLC,CA,Los Angeles,33.914167,-118.053611,CISO,Southern California Edison Co,eia860.zip,,5988a32,2026-09-15T19:25:24Z,
57797,Golden Springs Building D,Golden Springs Development Company LLC,CA,Los Angeles,33.911944,-118.052222,CISO,Southern California Edison Co,eia860.zip,,5988a32,2026-09-15T19:25:24Z,
57807,Coca Cola American Canyon,Bloom Energy 2009 PPA,CA,Napa,38.190705,-122.275067,CISO,Pacific Gas & Electric Co,eia860.zip,,5988a32,2026-09-15T19:25:24Z,
57808,Lockheed Martin Sunnyvale,Bloom Energy,CA,Santa Clara,37.413056,-122.028056,CISO,Pacific Gas & Electric Co,eia860.zip,,5988a32,2026-09-15T19:25:24Z,
57809,Franklin Templeton San Mateo,Bloom Energy,CA,San Mateo,37.5425,-122.292778,CISO,Pacific Gas & Electric Co,eia860.zip,,5988a32,2026-09-15T19:25:24Z,
57811,Adobe San Jose,Bloom Energy,CA,Santa Clara,37.330556,-121.893056,CISO,Pacific Gas & Electric Co,eia860.zip,,5988a32,2026-09-15T19:25:24Z,FMC
57827,Dinuba Wastewater Treatment Plant,AES Distributed Energy,CA,Tulare,36.538056,-119.426388,CISO,Pacific Gas & Electric Co,eia860.zip,,5988a32,2026-09-15T19:25:24Z,
57831,Heliocentric,Heliocentric LLC,CA,Los Angeles,34.65434,-117.971004,CISO,Southern California Edison Co,eia860.zip,,5988a32,2026-09-15T19:25:24Z,
57833,Mustang Hills LLC,"Mustang Hills, LLC (Longroad)",CA,Kern,35.030855,-118.293188,CISO,Southern California Edison Co,eia860.zip,,5988a32,2026-09-15T19:25:24Z,WINDHUB
57834,Pinyon Pine I,"Pinyon Pines Wind I, LLC",CA,Kern,35.043411,-118.211835,CISO,Southern California Edison Co,eia860.zip,,5988a32,2026-09-15T19:25:24Z,
57835,Alta Wind VIII,Nextera Energy Resources,CA,Kern,35.026683,-118.234811,CISO,Southern California Edison Co,eia860.zip,,5988a32,2026-09-15T19:25:24Z,WINDHUB
57836,L-8 Solar Project,L-8 Solar Project LLC,CA,Los Angeles,34.654347,-117.973103,CISO,Southern California Edison Co,eia860.zip,,5988a32,2026-09-15T19:25:24Z,
57837,Pinyon Pine II,"Pinyon Pines Wind II, LLC",CA,Kern,35.026759,-118.223333,CISO,Southern California Edison Co,eia860.zip,,5988a32,2026-09-15T19:25:24Z,
57840,ISH Solar Hospital SDMC,Kaiser Permanente,CA,San Diego,32.791667,-117.095277,CISO,San Diego Gas & Electric Co,eia860.zip,,5988a32,2026-09-15T19:25:24Z,
57841,ISH Solar Hospital Downey,Kaiser Permanente,CA,Los Angeles,33.921667,-118.124444,CISO,Southern California Edison Co,eia860.zip,,5988a32,2026-09-15T19:25:24Z,
57856,Univ of California San Diego Solar,University of California San Diego,CA,San Diego,32.874379,-117.238927,CISO,San Diego Gas & Electric Co,eia860.zip,,5988a32,2026-09-15T19:25:24Z,EASTGATE
57860,Industry MetroLink PV 1,City of Industry - (CA),CA,Los Angeles,34.008661,-117.845603,CISO,Southern California Edison Co,eia860.zip,,5988a32,2026-09-15T19:25:24Z,
57870,Castle Rock Vineyards,Castle Rock Cooling,CA,Tulare,35.801111,-119.110556,CISO,Southern California Edison Co,eia860.zip,,5988a32,2026-09-15T19:25:24Z,
57876,Santa Cruz Energy,Santa Cruz Energy LLC,CA,Santa Cruz,36.973333,-122.105556,CISO,Pacific Gas & Electric Co,eia860.zip,,5988a32,2026-09-15T19:25:24Z,
57891,Guernsey Solar Station,Pacific Gas & Electric Co.,CA,Kings,36.163889,-119.650556,CISO,Pacific Gas & Electric Co,eia860.zip,,5988a32,2026-09-15T19:25:24Z,
57892,Gates Solar Station,Pacific Gas & Electric Co.,CA,Fresno,36.176389,-120.114167,CISO,Pacific Gas & Electric Co,eia860.zip,,5988a32,2026-09-15T19:25:24Z,GATES
57895,Improvement Dst No. 4,Kern County Water Agency - (CA),CA,Kern,35.402778,-119.038611,CISO,Pacific Gas & Electric Co,eia860.zip,,5988a32,2026-09-15T19:25:24Z,
57900,Solar Photovoltaic Project #48,Southern California Edison Co,CA,San Bernardino,34.081111,-117.228056,CISO,Southern California Edison Co,eia860.zip,,5988a32,2026-09-15T19:25:24Z,SAN BERNARDINO
57901,El Segundo Energy Center LLC,NRG Energy Services LLC,CA,Los Angeles,33.910556,-118.425,CISO,Southern California Edison Co,eia860.zip,,5988a32,2026-09-15T19:25:24Z,
57904,San Antonio West Solar Rooftop,SS San Antonio West LLC,CA,Riverside,33.965617,-117.659059,CISO,Southern California Edison Co,eia860.zip,,5988a32,2026-09-15T19:25:24Z,CHINO
57913,Tule Wind LLC,Avangrid Power LLC,CA,San Diego,32.663889,-116.289722,CISO,San Diego Gas & Electric Co,eia860.zip,,5988a32,2026-09-15T19:25:24Z,
57921,Kettleman Solar,Avangrid Power LLC,CA,Kings,35.99,-120.12,CISO,Pacific Gas & Electric Co,eia860.zip,,5988a32,2026-09-15T19:25:24Z,
57923,Tierra Bonita Solar,Avangrid Power LLC,CA,Los Angeles,34.579434,-118.116461,CISO,Southern California Edison Co,eia860.zip,,5988a32,2026-09-15T19:25:24Z,
57959,Desert Green Solar Farm LLC,Invenergy Services LLC,CA,San Diego,33.27055,-116.34805,CISO,San Diego Gas & Electric Co,eia860.zip,,5988a32,2026-09-15T19:25:24Z,
57960,Rugged Solar LLC,"Clean Focus Renewables, Inc.",CA,San Diego,32.686111,-116.28056,CISO,San Diego Gas & Electric Co,eia860.zip,,5988a32,2026-09-15T19:25:24Z,
57962,Brookfield Tehachapi 1,"Coram California Development, L.P.",CA,Kern,35.008333,-118.241389,CISO,Southern California Edison Co,eia860.zip,,5988a32,2026-09-15T19:25:24Z,WINDHUB
57970,Butte College Main Campus Solar,Butte-Glenn Community College District,CA,Butte,39.648056,-121.644167,CISO,Pacific Gas & Electric Co,eia860.zip,,5988a32,2026-09-15T19:25:24Z,
57971,SF Southeast Cogen Plant,City & County of San Francisco - (CA),CA,San Francisco,37.739722,-122.3925,CISO,Pacific Gas & Electric Co,eia860.zip,,5988a32,2026-09-15T19:25:24Z,MARTIN
57977,High Sierra Cogeneration Plant,Plumas Sierra Rural Electric Coop,CA,Lassen,40.4128,-120.4774,CISO,Plumas-Sierra Rural Elec Coop,eia860.zip,,5988a32,2026-09-15T19:25:24Z,
57978,Lodi Energy Center,Northern California Power Agny,CA,San Joaquin,38.088056,-121.3875,CISO,Pacific Gas & Electric Co,eia860.zip,,5988a32,2026-09-15T19:25:24Z,
57982,Meridian Vineyards,CVI CleanCapital Solar 1 LLC,CA,San Luis Obispo,35.670278,-120.566944,CISO,Pacific Gas & Electric Co,eia860.zip,,5988a32,2026-09-15T19:25:24Z,
57988,Lincoln Landfill,Energy 2001 Inc,CA,Placer,38.838056,-121.341944,CISO,Pacific Gas & Electric Co,eia860.zip,,5988a32,2026-09-15T19:25:24Z,PLEASANT GROVE
57993,"Desert Sunlight 300, LLC","NextEra Energy Desert Sunlight 300, LLC",CA,Riverside,33.823056,-115.393889,CISO,Southern California Edison Co,eia860.zip,,5988a32,2026-09-15T19:25:24Z,
58002,Alpaugh North,RWE Clean Energy,CA,Tulare,35.9025,-119.442778,CISO,Pacific Gas & Electric Co,eia860.zip,,5988a32,2026-09-15T19:25:24Z,
58003,Alpaugh 50,RWE Clean Energy,CA,Tulare,35.898333,-119.435278,CISO,Pacific Gas & Electric Co,eia860.zip,,5988a32,2026-09-15T19:25:24Z,
58007,Brea Expansion Plant,Brea Power II,CA,Orange,33.932022,-117.840233,CISO,Southern California Edison Co,eia860.zip,,5988a32,2026-09-15T19:25:24Z,
58017,Copper Mountain Solar 2,RWE Clean Energy,NV,Clark,35.786389,-114.962778,CISO,San Diego Gas & Electric Co,eia860.zip,,5988a32,2026-09-15T19:25:24Z,MERCHANT
58028,IKEA Tejon 345,IKEA Property Inc,CA,Kern,34.975278,-118.946944,CISO,Pacific Gas & Electric Co,eia860.zip,,5988a32,2026-09-15T19:25:24Z,
58034,Nickel 1 Solar Facility,"Altus Power America Management, LLC",CA,Kern,35.647295,-119.716512,CISO,Pacific Gas & Electric Co,eia860.zip,,5988a32,2026-09-15T19:25:24Z,
58039,Axium Modesto Solar,Axium US Solar Holdings LLC,CA,Stanislaus,37.734167,-120.995556,CISO,Modesto Irrigation District,eia860.zip,,5988a32,2026-09-15T19:25:24Z,
58053,Vitro Flat Glass LLC,Vitro Flat Glass LLC,CA,Fresno,36.69,-119.72,CISO,Pacific Gas & Electric Co,eia860.zip,,5988a32,2026-09-15T19:25:24Z,
58056,"Irwindale Brew Yard, LLC","Irwindale Brew Yard, LLC",CA,Los Angeles,34.121667,-117.938333,CISO,Southern California Edison Co,eia860.zip,,5988a32,2026-09-15T19:25:24Z,RIO HONDO
58073,SEPV 1,CVI CleanCapital Solar 1 LLC,CA,Los Angeles,34.618861,-117.939444,CISO,Southern California Edison Co,eia860.zip,,5988a32,2026-09-15T19:25:24Z,
58074,SEPV 2,CVI CleanCapital Solar 1 LLC,CA,San Bernardino,34.174167,-116.152778,CISO,Southern California Edison Co,eia860.zip,,5988a32,2026-09-15T19:25:24Z,
58076,Edwards Air Force Base,CleanCapital Holdings,CA,Kern,34.9077,-117.9206,CISO,Southern California Edison Co,eia860.zip,,5988a32,2026-09-15T19:25:24Z,
58085,PRC-Desoto Intl/PPG Aerospace,PRC-Desoto Intl Corp./PPG,CA,Kern,34.989722,-118.150556,CISO,Southern California Edison Co,eia860.zip,,5988a32,2026-09-15T19:25:24Z,
58100,Kern Oil & Refining Co,Kern Oil & Refining Co,CA,Kern,35.295556,-118.918333,CISO,Pacific Gas & Electric Co,eia860.zip,,5988a32,2026-09-15T19:25:24Z,
58101,Foundation Cemex River Plant,Foundation CA Fund VI Manager LLC,CA,San Bernardino,34.561944,-117.307222,CISO,Southern California Edison Co,eia860.zip,,5988a32,2026-09-15T19:25:24Z,VICTORVILLE
58102,Foundation Cemex BMQ,Foundation CA Fund VI Manager LLC,CA,San Bernardino,34.623056,-117.1125,CISO,Southern California Edison Co,eia860.zip,,5988a32,2026-09-15T19:25:24Z,
58104,Foundation Superior Farms,Foundation CA Fund VI Manager LLC,CA,Solano,38.42,-121.818056,CISO,Pacific Gas & Electric Co,eia860.zip,,5988a32,2026-09-15T19:25:24Z,
58105,Foundation Wal-Mart Red Bluff,Foundation CA Fund VI Manager LLC,CA,Tehama,40.111111,-122.193889,CISO,Pacific Gas & Electric Co,eia860.zip,,5988a32,2026-09-15T19:25:24Z,
58112,Foundation Cemex Madison,"Foundation CA Fund V Manager, LLC",CA,Yolo,38.692778,-121.9325,CISO,Pacific Gas & Electric Co,eia860.zip,,5988a32,2026-09-15T19:25:24Z,
58113,Foundation RRM,"Foundation CA Fund V Manager, LLC",CA,Riverside,33.917222,-116.815,CISO,Southern California Edison Co,eia860.zip,,5988a32,2026-09-15T19:25:24Z,
58114,Foundation NWNA,"Foundation CA Fund V Manager, LLC",CA,Riverside,33.914167,-116.749167,CISO,Southern California Edison Co,eia860.zip,,5988a32,2026-09-15T19:25:24Z,
58118,La Joya Del Sol,CVI CleanCapital Solar 1 LLC,CA,Fresno,36.678611,-119.7975,CISO,Pacific Gas & Electric Co,eia860.zip,,5988a32,2026-09-15T19:25:24Z,
58122,Delano Energy Center,"Wellhead Services, Inc",CA,Tulare,35.790864,-119.294469,CISO,Southern California Edison Co,eia860.zip,,5988a32,2026-09-15T19:25:24Z,
58128,Kaiser Downey,Bloom Energy 2009 PPA,CA,Los Angeles,33.919167,-118.128611,CISO,Southern California Edison Co,eia860.zip,,5988a32,2026-09-15T19:25:24Z,
58132,Kaiser Ontario,Bloom Energy 2009 PPA,CA,San Bernardino,34.0325,-117.608889,CISO,Southern California Edison Co,eia860.zip,,5988a32,2026-09-15T19:25:24Z,
58148,RE Kansas South LLC,RE Kansas South LLC,CA,Kings,36.226111,-119.834167,CISO,Pacific Gas & Electric Co,eia860.zip,,5988a32,2026-09-15T19:25:24Z,
58149,TA-High Desert LLC,TA-High Desert LLC,CA,Los Angeles,34.708889,-118.304722,CISO,Southern California Edison Co,eia860.zip,,5988a32,2026-09-15T19:25:24Z,ANTELOPE
58154,North Sky River Energy LLC,North Sky River Energy LLC,CA,Kern,35.347778,-118.186389,CISO,Southern California Edison Co,eia860.zip,,5988a32,2026-09-15T19:25:24Z,
58168,Energy Center,University of Redlands,CA,San Bernardino,34.063056,-117.163889,CISO,Southern California Edison Co,eia860.zip,,5988a32,2026-09-15T19:25:24Z,
58169,CSUF Trigeneration,California State University at Fullerton,CA,Orange,33.880638,-117.88656,CISO,Southern California Edison Co,eia860.zip,,5988a32,2026-09-15T19:25:24Z,
58190,Thomas M Knott Cogen Facility,"Sentinel Peak Resources California, LLC",CA,San Luis Obispo,35.184444,-120.618333,CISO,Pacific Gas & Electric Co,eia860.zip,,5988a32,2026-09-15T19:25:24Z,
58198,Parnassus Central Utility Plant,University of California-San Francisco,CA,San Francisco,37.762524,-122.456747,CISO,Pacific Gas & Electric Co,eia860.zip,,5988a32,2026-09-15T19:25:24Z,
58202,RE Victor Phelan Solar One LLC,MN8 Energy LLC,CA,San Bernardino,34.51231,-117.47753,CISO,Southern California Edison Co,eia860.zip,,5988a32,2026-09-15T19:25:24Z,
58204,Grassland 3&4 Solar Project,Yolo County of - (CA),CA,Yolo,38.500278,-121.694167,CISO,Pacific Gas & Electric Co,eia860.zip,,5988a32,2026-09-15T19:25:24Z,
58206,West Gates Solar Station,Pacific Gas & Electric Co.,CA,Fresno,36.142222,-120.1325,CISO,Pacific Gas & Electric Co,eia860.zip,,5988a32,2026-09-15T19:25:24Z,GATES
58217,Grassland 1&2 Solar Project,Yolo County of - (CA),CA,Yolo,38.500278,-121.694167,CISO,Pacific Gas & Electric Co,eia860.zip,,5988a32,2026-09-15T19:25:24Z,
58223,Hoag Hospital Cogen Plant,Hoag Memorial Presbyterian Hospital,CA,Orange,33.622778,-117.936389,CISO,Southern California Edison Co,eia860.zip,,5988a32,2026-09-15T19:25:24Z,
58227,SEPV9 Power Plant,Deriva Energy,CA,San Bernardino,34.192222,-116.090278,CISO,Southern California Edison Co,eia860.zip,,5988a32,2026-09-15T19:25:24Z,
58232,Tahquitz High School,AES Distributed Energy,CA,Riverside,33.767222,-117.0175,CISO,Southern California Edison Co,eia860.zip,,5988a32,2026-09-15T19:25:24Z,
58233,Wagner Wind LLC,Greenbacker Renewable Energy Corporation,CA,Riverside,33.908889,-116.555556,CISO,Southern California Edison Co,eia860.zip,,5988a32,2026-09-15T19:25:24Z,DEVERS
58234,SEPV 8,Deriva Energy,CA,San Bernardino,34.171944,-116.1525,CISO,Southern California Edison Co,eia860.zip,,5988a32,2026-09-15T19:25:24Z,
58244,West Valley High School Solar,AES Distributed Energy,CA,Riverside,33.719722,-117.009722,CISO,Pacific Gas & Electric Co,eia860.zip,,5988a32,2026-09-15T19:25:24Z,
58251,C&H Sugar Plant,C&H Sugar Company Inc,CA,Contra Costa,38.057222,-122.218889,CISO,Pacific Gas & Electric Co,eia860.zip,,5988a32,2026-09-15T19:25:24Z,
58289,Venable Solar 1,Madison Energy Investments LLC,CA,Riverside,33.598889,-114.571667,CISO,Southern California Edison Co,eia860.zip,,5988a32,2026-09-15T19:25:24Z,
58290,Venable Solar 2,Madison Energy Investments LLC,CA,Riverside,33.597222,-114.571667,CISO,Southern California Edison Co,eia860.zip,,5988a32,2026-09-15T19:25:24Z,
58296,Roll Delano 2,Bloom Energy,CA,Kern,35.739722,-119.238056,CISO,Pacific Gas & Electric Co,eia860.zip,,5988a32,2026-09-15T19:25:24Z,
58297,Roll Delano,Bloom Energy,CA,Kern,35.734167,-119.236667,CISO,Pacific Gas & Electric Co,eia860.zip,,5988a32,2026-09-15T19:25:24Z,
58298,Roll Lost Hills,Bloom Energy,CA,Kern,35.653056,-119.889722,CISO,Pacific Gas & Electric Co,eia860.zip,,5988a32,2026-09-15T19:25:24Z,
58299,Xilinx San Jose,Bloom Energy,CA,Santa Clara,37.252778,-121.934167,CISO,Pacific Gas & Electric Co,eia860.zip,,5988a32,2026-09-15T19:25:24Z,
58300,Honda Torrance,Bloom Energy,CA,Los Angeles,33.838056,-118.315,CISO,Southern California Edison Co,eia860.zip,,5988a32,2026-09-15T19:25:24Z,
58301,Juniper Networks Sunnyvale,Bloom Energy,CA,Santa Clara,37.406944,-122.026944,CISO,Pacific Gas & Electric Co,eia860.zip,,5988a32,2026-09-15T19:25:24Z,
58302,Life Technologies Carlsbad,Bloom Energy,CA,San Diego,33.137222,-117.286944,CISO,San Diego Gas & Electric Co,eia860.zip,,5988a32,2026-09-15T19:25:24Z,SHADOWRIDGE
58304,Kingsburg Solar,"Altus Power America Management, LLC",CA,Tulare,36.505278,-119.540278,CISO,Pacific Gas & Electric Co,eia860.zip,,5988a32,2026-09-15T19:25:24Z,
58306,Exeter Solar,"Altus Power America Management, LLC",CA,Tulare,36.2675,-119.128581,CISO,Southern California Edison Co,eia860.zip,,5988a32,2026-09-15T19:25:24Z,
58307,Ivanhoe Solar,"Altus Power America Management, LLC",CA,Tulare,36.3875,-119.255,CISO,Southern California Edison Co,eia860.zip,,5988a32,2026-09-15T19:25:24Z,
58308,Lindsay Solar,"Altus Power America Management, LLC",CA,Tulare,36.211944,-119.133889,CISO,Southern California Edison Co,eia860.zip,,5988a32,2026-09-15T19:25:24Z,
58309,Porterville Solar,"Altus Power America Management, LLC",CA,Tulare,36.102778,-119.039722,CISO,Southern California Edison Co,eia860.zip,,5988a32,2026-09-15T19:25:24Z,
58320,G2 Energy Hay Rd,G2 Energy LLC,CA,Solano,38.314722,-121.833611,CISO,Pacific Gas & Electric Co,eia860.zip,,5988a32,2026-09-15T19:25:24Z,
58354,Radiance Solar 4,"Altus Power America Management, LLC",CA,Los Angeles,34.665556,-118.288056,CISO,Southern California Edison Co,eia860.zip,,5988a32,2026-09-15T19:25:24Z,ANTELOPE
58355,Radiance Solar 5,"Altus Power America Management, LLC",CA,Los Angeles,34.665556,-118.286944,CISO,Southern California Edison Co,eia860.zip,,5988a32,2026-09-15T19:25:24Z,ANTELOPE
58366,Atwell Island,SPS Atwell Island LLC,CA,Tulare,35.895,-119.510833,CISO,Pacific Gas & Electric Co,eia860.zip,,5988a32,2026-09-15T19:25:24Z,
58370,Gridley Main,"Altus Power America Management, LLC",CA,Butte,39.373333,-121.684167,CISO,Pacific Gas & Electric Co,eia860.zip,,5988a32,2026-09-15T19:25:24Z,
58371,Gridley Main Two,"Altus Power America Management, LLC",CA,Butte,39.373333,-121.681667,CISO,Pacific Gas & Electric Co,eia860.zip,,5988a32,2026-09-15T19:25:24Z,
58373,White River Solar,RWE Clean Energy,CA,Tulare,35.871389,-119.4625,CISO,Pacific Gas & Electric Co,eia860.zip,,5988a32,2026-09-15T19:25:24Z,
58374,Corcoran Solar,RWE Clean Energy,CA,Kings,36.138333,-119.573333,CISO,Pacific Gas & Electric Co,eia860.zip,,5988a32,2026-09-15T19:25:24Z,WAUKENA
58376,Oakley Solar Project,Oakley Solar Project LLC,CA,Contra Costa,38.001667,-121.747778,CISO,Pacific Gas & Electric Co,eia860.zip,,5988a32,2026-09-15T19:25:24Z,CONTRA COSTA
58379,Cold Canyon 1,Toro Energy of California SLO,CA,San Luis Obispo,35.186667,-120.599444,CISO,Pacific Gas & Electric Co,eia860.zip,,5988a32,2026-09-15T19:25:24Z,
58388,Solar Star 1,"Solar Star California XIX, LLC",CA,Kern,34.8181,-118.4036,CISO,Southern California Edison Co,eia860.zip,,5988a32,2026-09-15T19:25:24Z,
58389,Solar Star 2,"Solar Star California XX, LLC",CA,Kern,34.848611,-118.352778,CISO,Southern California Edison Co,eia860.zip,,5988a32,2026-09-15T19:25:24Z,
58394,Alta Wind X,"Alta Wind X, LLC",CA,Kern,35.06,-118.2,CISO,Southern California Edison Co,eia860.zip,,5988a32,2026-09-15T19:25:24Z,
58395,Alta Wind XI,"Alta Wind XI, LLC",CA,Kern,35.065,-118.39,CISO,Southern California Edison Co,eia860.zip,,5988a32,2026-09-15T19:25:24Z,
58397,Ameresco Johnson Canyon,Ameresco Johnson Canyon LLC,CA,Monterey,36.534167,-121.408611,CISO,Pacific Gas & Electric Co,eia860.zip,,5988a32,2026-09-15T19:25:24Z,
58417,Lone Valley Solar Park I LLC,Lone Valley Solar Park I LLC,CA,San Bernardino,34.398059,-116.865517,CISO,Southern California Edison Co,eia860.zip,,5988a32,2026-09-15T19:25:24Z,
58418,Victor Dry Farm Ranch A,AES Distributed Energy,CA,San Bernardino,34.501111,-117.466667,CISO,Southern California Edison Co,eia860.zip,,5988a32,2026-09-15T19:25:24Z,
58419,Victor Dry Farm Ranch B,AES Distributed Energy,CA,San Bernardino,34.497778,-117.471111,CISO,Southern California Edison Co,eia860.zip,,5988a32,2026-09-15T19:25:24Z,
58429,Sunshine Gas Producers,Sunshine Gas Producers LLC,CA,Los Angeles,34.335678,-118.519188,CISO,Southern California Edison Co,eia860.zip,,5988a32,2026-09-15T19:25:24Z,
58430,Centinela Solar Energy,Centinela Solar Energy LLC,CA,Imperial,32.686944,-115.647778,CISO,San Diego Gas & Electric Co,eia860.zip,,5988a32,2026-09-15T19:25:24Z,
58432,Glass House Camarillo Cultivation,Glass House Camarillo Cultivation,CA,Ventura,34.179722,-119.083056,CISO,Southern California Edison Co,eia860.zip,,5988a32,2026-09-15T19:25:24Z,
58435,Ameresco Vasco Road,"Ameresco Vasco Road, LLC",CA,Alameda,37.754444,-121.728889,CISO,Pacific Gas & Electric Co,eia860.zip,,5988a32,2026-09-15T19:25:24Z,CAYETANO
58436,Ameresco San Joaquin,"Ameresco San Joaquin, LLC",CA,San Joaquin,38.029722,-120.929722,CISO,Pacific Gas & Electric Co,eia860.zip,,5988a32,2026-09-15T19:25:24Z,
58437,Ameresco Forward,"Ameresco Forward, LLC",CA,San Joaquin,37.883406,-121.185104,CISO,Pacific Gas & Electric Co,eia860.zip,,5988a32,2026-09-15T19:25:24Z,
58445,Arrache 4006,CD US Solar MT 2 LLC,CA,Los Angeles,34.655,-118.051111,CISO,Southern California Edison Co,eia860.zip,,5988a32,2026-09-15T19:25:24Z,
58446,Arrache 4013,CD US Solar MT 2 LLC,CA,Los Angeles,34.650556,-118.051944,CISO,Southern California Edison Co,eia860.zip,,5988a32,2026-09-15T19:25:24Z,
58447,Arrache 8083,CD US Solar MT 2 LLC,CA,Los Angeles,34.647778,-118.061111,CISO,Southern California Edison Co,eia860.zip,,5988a32,2026-09-15T19:25:24Z,
58448,Nunn,CD US Solar MT 2 LLC,CA,San Bernardino,34.509167,-117.154444,CISO,Southern California Edison Co,eia860.zip,,5988a32,2026-09-15T19:25:24Z,
58449,Rutan,CD US Solar MT 2 LLC,CA,Los Angeles,34.643889,-118.163056,CISO,Southern California Edison Co,eia860.zip,,5988a32,2026-09-15T19:25:24Z,
58450,Vinam,CD US Solar MT 2 LLC,CA,Los Angeles,34.668889,-118.061389,CISO,Southern California Edison Co,eia860.zip,,5988a32,2026-09-15T19:25:24Z,
58451,Ma,CD US Solar MT 2 LLC,CA,Los Angeles,34.695278,-118.0625,CISO,Southern California Edison Co,eia860.zip,,5988a32,2026-09-15T19:25:24Z,
58452,Horn,CD US Solar MT 2 LLC,CA,Los Angeles,34.708889,-118.274167,CISO,Southern California Edison Co,eia860.zip,,5988a32,2026-09-15T19:25:24Z,ANTELOPE
58454,Watts 3115,CD US Solar MT 2 LLC,CA,San Bernardino,34.600833,-117.642222,CISO,Southern California Edison Co,eia860.zip,,5988a32,2026-09-15T19:25:24Z,
58462,McCoy Solar Energy Project Hybrid,"McCoy Solar, LLC",CA,Riverside,33.694722,-114.739722,CISO,Southern California Edison Co,eia860.zip,,5988a32,2026-09-15T19:25:24Z,
58467,Campo Verde Solar,Southern Power Co,CA,Imperial,32.753333,-115.726389,CISO,San Diego Gas & Electric Co,eia860.zip,,5988a32,2026-09-15T19:25:24Z,IMPERIAL VALLEY
58472,Buena Vista Biomass Power,Buena Vista Biomass LLC,CA,Amador,38.277778,-120.913611,CISO,Pacific Gas & Electric Co,eia860.zip,,5988a32,2026-09-15T19:25:24Z,
58498,RE Rosamond One LLC,MN8 Energy LLC,CA,Kern,34.9,-118.246944,CISO,Southern California Edison Co,eia860.zip,,5988a32,2026-09-15T19:25:24Z,
58499,RE Rosamond Two LLC,MN8 Energy LLC,CA,Kern,34.900278,-118.238333,CISO,Southern California Edison Co,eia860.zip,,5988a32,2026-09-15T19:25:24Z,
58500,RE Rio Grande Solar LLC,MN8 Energy LLC,CA,Kern,35.00745,-118.16451,CISO,Southern California Edison Co,eia860.zip,,5988a32,2026-09-15T19:25:24Z,
58502,RE Columbia 3 LLC,MN8 Energy LLC,CA,Kern,35.024722,-118.164167,CISO,Southern California Edison Co,eia860.zip,,5988a32,2026-09-15T19:25:24Z,
58506,Chuckawalla Solar,"Altus Power America Management, LLC",CA,Riverside,33.568333,-114.918056,CISO,Southern California Edison Co,eia860.zip,,5988a32,2026-09-15T19:25:24Z,
58508,Bear Creek Solar (Lodi),Ecos Energy LLC,CA,San Joaquin,38.136389,-121.148889,CISO,Pacific Gas & Electric Co,eia860.zip,,5988a32,2026-09-15T19:25:24Z,LOCKEFORD
58509,Vintner Solar,Ecos Energy LLC,CA,San Luis Obispo,35.55795,-120.68287,CISO,Pacific Gas & Electric Co,eia860.zip,,5988a32,2026-09-15T19:25:24Z,TEMPLETON
58510,Kettleman Solar Project,Ecos Energy LLC,CA,San Joaquin,38.12139,-121.14122,CISO,Pacific Gas & Electric Co,eia860.zip,,5988a32,2026-09-15T19:25:24Z,LOCKEFORD
58513,Ironwood Solar LLC,"Altus Power America Management, LLC",CA,Riverside,33.565,-114.918056,CISO,Southern California Edison Co,eia860.zip,,5988a32,2026-09-15T19:25:24Z,
58514,Desert Hot Springs Solar,RWE Clean Energy,CA,Riverside,33.923056,-116.53,CISO,Southern California Edison Co,eia860.zip,,5988a32,2026-09-15T19:25:24Z,DEVERS
58522,Madera Community Hospital,CleanCapital Holdings,CA,Madera,36.941111,-120.046667,CISO,Pacific Gas & Electric Co,eia860.zip,,5988a32,2026-09-15T19:25:24Z,
58525,City of Hayward WWTP,City of Hayward (CA),CA,Alameda,37.633526,-122.139717,CISO,Pacific Gas & Electric Co,eia860.zip,,5988a32,2026-09-15T19:25:24Z,EASTSHORE
58528,Garnet Solar Generation Station I LLC,Garnet Solar Generation Station I LLC,CA,Riverside,33.8906,-116.5431,CISO,Southern California Edison Co,eia860.zip,,5988a32,2026-09-15T19:25:24Z,
58542,"Desert Sunlight 250, LLC","NextEra Energy Desert Sunlight 250, LLC",CA,Riverside,33.8055,-115.3947,CISO,Southern California Edison Co,eia860.zip,,5988a32,2026-09-15T19:25:24Z,
58578,Sonora 1,CleanCapital Holdings,CA,Tuolumne,37.889753,-120.528723,CISO,Pacific Gas & Electric Co,eia860.zip,,5988a32,2026-09-15T19:25:24Z,
58581,Oltmans SCE at Champagne,California PV Energy LLC,CA,San Bernardino,34.043889,-117.531111,CISO,Southern California Edison Co,eia860.zip,,5988a32,2026-09-15T19:25:24Z,RANCHO VISTA
58582,Oltmans SCE at Jurupa,California PV Energy LLC,CA,San Bernardino,34.05,-117.596111,CISO,Southern California Edison Co,eia860.zip,,5988a32,2026-09-15T19:25:24Z,
58585,Sierra Nevada Brewing Co Hybrid,Sierra Nevada Brewing Co,CA,Butte,39.724167,-121.815278,CISO,Pacific Gas & Electric Co,eia860.zip,,5988a32,2026-09-15T19:25:24Z,
58590,Cascade Solar,Cascade Solar LLC,CA,San Bernardino,34.157222,-116.234444,CISO,Southern California Edison Co,eia860.zip,,5988a32,2026-09-15T19:25:24Z,
58592,Solar Gen 2 Solar Facility,Southern Power Co,CA,Imperial,33.08,-115.47,CISO,Imperial Irrigation District,eia860.zip,,5988a32,2026-09-15T19:25:24Z,
58607,One Market Plaza,Paramount Group Inc,CA,San Francisco,37.793333,-122.394167,CISO,Pacific Gas & Electric Co,eia860.zip,,5988a32,2026-09-15T19:25:24Z,
58609,Industry Solar Power Generation Station,AES Distributed Energy,CA,San Bernardino,34.553056,-117.456944,CISO,Southern California Edison Co,eia860.zip,,5988a32,2026-09-15T19:25:24Z,
58610,Navajo Solar Power Generation Station 1,AES Distributed Energy,CA,San Bernardino,34.551111,-117.191111,CISO,Southern California Edison Co,eia860.zip,,5988a32,2026-09-15T19:25:24Z,
58611,Powhatan Solar Power Generation Station,AES Distributed Energy,CA,San Bernardino,34.496944,-117.145,CISO,Southern California Edison Co,eia860.zip,,5988a32,2026-09-15T19:25:24Z,
58612,Otoe Solar Power Generation Station 1 LL,AES Distributed Energy,CA,San Bernardino,34.545,-117.191944,CISO,Southern California Edison Co,eia860.zip,,5988a32,2026-09-15T19:25:24Z,
58616,Westlands Solar PV Farm,Boralex US Operations LLC,CA,Fresno,36.138056,-120.075833,CISO,Pacific Gas & Electric Co,eia860.zip,,5988a32,2026-09-15T19:25:24Z,GATES
58619,Transamerica Pyramid,Transamerica Pyramid Properties LLC,CA,San Francisco,37.795556,-122.402778,CISO,Pacific Gas & Electric Co,eia860.zip,,5988a32,2026-09-15T19:25:24Z,
58625,Santa Rita Jail Hybrid,County of Alameda GSA - (CA),CA,Alameda,37.719167,-121.886944,CISO,Pacific Gas & Electric Co,eia860.zip,,5988a32,2026-09-15T19:25:24Z,
58626,Western Antelope Blue Sky Ranch A,AES Distributed Energy,CA,Los Angeles,34.681667,-118.324722,CISO,Southern California Edison Co,eia860.zip,,5988a32,2026-09-15T19:25:24Z,ANTELOPE
58627,Western Antelope Dry Ranch,AES Distributed Energy,CA,Los Angeles,34.688889,-118.320278,CISO,Southern California Edison Co,eia860.zip,,5988a32,2026-09-15T19:25:24Z,ANTELOPE
58633,Monterey Regional Water Pollution Contro,Tesla Inc.,CA,Monterey,36.721111,-121.787778,CISO,Pacific Gas & Electric Co,eia860.zip,,5988a32,2026-09-15T19:25:24Z,
58634,Lancaster Baptist Church,Tesla Inc.,CA,Los Angeles,34.695833,-118.058889,CISO,Southern California Edison Co,eia860.zip,,5988a32,2026-09-15T19:25:24Z,
58642,Tulare 1 and 2,"Arevon Energy, Inc.",CA,Tulare,36.2,-119.42,CISO,Southern California Edison Co,eia860.zip,,5988a32,2026-09-15T19:25:24Z,
58644,Silver State Solar Power South,"Silver State Solar Power South, LLC",NV,Clark,35.63,-115.32,CISO,Southern California Edison Co,eia860.zip,,5988a32,2026-09-15T19:25:24Z,PRIMM
58646,Stateline Solar,Southern Power Co,CA,San Bernardino,35.6,-115.4,CISO,Southern California Edison Co,eia860.zip,,5988a32,2026-09-15T19:25:24Z,
58698,Mira Loma,Costco Wholesale,CA,Riverside,34.013056,-117.5375,CISO,Southern California Edison Co,eia860.zip,,5988a32,2026-09-15T19:25:24Z,
58699,ABEC Bidart-Old River LLC,ABEC Bidart-Old River LLC,CA,Kern,35.169722,-119.105556,CISO,Pacific Gas & Electric Co,eia860.zip,,5988a32,2026-09-15T19:25:24Z,
58711,Lost Hills/Blackwell,Southern Power Co,CA,Kern,35.62,-119.85,CISO,Pacific Gas & Electric Co,eia860.zip,,5988a32,2026-09-15T19:25:24Z,
58713,North Star Solar,Southern Power Co,CA,Fresno,36.73,-120.41,CISO,Pacific Gas & Electric Co,eia860.zip,,5988a32,2026-09-15T19:25:24Z,
58718,Orion Solar I,Orion Solar I LLC,CA,Kern,35.150694,-118.875,CISO,Pacific Gas & Electric Co,eia860.zip,,5988a32,2026-09-15T19:25:24Z,
58721,Orion Solar II,"Orion Solar II, LLC",CA,Kern,35.150694,-118.875278,CISO,Pacific Gas & Electric Co,eia860.zip,,5988a32,2026-09-15T19:25:24Z,
58748,North Bay Solar 1,AES Distributed Energy,CA,Solano,38.300556,-121.966389,CISO,Pacific Gas & Electric Co,eia860.zip,,5988a32,2026-09-15T19:25:24Z,
58750,Lancaster Dry Farm Ranch B,AES Distributed Energy,CA,Los Angeles,34.716944,-118.289444,CISO,Southern California Edison Co,eia860.zip,,5988a32,2026-09-15T19:25:24Z,ANTELOPE
58751,Rodeo Solar C2,AES Distributed Energy,CA,Los Angeles,34.713333,-118.289444,CISO,Southern California Edison Co,eia860.zip,,5988a32,2026-09-15T19:25:24Z,ANTELOPE
58752,Rodeo Solar D2,AES Distributed Energy,CA,Los Angeles,34.713333,-118.289444,CISO,Southern California Edison Co,eia860.zip,,5988a32,2026-09-15T19:25:24Z,ANTELOPE
58753,Summer Solar A2,AES Distributed Energy,CA,Los Angeles,34.723056,-118.289722,CISO,Southern California Edison Co,eia860.zip,,5988a32,2026-09-15T19:25:24Z,ANTELOPE
58754,Summer Solar B2,AES Distributed Energy,CA,Los Angeles,34.723056,-118.289722,CISO,Southern California Edison Co,eia860.zip,,5988a32,2026-09-15T19:25:24Z,ANTELOPE
58755,Summer Solar C2,AES Distributed Energy,CA,Los Angeles,34.723056,-118.289722,CISO,Southern California Edison Co,eia860.zip,,5988a32,2026-09-15T19:25:24Z,ANTELOPE
58756,Summer Solar D2,AES Distributed Energy,CA,Los Angeles,34.723056,-118.289722,CISO,Southern California Edison Co,eia860.zip,,5988a32,2026-09-15T19:25:24Z,ANTELOPE
58757,Summer North Solar,AES Distributed Energy,CA,Los Angeles,34.723056,-118.289722,CISO,Southern California Edison Co,eia860.zip,,5988a32,2026-09-15T19:25:24Z,ANTELOPE
58761,Expressway Solar A,AES Distributed Energy,CA,San Bernardino,34.582222,-117.341667,CISO,Southern California Edison Co,eia860.zip,,5988a32,2026-09-15T19:25:24Z,VICTORVILLE
58762,Expressway Solar B,AES Distributed Energy,CA,San Bernardino,34.583333,-117.340278,CISO,Southern California Edison Co,eia860.zip,,5988a32,2026-09-15T19:25:24Z,VICTORVILLE
58763,Expressway Solar C2,AES Distributed Energy,CA,San Bernardino,34.584444,-117.341389,CISO,Southern California Edison Co,eia860.zip,,5988a32,2026-09-15T19:25:24Z,VICTORVILLE
58814,Shasta Solar Farm,Ignite Solar Holdings LLC,CA,Shasta,41.031389,-121.4225,CISO,Pacific Gas & Electric Co,eia860.zip,,5988a32,2026-09-15T19:25:24Z,
58831,Redcrest Solar Farm,AES Distributed Energy,CA,Kern,35.321944,-118.812778,CISO,Pacific Gas & Electric Co,eia860.zip,,5988a32,2026-09-15T19:25:24Z,
58889,ASTI,"SunStrong Management, LLC",CA,Sonoma,38.761389,-122.975278,CISO,Pacific Gas & Electric Co,eia860.zip,,5988a32,2026-09-15T19:25:24Z,
58890,Beringer,"SunStrong Management, LLC",CA,Sonoma,38.510833,-122.479722,CISO,Pacific Gas & Electric Co,eia860.zip,,5988a32,2026-09-15T19:25:24Z,
58906,Valley Center 1,MN8 Energy LLC,CA,San Diego,33.234167,-117.001667,CISO,San Diego Gas & Electric Co,eia860.zip,,5988a32,2026-09-15T19:25:24Z,
58907,Valley Center 2,MN8 Energy LLC,CA,San Diego,33.234167,-117.001667,CISO,San Diego Gas & Electric Co,eia860.zip,,5988a32,2026-09-15T19:25:24Z,
58909,Ramona 1,MN8 Energy LLC,CA,San Diego,33.012222,-116.875,CISO,San Diego Gas & Electric Co,eia860.zip,,5988a32,2026-09-15T19:25:24Z,CREELMAN
58911,Ramona 2,MN8 Energy LLC,CA,San Diego,33.012222,-116.875,CISO,San Diego Gas & Electric Co,eia860.zip,,5988a32,2026-09-15T19:25:24Z,CREELMAN
58912,Santa Fe Springs Rooftop Solar BLDG M,Golden Springs Development Company LLC,CA,Los Angeles,33.910833,-118.044444,CISO,Southern California Edison Co,eia860.zip,,5988a32,2026-09-15T19:25:24Z,
58913,Santa Fe Springs Rooftop Solar BLDG H,Golden Springs Development Company LLC,CA,Los Angeles,33.910833,-118.044444,CISO,Southern California Edison Co,eia860.zip,,5988a32,2026-09-15T19:25:24Z,
58914,MCAGCC Cogen Plant,DOD USMC Marine Air Ground Combat,CA,San Bernardino,34.237222,-116.054167,CISO,Southern California Edison Co,eia860.zip,,5988a32,2026-09-15T19:25:24Z,
58918,2081 Terzian Solar Project,Solarenewal LLC,CA,Fresno,36.67,-119.415833,CISO,Pacific Gas & Electric Co,eia860.zip,,5988a32,2026-09-15T19:25:24Z,
58919,2127 Harris Solar Project,Solarenewal LLC,CA,Butte,39.291667,-121.669722,CISO,Pacific Gas & Electric Co,eia860.zip,,5988a32,2026-09-15T19:25:24Z,
58920,2097 Helton Solar Project,Solarenewal LLC,CA,Merced,37.352222,-120.506944,CISO,Pacific Gas & Electric Co,eia860.zip,,5988a32,2026-09-15T19:25:24Z,
58949,Cloverdale Solar I,"Altus Power America Management, LLC",CA,Sonoma,38.773056,-123.017778,CISO,Pacific Gas & Electric Co,eia860.zip,,5988a32,2026-09-15T19:25:24Z,
58960,Laguna Water Reclamation Facility,City of Santa Rosa - (CA),CA,Sonoma,38.368889,-122.765833,CISO,Pacific Gas & Electric Co,eia860.zip,,5988a32,2026-09-15T19:25:24Z,
58963,Las Virgenes Municipal Water District,Tesla Inc.,CA,Los Angeles,34.136111,-118.701944,CISO,Southern California Edison Co,eia860.zip,,5988a32,2026-09-15T19:25:24Z,
58973,White River Solar 2,RWE Clean Energy,CA,Tulare,35.874722,-119.046111,CISO,Pacific Gas & Electric Co,eia860.zip,,5988a32,2026-09-15T19:25:24Z,
58975,Henrietta Solar Project,Southern Power Co,CA,Kings,36.218806,-119.805833,CISO,Pacific Gas & Electric Co,eia860.zip,,5988a32,2026-09-15T19:25:24Z,
58978,Central Valley Ag Power,Central Valley Ag Power LLC,CA,Stanislaus,37.719722,-120.898611,CISO,Pacific Gas & Electric Co,eia860.zip,,5988a32,2026-09-15T19:25:24Z,
58983,RE Camelot LLC,Onward Energy,CA,Kern,35.026667,-118.185556,CISO,Southern California Edison Co,eia860.zip,,5988a32,2026-09-15T19:25:24Z,
58984,"RE Adams East, LLC",Onward Energy,CA,Fresno,36.6175,-120.290833,CISO,Pacific Gas & Electric Co,eia860.zip,,5988a32,2026-09-15T19:25:24Z,
58985,"RE Kansas Solar, LLC",Onward Energy,CA,Kings,36.247778,-119.833889,CISO,Pacific Gas & Electric Co,eia860.zip,,5988a32,2026-09-15T19:25:24Z,
58986,"RE Old River One, LLC",Onward Energy,CA,Kern,35.223333,-119.088889,CISO,Pacific Gas & Electric Co,eia860.zip,,5988a32,2026-09-15T19:25:24Z,
58987,Chokecherry and Sierra Madre Wind,Power Company of Wyoming LLC,WY,Carbon,41.683056,-107.2,CISO,TransWest,eia860.zip,,5988a32,2026-09-15T19:25:24Z,
58990,"RE Columbia Two, LLC",Onward Energy,CA,Kern,35.026667,-118.185556,CISO,Southern California Edison Co,eia860.zip,,5988a32,2026-09-15T19:25:24Z,
58991,"RE Kent South, LLC",Onward Energy,CA,Kings,36.226111,-119.905278,CISO,Pacific Gas & Electric Co,eia860.zip,,5988a32,2026-09-15T19:25:24Z,HENRIETTA
59002,Carlsbad Energy Center,NRG California Peaker Operations LLC,CA,San Diego,33.140507,-117.333916,CISO,San Diego Gas & Electric Co,eia860.zip,,5988a32,2026-09-15T19:25:24Z,
59008,Woodmere Solar Farm,AES Distributed Energy,CA,Kern,35.323056,-118.821389,CISO,Pacific Gas & Electric Co,eia860.zip,,5988a32,2026-09-15T19:25:24Z,
59009,Hayworth Solar,AES Distributed Energy,CA,Kern,35.325278,-118.878611,CISO,Pacific Gas & Electric Co,eia860.zip,,5988a32,2026-09-15T19:25:24Z,
59058,Vacaville,700Eubanks LLC,CA,Solano,38.399444,-121.960278,CISO,Pacific Gas & Electric Co,eia860.zip,,5988a32,2026-09-15T19:25:24Z,VACA DIXON
59074,"SC 1 Data Center, Phase 2",Xeres Ventures LLC,CA,Santa Clara,37.361667,-121.943611,CISO,City of Santa Clara - (CA),eia860.zip,,5988a32,2026-09-15T19:25:24Z,FMC
59086,"Cottonwood Solar, LLC (Goose Lake)",Onward Energy,CA,Kern,35.593611,-119.58,CISO,Pacific Gas & Electric Co,eia860.zip,,5988a32,2026-09-15T19:25:24Z,
59087,"Cottonwood Solar, LLC (City of Corcoran)",Onward Energy,CA,Kings,36.134444,-119.554444,CISO,Pacific Gas & Electric Co,eia860.zip,,5988a32,2026-09-15T19:25:24Z,WAUKENA
59094,Division 1,Tesla Inc.,CA,Los Angeles,34.708333,-118.130556,CISO,Southern California Edison Co,eia860.zip,,5988a32,2026-09-15T19:25:24Z,
59095,Division 2,Tesla Inc.,CA,Los Angeles,34.708333,-118.130556,CISO,Southern California Edison Co,eia860.zip,,5988a32,2026-09-15T19:25:24Z,
59096,Division 3,Tesla Inc.,CA,Los Angeles,34.708333,-118.130556,CISO,Southern California Edison Co,eia860.zip,,5988a32,2026-09-15T19:25:24Z,
59098,Kettering Solar 1,Tesla Inc.,CA,Los Angeles,34.700278,-118.123611,CISO,Southern California Edison Co,eia860.zip,,5988a32,2026-09-15T19:25:24Z,
59099,Kettering Solar 2,Tesla Inc.,CA,Los Angeles,34.700278,-118.123611,CISO,Southern California Edison Co,eia860.zip,,5988a32,2026-09-15T19:25:24Z,
59122,Enerparc CA1 LLC,CleanCapital Holdings,CA,San Benito,36.831667,-121.404167,CISO,Pacific Gas & Electric Co,eia860.zip,,5988a32,2026-09-15T19:25:24Z,HOLLISTER
59129,CSD 2- Freedom High,CleanCapital Holdings,CA,Contra Costa,37.969722,-121.719444,CISO,Pacific Gas & Electric Co,eia860.zip,,5988a32,2026-09-15T19:25:24Z,
59130,CSD 2 - Heritage High,CleanCapital Holdings,CA,Contra Costa,37.921944,-121.755556,CISO,Pacific Gas & Electric Co,eia860.zip,,5988a32,2026-09-15T19:25:24Z,
59132,EAFB - North Base,CleanCapital Holdings,CA,Kern,34.9325,-117.907222,CISO,Southern California Edison Co,eia860.zip,,5988a32,2026-09-15T19:25:24Z,
59133,EAFB - South Base,CleanCapital Holdings,CA,Kern,34.917222,-117.900278,CISO,Southern California Edison Co,eia860.zip,,5988a32,2026-09-15T19:25:24Z,
59138,SDCCD - Miramar,CleanCapital Holdings,CA,San Diego,32.906111,-117.121389,CISO,San Diego Gas & Electric Co,eia860.zip,,5988a32,2026-09-15T19:25:24Z,SCRIPPS
59139,SDCWA - Twin Oaks,CleanCapital Holdings,CA,San Diego,33.21,-117.170556,CISO,San Diego Gas & Electric Co,eia860.zip,,5988a32,2026-09-15T19:25:24Z,
59150,RE Mustang LLC,MN8 Energy LLC,CA,Kings,36.221667,-119.903056,CISO,Pacific Gas & Electric Co,eia860.zip,,5988a32,2026-09-15T19:25:24Z,HENRIETTA
59167,Lancaster Solar 1,Boralex US Operations LLC,CA,Los Angeles,34.715,-118.095,CISO,Southern California Edison Co,eia860.zip,,5988a32,2026-09-15T19:25:24Z,
59169,Lancaster Solar 2,Boralex US Operations LLC,CA,Los Angeles,34.710556,-118.166111,CISO,Southern California Edison Co,eia860.zip,,5988a32,2026-09-15T19:25:24Z,
59182,Hesperia,SunEdison LLC,CA,San Bernardino,34.435,-117.378056,CISO,Southern California Edison Co,eia860.zip,,5988a32,2026-09-15T19:25:24Z,
59183,"CID Solar, LLC",Onward Energy,CA,Kings,36.138056,-119.564722,CISO,Pacific Gas & Electric Co,eia860.zip,,5988a32,2026-09-15T19:25:24Z,WAUKENA
59203,Farmersville,"Arevon Energy, Inc.",CA,Tulare,36.19,-119.12,CISO,Southern California Edison Co,eia860.zip,,5988a32,2026-09-15T19:25:24Z,
59219,Porterville 6 and 7,"Arevon Energy, Inc.",CA,Tulare,36.05,-119.02,CISO,Southern California Edison Co,eia860.zip,,5988a32,2026-09-15T19:25:24Z,
59235,Rising Tree Wind Farm II,Rising Tree Wind Farm II LLC,CA,Kern,35.088889,-118.206389,CISO,Southern California Edison Co,eia860.zip,,5988a32,2026-09-15T19:25:24Z,
59236,Rising Tree Wind Farm III,Rising Tree Wind Farm III LLC,CA,Kern,35.060556,-118.243333,CISO,Southern California Edison Co,eia860.zip,,5988a32,2026-09-15T19:25:24Z,WINDHUB
59237,Lone Valley Solar Park II LLC,Lone Valley Solar Park II LLC,CA,San Bernardino,34.408333,-116.8625,CISO,Southern California Edison Co,eia860.zip,,5988a32,2026-09-15T19:25:24Z,
59249,Rio Bravo Solar 1 LLC,Deriva Energy,CA,Kern,35.416111,-119.6825,CISO,Pacific Gas & Electric Co,eia860.zip,,5988a32,2026-09-15T19:25:24Z,
59250,Rio Bravo Solar II LLC,Deriva Energy,CA,Kern,35.4225,-119.629167,CISO,Pacific Gas & Electric Co,eia860.zip,,5988a32,2026-09-15T19:25:24Z,
59253,Wildwood Solar II,Deriva Energy,CA,Kern,35.63,-119.573889,CISO,Pacific Gas & Electric Co,eia860.zip,,5988a32,2026-09-15T19:25:24Z,
59256,Vaca Dixon Battery Storage System,Pacific Gas & Electric Co.,CA,Solano,38.393333,-121.927778,CISO,Pacific Gas & Electric Co,eia860.zip,,5988a32,2026-09-15T19:25:24Z,VACA DIXON
59257,Yerba Buena,Pacific Gas & Electric Co.,CA,Santa Clara,37.305833,-121.755,CISO,Pacific Gas & Electric Co,eia860.zip,,5988a32,2026-09-15T19:25:24Z,
59262,Lancaster Little Rock,AES Distributed Energy,CA,Los Angeles,34.599444,-117.932778,CISO,Southern California Edison Co,eia860.zip,,5988a32,2026-09-15T19:25:24Z,
59263,Con Dios Solar 3,AES Distributed Energy,CA,San Bernardino,34.259722,-116.340278,CISO,Southern California Edison Co,eia860.zip,,5988a32,2026-09-15T19:25:24Z,
59264,Con Dios Solar 11,AES Distributed Energy,CA,San Bernardino,34.26,-116.335278,CISO,Southern California Edison Co,eia860.zip,,5988a32,2026-09-15T19:25:24Z,
59265,Merced Solar LLC,Ecos Energy LLC,CA,Merced,37.267778,-120.484444,CISO,Pacific Gas & Electric Co,eia860.zip,,5988a32,2026-09-15T19:25:24Z,
59267,Mission Solar LLC,Ecos Energy LLC,CA,Merced,37.267778,-120.4825,CISO,Pacific Gas & Electric Co,eia860.zip,,5988a32,2026-09-15T19:25:24Z,
59268,Hollister Solar LLC,Ecos Energy LLC,CA,San Benito,36.8625,-121.428889,CISO,Pacific Gas & Electric Co,eia860.zip,,5988a32,2026-09-15T19:25:24Z,HOLLISTER
59269,Victor Mesa Linda B2,AES Distributed Energy,CA,San Bernardino,34.512778,-117.387222,CISO,Southern California Edison Co,eia860.zip,,5988a32,2026-09-15T19:25:24Z,
59270,Victor Mesa Linda C2,AES Distributed Energy,CA,San Bernardino,34.511389,-117.387222,CISO,Southern California Edison Co,eia860.zip,,5988a32,2026-09-15T19:25:24Z,
59271,Victor Mesa Linda D2,AES Distributed Energy,CA,San Bernardino,34.509444,-117.387222,CISO,Southern California Edison Co,eia860.zip,,5988a32,2026-09-15T19:25:24Z,
59272,Victor Mesa Linda E2,AES Distributed Energy,CA,San Bernardino,34.508056,-117.387222,CISO,Southern California Edison Co,eia860.zip,,5988a32,2026-09-15T19:25:24Z,
59273,SEPV Palmdale East,AES Distributed Energy,CA,Los Angeles,34.613056,-117.938889,CISO,Southern California Edison Co,eia860.zip,,5988a32,2026-09-15T19:25:24Z,
59279,Life Technologies - Pleasanton,Bloom Energy,CA,Alameda,37.643889,-121.884167,CISO,Pacific Gas & Electric Co,eia860.zip,,5988a32,2026-09-15T19:25:24Z,
59280,Kellogg's - San Jose,Bloom Energy,CA,Santa Clara,37.356389,-121.871944,CISO,Pacific Gas & Electric Co,eia860.zip,,5988a32,2026-09-15T19:25:24Z,FMC
59283,California PV Energy at ISD WWTP,California PV Energy LLC,CA,Contra Costa,38.001111,-121.703889,CISO,Pacific Gas & Electric Co,eia860.zip,,5988a32,2026-09-15T19:25:24Z,
59299,Waste Mangement Redwood LFGTE,WM Renewable Energy LLC,CA,Marin,38.160833,-122.565,CISO,Pacific Gas & Electric Co,eia860.zip,,5988a32,2026-09-15T19:25:24Z,
59300,Hanford 1 and 2,"Arevon Energy, Inc.",CA,Kings,36.306667,-119.629167,CISO,Southern California Edison Co,eia860.zip,,5988a32,2026-09-15T19:25:24Z,HANFORD
59322,Pumpjack Solar I,Deriva Energy,CA,Kern,35.305556,-119.6225,CISO,Pacific Gas & Electric Co,eia860.zip,,5988a32,2026-09-15T19:25:24Z,
59328,Golden Acorn Casino,"Foundation HA Energy Generation, LLC",CA,San Diego,32.702107,-116.354587,CISO,San Diego Gas & Electric Co,eia860.zip,,5988a32,2026-09-15T19:25:24Z,
59329,City of Soledad Water Reclamation,"Foundation HA Energy Generation, LLC",CA,Monterey,36.421111,-121.340278,CISO,Pacific Gas & Electric Co,eia860.zip,,5988a32,2026-09-15T19:25:24Z,SOLEDAD
59330,Taylor Farms,"Foundation HA Energy Generation, LLC",CA,Monterey,36.505,-121.451667,CISO,Pacific Gas & Electric Co,eia860.zip,,5988a32,2026-09-15T19:25:24Z,
59331,Anheuser-Busch #2,"Foundation HA Energy Generation, LLC",CA,Solano,38.233611,-122.0925,CISO,Pacific Gas & Electric Co,eia860.zip,,5988a32,2026-09-15T19:25:24Z,
59334,"Catalina Solar 2, LLC",Onward Energy,CA,Kern,34.812222,-118.352778,CISO,Southern California Edison Co,eia860.zip,,5988a32,2026-09-15T19:25:24Z,
59339,Quinto Solar PV Project,"Arevon Energy, Inc.",CA,Merced,37.130278,-121.052222,CISO,Pacific Gas & Electric Co,eia860.zip,,5988a32,2026-09-15T19:25:24Z,QUINTO
59359,SCE-Snowline-Duncan Road (North),SunEdison LLC,CA,San Bernardino,34.473889,-117.562778,CISO,Southern California Edison Co,eia860.zip,,5988a32,2026-09-15T19:25:24Z,
59360,SCE-Snowline-Duncan Road (South),SunEdison LLC,CA,San Bernardino,34.471389,-117.562222,CISO,Southern California Edison Co,eia860.zip,,5988a32,2026-09-15T19:25:24Z,
59380,"Wildwood Solar I, LLC",Deriva Energy,CA,Kern,35.615833,-119.578333,CISO,Pacific Gas & Electric Co,eia860.zip,,5988a32,2026-09-15T19:25:24Z,
59395,City of Tulare Water Facility,City of Tulare Water Pollution Control - (CA),CA,Tulare,36.185,-119.375,CISO,Southern California Edison Co,eia860.zip,,5988a32,2026-09-15T19:25:24Z,
59405,Diamond Valley Solar Project,Ecos Energy LLC,CA,Riverside,33.713056,-117.0725,CISO,Southern California Edison Co,eia860.zip,,5988a32,2026-09-15T19:25:24Z,
59408,Shafter Solar LLC,Shafter Solar LLC,CA,Kern,35.393333,-119.127778,CISO,Pacific Gas & Electric Co,eia860.zip,,5988a32,2026-09-15T19:25:24Z,
59409,"Madelyn Solar, LLC","CD US Solar PO 3, LLC",CA,San Bernardino,34.768333,-117.323611,CISO,Southern California Edison Co,eia860.zip,,5988a32,2026-09-15T19:25:24Z,
59410,"Rudy Solar, LLC","CD US Solar PO 3, LLC",CA,San Bernardino,34.766389,-117.323611,CISO,Southern California Edison Co,eia860.zip,,5988a32,2026-09-15T19:25:24Z,
59411,"Mitchell Solar, LLC","CD US Solar PO 3, LLC",CA,San Bernardino,34.765,-117.323611,CISO,Southern California Edison Co,eia860.zip,,5988a32,2026-09-15T19:25:24Z,
59412,Algonquin SKIC20 Solar LLC,Algonquin Power Co,CA,Kern,35.126111,-119.243333,CISO,Pacific Gas & Electric Co,eia860.zip,,5988a32,2026-09-15T19:25:24Z,
59413,Corcoran Solar 2,RWE Clean Energy,CA,Kings,36.141944,-119.581667,CISO,Pacific Gas & Electric Co,eia860.zip,,5988a32,2026-09-15T19:25:24Z,WAUKENA
59414,Atwell Island West Solar,RWE Clean Energy,CA,Tulare,35.815,-119.459722,CISO,Pacific Gas & Electric Co,eia860.zip,,5988a32,2026-09-15T19:25:24Z,
59416,Anaheim Solar Energy Plant,Anaheim Public Utilities,CA,Orange,33.8025,-117.919722,CISO,City of Anaheim - (CA),eia860.zip,,5988a32,2026-09-15T19:25:24Z,
59421,SCE-Snowline-White Road (South),SunEdison LLC,CA,San Bernardino,34.413056,-117.470833,CISO,Southern California Edison Co,eia860.zip,,5988a32,2026-09-15T19:25:24Z,
59422,SCE-Snowline-White Road (North),SunEdison LLC,CA,San Bernardino,34.4175,-117.469722,CISO,Southern California Edison Co,eia860.zip,,5988a32,2026-09-15T19:25:24Z,
59423,SCE-Snowline-White Rd (Central),SunEdison LLC,CA,San Bernardino,34.415278,-117.47,CISO,Southern California Edison Co,eia860.zip,,5988a32,2026-09-15T19:25:24Z,
59428,Baker Creek Hydroelectric,"Baker Station Associates, LP",CA,Humboldt,40.526389,-123.725556,CISO,Pacific Gas & Electric Co,eia860.zip,,5988a32,2026-09-15T19:25:24Z,
59431,Sierra Solar Greenworks,AES Distributed Energy,CA,Los Angeles,34.703611,-118.334167,CISO,Southern California Edison Co,eia860.zip,,5988a32,2026-09-15T19:25:24Z,ANTELOPE
59440,"Adelanto Solar II, LLC","Adelanto Solar II, LLC",CA,San Bernardino,34.557222,-117.3775,CISO,Southern California Edison Co,eia860.zip,,5988a32,2026-09-15T19:25:24Z,
59441,"Adelanto Solar, LLC","Adelanto Solar, LLC",CA,San Bernardino,34.557222,-117.3775,CISO,Southern California Edison Co,eia860.zip,,5988a32,2026-09-15T19:25:24Z,
59443,"TA-Acacia, LLC",Onward Energy,CA,Los Angeles,34.689167,-118.324722,CISO,Pacific Gas & Electric Co,eia860.zip,,5988a32,2026-09-15T19:25:24Z,ANTELOPE
59456,P Plant,Qualcomm Incorporated,CA,San Diego,32.894722,-117.198056,CISO,San Diego Gas & Electric Co,eia860.zip,,5988a32,2026-09-15T19:25:24Z,EASTGATE
59457,Q Plant,Qualcomm Incorporated,CA,San Diego,32.904167,-117.201111,CISO,San Diego Gas & Electric Co,eia860.zip,,5988a32,2026-09-15T19:25:24Z,EASTGATE
59458,W Plant,Qualcomm Incorporated,CA,San Diego,32.903333,-117.195556,CISO,San Diego Gas & Electric Co,eia860.zip,,5988a32,2026-09-15T19:25:24Z,EASTGATE
59461,"Bowerman Power LFG, LLC","Bowerman Power LFG, LLC",CA,Orange,33.718889,-117.702222,CISO,Southern California Edison Co,eia860.zip,,5988a32,2026-09-15T19:25:24Z,
59469,Alamo Solar,Onward Energy,CA,San Bernardino,34.682222,-117.3475,CISO,Southern California Edison Co,eia860.zip,,5988a32,2026-09-15T19:25:24Z,
59473,Apple Campus 2 PV,"Apple, Inc",CA,Santa Clara,37.33,-122.01,CISO,Pacific Gas & Electric Co,eia860.zip,,5988a32,2026-09-15T19:25:24Z,
59522,Giffen Solar Park,"Giffen Solar Park, LLC",CA,Fresno,36.544722,-120.316111,CISO,Pacific Gas & Electric Co,eia860.zip,,5988a32,2026-09-15T19:25:24Z,
59523,Five Points Solar Park,Boralex US Operations LLC,CA,Fresno,36.386944,-120.236667,CISO,Pacific Gas & Electric Co,eia860.zip,,5988a32,2026-09-15T19:25:24Z,
59524,Blackwell Solar Park,RWE Clean Energy,CA,Kern,35.612,-119.845,CISO,Pacific Gas & Electric Co,eia860.zip,,5988a32,2026-09-15T19:25:24Z,
59525,Wright Solar Park,Wright Solar Park LLC,CA,Merced,37.009444,-120.957222,CISO,Pacific Gas & Electric Co,eia860.zip,,5988a32,2026-09-15T19:25:24Z,
59528,Solar Oasis LLC,"Solar Oasis, LLC",CA,Los Angeles,34.648889,-118.076667,CISO,Southern California Edison Co,eia860.zip,,5988a32,2026-09-15T19:25:24Z,
59531,Borden Solar Farm,"41MB 8me, LLC",CA,Madera,36.941111,-119.96,CISO,Pacific Gas & Electric Co,eia860.zip,,5988a32,2026-09-15T19:25:24Z,
59536,Coronus Adelanto West 1,"Clean Focus Yield, LLC",CA,San Bernardino,34.548056,-117.464444,CISO,Southern California Edison Co,eia860.zip,,5988a32,2026-09-15T19:25:24Z,
59537,Coronus Adelanto West 2,"Clean Focus Yield, LLC",CA,San Bernardino,34.548056,-117.464444,CISO,Southern California Edison Co,eia860.zip,,5988a32,2026-09-15T19:25:24Z,
59539,Park Meridian #1,"Altus Power America Management, LLC",CA,Riverside,33.896111,-117.283611,CISO,Southern California Edison Co,eia860.zip,,5988a32,2026-09-15T19:25:24Z,
59540,Rancho Cucamonga Dist #1,"Altus Power America Management, LLC",CA,San Bernardino,34.100278,-117.552778,CISO,Southern California Edison Co,eia860.zip,,5988a32,2026-09-15T19:25:24Z,RANCHO VISTA
59541,Terra Francesco,"Altus Power America Management, LLC",CA,San Bernardino,34.039722,-117.606667,CISO,Southern California Edison Co,eia860.zip,,5988a32,2026-09-15T19:25:24Z,
59550,Putah Creek Solar Farm,Solvida Energy Group/Blue Oak Energy,CA,Yolo,38.521111,-121.993889,CISO,Pacific Gas & Electric Co,eia860.zip,,5988a32,2026-09-15T19:25:24Z,
59555,Vega Solar,"Vega Solar, LLC",CA,Merced,36.925833,-120.82,CISO,Pacific Gas & Electric Co,eia860.zip,,5988a32,2026-09-15T19:25:24Z,
59557,Apple Campus 2 Fuel Cell,"Apple, Inc",CA,Santa Clara,37.33,-122.01,CISO,Pacific Gas & Electric Co,eia860.zip,,5988a32,2026-09-15T19:25:24Z,
59597,"Colton Solar One, LLC","Colton Solar One, LLC",CA,San Bernardino,34.093333,-117.319444,CISO,City of Colton - (CA),eia860.zip,,5988a32,2026-09-15T19:25:24Z,
59598,"Colton Solar Two, LLC","Colton Solar Two, LLC",CA,San Bernardino,34.042222,-117.361667,CISO,City of Colton - (CA),eia860.zip,,5988a32,2026-09-15T19:25:24Z,
59599,Tropico Solar PV Plant,"Arevon Energy, Inc.",CA,Tulare,35.831944,-119.056111,CISO,Southern California Edison Co,eia860.zip,,5988a32,2026-09-15T19:25:24Z,VESTAL
59600,Nicolis Solar PV Plant,"Arevon Energy, Inc.",CA,Tulare,35.835833,-119.056111,CISO,Southern California Edison Co,eia860.zip,,5988a32,2026-09-15T19:25:24Z,VESTAL
59607,"Maricopa West Solar PV, LLC",Onward Energy,CA,Kern,35.115278,-119.317778,CISO,Pacific Gas & Electric Co,eia860.zip,,5988a32,2026-09-15T19:25:24Z,BITTERWATER
59610,"AP North Lake I, LP","AP North Lake I, LP",CA,Riverside,33.74,-117.010556,CISO,Southern California Edison Co,eia860.zip,,5988a32,2026-09-15T19:25:24Z,
59633,Kettleman Solar -Centaurus,Boralex US Operations LLC,CA,Kings,36.050833,-119.9475,CISO,Pacific Gas & Electric Co,eia860.zip,,5988a32,2026-09-15T19:25:24Z,
59638,Coronal Lost Hills,"Arevon Energy, Inc.",CA,Kern,35.726667,-119.905833,CISO,Pacific Gas & Electric Co,eia860.zip,,5988a32,2026-09-15T19:25:24Z,
59658,SPI Anderson 2,Sierra Pacific Industries,CA,Shasta,40.472283,-122.324205,CISO,Pacific Gas & Electric Co,eia860.zip,,5988a32,2026-09-15T19:25:24Z,
59661,Tehachapi Energy Storage Project,Southern California Edison Co,CA,Kern,35.123333,-118.38,CISO,Southern California Edison Co,eia860.zip,,5988a32,2026-09-15T19:25:24Z,
59687,Sun Harvest Solar NDP1,"Altus Power America Management, LLC",CA,Merced,37.05758,-120.653625,CISO,Pacific Gas & Electric Co,eia860.zip,,5988a32,2026-09-15T19:25:24Z,
59703,"Cottonwood Solar, LLC Cottonwood Carport",Onward Energy,CA,Marin,38.129759,-122.568158,CISO,Pacific Gas & Electric Co,eia860.zip,,5988a32,2026-09-15T19:25:24Z,
59730,SEPV 18,AES Distributed Energy,CA,Los Angeles,34.613602,-117.93439,CISO,Southern California Edison Co,eia860.zip,,5988a32,2026-09-15T19:25:24Z,
59737,Aspiration G,AES Distributed Energy,CA,Fresno,36.552186,-120.352481,CISO,Southern California Edison Co,eia860.zip,,5988a32,2026-09-15T19:25:24Z,
59738,Citizen B,AES Distributed Energy,CA,Fresno,36.723806,-120.432139,CISO,Southern California Edison Co,eia860.zip,,5988a32,2026-09-15T19:25:24Z,
59739,Lancaster WAD B,AES Distributed Energy,CA,Los Angeles,34.780192,-118.19333,CISO,Southern California Edison Co,eia860.zip,,5988a32,2026-09-15T19:25:24Z,
59740,SEPV Mojave West,AES Distributed Energy,CA,Kern,35.022903,-118.282694,CISO,Southern California Edison Co,eia860.zip,,5988a32,2026-09-15T19:25:24Z,WINDHUB
59746,DSH (CA) - Coalinga State Hospital,"Team-Solar, Inc.",CA,Fresno,36.13726,-120.218453,CISO,Pacific Gas & Electric Co,eia860.zip,,5988a32,2026-09-15T19:25:24Z,
59748,CDCR (CA) - Pleasant Valley State Prison,"Team-Solar, Inc.",CA,Fresno,36.137219,-120.224445,CISO,Pacific Gas & Electric Co,eia860.zip,,5988a32,2026-09-15T19:25:24Z,
59800,Amazon San Bernardino,Bloom Energy,CA,San Bernardino,34.088408,-117.245839,CISO,Southern California Edison Co,eia860.zip,,5988a32,2026-09-15T19:25:24Z,SAN BERNARDINO
59802,Maxim,Bloom Energy,CA,Santa Clara,37.405689,-121.949416,CISO,Pacific Gas & Electric Co,eia860.zip,,5988a32,2026-09-15T19:25:24Z,LOS ESTEROS
59803,Pixar - Emeryville,Bloom Energy,CA,Alameda,37.83286,-122.284003,CISO,Pacific Gas & Electric Co,eia860.zip,,5988a32,2026-09-15T19:25:24Z,OAKLAND C
59804,Starbucks - Evolution Fresh,Bloom Energy,CA,San Bernardino,34.093684,-117.551044,CISO,Rancho Cucamonga Municipal Utility,eia860.zip,,5988a32,2026-09-15T19:25:24Z,RANCHO VISTA
59805,Yahoo! - HQ,Bloom Energy,CA,Santa Clara,37.415419,-122.025747,CISO,Pacific Gas & Electric Co,eia860.zip,,5988a32,2026-09-15T19:25:24Z,
59814,"Copper Mountain Solar 4, LLC",RWE Clean Energy,NV,Clark,35.78222,-114.975375,CISO,San Diego Gas & Electric Co,eia860.zip,,5988a32,2026-09-15T19:25:24Z,MERCHANT
59826,Sunshine Valley Solar,EDP Renewables North America LLC,NV,Nye,36.518,-116.497,CISO,"Valley Electric Assn, Inc",eia860.zip,,5988a32,2026-09-15T19:25:24Z,
59868,Kingbird A Solar LLC,"Arevon Energy, Inc.",CA,Kern,34.819,-118.432,CISO,Southern California Edison Co,eia860.zip,,5988a32,2026-09-15T19:25:24Z,WHIRLWIND
59870,"Little Bear Solar 1, LLC","Little Bear Solar 1, LLC (Longroad)",CA,Fresno,36.716,-120.415,CISO,Pacific Gas & Electric Co,eia860.zip,,5988a32,2026-09-15T19:25:24Z,
59871,Desert Quartzite,Desert Quartzite LLC,CA,Riverside,33.565,-114.753,CISO,Southern California Edison Co,eia860.zip,,5988a32,2026-09-15T19:25:24Z,
59872,UC Davis South Campus,"Solar Star California XXXII, LLC",CA,Yolo,38.55,-121.75,CISO,Pacific Gas & Electric Co,eia860.zip,,5988a32,2026-09-15T19:25:24Z,
59877,Riverside RWQCP Fuel Cell,"Riverside Fuel Cell, LLC",CA,Riverside,33.9617,-117.455897,CISO,City of Riverside - (CA),eia860.zip,,5988a32,2026-09-15T19:25:24Z,
59878,Windhub Solar A LLC,EDP Renewables North America LLC,CA,Kern,35.0199,-118.2879,CISO,Southern California Edison Co,eia860.zip,,5988a32,2026-09-15T19:25:24Z,WINDHUB
59879,North Rosamond Solar LLC,"North Rosamond Solar, LLC",CA,Kern,34.862,-118.38,CISO,Southern California Edison Co,eia860.zip,,5988a32,2026-09-15T19:25:24Z,
59900,Corcoran Solar 3,RWE Clean Energy,CA,Kings,36.15042,-119.58542,CISO,Pacific Gas & Electric Co,eia860.zip,,5988a32,2026-09-15T19:25:24Z,WAUKENA
59915,Oro Loma,RWE Clean Energy,CA,Fresno,36.876847,-120.667608,CISO,Pacific Gas & Electric Co,eia860.zip,,5988a32,2026-09-15T19:25:24Z,
59916,SunE- E Philadelphia Ontario,SunEdison LLC,CA,San Bernardino,34.03527,-117.5341,CISO,Southern California Edison Co,eia860.zip,,5988a32,2026-09-15T19:25:24Z,
59939,RE Tranquillity,Southern Power Co,CA,Fresno,36.581365,-120.40447,CISO,Pacific Gas & Electric Co,eia860.zip,,5988a32,2026-09-15T19:25:24Z,
59940,"Great Valley Solar Portfolio Holdings, L",RWE Clean Energy,CA,Fresno,36.581182,-120.37957,CISO,Pacific Gas & Electric Co,eia860.zip,,5988a32,2026-09-15T19:25:24Z,
59942,Morgan Lancaster 1,Terraform Arcadia,CA,Los Angeles,34.6608,-118.0836,CISO,Southern California Edison Co,eia860.zip,,5988a32,2026-09-15T19:25:24Z,
59952,Potrero Hills Energy Producers,"Potrero Hills Energy Producers, LLC",CA,Solano,38.216973,-121.979452,CISO,Pacific Gas & Electric Co,eia860.zip,,5988a32,2026-09-15T19:25:24Z,
59961,Western Antelope Blue Sky B,AES Distributed Energy,CA,Los Angeles,34.73206,-118.313573,CISO,Southern California Edison Co,eia860.zip,,5988a32,2026-09-15T19:25:24Z,
59962,North Lancaster Ranch,AES Distributed Energy,CA,Los Angeles,34.719538,-118.31301,CISO,Southern California Edison Co,eia860.zip,,5988a32,2026-09-15T19:25:24Z,ANTELOPE
59963,Central Antelope Dry Ranch C,AES Distributed Energy,CA,Los Angeles,34.720499,-118.30046,CISO,Southern California Edison Co,eia860.zip,,5988a32,2026-09-15T19:25:24Z,ANTELOPE
59964,Elevation Solar C,AES Distributed Energy,CA,Los Angeles,34.730263,-118.30425,CISO,Southern California Edison Co,eia860.zip,,5988a32,2026-09-15T19:25:24Z,ANTELOPE
59969,"Windhub Solar B, LLC","Windhub Solar B, LLC",CA,Kern,35.0133,-118.2698,CISO,Southern California Edison Co,eia860.zip,,5988a32,2026-09-15T19:25:24Z,WINDHUB
59976,RE Astoria,RE Astoria LLC,CA,Kern,34.844226,-118.458466,CISO,Southern California Edison Co,eia860.zip,,5988a32,2026-09-15T19:25:24Z,WHIRLWIND
59977,RE Astoria 2,RE Astoria 2 LLC,CA,Kern,34.836649,-118.480204,CISO,Southern California Edison Co,eia860.zip,,5988a32,2026-09-15T19:25:24Z,WHIRLWIND
59979,"Columbia Solar Energy, LLC",Columbia Solar Energy LLC,CA,Contra Costa,38.019671,-121.86506,CISO,Pacific Gas & Electric Co,eia860.zip,,5988a32,2026-09-15T19:25:24Z,PITTSBURG
60007,Morelos del Sol,Southern Power Co,CA,Kern,35.731362,-119.818712,CISO,Pacific Gas & Electric Co,eia860.zip,,5988a32,2026-09-15T19:25:24Z,
60027,Adera Solar,AES Distributed Energy,CA,Madera,37.120586,-120.32488,CISO,Pacific Gas & Electric Co,eia860.zip,,5988a32,2026-09-15T19:25:24Z,
60032,SunE Rochester,"SunE Solar XVI Lessor, LLC",CA,San Bernardino,34.097728,-117.544529,CISO,Southern California Edison Co,eia860.zip,,5988a32,2026-09-15T19:25:24Z,RANCHO VISTA
60033,"CA Flats Solar 130, LLC","California Flats Solar 130, LLC",CA,San Luis Obispo,35.615573,-120.404352,CISO,Pacific Gas & Electric Co,eia860.zip,,5988a32,2026-09-15T19:25:24Z,
60034,"CA Flats Solar 150, LLC","Arevon Energy, Inc.",CA,San Luis Obispo,35.615573,-120.404352,CISO,Pacific Gas & Electric Co,eia860.zip,,5988a32,2026-09-15T19:25:24Z,
60035,Tequesquite Landfill Solar PV Project,"Solar Star California XXXI, LLC",CA,Riverside,33.97819,-117.38514,CISO,Pacific Gas & Electric Co,eia860.zip,,5988a32,2026-09-15T19:25:24Z,
60039,Frontier Solar LLC,Boralex US Operations LLC,CA,Stanislaus,37.379919,-121.130661,CISO,Pacific Gas & Electric Co,eia860.zip,,5988a32,2026-09-15T19:25:24Z,SALADO
60043,"Cuyama Solar, LLC","Cuyama Solar, LLC",CA,Santa Barbara,34.901,-119.596,CISO,Pacific Gas & Electric Co,eia860.zip,,5988a32,2026-09-15T19:25:24Z,
60049,Golden Hills Wind,"Golden Hills Wind, LLC",CA,Alameda,37.713311,-121.640353,CISO,Pacific Gas & Electric Co,eia860.zip,,5988a32,2026-09-15T19:25:24Z,
60060,Lindberg FIeld Solar,Lindberg Field Solar I LLC,CA,San Diego,32.729238,-117.207718,CISO,San Diego Gas & Electric Co,eia860.zip,,5988a32,2026-09-15T19:25:24Z,POINT LOMA
60077,CED Avenal,RWE Clean Energy,CA,Kings,35.996324,-120.15146,CISO,Pacific Gas & Electric Co,eia860.zip,,5988a32,2026-09-15T19:25:24Z,
60078,CED Ducor 1,RWE Clean Energy,CA,Tulare,35.856278,-119.068414,CISO,Southern California Edison Co,eia860.zip,,5988a32,2026-09-15T19:25:24Z,VESTAL
60079,CED Ducor 2,RWE Clean Energy,CA,Tulare,35.844167,-119.068069,CISO,Southern California Edison Co,eia860.zip,,5988a32,2026-09-15T19:25:24Z,VESTAL
60080,CED Ducor 3,RWE Clean Energy,CA,Tulare,35.845378,-119.056992,CISO,Southern California Edison Co,eia860.zip,,5988a32,2026-09-15T19:25:24Z,VESTAL
60081,CED Ducor 4,RWE Clean Energy,CA,Tulare,35.850403,-119.026992,CISO,Southern California Edison Co,eia860.zip,,5988a32,2026-09-15T19:25:24Z,
60083,Fresno Solar,"Wellhead Services, Inc",CA,Fresno,36.616846,-120.105144,CISO,Pacific Gas & Electric Co,eia860.zip,,5988a32,2026-09-15T19:25:24Z,
60085,AVS Lancaster 1,Tesla Inc.,CA,Los Angeles,34.748894,-117.973571,CISO,Southern California Edison Co,eia860.zip,,5988a32,2026-09-15T19:25:24Z,
60086,US-TOPCO (Soccer Center),Tesla Inc.,CA,Los Angeles,34.66072,-118.081152,CISO,Southern California Edison Co,eia860.zip,,5988a32,2026-09-15T19:25:24Z,
60091,"Kingbird B Solar, LLC","Arevon Energy, Inc.",CA,Kern,34.824206,-118.438547,CISO,Southern California Edison Co,eia860.zip,,5988a32,2026-09-15T19:25:24Z,WHIRLWIND
60092,"Blythe Solar II, LLC","Blythe Solar II, LLC",CA,Riverside,33.68,-114.73,CISO,Southern California Edison Co,eia860.zip,,5988a32,2026-09-15T19:25:24Z,
60093,"Blythe Solar 110, LLC","Blythe Solar 110, LLC",CA,Riverside,33.68,-114.742,CISO,Southern California Edison Co,eia860.zip,,5988a32,2026-09-15T19:25:24Z,
60094,"Blythe Solar III, LLC Hybrid","Blythe Solar III, LLC",CA,Riverside,33.656,-114.742,CISO,Southern California Edison Co,eia860.zip,,5988a32,2026-09-15T19:25:24Z,
60095,"Blythe Solar IV, LLC","Blythe Solar IV, LLC",CA,Riverside,33.682,-114.768,CISO,Southern California Edison Co,eia860.zip,,5988a32,2026-09-15T19:25:24Z,
60142,Lemoore 1,AES Distributed Energy,CA,Kings,36.257938,-119.798139,CISO,Pacific Gas & Electric Co,eia860.zip,,5988a32,2026-09-15T19:25:24Z,
60151,Building F,Golden Springs Development Company LLC,CA,Los Angeles,33.914356,-118.050189,CISO,Southern California Edison Co,eia860.zip,,5988a32,2026-09-15T19:25:24Z,
60153,Building G,Golden Springs Development Company LLC,CA,Los Angeles,33.912917,-118.050561,CISO,Southern California Edison Co,eia860.zip,,5988a32,2026-09-15T19:25:24Z,
60154,Buidling L,Golden Springs Development Company LLC,CA,Los Angeles,33.912917,-118.041944,CISO,Southern California Edison Co,eia860.zip,,5988a32,2026-09-15T19:25:24Z,
60182,Dulles,Golden Springs Development Company LLC,CA,Riverside,34.030119,-117.517753,CISO,Southern California Edison Co,eia860.zip,,5988a32,2026-09-15T19:25:24Z,
60183,Freeway Springs,Golden Springs Development Company LLC,CA,Los Angeles,33.892614,-118.037564,CISO,Southern California Edison Co,eia860.zip,,5988a32,2026-09-15T19:25:24Z,
60185,Solverde 1,AES Distributed Energy,CA,Los Angeles,34.655694,-118.298166,CISO,Southern California Edison Co,eia860.zip,,5988a32,2026-09-15T19:25:24Z,ANTELOPE
60186,Antelope DSR 1,AES Distributed Energy,CA,Los Angeles,34.655556,-118.280722,CISO,Southern California Edison Co,eia860.zip,,5988a32,2026-09-15T19:25:24Z,ANTELOPE
60187,Antelope DSR 2,AES Distributed Energy,CA,Los Angeles,34.686944,-118.311722,CISO,Southern California Edison Co,eia860.zip,,5988a32,2026-09-15T19:25:24Z,ANTELOPE
60192,North Fork Community Power,Phoenix Energy,CA,Madera,37.231531,-119.49425,CISO,Pacific Gas & Electric Co,eia860.zip,,5988a32,2026-09-15T19:25:24Z,
60193,Whitethorn Solar LLC,Whitethorn Solar LLC,CA,Alameda,37.691,-121.717,CISO,WAPA-- Western Area Power Administration,eia860.zip,,5988a32,2026-09-15T19:25:24Z,LAS POSITAS
60220,Zero Waste Energy Development Co LLC,Zero Waste Energy Development Company LLC,CA,Santa Clara,37.4325,-121.95285,CISO,Pacific Gas & Electric Co,eia860.zip,,5988a32,2026-09-15T19:25:24Z,LOS ESTEROS
60223,Equinix San Jose,Bloom Energy,CA,Santa Clara,37.241713,-121.781363,CISO,Pacific Gas & Electric Co,eia860.zip,,5988a32,2026-09-15T19:25:24Z,SANTA TERESA
60224,Intel Santa Clara,Bloom Energy,CA,Santa Clara,37.384745,-121.963808,CISO,Pacific Gas & Electric Co,eia860.zip,,5988a32,2026-09-15T19:25:24Z,TRIMBLE
60231,Genentech-Oceanside Hybrid,Tesla Inc.,CA,San Diego,33.211095,-117.299593,CISO,San Diego Gas & Electric Co,eia860.zip,,5988a32,2026-09-15T19:25:24Z,SAN LUIS REY
60233,RE Garland,Southern Power Co,CA,Kern,34.825267,-118.524989,CISO,Southern California Edison Co,eia860.zip,,5988a32,2026-09-15T19:25:24Z,
60242,"Algonquin SKIC 10 Solar, LLC",Algonquin Power Co,CA,Kern,35.126111,-119.243361,CISO,Pacific Gas & Electric Co,eia860.zip,,5988a32,2026-09-15T19:25:24Z,
60249,Silicon Valley Clean Water,Silicon Valley Clean Water,CA,San Mateo,37.542619,-122.231119,CISO,Pacific Gas & Electric Co,eia860.zip,,5988a32,2026-09-15T19:25:24Z,
60255,Weymouth Solar Plant,Metropolitan Water District of S CA,CA,Los Angeles,34.108618,-117.782246,CISO,Southern California Edison Co,eia860.zip,,5988a32,2026-09-15T19:25:24Z,
60275,Westside Solar Power PV1,Westside Assets LLC,CA,Kings,36.219,-119.907,CISO,Pacific Gas & Electric Co,eia860.zip,,5988a32,2026-09-15T19:25:24Z,HENRIETTA
60277,Castor Solar,ZGlobal Inc,CA,Kern,35.211044,-119.387258,CISO,Pacific Gas & Electric Co,eia860.zip,,5988a32,2026-09-15T19:25:24Z,
60279,Antelope Big Sky Ranch,AES Distributed Energy,CA,Los Angeles,34.694839,-118.28769,CISO,Southern California Edison Co,eia860.zip,,5988a32,2026-09-15T19:25:24Z,ANTELOPE
60280,Summer Solar LLC,AES Distributed Energy,CA,Los Angeles,34.714703,-118.311006,CISO,Southern California Edison Co,eia860.zip,,5988a32,2026-09-15T19:25:24Z,ANTELOPE
60281,Central Antelope Dry Ranch B LLC,"Central Antelope Dry Ranch B, LLC",CA,Los Angeles,34.705549,-118.301417,CISO,Southern California Edison Co,eia860.zip,,5988a32,2026-09-15T19:25:24Z,ANTELOPE
60307,"Mesquite Solar 2, LLC",RWE Clean Energy,AZ,Maricopa,33.332777,-112.911388,CISO,San Diego Gas & Electric Co,eia860.zip,,5988a32,2026-09-15T19:25:24Z,
60308,"Mesquite Solar 3, LLC",RWE Clean Energy,AZ,Maricopa,33.347583,-112.936805,CISO,San Diego Gas & Electric Co,eia860.zip,,5988a32,2026-09-15T19:25:24Z,
60309,"Portal Ridge Solar A, LLC","Leeward Asset Management, LLC",CA,Los Angeles,34.71533,-118.25908,CISO,Southern California Edison Co,eia860.zip,,5988a32,2026-09-15T19:25:24Z,ANTELOPE
60310,"Portal Ridge Solar B, LLC","Portal Ridge Solar, LLC",CA,Los Angeles,34.71647,-118.2821,CISO,Southern California Edison Co,eia860.zip,,5988a32,2026-09-15T19:25:24Z,ANTELOPE
60311,"Portal Ridge Solar C, LLC","Portal Ridge Solar, LLC",CA,Los Angeles,34.71412,-118.2739,CISO,Southern California Edison Co,eia860.zip,,5988a32,2026-09-15T19:25:24Z,ANTELOPE
60324,"Willow Spring Solar, LLC",Willow Spring Solar LLC,CA,Kern,34.826697,-118.335211,CISO,Southern California Edison Co,eia860.zip,,5988a32,2026-09-15T19:25:24Z,
60385,Santa Rita Jail Fuel Cell,"SRJFC, LLC",CA,Alameda,37.719166,-121.886944,CISO,Pacific Gas & Electric Co,eia860.zip,,5988a32,2026-09-15T19:25:24Z,
60386,RE Garland A,Southern Power Co,CA,Kern,34.821453,-118.497406,CISO,Southern California Edison Co,eia860.zip,,5988a32,2026-09-15T19:25:24Z,
60412,Munro Valley Solar,Ecos Energy LLC,CA,Inyo,36.2647,-117.9955,CISO,Los Angeles Department of Water & Power,eia860.zip,,5988a32,2026-09-15T19:25:24Z,
60426,RCWD PV Project,MN8 Energy LLC,CA,Riverside,33.5226,-117.1815,CISO,Southern California Edison Co,eia860.zip,,5988a32,2026-09-15T19:25:24Z,
60428,CA Dept of Public Health at Richmond,California PV Energy LLC,CA,Contra Costa,37.92,-122.344,CISO,Pacific Gas & Electric Co,eia860.zip,,5988a32,2026-09-15T19:25:24Z,
60446,E&B Resources,Terraform Arcadia,CA,Kern,35.534584,-119.060029,CISO,Pacific Gas & Electric Co,eia860.zip,,5988a32,2026-09-15T19:25:24Z,
60450,Corcoran,Terraform Arcadia,CA,Kings,36.102307,-119.566516,CISO,Pacific Gas & Electric Co,eia860.zip,,5988a32,2026-09-15T19:25:24Z,CORCORAN
60466,Waterman Turnout Hydroelectric,San Bernardino Valley Mun. Water Dist.,CA,San Bernardino,34.172625,-117.278033,CISO,Southern California Edison Co,eia860.zip,,5988a32,2026-09-15T19:25:24Z,
60474,"Bayshore Solar B, LLC",AES Distributed Energy,CA,Los Angeles,34.678305,-118.302649,CISO,Southern California Edison Co,eia860.zip,,5988a32,2026-09-15T19:25:24Z,ANTELOPE
60475,"Bayshore Solar C, LLC",AES Distributed Energy,CA,Los Angeles,34.681338,-118.314087,CISO,Southern California Edison Co,eia860.zip,,5988a32,2026-09-15T19:25:24Z,ANTELOPE
60481,"Bayshore Solar A, LLC",AES Distributed Energy,CA,Los Angeles,34.667817,-118.298089,CISO,Southern California Edison Co,eia860.zip,,5988a32,2026-09-15T19:25:24Z,ANTELOPE
60485,"Longboat Solar, LLC",Deriva Energy,CA,San Bernardino,34.541,-117.061,CISO,Southern California Edison Co,eia860.zip,,5988a32,2026-09-15T19:25:24Z,
60490,Redwood 4 Solar Farm,54 KR 8me LLC,CA,Kern,35.314198,-118.81192,CISO,Pacific Gas & Electric Co,eia860.zip,,5988a32,2026-09-15T19:25:24Z,
60509,Valley Center,"Heelstone Energy Holdings, LLC",CA,San Diego,33.2503,-117.0226,CISO,San Diego Gas & Electric Co,eia860.zip,,5988a32,2026-09-15T19:25:24Z,
60516,NLP Granger,"Heelstone Energy Holdings, LLC",CA,San Diego,33.2704,-117.0588,CISO,San Diego Gas & Electric Co,eia860.zip,,5988a32,2026-09-15T19:25:24Z,
60558,Solar Blythe 2,NRG Solar Blythe II LLC,CA,Riverside,33.618678,-114.696182,CISO,Southern California Edison Co,eia860.zip,,5988a32,2026-09-15T19:25:24Z,BLYTHE
60565,Borrego Springs Energy Storage,SDGE Batteries,CA,San Diego,33.27011,-116.3496,CISO,San Diego Gas & Electric Co,eia860.zip,,5988a32,2026-09-15T19:25:24Z,
60566,Pala Energy Storage Yard,SDGE Batteries,CA,San Diego,33.35651,-117.113599,CISO,San Diego Gas & Electric Co,eia860.zip,,5988a32,2026-09-15T19:25:24Z,
60567,Ortega Highway Energy Storage,SDGE Batteries,CA,Orange,33.562061,-117.543777,CISO,San Diego Gas & Electric Co,eia860.zip,,5988a32,2026-09-15T19:25:24Z,
60568,Canyon Crest Academy,SDGE Batteries,CA,San Diego,32.95907,-117.191622,CISO,San Diego Gas & Electric Co,eia860.zip,,5988a32,2026-09-15T19:25:24Z,
60569,El Cajon Energy Storage,San Diego Gas & Electric Co,CA,San Diego,32.8115,-117.050546,CISO,San Diego Gas & Electric Co,eia860.zip,,5988a32,2026-09-15T19:25:24Z,
60570,Escondido Energy Storage,San Diego Gas & Electric Co,CA,San Diego,33.124446,-117.114274,CISO,San Diego Gas & Electric Co,eia860.zip,,5988a32,2026-09-15T19:25:24Z,ESCONDIDO
60571,North City - Landfill Gas Engine North,City of San Diego - (CA),CA,San Diego,32.877822,-117.197788,CISO,San Diego Gas & Electric Co,eia860.zip,,5988a32,2026-09-15T19:25:24Z,EASTGATE
60572,White Wing Solar,"Leeward Asset Management, LLC",AZ,Yuma,32.994056,-113.508806,CISO,Arizona Public Service Co,eia860.zip,,5988a32,2026-09-15T19:25:24Z,
60590,"Golden Fields Solar I, LLC",MN8 Energy LLC,CA,Kern,34.839012,-118.386843,CISO,Southern California Edison Co,eia860.zip,,5988a32,2026-09-15T19:25:24Z,
60591,"Solar Star California, XLI, LLC",MN8 Energy LLC,CA,Kern,34.839012,-118.386843,CISO,Southern California Edison Co,eia860.zip,,5988a32,2026-09-15T19:25:24Z,
60594,Voyager Wind I,Terra-Gen Operating Co-Wind,CA,Kern,35.046061,-118.28273,CISO,Southern California Edison Co,eia860.zip,,5988a32,2026-09-15T19:25:24Z,WINDHUB
60641,Henrietta D Energy Storage LLC,Convergent Energy and Power LP,CA,Kings,36.228872,-119.904686,CISO,Pacific Gas & Electric Co,eia860.zip,,5988a32,2026-09-15T19:25:24Z,HENRIETTA
60661,Mira Loma Energy Storage Facility,Southern California Edison Co,CA,San Bernardino,34.006125,-117.560934,CISO,Southern California Edison Co,eia860.zip,,5988a32,2026-09-15T19:25:24Z,
60678,San Joaquin Solar,"GASNA 6P, LLC",CA,Fresno,36.527246,-120.147901,CISO,Pacific Gas & Electric Co,eia860.zip,,5988a32,2026-09-15T19:25:24Z,
60698,Stanton Energy Reliability Center Hybrid,"Wellhead Services, Inc",CA,Orange,33.806801,-117.985758,CISO,Southern California Edison Co,eia860.zip,,5988a32,2026-09-15T19:25:24Z,
60699,DESI-1 Battery Energy Storage Facility,Southern California Edison Co,CA,Orange,33.799248,-117.873371,CISO,Southern California Edison Co,eia860.zip,,5988a32,2026-09-15T19:25:24Z,VILLA PARK
60760,PPA Grand,esVolta LP,CA,Orange,33.691,-117.833,CISO,Southern California Edison Co,eia860.zip,,5988a32,2026-09-15T19:25:24Z,JOHANNA
60777,"American Kings Solar, LLC",MN8 Energy LLC,CA,Kings,36.24,-119.898,CISO,Pacific Gas & Electric Co,eia860.zip,,5988a32,2026-09-15T19:25:24Z,HENRIETTA
60790,"PVN Milliken, LLC","PVN Milliken, LLC",CA,San Bernardino,34.038433,-117.565802,CISO,Southern California Edison Co,eia860.zip,,5988a32,2026-09-15T19:25:24Z,
60791,SunAnza,Arizona Electric Pwr Coop Inc,CA,Riverside,33.555267,-116.639647,CISO,Anza Electric Coop Inc,eia860.zip,,5988a32,2026-09-15T19:25:24Z,
60813,Cloverdale Solar Center,"Adapture Renewables, Inc.",CA,Sonoma,38.769581,-123.020724,CISO,Pacific Gas & Electric Co,eia860.zip,,5988a32,2026-09-15T19:25:24Z,
60826,Neenach Solar Center,"Adapture Renewables, Inc.",CA,Los Angeles,34.812791,-118.60117,CISO,Southern California Edison Co,eia860.zip,,5988a32,2026-09-15T19:25:24Z,
60827,"Sun Streams, LLC",EDP Renewables North America LLC,AZ,Maricopa,33.34884,-112.8348,CISO,Southern California Edison Co,eia860.zip,,5988a32,2026-09-15T19:25:24Z,
60844,Genentech Vacaville Meter #1,Tesla Inc.,CA,Solano,38.390756,-121.94777,CISO,Pacific Gas & Electric Co,eia860.zip,,5988a32,2026-09-15T19:25:24Z,VACA DIXON
60869,"Solar Star California, XLIV, LLC",MN8 Energy LLC,CA,Los Angeles,34.511889,-117.922819,CISO,Southern California Edison Co,eia860.zip,,5988a32,2026-09-15T19:25:24Z,
60918,Verwey-Hanford Dairy Digester #1,AlsoEnergy,CA,Kings,36.18519,-119.681495,CISO,Pacific Gas & Electric Co,eia860.zip,,5988a32,2026-09-15T19:25:24Z,
60947,Jacumba Solar Farm,Invenergy Services LLC,CA,San Diego,32.6212,-116.12896,CISO,San Diego Gas & Electric Co,eia860.zip,,5988a32,2026-09-15T19:25:24Z,
60972,San Jacinto Solar,Ecos Energy LLC,CA,Riverside,33.8346,-117.1309,CISO,Southern California Edison Co,eia860.zip,,5988a32,2026-09-15T19:25:24Z,
60973,Lake Perris Solar,Ecos Energy LLC,CA,Riverside,33.8361,-117.1297,CISO,Southern California Edison Co,eia860.zip,,5988a32,2026-09-15T19:25:24Z,
60975,Whitney Point Solar,"Whitney Point Solar, LLC",CA,Fresno,36.376889,-120.138472,CISO,Pacific Gas &amp; Electric Co,eia860.zip,,5988a32,2026-09-15T19:25:24Z,
60978,CSUF State College,MN8 Energy LLC,CA,Orange,33.87912,-117.8887,CISO,Southern California Edison Co,eia860.zip,,5988a32,2026-09-15T19:25:24Z,
60979,CSUF Nutwood Solar,MN8 Energy LLC,CA,Orange,33.87912,-117.8887,CISO,Southern California Edison Co,eia860.zip,,5988a32,2026-09-15T19:25:24Z,
60981,NextEra Westside PV,"Westside Solar, LLC",CA,Fresno,36.381775,-120.134486,CISO,Pacific Gas &amp; Electric Co,eia860.zip,,5988a32,2026-09-15T19:25:24Z,
60984,Lindberg Field Solar 2,"Lindberg Field Solar 2, LLC",CA,San Diego,32.729444,-117.205083,CISO,San Diego Gas &amp; Electric Co,eia860.zip,,5988a32,2026-09-15T19:25:24Z,POINT LOMA
60988,Loma Rica Hydroelectric Powerhouse,Nevada Irrigation District,CA,Nevada,39.223028,-120.99108,CISO,Pacific Gas & Electric Co,eia860.zip,,5988a32,2026-09-15T19:25:24Z,
60995,Ramona Solar Energy,San Diego Gas & Electric Co,CA,San Diego,33.018486,-116.860713,CISO,San Diego Gas & Electric Co,eia860.zip,,5988a32,2026-09-15T19:25:24Z,CREELMAN
61006,SCDA Solar 1,"SCDA Solar 1, LLC",CA,Sacramento,38.690186,-121.586514,CISO,Sacramento Municipal Util Dist,eia860.zip,,5988a32,2026-09-15T19:25:24Z,
61013,Marin Clean Energy Solar One,AES Distributed Energy,CA,Contra Costa,37.945296,-122.377202,CISO,Pacific Gas &amp; Electric Co,eia860.zip,,5988a32,2026-09-15T19:25:24Z,
61066,Foundation CDCR LAC,"Foundation CA Fund VIII Manager, LLC",CA,Los Angeles,34.691,-118.221,CISO,Southern California Edison Co,eia860.zip,,5988a32,2026-09-15T19:25:24Z,
61067,Foundation Scheid Vineyards,"Foundation CA Fund VIII Manager, LLC",CA,Monterey,36.274508,-121.191589,CISO,Pacific Gas &amp; Electric Co,eia860.zip,,5988a32,2026-09-15T19:25:24Z,
61107,Vanadium Redox Flow Battery Plant,SDGE Batteries,CA,San Diego,32.682506,-116.988781,CISO,San Diego Gas & Electric Co,eia860.zip,,5988a32,2026-09-15T19:25:24Z,MIGUEL
61115,Manteca Land PV,AES Distributed Energy,CA,San Joaquin,37.84013,-121.216191,CISO,Pacific Gas & Electric Co,eia860.zip,,5988a32,2026-09-15T19:25:24Z,
61116,Delano Land 1,AES Distributed Energy,CA,Kern,35.761217,-119.344408,CISO,Pacific Gas & Electric Co,eia860.zip,,5988a32,2026-09-15T19:25:24Z,
61117,Bakersfield PV 1,AES Distributed Energy,CA,Kern,35.324982,-118.981522,CISO,Pacific Gas & Electric Co,eia860.zip,,5988a32,2026-09-15T19:25:24Z,
61118,Bakersfield Industrial PV 1,AES Distributed Energy,CA,Kern,35.330032,-118.993119,CISO,Pacific Gas & Electric Co,eia860.zip,,5988a32,2026-09-15T19:25:24Z,
61153,AT&T Holger,Bloom Energy,CA,Santa Clara,37.417638,-121.94453,CISO,Pacific Gas & Electric Co,eia860.zip,,5988a32,2026-09-15T19:25:24Z,LOS ESTEROS
61154,AT&T Anaheim,Bloom Energy,CA,Orange,33.836439,-117.916893,CISO,City of Anaheim - (CA),eia860.zip,,5988a32,2026-09-15T19:25:24Z,
61167,Aratina Solar Center 1B,91MC 8me LLC,CA,San Bernardino,34.987952,-117.571611,CISO,Southern California Edison Co,eia860.zip,,5988a32,2026-09-15T19:25:24Z,KRAMER
61202,Mount Signal Solar Farm V,"Imperial Valley Solar 3, LLC",CA,Imperial,32.678805,-115.56721,CISO,San Diego Gas & Electric Co,eia860.zip,,5988a32,2026-09-15T19:25:24Z,
61204,"AES ES Alamitos, LLC","AES ES Alamitos, LLC",CA,Los Angeles,33.770202,-118.099665,CISO,Southern California Edison Co,eia860.zip,,5988a32,2026-09-15T19:25:24Z,
61215,Green Beanworks C PV,AES Distributed Energy,CA,Los Angeles,34.597,-117.931,CISO,Southern California Edison Co,eia860.zip,,5988a32,2026-09-15T19:25:24Z,
61216,Green Beanworks D PV,AES Distributed Energy,CA,Los Angeles,34.654976,-118.08215,CISO,Southern California Edison Co,eia860.zip,,5988a32,2026-09-15T19:25:24Z,
61222,Golden Hills North Wind Energy Center,"Golden Hills Interconnection Wind, LLC",CA,Alameda,37.769189,-121.630163,CISO,Pacific Gas & Electric Co,eia860.zip,,5988a32,2026-09-15T19:25:24Z,KELSO
61250,USPS PV,"Altus Power America Management, LLC",CA,Los Angeles,33.977922,-118.2587,CISO,Los Angeles Department of Water & Power,eia860.zip,,5988a32,2026-09-15T19:25:24Z,
61264,Antelope Expansion 2,AES Distributed Energy,CA,Los Angeles,34.744977,-118.309153,CISO,Southern California Edison Co,eia860.zip,,5988a32,2026-09-15T19:25:24Z,
61265,Antelope DSR 3,AES Distributed Energy,CA,Los Angeles,34.736859,-118.304071,CISO,Southern California Edison Co,eia860.zip,,5988a32,2026-09-15T19:25:24Z,
61339,Green Beanworks B PV,AES Distributed Energy,CA,Los Angeles,34.688042,-117.989541,CISO,Southern California Edison Co,eia860.zip,,5988a32,2026-09-15T19:25:24Z,
61353,Mount Signal Solar Farm II,MN8 Energy LLC,CA,Imperial,32.6685,-115.6292,CISO,Southern California Edison Co,eia860.zip,,5988a32,2026-09-15T19:25:24Z,
61365,Fallbrook Energy Storage,San Diego Gas & Electric Co,CA,San Diego,33.384244,-117.235322,CISO,San Diego Gas & Electric Co,eia860.zip,,5988a32,2026-09-15T19:25:24Z,AVOCADO
61366,Top Gun Energy Storage,San Diego Gas & Electric Co,CA,San Diego,32.876198,-117.167791,CISO,San Diego Gas & Electric Co,eia860.zip,,5988a32,2026-09-15T19:25:24Z,EASTGATE
61390,"Pomerado Energy Storage, LLC","Enel Green Power NA, Inc.",CA,San Diego,32.94,-117.04,CISO,San Diego Gas & Electric Co,eia860.zip,,5988a32,2026-09-15T19:25:24Z,SYCAMORE CANYON
61419,One Ten Partners PV,"One Ten Partners, LLC",CA,Los Angeles,34.615622,-117.936594,CISO,Southern California Edison Co,eia860.zip,,5988a32,2026-09-15T19:25:24Z,
61420,Merced 1 PV,ZGlobal Inc,CA,Merced,36.989475,-120.878081,CISO,Pacific Gas & Electric Co,eia860.zip,,5988a32,2026-09-15T19:25:24Z,
61421,Madera 1 PV,ZGlobal Inc,CA,Madera,37.056468,-120.167021,CISO,Pacific Gas & Electric Co,eia860.zip,,5988a32,2026-09-15T19:25:24Z,
61442,Foundation California Training Facility,"Foundation CA Fund IX Manager, LLC",CA,Monterey,36.464,-121.382,CISO,Pacific Gas & Electric Co,eia860.zip,,5988a32,2026-09-15T19:25:24Z,
61443,Foundation Mann Packing,"Foundation CA Fund IX Manager, LLC",CA,Monterey,36.504,-121.454,CISO,Pacific Gas & Electric Co,eia860.zip,,5988a32,2026-09-15T19:25:24Z,
61444,Foundation SaIinas Valley State Prison,"Foundation CA Fund IX Manager, LLC",CA,Monterey,36.474,-121.371,CISO,Pacific Gas & Electric Co,eia860.zip,,5988a32,2026-09-15T19:25:24Z,
61445,Gaskell West 1 Solar Facility,Southern Power Co,CA,Kern,34.832786,-118.563578,CISO,Southern California Edison Co,eia860.zip,,5988a32,2026-09-15T19:25:24Z,
61446,RE Gaskell West 2 LLC,RE Gaskell West LLC,CA,Kern,34.834944,-118.551181,CISO,Southern California Edison Co,eia860.zip,,5988a32,2026-09-15T19:25:24Z,
61447,RE Gaskell West 3 LLC,RE Gaskell West LLC,CA,Kern,34.834944,-118.551181,CISO,Southern California Edison Co,eia860.zip,,5988a32,2026-09-15T19:25:24Z,
61448,RE Gaskell West 4 LLC,RE Gaskell West LLC,CA,Kern,34.827873,-118.568178,CISO,Southern California Edison Co,eia860.zip,,5988a32,2026-09-15T19:25:24Z,
61449,RE Gaskell West 5 LLC,RE Gaskell West LLC,CA,Kern,34.834944,-118.551181,CISO,Southern California Edison Co,eia860.zip,,5988a32,2026-09-15T19:25:24Z,
61463,Vandenberg Solar Project,MN8 Energy LLC,CA,Santa Barbara,34.749708,-120.509982,CISO,Pacific Gas & Electric Co.,eia860.zip,,5988a32,2026-09-15T19:25:24Z,
61464,"CoreSite Real Estate 2972 Stender, L.P.","CoreSite Real Estate 2972 Stender, L.P.",CA,Santa Clara,37.376248,-121.970706,CISO,Pacific Gas & Electric Co.,eia860.zip,,5988a32,2026-09-15T19:25:24Z,TRIMBLE
61474,CoreSite Real Estate 55 S. Market Street,"CoreSite Real Estate 55 S. Market Street, LLC",CA,Santa Clara,37.334151,-121.891622,CISO,Pacific Gas & Electric Co.,eia860.zip,,5988a32,2026-09-15T19:25:24Z,FMC
61475,"CoreSite Real Estate 1656 McCarthy, L.P.","CoreSite Real Estate 1656 McCarthy, L.P.",CA,Santa Clara,37.405727,-121.916248,CISO,Pacific Gas & Electric Co.,eia860.zip,,5988a32,2026-09-15T19:25:24Z,MILPITAS
61476,"CoreSite Real Estate 2901 Coronado, L.P.","CoreSite Real Estate 2901 Coronado, L.P.",CA,Santa Clara,37.375089,-121.971728,CISO,Pacific Gas & Electric Co.,eia860.zip,,5988a32,2026-09-15T19:25:24Z,TRIMBLE
61482,"CoreSite Real Estate 3032 Coronado, L.P.","CoreSite Real Estate 3032 Coronado, L.P.",CA,Santa Clara,37.376181,-121.973097,CISO,Pacific Gas & Electric Co.,eia860.zip,,5988a32,2026-09-15T19:25:24Z,TRIMBLE
61501,ABEC #2 dba West-Star Dairy,ABEC #2 LLC,CA,Kern,35.472113,-119.432866,CISO,Pacific Gas & Electric Co.,eia860.zip,,5988a32,2026-09-15T19:25:24Z,
61502,ABEC #3 dba Lakeview Dairy,ABEC #3 LLC,CA,Kern,35.21426,-119.202974,CISO,Pacific Gas & Electric Co.,eia860.zip,,5988a32,2026-09-15T19:25:24Z,
61503,ABEC #4 dba CE&S Dairy,ABEC #4 LLC,CA,Kern,35.17306,-119.116384,CISO,Pacific Gas & Electric Co.,eia860.zip,,5988a32,2026-09-15T19:25:24Z,
61582,Voyager Wind II,Terra-Gen Operating Co-Wind,CA,Kern,35.073377,-118.268616,CISO,Southern California Edison Co,eia860.zip,,5988a32,2026-09-15T19:25:24Z,WINDHUB
61583,Voyager Wind III,Terra-Gen Operating Co-Wind,CA,Kern,35.060768,-118.264734,CISO,Southern California Edison Co,eia860.zip,,5988a32,2026-09-15T19:25:24Z,WINDHUB
61584,Voyager Wind IV,Terra-Gen Operating Co-Wind,CA,Kern,35.077872,-118.2497,CISO,Southern California Edison Co,eia860.zip,,5988a32,2026-09-15T19:25:24Z,
61607,Stenner Creek Solar,Stenner Creek Solar LLC,CA,San Luis Obispo,35.32,-120.691,CISO,Pacific Gas & Electric Co.,eia860.zip,,5988a32,2026-09-15T19:25:24Z,MUSTANG
61619,CDCR (CA) - Solano State Prison,"SunE Solano SP Owner, LLC",CA,Solano,38.32272,-121.97062,CISO,Pacific Gas & Electric Co.,eia860.zip,,5988a32,2026-09-15T19:25:24Z,
61620,CDCR (CA) - Corcoran State Prison,"SunE Corcoran SP Owner, LLC",CA,Kings,36.06502,-119.55756,CISO,Pacific Gas & Electric Co.,eia860.zip,,5988a32,2026-09-15T19:25:24Z,CORCORAN
61621,CDCR (CA) - Wasco State Prison,"SunE Wasco SP Owner, LLC",CA,Kern,35.60053,-119.40366,CISO,Pacific Gas & Electric Co.,eia860.zip,,5988a32,2026-09-15T19:25:24Z,SEMITROPIC
61628,Kilroy Solar,Nautilus Solar Solutions,CA,San Diego,32.936137,-117.234157,CISO,San Diego Gas &amp; Electric Co,eia860.zip,,5988a32,2026-09-15T19:25:24Z,
61661,Vista Energy Storage System ,"Vista Energy Storage, LLC",CA,San Diego,33.203977,-117.253852,CISO,San Diego Gas & Electric Co,eia860.zip,,5988a32,2026-09-15T19:25:24Z,
61721,Baldwin (CA),Electrodes,CA,Orange,33.669266,-117.646846,CISO,Southern California Edison Co,eia860.zip,,5988a32,2026-09-15T19:25:24Z,VIEJO
61722,HEBT Irvine 1,Electrodes,CA,Orange,33.713489,-117.852086,CISO,Southern California Edison Co,eia860.zip,,5988a32,2026-09-15T19:25:24Z,JOHANNA
61723,HEBT Irvine 2,Electrodes,CA,Orange,33.665246,-117.768222,CISO,Southern California Edison Co,eia860.zip,,5988a32,2026-09-15T19:25:24Z,
61750,Wistaria Ranch Solar,RWE Clean Energy,CA,Imperial,32.676,-115.619,CISO,San Diego Gas & Electric Co,eia860.zip,,5988a32,2026-09-15T19:25:24Z,
61754,SunSelect1,SunSelect Produce (California) Inc,CA,Kern,35.096709,-118.602184,CISO,Southern California Edison Co,eia860.zip,,5988a32,2026-09-15T19:25:24Z,
61791,Stage Gulch Solar,"Stage Gulch Solar, LLC",CA,Sonoma,38.216841,-122.542866,CISO,Pacific Gas &amp; Electric Co,eia860.zip,,5988a32,2026-09-15T19:25:24Z,
61792,Lavio Solar,"Lavio Solar, LLC",CA,Sonoma,38.194599,-122.663388,CISO,Pacific Gas &amp; Electric Co,eia860.zip,,5988a32,2026-09-15T19:25:24Z,
61795,Pacific Union College BESS,ENGIE Storage Services NA LLC,CA,Napa,38.570028,-122.444028,CISO,Pacific Gas &amp; Electric Co,eia860.zip,,5988a32,2026-09-15T19:25:24Z,
61801,"Cascade Energy Storage, LLC",Engie North America,CA,San Joaquin,37.920124,-121.239242,CISO,Pacific Gas & Electric Co.,eia860.zip,,5988a32,2026-09-15T19:25:24Z,
61802,"Kingston Energy Storage, LLC","Enel Green Power NA, Inc.",CA,Madera,36.92157,-119.987066,CISO,Pacific Gas & Electric Co.,eia860.zip,,5988a32,2026-09-15T19:25:24Z,
61803,"Sierra Energy Storage, LLC",Engie North America,CA,Tuolumne,37.8744,-120.477381,CISO,Pacific Gas & Electric Co.,eia860.zip,,5988a32,2026-09-15T19:25:24Z,
61824,RPUWD Scheuer Well Solar Project,MN8 Energy LLC,CA,San Bernardino,34.11193,-117.27326,CISO,Southern California Edison Co,eia860.zip,,5988a32,2026-09-15T19:25:24Z,SAN BERNARDINO
61834,Soboba Community Solar Project,Soboba Band of Luiseno Indians,CA,Riverside,33.767061,-116.905874,CISO,Southern California Edison Co,eia860.zip,,5988a32,2026-09-15T19:25:24Z,
61843,SeaWorld Aquatica,Onyx Asset Services Group,CA,San Diego,32.586536,-117.004884,CISO,San Diego Gas & Electric Co,eia860.zip,,5988a32,2026-09-15T19:25:24Z,
61846,Tulare BioMAT Fuel Cell,"Central CA Fuel Cell 2, LLC",CA,Tulare,36.187138,-119.375097,CISO,Southern California Edison Co,eia860.zip,,5988a32,2026-09-15T19:25:24Z,
61894,National Raisin,National Raisin,CA,Fresno,36.624512,-119.673088,CISO,Pacific Gas & Electric Co.,eia860.zip,,5988a32,2026-09-15T19:25:24Z,MCCALL
61989,Pacific Ethanol Madera Solar Array,"Seaboard Energy California, LLC",CA,Madera,36.916111,-119.97138,CISO,Pacific Gas & Electric Co.,eia860.zip,,5988a32,2026-09-15T19:25:24Z,
61993,Gavilan Community College Solar Project,Gavilan District College Solar Project,CA,Santa Clara,37.003832,-121.593567,CISO,Pacific Gas & Electric Co.,eia860.zip,,5988a32,2026-09-15T19:25:24Z,LLAGAS
61995,UC Merced Solar Hybrid,MN8 Energy LLC,CA,Merced,37.365688,-120.432228,CISO,Pacific Gas & Electric Co.,eia860.zip,,5988a32,2026-09-15T19:25:24Z,
62004,San Pablo Raceway,AES Distributed Energy,CA,Los Angeles,34.723748,-118.280345,CISO,Southern California Edison Co,eia860.zip,,5988a32,2026-09-15T19:25:24Z,ANTELOPE
62015,Mustang Two,RE Mustang Two LLC,CA,Kings,36.216806,-119.896389,CISO,Pacific Gas & Electric Co.,eia860.zip,,5988a32,2026-09-15T19:25:24Z,HENRIETTA
62016,UC Riverside Lots 30 & 32,MN8 Energy LLC,CA,Riverside,33.97036,-117.33099,CISO,City of Riverside - (CA),eia860.zip,,5988a32,2026-09-15T19:25:24Z,
62020,Stanford Campus Solar,MN8 Energy LLC,CA,Santa Clara,37.43434,-122.16077,CISO,Pacific Gas & Electric Co.,eia860.zip,,5988a32,2026-09-15T19:25:24Z,
62028,CSU Long Beach Lots 7 & 14,MN8 Energy LLC,CA,Los Angeles,33.78104,-118.11357,CISO,Southern California Edison Co,eia860.zip,,5988a32,2026-09-15T19:25:24Z,
62039,Santa Rosa Junior College Petaluma Solar,Sonoma County Junior College District,CA,Sonoma,38.46905,-122.72188,CISO,Pacific Gas & Electric Co.,eia860.zip,,5988a32,2026-09-15T19:25:24Z,FULTON
62056,Lancaster,"Clean Focus Yield, LLC",CA,Los Angeles,34.743383,-117.972222,CISO,Southern California Edison Co,eia860.zip,,5988a32,2026-09-15T19:25:24Z,
62113,Strauss Wind Farm,Strauss Wind LLC,CA,Santa Barbara,34.579835,-120.56428,CISO,Pacific Gas & Electric Co.,eia860.zip,,5988a32,2026-09-15T19:25:24Z,
62115,AES Alamitos Energy Center,"AES Alamitos Energy, LLC",CA,Los Angeles,33.767229,-118.100194,CISO,Southern California Edison Co,eia860.zip,,5988a32,2026-09-15T19:25:24Z,
62116,AES Huntington Beach Energy Project,"AES Huntington Beach Energy, LLC",CA,Orange,33.645618,-117.979372,CISO,Southern California Edison Co,eia860.zip,,5988a32,2026-09-15T19:25:24Z,
62150,Chaffey College Rancho Cucamonga Campus,Chaffey Community College District,CA,San Bernardino,34.148139,-117.570404,CISO,Southern California Edison Co,eia860.zip,,5988a32,2026-09-15T19:25:24Z,
62175,Diablo Energy Storage,"Diablo Energy Storage, LLC",CA,Contra Costa,38.028792,-121.900596,CISO,Pacific Gas & Electric Co.,eia860.zip,,5988a32,2026-09-15T19:25:24Z,PITTSBURG
62176,Berry NMW Cogens,Berry Petroleum Co,CA,Kern,35.307555,-119.611551,CISO,Pacific Gas & Electric Co.,eia860.zip,,5988a32,2026-09-15T19:25:24Z,
62177,"Desert Harvest, LLC","Desert Harvest, LLC",CA,Riverside,33.8,-115.38,CISO,Southern California Edison Co,eia860.zip,,5988a32,2026-09-15T19:25:24Z,
62178,"Maverick Solar, LLC","Maverick Solar, LLC",CA,Riverside,33.7,-115.38,CISO,Southern California Edison Co,eia860.zip,,5988a32,2026-09-15T19:25:24Z,
62242,County of San Diego SBRC,MN8 Energy LLC,CA,San Diego,32.63266,-117.07775,CISO,San Diego Gas & Electric Co,eia860.zip,,5988a32,2026-09-15T19:25:24Z,BAY BOULEVARD
62246,Target Woodland Solar Project,MN8 Energy LLC,CA,Yolo,38.682746,-121.723451,CISO,Pacific Gas & Electric Co.,eia860.zip,,5988a32,2026-09-15T19:25:24Z,
62274,Liberty HS Solar Project,MN8 Energy LLC,CA,Kern,35.364408,-119.127496,CISO,Pacific Gas & Electric Co.,eia860.zip,,5988a32,2026-09-15T19:25:24Z,
62275,Frontier HS Solar Project,MN8 Energy LLC,CA,Kern,35.41824,-119.14888,CISO,Pacific Gas & Electric Co.,eia860.zip,,5988a32,2026-09-15T19:25:24Z,
62288,"Valentine Solar, LLC","EDF Renewable Asset Holdings, Inc.",CA,Kern,34.90422,-118.384341,CISO,Southern California Edison Co,eia860.zip,,5988a32,2026-09-15T19:25:24Z,
62320,Antelope Expansion 1B,AES Distributed Energy,CA,Los Angeles,34.71611,-118.259161,CISO,Southern California Edison Co,eia860.zip,,5988a32,2026-09-15T19:25:24Z,ANTELOPE
62418,Verwey-Hanford Dairy Digester #2,Hanford Renewable Energy LLC,CA,Kings,36.18519,-119.681495,CISO,Pacific Gas & Electric Co.,eia860.zip,,5988a32,2026-09-15T19:25:24Z,
62419,Verwey-Hanford Dairy Digester #3,Hanford Renewable Energy LLC,CA,Kings,36.18519,-119.681495,CISO,Pacific Gas & Electric Co.,eia860.zip,,5988a32,2026-09-15T19:25:24Z,
62441,Kearny Mesa Storage LLC,Kearny Mesa Storage LLC,CA,San Diego,32.815256,-117.126079,CISO,San Diego Gas & Electric Co,eia860.zip,,5988a32,2026-09-15T19:25:24Z,KEARNY
62458,Ratkovich Alhambra,Bloom Energy,CA,Los Angeles,34.08145,-118.15191,CISO,Southern California Edison Co,eia860.zip,,5988a32,2026-09-15T19:25:24Z,
62459,Micro Santa Clara,Bloom Energy,CA,Santa Clara,37.378422,-121.899969,CISO,Pacific Gas & Electric Co,eia860.zip,,5988a32,2026-09-15T19:25:24Z,TRIMBLE
62460,DESI-2 Battery Storage Facility,Southern California Edison Co,CA,Orange,33.7357,-117.915286,CISO,Southern California Edison Co,eia860.zip,,5988a32,2026-09-15T19:25:24Z,CAMDEN
62463,Little Bear 3,"Little Bear Solar 3, LLC (Longroad)",CA,Fresno,36.716,-120.415,CISO,Pacific Gas & Electric Co,eia860.zip,,5988a32,2026-09-15T19:25:24Z,
62464,Little Bear 4,"Little Bear Solar 4, LLC (Longroad)",CA,Fresno,36.716,-120.415,CISO,Pacific Gas & Electric Co,eia860.zip,,5988a32,2026-09-15T19:25:24Z,
62465,Little Bear 5,"Little Bear Solar 5, LLC (Longroad)",CA,Fresno,36.716,-120.415,CISO,Pacific Gas & Electric Co,eia860.zip,,5988a32,2026-09-15T19:25:24Z,
62497,Orange County Energy Storage 2,Convergent Energy and Power LP,CA,Orange,33.715536,-117.854314,CISO,Southern California Edison Co,eia860.zip,,5988a32,2026-09-15T19:25:24Z,JOHANNA
62499,Orange County Energy Storage 3,Convergent Energy and Power LP,CA,Orange,33.714896,-117.85431,CISO,Southern California Edison Co,eia860.zip,,5988a32,2026-09-15T19:25:24Z,JOHANNA
62515,Hybrid Holdings 1 Capistrano,Electrodes,CA,Orange,33.511644,-117.661225,CISO,San Diego Gas & Electric Co,eia860.zip,,5988a32,2026-09-15T19:25:24Z,
62546,Almond,Westlands Almond LLC,CA,Kings,36.21222,-119.91,CISO,Pacific Gas & Electric Co.,eia860.zip,,5988a32,2026-09-15T19:25:24Z,HENRIETTA
62547,Aquamarine,Aqua,CA,Kings,36.189722,-119.904166,CISO,Pacific Gas & Electric Co.,eia860.zip,,5988a32,2026-09-15T19:25:24Z,
62564,Elkhorn Battery Energy Storage System,Pacific Gas & Electric Co.,CA,Monterey,36.808039,-121.781788,CISO,Pacific Gas & Electric Co.,eia860.zip,,5988a32,2026-09-15T19:25:24Z,MOSS LANDING
62573,ATT Kelvin,Bloom Energy,CA,Orange,33.684675,-117.836821,CISO,Southern California Edison Co,eia860.zip,,5988a32,2026-09-15T19:25:24Z,JOHANNA
62575,FLEX Gibraltar,Bloom Energy,CA,Santa Clara,37.417288,-121.894109,CISO,Pacific Gas & Electric Co.,eia860.zip,,5988a32,2026-09-15T19:25:24Z,MILPITAS
62578,Preferred Freezer San Leandro,Pacific Gas & Electric Co.,CA,Alameda,37.711995,-122.150665,CISO,Pacific Gas & Electric Co.,eia860.zip,,5988a32,2026-09-15T19:25:24Z,
62611,PFMG Solar Grossmont Helix LLC,"Altus Power America Management, LLC",CA,San Diego,32.753281,-117.035241,CISO,San Diego Gas & Electric Co,eia860.zip,,5988a32,2026-09-15T19:25:24Z,SPRING VALLEY
62649,SFDK Solar,AES Distributed Energy,CA,Solano,38.132245,-122.231965,CISO,Pacific Gas & Electric Co.,eia860.zip,,5988a32,2026-09-15T19:25:24Z,
62654,Foundation Dole Fresh Vegetables,Foundation CA Fund X Manager LLC,CA,Monterey,36.459294,-121.350083,CISO,Pacific Gas & Electric Co.,eia860.zip,,5988a32,2026-09-15T19:25:24Z,SOLEDAD
62655,HL Solar (Lassen),Madison Energy Investments LLC,CA,Lassen,40.373,-120.262,CISO,Lassen Municipal Utility District,eia860.zip,,5988a32,2026-09-15T19:25:24Z,HONEY LAKE
62671,Equinix Caspian Dr. Fuel Cell,"2016 ESA Project Company, LLC",CA,Santa Clara,37.415092,-122.05211,CISO,Pacific Gas & Electric Co.,eia860.zip,,5988a32,2026-09-15T19:25:24Z,
62673,Antelope Expansion 3A,AES Distributed Energy,CA,Los Angeles,34.728902,-118.322051,CISO,Southern California Edison Co,eia860.zip,,5988a32,2026-09-15T19:25:24Z,
62674,Antelope Expansion 3B,AES Distributed Energy,CA,Los Angeles,34.720162,-118.322532,CISO,Southern California Edison Co,eia860.zip,,5988a32,2026-09-15T19:25:24Z,ANTELOPE
62687,American Canyon Solar,"RP Napa Solar 1, LLC",CA,Napa,38.160858,-122.214014,CISO,Pacific Gas & Electric Co.,eia860.zip,,5988a32,2026-09-15T19:25:24Z,
62688,Malech Solar Farm,County of Santa Clara - (CA),CA,Santa Clara,37.228736,-121.738616,CISO,Pacific Gas & Electric Co.,eia860.zip,,5988a32,2026-09-15T19:25:24Z,METCALF
62689,Hellyer Solar Farm,County of Santa Clara - (CA),CA,Santa Clara,37.286958,-121.81508,CISO,Pacific Gas & Electric Co.,eia860.zip,,5988a32,2026-09-15T19:25:24Z,EVERGREEN
62690,Guadalupe Solar Farm,County of Santa Clara - (CA),CA,Santa Clara,37.269039,-121.861079,CISO,Pacific Gas & Electric Co.,eia860.zip,,5988a32,2026-09-15T19:25:24Z,EVERGREEN
62697,Mission College Blvd. Fuel Cell,"2016 ESA Project Company, LLC",CA,Santa Clara,37.38633,-121.96238,CISO,Pacific Gas & Electric Co.,eia860.zip,,5988a32,2026-09-15T19:25:24Z,TRIMBLE
62698,Kaiser East La Palma Ave. Fuel Cell,"2016 ESA Project Company, LLC",CA,Orange,33.85098,-117.84531,CISO,City of Anaheim - (CA),eia860.zip,,5988a32,2026-09-15T19:25:24Z,VILLA PARK
62699,Kaiser Deer Valley Rd. Fuel Cell,"2016 ESA Project Company, LLC",CA,Contra Costa,37.95169,-121.77182,CISO,Pacific Gas & Electric Co.,eia860.zip,,5988a32,2026-09-15T19:25:24Z,
62700,Kaiser Owens Dr. Fuel Cell,"2016 ESA Project Company, LLC",CA,Alameda,37.69923,-121.89419,CISO,Pacific Gas & Electric Co.,eia860.zip,,5988a32,2026-09-15T19:25:24Z,
62701,Kaiser Napa Valley Corporate Dr Fuel Cel,"2016 ESA Project Company, LLC",CA,Napa,38.25477,-122.27305,CISO,Pacific Gas & Electric Co.,eia860.zip,,5988a32,2026-09-15T19:25:24Z,TULUCAY
62702,Equinix Great Oaks Blvd. Fuel Cell,"2016 ESA Project Company, LLC",CA,Santa Clara,37.24097,-121.78259,CISO,Pacific Gas & Electric Co.,eia860.zip,,5988a32,2026-09-15T19:25:24Z,SANTA TERESA
62703,Equinix Lundy Ave. Fuel Cell,"2016 ESA Project Company, LLC",CA,Santa Clara,37.38846,-121.88896,CISO,Pacific Gas & Electric Co.,eia860.zip,,5988a32,2026-09-15T19:25:24Z,MILPITAS
62704,Equinix Douglas St. Fuel Cell,"2016 ESA Project Company, LLC",CA,Los Angeles,33.9212,-118.38453,CISO,Southern California Edison Co,eia860.zip,,5988a32,2026-09-15T19:25:24Z,
62705,Equinix Maple Ave. Fuel Cell,"2016 ESA Project Company, LLC",CA,Los Angeles,33.92542,-118.39463,CISO,Southern California Edison Co,eia860.zip,,5988a32,2026-09-15T19:25:24Z,
62729,Painter Energy Storage,"Painter Energy Storage, LLC",CA,Santa Barbara,34.41,-119.515,CISO,Southern California Edison Co,eia860.zip,,5988a32,2026-09-15T19:25:24Z,
62732,"Solar Star Palo Alto I, LLC","DG 1 Acquisition Co., LLC",CA,Santa Clara,37.411011,-122.148864,CISO,City of Palo Alto - (CA),eia860.zip,,5988a32,2026-09-15T19:25:24Z,
62754,San Diego International Airport BESS,"Critical Loop, Inc.",CA,San Diego,32.7338,-117.1933,CISO,San Diego Gas & Electric Co,eia860.zip,,5988a32,2026-09-15T19:25:24Z,POINT LOMA
62801,Vallecito,"Viridity Energy Solutions, Inc.",CA,Santa Barbara,34.407086,-119.511547,CISO,Southern California Edison Co,eia860.zip,,5988a32,2026-09-15T19:25:24Z,
62806,Shelter Creek Condominiums Solar,"Vista Solar, Inc.",CA,San Mateo,37.61909,-122.4289,CISO,Pacific Gas & Electric Co.,eia860.zip,,5988a32,2026-09-15T19:25:24Z,MILLBRAE
62874,Acorn I Energy Storage LLC,Acorn I Energy Storage LLC,CA,Ventura,34.196505,-118.931898,CISO,Southern California Edison Co,eia860.zip,,5988a32,2026-09-15T19:25:24Z,
62875,Wildcat I Energy Storage LLC,Wildcat I Energy Storage LLC,CA,Riverside,33.807988,-116.489835,CISO,Southern California Edison Co,eia860.zip,,5988a32,2026-09-15T19:25:24Z,
62889,Hecate Energy Johanna Facility,Hecate Energy Johanna Facility LLC,CA,Orange,33.714672,-117.853061,CISO,Southern California Edison Co,eia860.zip,,5988a32,2026-09-15T19:25:24Z,JOHANNA
62892,EDPR CA Solar Park VI LLC (CA) Hybrid,EDPR CA Solar Park VI LLC,CA,Fresno,36.62543,-120.378926,CISO,Pacific Gas & Electric Co.,eia860.zip,,5988a32,2026-09-15T19:25:24Z,
62902,Windsor Floating Solar,CA ODEVI LLC,CA,Sonoma,38.53917,-122.81508,CISO,Pacific Gas & Electric Co.,eia860.zip,,5988a32,2026-09-15T19:25:24Z,
62987,Grossmont HS Solar Project,MN8 Energy LLC,CA,San Diego,32.816542,-116.999589,CISO,San Diego Gas & Electric Co,eia860.zip,,5988a32,2026-09-15T19:25:24Z,EL CAJON
63021,SCCCD - Clovis Community College,"Forefront Power, LLC",CA,Fresno,36.885463,-119.731899,CISO,Pacific Gas & Electric Co.,eia860.zip,,5988a32,2026-09-15T19:25:24Z,
63054,CalCity Solar 1,"CalCity Solar 1, LLC",CA,Kern,35.141374,-117.965748,CISO,Southern California Edison Co,eia860.zip,,5988a32,2026-09-15T19:25:24Z,
63068,SCCCD - Fresno Community College,"Forefront Power, LLC",CA,Fresno,36.76655,-119.79858,CISO,Pacific Gas & Electric Co.,eia860.zip,,5988a32,2026-09-15T19:25:24Z,
63074,Reedley Community College Solar,"Forefront Power, LLC",CA,Fresno,36.60563,-119.4577,CISO,Pacific Gas & Electric Co.,eia860.zip,,5988a32,2026-09-15T19:25:24Z,
63078,Eagle Creek,ZGlobal Inc,CA,Kern,35.214023,-119.39522,CISO,Pacific Gas & Electric Co.,eia860.zip,,5988a32,2026-09-15T19:25:24Z,
63088,Rooney Ranch,Viracocha Wind LLC,CA,Alameda,37.737366,-121.652107,CISO,Pacific Gas & Electric Co.,eia860.zip,,5988a32,2026-09-15T19:25:24Z,
63094,Santa Barbara ReSource Center,County of Santa Barbara - (CA),CA,Santa Barbara,34.482175,-120.123485,CISO,Southern California Edison Co,eia860.zip,,5988a32,2026-09-15T19:25:24Z,
63126,Sand Hill A,Viracocha Wind LLC,CA,Alameda,37.743809,-121.607766,CISO,Pacific Gas & Electric Co.,eia860.zip,,5988a32,2026-09-15T19:25:24Z,
63127,Drew Solar LLC,Drew Solar LLC,CA,Imperial,32.687195,-115.665593,CISO,San Diego Gas & Electric Co,eia860.zip,,5988a32,2026-09-15T19:25:24Z,
63189,Bio-Rad,"Vista Solar, Inc.",CA,Contra Costa,38.022486,-122.273663,CISO,Pacific Gas & Electric Co.,eia860.zip,,5988a32,2026-09-15T19:25:24Z,
63204,Corcoran Irrigation District,Madison Energy Investments LLC,CA,Kings,36.140764,-119.566896,CISO,Pacific Gas & Electric Co.,eia860.zip,,5988a32,2026-09-15T19:25:24Z,WAUKENA
63300,Athos Solar Project,"SE Athos I, LLC",CA,Riverside,33.751283,-115.35499,CISO,Southern California Edison Co,eia860.zip,,5988a32,2026-09-15T19:25:24Z,
63303,Alticor Inc - Solar Project,MN8 Energy LLC,CA,Orange,33.878585,-117.99608,CISO,Southern California Edison Co,eia860.zip,,5988a32,2026-09-15T19:25:24Z,
63325,Yorktown Battery Energy Storage Facility,Southern California Edison Co,CA,Los Angeles,34.00467,-118.068418,CISO,Southern California Edison Co,eia860.zip,,5988a32,2026-09-15T19:25:24Z,
63326,Cadillac Battery Energy Storage Facility,Southern California Edison Co,CA,Los Angeles,34.00469,-118.068407,CISO,Southern California Edison Co,eia860.zip,,5988a32,2026-09-15T19:25:24Z,
63361,Medline Ind. Phase 2 Tracy,Powerflex,CA,San Joaquin,37.734761,-121.508945,CISO,Pacific Gas & Electric Co.,eia860.zip,,5988a32,2026-09-15T19:25:24Z,SCHULTE
63363,Niagara Bottling Stockton,ClearGen LLC,CA,San Joaquin,37.894817,-121.24891,CISO,Pacific Gas & Electric Co.,eia860.zip,,5988a32,2026-09-15T19:25:24Z,
63376,Phelan Pinon Hills CSD Solar,Phelan Pinon Hills Community Services District,CA,San Bernardino,34.57654,-117.58281,CISO,Southern California Edison Co,eia860.zip,,5988a32,2026-09-15T19:25:24Z,
63385,SCV Water - Gladbach Water Treatment Plant Phases I and II,SCV Water,CA,Los Angeles,34.433332,-118.510837,CISO,Southern California Edison Co,eia860.zip,,5988a32,2026-09-15T19:25:24Z,
63414,IOS II-LAX9,Madison Energy Holdings LLC,CA,San Bernardino,34.09,-117.45,CISO,Southern California Edison Co,eia860.zip,,5988a32,2026-09-15T19:25:24Z,
63416,Sierra Pacific Industries (2042-RD),Sierra Pacific Industries,CA,Tehama,40.121389,-122.191944,CISO,Pacific Gas & Electric Co.,eia860.zip,,5988a32,2026-09-15T19:25:24Z,
63418,DGS Wasco State Prison,"Forefront Power, LLC",CA,Kern,35.593903,-119.407215,CISO,Pacific Gas & Electric Co.,eia860.zip,,5988a32,2026-09-15T19:25:24Z,SEMITROPIC
63419,DGS Central California Womens Facility,"Forefront Power, LLC",CA,Madera,37.089701,-120.149966,CISO,Pacific Gas & Electric Co.,eia860.zip,,5988a32,2026-09-15T19:25:24Z,
63420,Fresno Bullard High School Hybrid,"Forefront Power, LLC",CA,Fresno,36.818646,-119.810408,CISO,Pacific Gas & Electric Co.,eia860.zip,,5988a32,2026-09-15T19:25:24Z,
63421,Fresno Hoover High School Hybrid,"Forefront Power, LLC",CA,Fresno,36.817816,-119.770709,CISO,Pacific Gas & Electric Co.,eia860.zip,,5988a32,2026-09-15T19:25:24Z,
63422,Fresno Sunnyside High School Hybrid,"Forefront Power, LLC",CA,Fresno,36.734014,-119.717809,CISO,Pacific Gas & Electric Co.,eia860.zip,,5988a32,2026-09-15T19:25:24Z,
63439,"Central CA Fuel Cell 1, LLC",Cordia,CA,Tulare,36.18347,-119.374348,CISO,Southern California Edison Co,eia860.zip,,5988a32,2026-09-15T19:25:24Z,
63440,Sun Streams 2,"Sun Streams 2, LLC",AZ,Maricopa,33.320406,-112.816771,CISO,Salt River Project,eia860.zip,,5988a32,2026-09-15T19:25:24Z,
63455,RE-VFO LLC,RE-VFO LLC,CA,Tulare,36.353675,-119.400823,CISO,Southern California Edison Co,eia860.zip,,5988a32,2026-09-15T19:25:24Z,
63482,Point Wind,Terra-Gen Operating Co-Wind,CA,Kern,35.080833,-118.361389,CISO,Southern California Edison Co,eia860.zip,,5988a32,2026-09-15T19:25:24Z,
63486,D'Arrigo Brothers - Phase 4,CalCom Energy,CA,Monterey,36.616,-121.636,CISO,Pacific Gas & Electric Co.,eia860.zip,,5988a32,2026-09-15T19:25:24Z,
63490,CD4,CD4,CA,Mono,37.646053,-118.915794,CISO,Southern California Edison Co,eia860.zip,,5988a32,2026-09-15T19:25:24Z,
63493,PSREC/SIAD Solar,Plumas Sierra Rural Electric Coop,CA,Lassen,40.15006,-120.123352,CISO,Plumas-Sierra Rural Elec Coop,eia860.zip,,5988a32,2026-09-15T19:25:24Z,
63508,Camino Solar Hybrid,Avangrid Power LLC,CA,Kern,34.93031,-118.443211,CISO,Southern California Edison Co,eia860.zip,,5988a32,2026-09-15T19:25:24Z,
63510,Walnut Unified School District Walnut HS,Tesla Inc.,CA,Los Angeles,34.02188,-117.85051,CISO,Southern California Edison Co,eia860.zip,,5988a32,2026-09-15T19:25:24Z,
63514,Moonlight Packing - Phase 2,CalCom Energy,CA,Fresno,36.585794,-119.469986,CISO,Pacific Gas & Electric Co.,eia860.zip,,5988a32,2026-09-15T19:25:24Z,
63516,California City,MN8 Energy LLC,CA,Kern,35.157,-117.981,CISO,Southern California Edison Co,eia860.zip,,5988a32,2026-09-15T19:25:24Z,
63527,Lafayette 2 - Internal Services Dept,MN8 Energy LLC,CA,Los Angeles,34.05,-118.18,CISO,Southern California Edison Co,eia860.zip,,5988a32,2026-09-15T19:25:24Z,
63529,Renz Energy Storage,Pacific Gas & Electric Co.,CA,Santa Clara,37.008261,-121.558014,CISO,Pacific Gas & Electric Co.,eia860.zip,,5988a32,2026-09-15T19:25:24Z,LLAGAS
63545,Chevron - Lost Hills Hybrid,MN8 Energy LLC,CA,Kern,35.62,-119.69,CISO,Pacific Gas & Electric Co.,eia860.zip,,5988a32,2026-09-15T19:25:24Z,
63603,Illumina Way SD,Bloom Energy,CA,San Diego,32.87302,-117.19968,CISO,San Diego Gas & Electric Co,eia860.zip,,5988a32,2026-09-15T19:25:24Z,EASTGATE
63604,Extreme San Ignacio,Bloom Energy,CA,Santa Clara,37.237,-121.78532,CISO,Pacific Gas & Electric Co.,eia860.zip,,5988a32,2026-09-15T19:25:24Z,SANTA TERESA
63605,ATT North Watney,Bloom Energy,CA,Solano,38.236257,-122.077759,CISO,Pacific Gas & Electric Co.,eia860.zip,,5988a32,2026-09-15T19:25:24Z,
63607,Extreme Via Del Oro,Bloom Energy,CA,Santa Clara,37.23811,-121.78532,CISO,Pacific Gas & Electric Co.,eia860.zip,,5988a32,2026-09-15T19:25:24Z,SANTA TERESA
63609,Allergan,"Hybrid-Electric Building Technologies West Los Angeles 1, LLC",CA,Orange,33.67239,-117.85381,CISO,Southern California Edison Co,eia860.zip,,5988a32,2026-09-15T19:25:24Z,JOHANNA
63610,Baker,"Hybrid-Electric Building Technologies West Los Angeles 1, LLC",CA,Orange,33.656528,-117.68412,CISO,Southern California Edison Co,eia860.zip,,5988a32,2026-09-15T19:25:24Z,VIEJO
63611,CSU Long Beach,"Hybrid-Electric Building Technologies West Los Angeles 1, LLC",CA,Los Angeles,33.78383,-118.10796,CISO,Southern California Edison Co,eia860.zip,,5988a32,2026-09-15T19:25:24Z,
63612,DATS,"Hybrid-Electric Building Technologies West Los Angeles 1, LLC",CA,Orange,33.70731,-117.89108,CISO,Southern California Edison Co,eia860.zip,,5988a32,2026-09-15T19:25:24Z,CAMDEN
63613,Downey,"Hybrid-Electric Building Technologies West Los Angeles 1, LLC",CA,Los Angeles,33.919368,-118.128919,CISO,Southern California Edison Co,eia860.zip,,5988a32,2026-09-15T19:25:24Z,
63614,LAWRP,"Hybrid-Electric Building Technologies West Los Angeles 1, LLC",CA,Orange,33.63778,-117.71377,CISO,Southern California Edison Co,eia860.zip,,5988a32,2026-09-15T19:25:24Z,
63615,Long Beach Convention Center,"Hybrid-Electric Building Technologies West Los Angeles 1, LLC",CA,Los Angeles,33.765236,-118.189377,CISO,Southern California Edison Co,eia860.zip,,5988a32,2026-09-15T19:25:24Z,HARBORGEN
63616,OCSD,"Hybrid-Electric Building Technologies West Los Angeles 1, LLC",CA,Orange,33.693129,-117.9409,CISO,Southern California Edison Co,eia860.zip,,5988a32,2026-09-15T19:25:24Z,ELLIS
63617,SOCCD,"Hybrid-Electric Building Technologies West Los Angeles 1, LLC",CA,Orange,33.676445,-117.777312,CISO,Southern California Edison Co,eia860.zip,,5988a32,2026-09-15T19:25:24Z,
63622,OES Biogas Power,"Organic Energy Solutions, Inc.",CA,San Bernardino,34.17325,-117.34641,CISO,Southern California Edison Co,eia860.zip,,5988a32,2026-09-15T19:25:24Z,
63623,Lafayette 2 - MLK Jr. Hospital (MLK),MN8 Energy LLC,CA,Los Angeles,33.92,-118.24,CISO,Southern California Edison Co,eia860.zip,,5988a32,2026-09-15T19:25:24Z,
63638,Tracy 210,Costco Wholesale,CA,San Joaquin,37.72201,-121.53097,CISO,Pacific Gas & Electric Co.,eia860.zip,,5988a32,2026-09-15T19:25:24Z,TESLA
63651,North Kern State Prison Phase II,"SunE P11L Holdings, LLC",CA,Kern,35.780407,-119.30875,CISO,Southern California Edison Co,eia860.zip,,5988a32,2026-09-15T19:25:24Z,
63652,Sand Hill B,Viracocha Wind LLC,CA,Alameda,37.755007,-121.596789,CISO,Pacific Gas & Electric Co.,eia860.zip,,5988a32,2026-09-15T19:25:24Z,KELSO
63653,Sand Hill C,Viracocha Wind LLC,CA,Alameda,37.769695,-121.596083,CISO,Pacific Gas & Electric Co.,eia860.zip,,5988a32,2026-09-15T19:25:24Z,KELSO
63685,Luna Storage,AES Distributed Energy,CA,Los Angeles,34.68325,-118.3053,CISO,Southern California Edison Co,eia860.zip,,5988a32,2026-09-15T19:25:24Z,ANTELOPE
63699,AGT000 Stevens Creek Fuel Cell,"2016 ESA Project Company, LLC",CA,Santa Clara,37.32489,-121.99894,CISO,City of Santa Clara - (CA),eia860.zip,,5988a32,2026-09-15T19:25:24Z,
63701,CST001 McCarthy Fuel Cell,"2016 ESA Project Company, LLC",CA,Santa Clara,37.40553,-121.91676,CISO,Pacific Gas & Electric Co.,eia860.zip,,5988a32,2026-09-15T19:25:24Z,MILPITAS
63704,EQX010 Great Oaks Fuel Cell,"2016 ESA Project Company, LLC",CA,Santa Clara,37.24212,-121.78308,CISO,Pacific Gas & Electric Co.,eia860.zip,,5988a32,2026-09-15T19:25:24Z,SANTA TERESA
63705,EQX011 Duane Fuel Cell,"2016 ESA Project Company, LLC",CA,Santa Clara,37.37816,-121.95495,CISO,City of Santa Clara - (CA),eia860.zip,,5988a32,2026-09-15T19:25:24Z,TRIMBLE
63708,EQX015 Great Oaks Fuel Cell,"2016 ESA Project Company, LLC",CA,Santa Clara,37.24187,-121.7816,CISO,Pacific Gas & Electric Co.,eia860.zip,,5988a32,2026-09-15T19:25:24Z,SANTA TERESA
63711,JSR000 N Mathilda Fuel Cell,"2016 ESA Project Company, LLC",CA,Santa Clara,37.4124,-122.024,CISO,Pacific Gas & Electric Co.,eia860.zip,,5988a32,2026-09-15T19:25:24Z,
63712,KSR028 Merced Fuel Cell,"2016 ESA Project Company, LLC",CA,Alameda,37.70649,-122.16471,CISO,Pacific Gas & Electric Co.,eia860.zip,,5988a32,2026-09-15T19:25:24Z,
63714,GEN005 Antibody Fuel Cell,"2016 ESA Project Company, LLC",CA,San Diego,33.21086,-117.299,CISO,San Diego Gas & Electric Co,eia860.zip,,5988a32,2026-09-15T19:25:24Z,SAN LUIS REY
63715,SCU000 El Camino Real Fuel Cell,"2016 ESA Project Company, LLC",CA,Santa Clara,37.34994,-121.94064,CISO,City of Santa Clara - (CA),eia860.zip,,5988a32,2026-09-15T19:25:24Z,FMC
63716,KSR053 Cantara Fuel Cell,"2016 ESA Project Company, LLC",CA,Los Angeles,33.7902,-118.29431,CISO,Los Angeles Department of Water & Power,eia860.zip,,5988a32,2026-09-15T19:25:24Z,
63717,TLR000 Hansen Fuel Cell,"2016 ESA Project Company, LLC",CA,Monterey,36.65676,-121.62428,CISO,Pacific Gas & Electric Co.,eia860.zip,,5988a32,2026-09-15T19:25:24Z,
63727,Slate Hybrid,MN8 Energy LLC,CA,Kings,36.226955,-119.8948,CISO,Pacific Gas & Electric Co.,eia860.zip,,5988a32,2026-09-15T19:25:24Z,HENRIETTA
63735,Silverstrand Grid Energy Storage System,"Silverstrand Grid, LLC",CA,Ventura,34.20774,-119.079813,CISO,Southern California Edison Co,eia860.zip,,5988a32,2026-09-15T19:25:24Z,
63740,Amazon - Moreno Valley,SkyHigh 2 Solar,CA,Riverside,33.872226,-117.238073,CISO,Southern California Edison Co,eia860.zip,,5988a32,2026-09-15T19:25:24Z,
63758,Kroger La Habra,Ralph's Grocery Company,CA,Orange,33.922141,-117.939096,CISO,Southern California Edison Co,eia860.zip,,5988a32,2026-09-15T19:25:24Z,
63761,Soscol Ferry Solar,Soscol Ferry Solar,CA,Napa,38.237422,-122.275184,CISO,Pacific Gas & Electric Co.,eia860.zip,,5988a32,2026-09-15T19:25:24Z,TULUCAY
63762,Silveira Ranch Road Solar,Silveira Ranch Road Solar,CA,Marin,38.153474,-122.56565,CISO,Pacific Gas & Electric Co.,eia860.zip,,5988a32,2026-09-15T19:25:24Z,
63782,Rough Hat,"Candela Renewables, LLC",NV,Clark,36.09907,-115.8337,CISO,"Valley Electric Assn, Inc",eia860.zip,,5988a32,2026-09-15T19:25:24Z,
63783,Rough Hat 2,"Candela Renewables, LLC",NV,Nye,36.088968,-115.903614,CISO,"Valley Electric Assn, Inc",eia860.zip,,5988a32,2026-09-15T19:25:24Z,
63834,Gateway Energy Storage System,"Gateway Energy Storage, LLC",CA,San Diego,32.570556,-116.910556,CISO,San Diego Gas & Electric Co,eia860.zip,,5988a32,2026-09-15T19:25:24Z,
63841,Arida Solar (Hybrid),326FW 8me LLC,NV,Clark,35.092036,-114.688832,CISO,Southern California Edison Co,eia860.zip,,5988a32,2026-09-15T19:25:24Z,
63843,"Johanna Energy Center, LLC","Johanna Energy Center, LLC",CA,Orange,33.715016,-117.853984,CISO,Southern California Edison Co,eia860.zip,,5988a32,2026-09-15T19:25:24Z,JOHANNA
63848,Solar Blue,Westlands Solar Blue,CA,Kings,36.173967,-119.904349,CISO,Pacific Gas & Electric Co.,eia860.zip,,5988a32,2026-09-15T19:25:24Z,
63849,Chestnut,Chestnut Westside LLC,CA,Kings,36.160164,-119.904936,CISO,Pacific Gas & Electric Co.,eia860.zip,,5988a32,2026-09-15T19:25:24Z,
63850,Cherry,"Westlands Cherry, LLC",CA,Kings,36.122457,-119.923211,CISO,Pacific Gas & Electric Co.,eia860.zip,,5988a32,2026-09-15T19:25:24Z,
63851,Grape,"Westlands Grape, LLC",CA,Kings,36.145687,-119.905149,CISO,Pacific Gas & Electric Co.,eia860.zip,,5988a32,2026-09-15T19:25:24Z,
63859,"Golden Field Solar III, LLC","Golden Fields Solar III, LLC",CA,Kern,34.847,-118.395,CISO,Southern California Edison Co,eia860.zip,,5988a32,2026-09-15T19:25:24Z,WHIRLWIND
63870,Camp San Luis Obispo,"Ecoplexus, Inc",CA,San Luis Obispo,35.322043,-120.732275,CISO,Pacific Gas & Electric Co.,eia860.zip,,5988a32,2026-09-15T19:25:24Z,
63875,Kern Valley SP,"Ecoplexus, Inc",CA,Kern,35.764049,-119.313756,CISO,Southern California Edison Co,eia860.zip,,5988a32,2026-09-15T19:25:24Z,
63876,Mule Creek State Prison,"Ecoplexus, Inc",CA,Amador,38.368214,-120.952538,CISO,Southern California Edison Co,eia860.zip,,5988a32,2026-09-15T19:25:24Z,
63891,Saticoy,"Ventura Energy Storage, LLC",CA,Ventura,34.256691000000004,-119.15726,CISO,Southern California Edison Co,eia860.zip,,5988a32,2026-09-15T19:25:24Z,
63928,Vacaville Hospital,"KP Vacaville Solar, LLC",CA,Solano,38.38867,-121.93864,CISO,Pacific Gas & Electric Co.,eia860.zip,,5988a32,2026-09-15T19:25:24Z,VACA DIXON
63930,Cal Flats BESS,"Arevon Energy, Inc.",CA,Monterey,35.866665,-120.329439,CISO,Pacific Gas & Electric Co.,eia860.zip,,5988a32,2026-09-15T19:25:24Z,
63932,Titan Solar 1 (CA),"Titan Solar 1, LLC",CA,Imperial,33.125786,-115.911059,CISO,Imperial Irrigation District,eia860.zip,,5988a32,2026-09-15T19:25:24Z,
63940,Central 40,"Central 40, LLC",CA,Stanislaus,37.246,-121.104,CISO,Pacific Gas & Electric Co.,eia860.zip,,5988a32,2026-09-15T19:25:24Z,
63941,Oasis Alta,Terra-Gen Operating Co-Wind,CA,Kern,35.059166,-118.291944,CISO,Southern California Edison Co,eia860.zip,,5988a32,2026-09-15T19:25:24Z,WINDHUB
63943,Coso Battery Storage,Arevon Asset Management,CA,Inyo,36.006945,-117.810636,CISO,Southern California Edison Co,eia860.zip,,5988a32,2026-09-15T19:25:24Z,
63947,DGS Valley State Prison,"Forefront Power, LLC",CA,Madera,37.10117,-120.153072,CISO,Pacific Gas & Electric Co.,eia860.zip,,5988a32,2026-09-15T19:25:24Z,
63986,Rialto - High School,Onyx Asset Services Group,CA,San Bernardino,34.090318,-117.355604,CISO,Southern California Edison Co,eia860.zip,,5988a32,2026-09-15T19:25:24Z,
63993,FTF-PackingShed,Family Tree Farms,CA,Tulare,36.546901,-119.430179,CISO,Pacific Gas & Electric Co.,eia860.zip,,5988a32,2026-09-15T19:25:24Z,
63994,Firebaugh-CCS-PV-1,Mike Woolf Farming,CA,Fresno,36.734667,-120.612773,CISO,Pacific Gas & Electric Co.,eia860.zip,,5988a32,2026-09-15T19:25:24Z,
64005,Toyota Long Beach Trigen,"Long Beach Trigen, LLC",CA,Los Angeles,33.780852,-118.222435,CISO,Southern California Edison Co,eia860.zip,,5988a32,2026-09-15T19:25:24Z,HARBORGEN
64027,SB Water Reclamation Fuel Cell,"San Bernardino Fuel Cell, LLC",CA,San Bernardino,34.075594,-117.287339,CISO,Southern California Edison Co,eia860.zip,,5988a32,2026-09-15T19:25:24Z,SAN BERNARDINO
64028,San Diego - EMDF at San Diego,"California PV Energy 3, LLC",CA,San Diego,32.590258,-116.91949,CISO,San Diego Gas & Electric Co,eia860.zip,,5988a32,2026-09-15T19:25:24Z,
64049,San Diego - NCRC at Vista,"California PV Energy 3, LLC",CA,San Diego,33.190283,-117.255584,CISO,San Diego Gas & Electric Co,eia860.zip,,5988a32,2026-09-15T19:25:24Z,
64055,Wonderful Orchards - New Columbia,"Wonderful Renewable Energy, LLC.",CA,Madera,36.8249,-120.317876,CISO,Pacific Gas & Electric Co.,eia860.zip,,5988a32,2026-09-15T19:25:24Z,
64103,Desert Harvest II LLC,Desert Harvest II LLC,CA,Riverside,33.8,-115.38,CISO,Southern California Edison Co,eia860.zip,,5988a32,2026-09-15T19:25:24Z,
64104,"Maverick Solar 4, LLC","Maverick Solar 4, LLC",CA,Riverside,33.7,-115.38,CISO,Southern California Edison Co,eia860.zip,,5988a32,2026-09-15T19:25:24Z,
64105,"Maverick Solar 6, LLC","Maverick Solar 6, LLC",CA,Riverside,33.7,-115.38,CISO,Southern California Edison Co,eia860.zip,,5988a32,2026-09-15T19:25:24Z,
64106,"Maverick Solar 7, LLC","Maverick Solar 7, LLC",CA,Riverside,33.7,-115.38,CISO,Southern California Edison Co,eia860.zip,,5988a32,2026-09-15T19:25:24Z,
64141,Still Water Power,Still Water Power LLC,CA,Kings,36.398796,-119.524252,CISO,Pacific Gas & Electric Co.,eia860.zip,,5988a32,2026-09-15T19:25:24Z,
64197,"Fifth Standard Solar PV, LLC (Hybrid)",RWE Clean Energy,CA,Fresno,36.153193,-120.104476,CISO,Pacific Gas & Electric Co.,eia860.zip,,5988a32,2026-09-15T19:25:24Z,GATES
64209,Bellefield 2 Solar & Energy Storage Farm,26SB 8me LLC,CA,Kern,35.017779,-118.068731,CISO,Southern California Edison Co,eia860.zip,,5988a32,2026-09-15T19:25:24Z,
64210,Bellefield Solar and Energy Storage Farm,50LW 8me LLC,CA,Kern,35.062965,-118.087803,CISO,Southern California Edison Co,eia860.zip,,5988a32,2026-09-15T19:25:24Z,
64215,Aratina Solar Center 2,45MG 8me LLC,CA,Kern,35.062965,-118.087803,CISO,Southern California Edison Co,eia860.zip,,5988a32,2026-09-15T19:25:24Z,
64220,Wonderful Orchards - Westside,"Wonderful Renewable Energy, LLC.",CA,Kern,35.73277,-119.74523,CISO,Pacific Gas & Electric Co.,eia860.zip,,5988a32,2026-09-15T19:25:24Z,DRY LAKE
64221,Wonderful Orchards - Belridge,"Wonderful Renewable Energy, LLC.",CA,Kern,35.50012,-119.74935,CISO,Pacific Gas & Electric Co.,eia860.zip,,5988a32,2026-09-15T19:25:24Z,
64270,"ESCA-LL-COLTON, LLC",Madison Energy Holdings LLC,CA,San Bernardino,34.03925,-117.36056,CISO,Pacific Gas & Electric Co.,eia860.zip,,5988a32,2026-09-15T19:25:24Z,
64290,"SE Athos II, LLC","SE Athos II, LLC",CA,Riverside,33.751283,-115.35499,CISO,Southern California Edison Co,eia860.zip,,5988a32,2026-09-15T19:25:24Z,
64308,"Dissigno Healdsburg FPV, LLC",Palmetto Power Management LLC,CA,Sonoma,38.584405,-122.866189,CISO,Pacific Gas & Electric Co.,eia860.zip,,5988a32,2026-09-15T19:25:24Z,
64323,Coachella Hills Wind,Terra-Gen Operating Co-Wind,CA,Riverside,33.9077,-116.5797,CISO,Southern California Edison Co,eia860.zip,,5988a32,2026-09-15T19:25:24Z,DEVERS
64326,Summit Winds,Greenbacker Renewable Energy Corporation,CA,Alameda,37.761151,-121.69067,CISO,Pacific Gas & Electric Co.,eia860.zip,,5988a32,2026-09-15T19:25:24Z,
64376,Tranquillity ID,"Tranquillity Solar 1, LLC",CA,Fresno,36.648026,-120.24594,CISO,Pacific Gas & Electric Co.,eia860.zip,,5988a32,2026-09-15T19:25:24Z,
64391,Firestone Walker Brewery - Phase 1,SkyHigh 2 Solar,CA,San Luis Obispo,35.595877,-120.694306,CISO,Pacific Gas & Electric Co.,eia860.zip,,5988a32,2026-09-15T19:25:24Z,TEMPLETON
64396,EMWD - Perris Valley RWRF,SkyHigh 2 Solar,CA,Riverside,33.75998,-117.18766,CISO,Southern California Edison Co,eia860.zip,,5988a32,2026-09-15T19:25:24Z,
64397,EMWD - San Jacinto RWRF NEM,SkyHigh 2 Solar,CA,Riverside,33.798547,-117.016588,CISO,Southern California Edison Co,eia860.zip,,5988a32,2026-09-15T19:25:24Z,
64398,EMWD - Sun City RWRF,SkyHigh 2 Solar,CA,Riverside,33.696146,-117.218621,CISO,Southern California Edison Co,eia860.zip,,5988a32,2026-09-15T19:25:24Z,
64399,EMWD - San Jacinto RES BCT,SkyHigh 2 Solar,CA,Riverside,33.802869,-117.023567,CISO,Southern California Edison Co,eia860.zip,,5988a32,2026-09-15T19:25:24Z,
64401,CSU San Jose State University,SkyHigh 2 Solar,CA,Santa Clara,37.334,-121.884,CISO,Pacific Gas & Electric Co.,eia860.zip,,5988a32,2026-09-15T19:25:24Z,FMC
64402,El Dorado County,SkyHigh 2 Solar,CA,El Dorado,38.698145,-120.828256,CISO,Pacific Gas & Electric Co.,eia860.zip,,5988a32,2026-09-15T19:25:24Z,
64403,California State Univ at Channel Islands,SkyHigh 2 Solar,CA,Ventura,34.162058,-119.043375,CISO,Pacific Gas & Electric Co.,eia860.zip,,5988a32,2026-09-15T19:25:24Z,
64406,EMWD - Moreno Valley RWRF,SkyHigh 2 Solar,CA,Riverside,33.868252,-117.214055,CISO,Southern California Edison Co,eia860.zip,,5988a32,2026-09-15T19:25:24Z,
64428,JVR Energy Park LLC,JVR Energy Park LLC,CA,San Diego,32.625903,-116.17489,CISO,San Diego Gas & Electric Co,eia860.zip,,5988a32,2026-09-15T19:25:24Z,
64429,Amazon - Stockton - Roof (SCK1) - (CA),"Forefront Power, LLC",CA,San Joaquin,37.911715,-121.19865,CISO,Pacific Gas & Electric Co.,eia860.zip,,5988a32,2026-09-15T19:25:24Z,
64438,Vallecitos Water District,CleanCapital Holdings,CA,San Diego,33.212535,-117.177029,CISO,San Diego Gas & Electric Co,eia860.zip,,5988a32,2026-09-15T19:25:24Z,
64471,Byron Highway Solar,"RPCA Solar 3, LLC",CA,Contra Costa,37.847114,-121.617308,CISO,Pacific Gas & Electric Co.,eia860.zip,,5988a32,2026-09-15T19:25:24Z,
64481,Arlington Energy Center II,Arlington Energy Center II,CA,Riverside,33.69088,-114.774944,CISO,Southern California Edison Co,eia860.zip,,5988a32,2026-09-15T19:25:24Z,
64489,Resurgence Solar,Resurgence Solar,CA,San Bernardino,35.00656,-117.54484,CISO,Southern California Edison Co,eia860.zip,,5988a32,2026-09-15T19:25:24Z,KRAMER
64518,CA Institute for Women,"Ecoplexus, Inc",CA,San Bernardino,33.949722,-117.636427,CISO,Southern California Edison Co,eia860.zip,,5988a32,2026-09-15T19:25:24Z,
64523,Atascadero State Hospital,"Ecoplexus, Inc",CA,San Luis Obispo,35.463333,-120.634011,CISO,Pacific Gas & Electric Co.,eia860.zip,,5988a32,2026-09-15T19:25:24Z,
64531,Noosa Energy Storage LLC,Engie North America,CA,San Joaquin,37.756292,-121.148144,CISO,Pacific Gas & Electric Co.,eia860.zip,,5988a32,2026-09-15T19:25:24Z,RIPON
64564,Arlington Energy Center III,Arlington Energy Center III,CA,Riverside,33.69088,-114.774944,CISO,Southern California Edison Co,eia860.zip,,5988a32,2026-09-15T19:25:24Z,
64579,Broadway 2 - UC Riverside,MN8 Energy LLC,CA,Riverside,33.97034,-117.33101,CISO,Southern California Edison Co,eia860.zip,,5988a32,2026-09-15T19:25:24Z,
64600,Prologis L.P,Powerflex,CA,San Joaquin,37.725044,-121.529783,CISO,Pacific Gas & Electric Co.,eia860.zip,,5988a32,2026-09-15T19:25:24Z,TESLA
64601,County of San Diego COC Hybrid,"Solar Star California LXXVIII, LLC",CA,San Diego,32.833645,-117.131123,CISO,San Diego Gas & Electric Co,eia860.zip,,5988a32,2026-09-15T19:25:24Z,KEARNY
64611,SEPV Sierra,"SEPV Sierra, LLC",CA,Los Angeles,34.733011,-118.138525,CISO,Southern California Edison Co,eia860.zip,,5988a32,2026-09-15T19:25:24Z,
64612,Kearny North Energy Storage,San Diego Gas & Electric Co,CA,San Diego,32.83347,-117.13443,CISO,San Diego Gas & Electric Co,eia860.zip,,5988a32,2026-09-15T19:25:24Z,KEARNY
64614,Kearny South Energy Storage,San Diego Gas & Electric Co,CA,San Diego,32.832886,-117.132292,CISO,San Diego Gas & Electric Co,eia860.zip,,5988a32,2026-09-15T19:25:24Z,KEARNY
64622,Diamond H Dairy Power,"Madera DP 2, LLC",CA,Madera,37.01618,-120.37279,CISO,Pacific Gas & Electric Co.,eia860.zip,,5988a32,2026-09-15T19:25:24Z,
64624,Hudson - High Desert Hybrid,MN8 Energy LLC,CA,San Bernardino,34.6365,-117.3724,CISO,Southern California Edison Co,eia860.zip,,5988a32,2026-09-15T19:25:24Z,
64630,"Rabbitbrush Solar, LLC","Leeward Asset Management, LLC",CA,Kern,34.83,-118.32,CISO,Southern California Edison Co,eia860.zip,,5988a32,2026-09-15T19:25:24Z,
64632,Sienna Solar Farm,"99MT 8me, LLC",CA,San Bernardino,34.493659,-116.915013,CISO,Southern California Edison Co,eia860.zip,,5988a32,2026-09-15T19:25:24Z,
64633,Rexford Solar Farm,AES Clean Energy,CA,Tulare,35.840479,-119.082742,CISO,Southern California Edison Co,eia860.zip,,5988a32,2026-09-15T19:25:24Z,VESTAL
64634,Kingsley Solar Farm,"90FI 8me, LLC",CA,Imperial,32.742036,-115.735408,CISO,San Diego Gas & Electric Co,eia860.zip,,5988a32,2026-09-15T19:25:24Z,IMPERIAL VALLEY
64636,Big Rock Solar Farm,"Big Rock ESS Assets, LLC",CA,Imperial,32.733421,-115.71368,CISO,San Diego Gas & Electric Co,eia860.zip,,5988a32,2026-09-15T19:25:24Z,IMPERIAL VALLEY
64668,Bolthouse Solar LLC,Bolthouse Solar LLC,CA,Kern,35.142252,-117.965609,CISO,Southern California Edison Co,eia860.zip,,5988a32,2026-09-15T19:25:24Z,
64676,Lake Herman,Greenbacker Renewable Energy Corporation,CA,Solano,38.0971,-122.1417,CISO,Pacific Gas & Electric Co.,eia860.zip,,5988a32,2026-09-15T19:25:24Z,
64687,Van der Hoek Solar Array/ Dairy,Maas Energy Works,CA,Fresno,36.504015,-120.098148,CISO,Pacific Gas & Electric Co.,eia860.zip,,5988a32,2026-09-15T19:25:24Z,
64700,"El Dorado Solar, LLC","Altus Power America Management, LLC",CA,El Dorado,38.637,-121.059,CISO,Pacific Gas & Electric Co.,eia860.zip,,5988a32,2026-09-15T19:25:24Z,
64701,LeConte Energy Storage,"LeConte Energy Storage, LLC",CA,Imperial,32.677208,-115.670203,CISO,San Diego Gas & Electric Co,eia860.zip,,5988a32,2026-09-15T19:25:24Z,
64712,Sanborn BESS 1,Terra-Gen Operating Co-BESS,CA,Kern,35.027264,-118.139236,CISO,Southern California Edison Co,eia860.zip,,5988a32,2026-09-15T19:25:24Z,
64713,Sanborn BESS 2,Terra-Gen Operating Co-BESS,CA,Kern,35.027264,-118.140078,CISO,Southern California Edison Co,eia860.zip,,5988a32,2026-09-15T19:25:24Z,
64743,Tierra Buena Energy Storage,VESI 10 LLC,CA,Sutter,39.17133,-121.66209,CISO,Pacific Gas & Electric Co.,eia860.zip,,5988a32,2026-09-15T19:25:24Z,PEASE
64751,Amazon PSP1,Greenbacker Renewable Energy Corporation,CA,Riverside,33.92624,-116.99442,CISO,Southern California Edison Co,eia860.zip,,5988a32,2026-09-15T19:25:24Z,
64766,Redwood Coast Airport Microgrid,Redwood Coast Energy Authority,CA,Humboldt,40.967222,-124.104444,CISO,Pacific Gas & Electric Co.,eia860.zip,,5988a32,2026-09-15T19:25:24Z,
64836,Catalina Express,"Altus Power America Management, LLC",CA,Los Angeles,33.749947,-118.278469,CISO,Los Angeles Department of Water & Power,eia860.zip,,5988a32,2026-09-15T19:25:24Z,
64837,Marina South,"Altus Power America Management, LLC",CA,Los Angeles,33.717993,-118.275617,CISO,Los Angeles Department of Water & Power,eia860.zip,,5988a32,2026-09-15T19:25:24Z,
64851,Daggett 2,Daggett Solar Power 2 LLC,CA,San Bernardino,34.860918,-116.855281,CISO,Southern California Edison Co,eia860.zip,,5988a32,2026-09-15T19:25:24Z,
64852,Daggett 3,Daggett Solar Power 3 LLC,CA,San Bernardino,34.860918,-116.855281,CISO,Southern California Edison Co,eia860.zip,,5988a32,2026-09-15T19:25:24Z,
64861,Deer Creek 2,"Altus Power America Management, LLC",CA,El Dorado,38.628,-120.984,CISO,Pacific Gas & Electric Co.,eia860.zip,,5988a32,2026-09-15T19:25:24Z,SHINGLE SPRINGS
64864,Chaparral Springs,"Leeward Asset Management, LLC",CA,Kern,34.870764,-118.3195,CISO,Southern California Edison Co,eia860.zip,,5988a32,2026-09-15T19:25:24Z,
64877,Edwards Sanborn E3,Terra-Gen Operating Co-Hybrid,CA,Kern,34.946324,-118.126489,CISO,Southern California Edison Co,eia860.zip,,5988a32,2026-09-15T19:25:24Z,
64878,Edwards Sanborn E1A,Terra-Gen Operating Co-Hybrid,CA,Kern,34.961922,-118.124208,CISO,Southern California Edison Co,eia860.zip,,5988a32,2026-09-15T19:25:24Z,
64879,Edwards Sanborn E2,Terra-Gen Operating Co-Hybrid,CA,Kern,34.941507,-118.129025,CISO,Southern California Edison Co,eia860.zip,,5988a32,2026-09-15T19:25:24Z,
64908,Scarlet Solar (CA),EDP Renewables North America LLC,CA,Fresno,36.597542,-120.362336,CISO,Pacific Gas & Electric Co.,eia860.zip,,5988a32,2026-09-15T19:25:24Z,
64909,Luciana,"Tulare Solar Center, LLC",CA,Tulare,35.823716,-119.062255,CISO,Southern California Edison Co,eia860.zip,,5988a32,2026-09-15T19:25:24Z,VESTAL
64914,Trona Solar III,Trona Solar III LLC,CA,Inyo,35.804953,-117.350572,CISO,Southern California Edison Co,eia860.zip,,5988a32,2026-09-15T19:25:24Z,
64928,Edwards Sanborn S3,Terra-Gen Operating Co-Hybrid,CA,Kern,35.01644,-118.1225,CISO,Southern California Edison Co,eia860.zip,,5988a32,2026-09-15T19:25:24Z,
64929,Edwards Sanborn S1,Terra-Gen Operating Co-Hybrid,CA,Kern,35.02769,-118.13284,CISO,Southern California Edison Co,eia860.zip,,5988a32,2026-09-15T19:25:24Z,
64993,"BigBeau Solar, LLC","Big Beau Solar, LLC  ",CA,Kern,34.907041,-118.344077,CISO,Southern California Edison Co,eia860.zip,,5988a32,2026-09-15T19:25:24Z,
65053,Blythe Mesa Solar II,"Intersect USA, LLC",CA,Riverside,33.640813,-114.680261,CISO,Southern California Edison Co,eia860.zip,,5988a32,2026-09-15T19:25:24Z,BLYTHE
65072,Fremont CA AutoFactory,Tesla Inc.,CA,Alameda,37.49254,-121.94458,CISO,Pacific Gas & Electric Co.,eia860.zip,,5988a32,2026-09-15T19:25:24Z,NEWARK
65073,Berrenda Mesa Water District,The Greater Light USA LLC,CA,Kern,35.613342,-119.866763,CISO,Pacific Gas & Electric Co.,eia860.zip,,5988a32,2026-09-15T19:25:24Z,
65091,IGS KSBD,"Altus Power America Management, LLC",CA,San Bernardino,34.10535,-117.23477,CISO,Southern California Edison Co,eia860.zip,,5988a32,2026-09-15T19:25:24Z,SAN BERNARDINO
65104,CA - DGS RFP - RJ Donovan State Prison,"Forefront Power, LLC",CA,San Bernardino,35.582,-116.924,CISO,Pacific Gas & Electric Co.,eia860.zip,,5988a32,2026-09-15T19:25:24Z,
65105,CA-DGS-California Correctional Inst,"Forefront Power, LLC",CA,Kern,35.1135,-118.569,CISO,Pacific Gas & Electric Co.,eia860.zip,,5988a32,2026-09-15T19:25:24Z,
65131,Fremont - Kato Rd,Tesla Inc.,CA,Alameda,37.479188,-121.932263,CISO,Pacific Gas & Electric Co.,eia860.zip,,5988a32,2026-09-15T19:25:24Z,
65132,University of the Pacific,The Greater Light USA LLC,CA,San Joaquin,37.980054,-121.312418,CISO,Pacific Gas & Electric Co.,eia860.zip,,5988a32,2026-09-15T19:25:24Z,
65140,Crimson,RE Crimson LLC,CA,Riverside,33.57345,-114.814541,CISO,Southern California Edison Co,eia860.zip,,5988a32,2026-09-15T19:25:24Z,COLORADO RIVER
65168,Five H Farms Solar Array,Maas Energy Works,CA,Merced,37.120446,-120.292797,CISO,Pacific Gas & Electric Co.,eia860.zip,,5988a32,2026-09-15T19:25:24Z,
65169,Van der Kooi Dairy Solar Array,Maas Energy Works,CA,Fresno,36.29169,-120.022439,CISO,Pacific Gas & Electric Co.,eia860.zip,,5988a32,2026-09-15T19:25:24Z,
65177,Donaghy-Stockton,Donaghy Sales Inc.,CA,San Joaquin,37.909523,-121.194893,CISO,Pacific Gas & Electric Co.,eia860.zip,,5988a32,2026-09-15T19:25:24Z,
65179,Ironwood State Prison,"Ecoplexus, Inc",CA,Riverside,33.567384,-114.928396,CISO,Southern California Edison Co,eia860.zip,,5988a32,2026-09-15T19:25:24Z,
65180,Chuckawalla State Prison,"Ecoplexus, Inc",CA,Riverside,33.567212,-114.923783,CISO,Southern California Edison Co,eia860.zip,,5988a32,2026-09-15T19:25:24Z,
65181,CSP Solano,"Ecoplexus, Inc",CA,Solano,38.317858,-121.976687,CISO,Pacific Gas & Electric Co.,eia860.zip,,5988a32,2026-09-15T19:25:24Z,
65182,CSP Los Angeles,"Ecoplexus, Inc",CA,Los Angeles,34.694314,-118.227759,CISO,Southern California Edison Co,eia860.zip,,5988a32,2026-09-15T19:25:24Z,
65186,Broadway 3 - UC Merced 1,MN8 Energy LLC,CA,Merced,37.36448,-120.43108,CISO,Pacific Gas & Electric Co.,eia860.zip,,5988a32,2026-09-15T19:25:24Z,
65187,Broadway 3 - UCSB Lot 38,MN8 Energy LLC,CA,Santa Barbara,34.41974,-119.85637,CISO,Southern California Edison Co,eia860.zip,,5988a32,2026-09-15T19:25:24Z,
65188,Broadway 4 - Target Shafter,MN8 Energy LLC,CA,Kern,35.46331,-119.18912,CISO,Pacific Gas & Electric Co.,eia860.zip,,5988a32,2026-09-15T19:25:24Z,
65189,West Village Solar - Array 1Community So,"CHF-Davis I, LLC",CA,Yolo,38.542791,-121.77752,CISO,Pacific Gas & Electric Co.,eia860.zip,,5988a32,2026-09-15T19:25:24Z,
65190,West Village Solar - Array 2 Community S,"CHF-Davis I, LLC",CA,Yolo,38.542747,-121.77659,CISO,Pacific Gas & Electric Co.,eia860.zip,,5988a32,2026-09-15T19:25:24Z,
65191,University of San Diego,Bloom Energy 2009 PPA,CA,San Diego,32.771701,-117.191589,CISO,San Diego Gas & Electric Co,eia860.zip,,5988a32,2026-09-15T19:25:24Z,FRIARS
65193,CalTech - Pasadena (PPA),Bloom Energy 2009 PPA,CA,Los Angeles,34.139368,-118.121488,CISO,City of Pasadena - (CA),eia860.zip,,5988a32,2026-09-15T19:25:24Z,
65196,SCC - San Jose,Bloom Energy,CA,Santa Clara,37.35106,-121.90551,CISO,Pacific Gas & Electric Co.,eia860.zip,,5988a32,2026-09-15T19:25:24Z,FMC
65199,Keysight - Santa Rosa,Bloom Energy,CA,Sonoma,38.481931,-122.711104,CISO,Pacific Gas & Electric Co.,eia860.zip,,5988a32,2026-09-15T19:25:24Z,FULTON
65200,DirecTV - Los Angeles,Bloom Energy,CA,Los Angeles,33.983377,-118.42517,CISO,Los Angeles Department of Water & Power,eia860.zip,,5988a32,2026-09-15T19:25:24Z,LA CIENEGA
65203,Beckton Dickenson - San Jose,Bloom Energy,CA,Santa Clara,37.39789,-121.88594,CISO,Pacific Gas & Electric Co.,eia860.zip,,5988a32,2026-09-15T19:25:24Z,MILPITAS
65204,AT&T - Redwood City,Bloom Energy,CA,San Mateo,37.480769,-122.200408,CISO,Pacific Gas & Electric Co.,eia860.zip,,5988a32,2026-09-15T19:25:24Z,
65205,AT&T - Gardena,Bloom Energy,CA,Los Angeles,33.874969,-118.289798,CISO,Los Angeles Department of Water & Power,eia860.zip,,5988a32,2026-09-15T19:25:24Z,
65206,AT&T - Hawthorne,Bloom Energy,CA,Los Angeles,33.92429,-118.320597,CISO,Southern California Edison Co,eia860.zip,,5988a32,2026-09-15T19:25:24Z,
65208,AT&T - Hayward,Bloom Energy,CA,Alameda,37.659879,-122.09685,CISO,Pacific Gas & Electric Co.,eia860.zip,,5988a32,2026-09-15T19:25:24Z,EASTSHORE
65210,Enloe Medical - Chico,Bloom Energy,CA,Butte,39.742597,-121.849688,CISO,Pacific Gas & Electric Co.,eia860.zip,,5988a32,2026-09-15T19:25:24Z,
65211,Comcast - Universal City,Bloom Energy,CA,Los Angeles,34.137717,-118.36082,CISO,Los Angeles Department of Water & Power,eia860.zip,,5988a32,2026-09-15T19:25:24Z,
65229,OK Produce Fresno Carport,OK Produce,CA,Fresno,36.723488,-119.774411,CISO,Pacific Gas & Electric Co.,eia860.zip,,5988a32,2026-09-15T19:25:24Z,
65238,Chambers 4 - Eastvale LGB3,MN8 Energy LLC,CA,Riverside,33.99848,-117.55289,CISO,Southern California Edison Co,eia860.zip,,5988a32,2026-09-15T19:25:24Z,
65251,Chambers 4 - Redland LGB4,MN8 Energy LLC,CA,San Bernardino,34.08041,-117.20138,CISO,Southern California Edison Co,eia860.zip,,5988a32,2026-09-15T19:25:24Z,SAN BERNARDINO
65252,Chambers 4 - Riverside LGB6 ,MN8 Energy LLC,CA,Riverside,33.88102,-117.30036,CISO,Southern California Edison Co,eia860.zip,,5988a32,2026-09-15T19:25:24Z,
65253,Chambers 4 - Rialto LGB8,MN8 Energy LLC,CA,San Bernardino,34.12937,-117.40554,CISO,Southern California Edison Co,eia860.zip,,5988a32,2026-09-15T19:25:24Z,
65255,Chambers 4 - Eastvale DCA2,MN8 Energy LLC,CA,Riverside,33.99347,-117.55391,CISO,Southern California Edison Co,eia860.zip,,5988a32,2026-09-15T19:25:24Z,
65256,Chambers 4 - San Bernardino SNA7,MN8 Energy LLC,CA,San Bernardino,34.07752,-117.27257,CISO,Southern California Edison Co,eia860.zip,,5988a32,2026-09-15T19:25:24Z,SAN BERNARDINO
65277,Wonderful Huller & Shelling,"Wonderful Renewable Energy, LLC.",CA,Kern,35.57609,-119.78885,CISO,Pacific Gas & Electric Co.,eia860.zip,,5988a32,2026-09-15T19:25:24Z,
65278,Wonderful Lost Hills,"Wonderful Renewable Energy, LLC.",CA,Kern,35.66934,-119.87658,CISO,Pacific Gas & Electric Co.,eia860.zip,,5988a32,2026-09-15T19:25:24Z,
65360,AT&T - San Diego Trade Street,Bloom Energy,CA,San Diego,32.88758,-117.16682,CISO,San Diego Gas & Electric Co,eia860.zip,,5988a32,2026-09-15T19:25:24Z,EASTGATE
65361,CalTech - Pasadena Wilson Ave,Bloom Energy,CA,Los Angeles,34.13818,-118.12841,CISO,Southern California Edison Co,eia860.zip,,5988a32,2026-09-15T19:25:24Z,
65364,Danell Bros Inc,"Renewable Solar, Inc",CA,Kings,36.267574,-119.631577,CISO,Pacific Gas & Electric Co.,eia860.zip,,5988a32,2026-09-15T19:25:24Z,
65365,CA - Ventura Co CCD - Moorpark College,"Forefront Power, LLC",CA,Ventura,34.299721,-118.833462,CISO,Southern California Edison Co,eia860.zip,,5988a32,2026-09-15T19:25:24Z,
65382,Lincoln WWTF Hybrid,"Lincoln Solar Star, LLC",CA,Placer,38.859,-121.346,CISO,Pacific Gas & Electric Co.,eia860.zip,,5988a32,2026-09-15T19:25:24Z,
65383,Bodega Avenue Solar LLC,Bodega Avenue Solar LLC,CA,Sonoma,38.26147,-122.7373,CISO,Pacific Gas & Electric Co.,eia860.zip,,5988a32,2026-09-15T19:25:24Z,
65395,Hummingbird Energy Storage LLC,"Hummingbird Energy Storage, LLC",CA,Santa Clara,37.239218,-121.779313,CISO,Pacific Gas & Electric Co.,eia860.zip,,5988a32,2026-09-15T19:25:24Z,SANTA TERESA
65396,Black Walnut Energy Storage LLC,Black Walnut Energy Storage LLC,CA,Ventura,34.35758,-119.057285,CISO,Southern California Edison Co,eia860.zip,,5988a32,2026-09-15T19:25:24Z,
65397,Santa Paula Energy Storage LLC,"Santa Paula Energy Storage, LLC",CA,Ventura,34.35716,-119.05499,CISO,Southern California Edison Co,eia860.zip,,5988a32,2026-09-15T19:25:24Z,
65398,Homestead Energy Storage LLC,"Homestead Energy Storage, LLC",CA,Los Angeles,34.48909,-118.6167,CISO,Southern California Edison Co,eia860.zip,,5988a32,2026-09-15T19:25:24Z,
65408,Gilead Oceanside Solar Project,Gilead Sciences Inc.,CA,San Diego,33.213138,-117.304166,CISO,San Diego Gas & Electric Co,eia860.zip,,5988a32,2026-09-15T19:25:24Z,SAN LUIS REY
65409,Gilead Foster City Solar Project,Gilead Sciences Inc. Foster City,CA,San Mateo,37.568597,-122.27797,CISO,Pacific Gas & Electric Co.,eia860.zip,,5988a32,2026-09-15T19:25:24Z,
65447,CA-Ventura Co CCD-Oxnard College Canopy,"Forefront Power, LLC",CA,Ventura,34.165905,-119.156765,CISO,Southern California Edison Co,eia860.zip,,5988a32,2026-09-15T19:25:24Z,
65456,Separator (Etiwanda) BESS,Southern California Edison Co,CA,San Bernardino,34.09211,-117.53402,CISO,Southern California Edison Co,eia860.zip,,5988a32,2026-09-15T19:25:24Z,RANCHO VISTA
65457,Cathode (Hinson) BESS,Southern California Edison Co,CA,Los Angeles,33.7763,-118.20028,CISO,Southern California Edison Co,eia860.zip,,5988a32,2026-09-15T19:25:24Z,HARBORGEN
65458,Anode (Springville) BESS,Southern California Edison Co,CA,Tulare,36.107903,-118.940872,CISO,Southern California Edison Co,eia860.zip,,5988a32,2026-09-15T19:25:24Z,SPRINGVILLE
65464,"Lerdo Detention Facility - Solar 2, 3",County of Kern - (CA),CA,Kern,35.510942,-119.109941,CISO,Pacific Gas & Electric Co.,eia860.zip,,5988a32,2026-09-15T19:25:24Z,LERDO
65469,Sealed Air Madera Solar Project,Sealed Air Corporation,CA,Madera,36.945582,-120.056016,CISO,Pacific Gas & Electric Co.,eia860.zip,,5988a32,2026-09-15T19:25:24Z,
65485,Graniterock Quarry,CalCom Energy,CA,San Benito,36.878164,-121.6028,CISO,Pacific Gas & Electric Co.,eia860.zip,,5988a32,2026-09-15T19:25:24Z,
65507,Verizon Comms Garage Top Solar Project,Verizon Communications,CA,Santa Clara,37.354492,-121.931497,CISO,City of Santa Clara - (CA),eia860.zip,,5988a32,2026-09-15T19:25:24Z,FMC
65510,Sierra Pacific Chinese Camp,Sierra Pacific Industries,CA,Tuolumne,37.883393,-120.454433,CISO,Pacific Gas & Electric Co.,eia860.zip,,5988a32,2026-09-15T19:25:24Z,
65517,Abel Road Bioenergy,ACC Renewable Resources,CA,Colusa,39.145608,-122.118591,CISO,Pacific Gas & Electric Co.,eia860.zip,,5988a32,2026-09-15T19:25:24Z,
65523,CA-DGS-California Men's Colony,"Forefront Power, LLC",CA,San Luis Obispo,35.32554,-120.69346,CISO,Pacific Gas & Electric Co.,eia860.zip,,5988a32,2026-09-15T19:25:24Z,MUSTANG
65524,CA-DGS- RFP-Correctional Training Fac,"Forefront Power, LLC",CA,Monterey,36.46767,-121.38462,CISO,Pacific Gas & Electric Co.,eia860.zip,,5988a32,2026-09-15T19:25:24Z,
65525,CA-DGS RFP-Salinas Valley State Prison,"Forefront Power, LLC",CA,Monterey,36.467471,-121.384486,CISO,Pacific Gas & Electric Co.,eia860.zip,,5988a32,2026-09-15T19:25:24Z,
65526,CA-DGS RFP-Pleasant Valley State Prison,"Forefront Power, LLC",CA,Fresno,36.130814,-120.252862,CISO,Pacific Gas & Electric Co.,eia860.zip,,5988a32,2026-09-15T19:25:24Z,
65527,CA-Ventura County CCD-Ventura College,"Forefront Power, LLC",CA,Ventura,34.25,-119.25,CISO,Southern California Edison Co,eia860.zip,,5988a32,2026-09-15T19:25:24Z,MANDALAY
65528,CA - Fresno County - Juvenile Hall,"Forefront Power, LLC",CA,Fresno,36.661113,-119.725975,CISO,Pacific Gas & Electric Co.,eia860.zip,,5988a32,2026-09-15T19:25:24Z,
65562,Amazon Bakersfield 1 Solar Project,"Solar Star Prime 3, LLC",CA,Kern,35.446616,-119.05089,CISO,Pacific Gas & Electric Co.,eia860.zip,,5988a32,2026-09-15T19:25:24Z,
65564,Calibrant Bakersfield LLC,"Bay4 Energy Services, LLC",CA,Kern,35.442085,-119.093214,CISO,Pacific Gas & Electric Co.,eia860.zip,,5988a32,2026-09-15T19:25:24Z,
65568,Google Moffett Park Solar Project,"Google, Inc.",CA,Santa Clara,37.405313,-122.017498,CISO,Pacific Gas & Electric Co.,eia860.zip,,5988a32,2026-09-15T19:25:24Z,
65569,Gilead Sciences La Verne Rooftop Solar,"Gilead Sciences, Inc. - La Verne",CA,Los Angeles,34.09623,-117.781867,CISO,Southern California Edison Co,eia860.zip,,5988a32,2026-09-15T19:25:24Z,
65570,West Valley Mission CCD Solar Project,West Valley-Mission Community College District,CA,Santa Clara,37.264377,-122.006021,CISO,Pacific Gas & Electric Co.,eia860.zip,,5988a32,2026-09-15T19:25:24Z,
65591,AVEP BESS,"Leeward Asset Management, LLC",CA,Kern,34.878039,-118.347,CISO,Southern California Edison Co,eia860.zip,,5988a32,2026-09-15T19:25:24Z,
65614,Orange Coast College PH2 Solar Project,"Solar Star Coastal Pirate, LLC",CA,Orange,33.672565,-117.91246,CISO,Southern California Edison Co,eia860.zip,,5988a32,2026-09-15T19:25:24Z,ELLIS
65615,CA - Madera USD - Madera South HS,"Forefront Power, LLC",CA,Madera,36.95,-120.05,CISO,Pacific Gas & Electric Co.,eia860.zip,,5988a32,2026-09-15T19:25:24Z,
65616,CA - Amazon - SMF6,"Forefront Power, LLC",CA,Sacramento,38.75,-121.55,CISO,Sacramento Municipal Util Dist,eia860.zip,,5988a32,2026-09-15T19:25:24Z,
65617,BBARWA,"Distributed Solar Development, LLC",CA,San Bernardino,34.267795,-116.815428,CISO,Bear Valley Electric Service,eia860.zip,,5988a32,2026-09-15T19:25:24Z,
65635,Hecate Energy Desert Storage 1 LLC,Hecate Energy Desert Storage 1 LLC,CA,Riverside,33.8079,-116.494,CISO,Southern California Edison Co,eia860.zip,,5988a32,2026-09-15T19:25:24Z,
65652,Niagara Bottling - Rialto,SkyHigh 2 Solar,CA,San Bernardino,34.126094,-117.418451,CISO,Southern California Edison Co,eia860.zip,,5988a32,2026-09-15T19:25:24Z,
65655,"Chiquito Grid, LLC","Chiquito Grid, LLC",CA,Riverside,33.58549,-117.25452,CISO,Southern California Edison Co,eia860.zip,,5988a32,2026-09-15T19:25:24Z,
65656,"Ortega Grid, LLC","Ortega Grid, LLC",CA,Riverside,33.68354,-117.32839,CISO,Southern California Edison Co,eia860.zip,,5988a32,2026-09-15T19:25:24Z,
65657,"San Jacinto Grid, LLC","San Jacinto Grid, LLC",CA,Riverside,33.92295,-116.87354,CISO,Southern California Edison Co,eia860.zip,,5988a32,2026-09-15T19:25:24Z,
65663,Sandrini Solar 200,EDPR CA Solar Park LLC,CA,Kern,35.1026,-119.054119,CISO,Pacific Gas & Electric Co.,eia860.zip,,5988a32,2026-09-15T19:25:24Z,
65664,Sandrini Solar 100,EDPR CA Solar Park II LLC,CA,Kern,35.113189,-119.110453,CISO,Pacific Gas & Electric Co.,eia860.zip,,5988a32,2026-09-15T19:25:24Z,
65672,Sanborn BESS 3,Terra-Gen Operating Co-BESS,CA,Kern,35.027031,-118.139528,CISO,Southern California Edison Co,eia860.zip,,5988a32,2026-09-15T19:25:24Z,
65673,Sanborn BESS 4,Terra-Gen Operating Co-BESS,CA,Kern,34.958108,-118.107842,CISO,Southern California Edison Co,eia860.zip,,5988a32,2026-09-15T19:25:24Z,
65674,Edwards Sanborn E1B,Terra-Gen Operating Co-Hybrid,CA,Kern,34.964033,-118.094144,CISO,Southern California Edison Co,eia860.zip,,5988a32,2026-09-15T19:25:24Z,
65675,Edwards Sanborn E4,Terra-Gen Operating Co-Hybrid,CA,Kern,34.943575,-118.087989,CISO,Southern California Edison Co,eia860.zip,,5988a32,2026-09-15T19:25:24Z,
65676,Edwards Sanborn E5,Terra-Gen Operating Co-Hybrid,CA,Kern,34.965275,-118.0773,CISO,Southern California Edison Co,eia860.zip,,5988a32,2026-09-15T19:25:24Z,
65677,Edwards Sanborn S4,Terra-Gen Operating Co-Hybrid,CA,Kern,35.012467,-118.119264,CISO,Southern California Edison Co,eia860.zip,,5988a32,2026-09-15T19:25:24Z,
65703,Humidor Storage I,Hecate Grid Humidor Storage 1 LLC,CA,Los Angeles,34.29116,-118.7518,CISO,Southern California Edison Co,eia860.zip,,5988a32,2026-09-15T19:25:24Z,
65706,POM Juice Solar,"Wonderful Renewable Energy, LLC.",CA,Fresno,36.392479,-119.351133,CISO,Pacific Gas & Electric Co.,eia860.zip,,5988a32,2026-09-15T19:25:24Z,
65707,POM Beverage Solar,"Wonderful Renewable Energy, LLC.",CA,Fresno,36.39026,-119.35792,CISO,Pacific Gas & Electric Co.,eia860.zip,,5988a32,2026-09-15T19:25:24Z,
65733,Carris Storage I,Hecate Grid Carris Storage 1 LLC,CA,Riverside,33.8079,-116.494,CISO,Southern California Edison Co,eia860.zip,,5988a32,2026-09-15T19:25:24Z,
65734,Oberon Solar Project,"Intersect USA, LLC",CA,Riverside,33.72899,-115.38238,CISO,Southern California Edison Co,eia860.zip,,5988a32,2026-09-15T19:25:24Z,
65735,Oberon II Solar Project,"Intersect USA, LLC",CA,Riverside,33.72899,-115.38238,CISO,Southern California Edison Co,eia860.zip,,5988a32,2026-09-15T19:25:24Z,
65740,"Canal Energy S23, LLC","Canal Energy S23, LLC",CA,Kings,36.1761,-119.5604,CISO,Pacific Gas & Electric Co.,eia860.zip,,5988a32,2026-09-15T19:25:24Z,WAUKENA
65743,Victory Pass,"Victory Pass I, LLC",CA,Riverside,33.701001,-115.316292,CISO,Southern California Edison Co,eia860.zip,,5988a32,2026-09-15T19:25:24Z,
65744,Arica Solar,"Arica Solar, LLC",CA,Riverside,33.701001,-115.316292,CISO,Southern California Edison Co,eia860.zip,,5988a32,2026-09-15T19:25:24Z,
65766,Dover Dairy,"Renewable Solar, Inc",CA,Kings,36.415526,-119.553653,CISO,Pacific Gas & Electric Co.,eia860.zip,,5988a32,2026-09-15T19:25:24Z,
65770,Ventura Solar,Ventura Solar LLC,CA,Ventura,34.399199,-118.901987,CISO,Southern California Edison Co,eia860.zip,,5988a32,2026-09-15T19:25:24Z,
65783,Wonderful Nursery,"Wonderful Renewable Energy, LLC.",CA,Kern,35.617738,-119.392378,CISO,Pacific Gas & Electric Co.,eia860.zip,,5988a32,2026-09-15T19:25:24Z,SEMITROPIC
65789,Santa Ana Storage 3,"Johanna Energy Center, LLC",CA,Orange,33.7149,-117.853984,CISO,Southern California Edison Co,eia860.zip,,5988a32,2026-09-15T19:25:24Z,JOHANNA
65820,Ocotillo Wells,Conductive Power,CA,San Diego,33.074673,-116.091228,CISO,Imperial Irrigation District,eia860.zip,,5988a32,2026-09-15T19:25:24Z,
65857,Sunlight Storage,"Sunlight Storage, LLC",CA,Riverside,33.803,-115.402,CISO,Southern California Edison Co,eia860.zip,,5988a32,2026-09-15T19:25:24Z,EAGLE MOUNTAIN
65889,"Nighthawk Energy Storage, LLC","Nighthawk Energy Storage, LLC",CA,San Diego,32.933958,-117.037986,CISO,San Diego Gas & Electric Co,eia860.zip,,5988a32,2026-09-15T19:25:24Z,SYCAMORE CANYON
65897,Industrial Parkway Storage,"RPCA Storage 1, LLC",CA,Santa Barbara,34.907345,-120.446521,CISO,Pacific Gas & Electric Co.,eia860.zip,,5988a32,2026-09-15T19:25:24Z,
65933,Sagebrush ESS,Terra-Gen Operating Co-BESS 2,CA,Kern,35.0477,-118.2628,CISO,Southern California Edison Co,eia860.zip,,5988a32,2026-09-15T19:25:24Z,WINDHUB
65940,Shasta College PH2 Solar Project,"TotalEnergies Distributed Generation, LLC",CA,Shasta,40.62524,-122.314023,CISO,Pacific Gas & Electric Co.,eia860.zip,,5988a32,2026-09-15T19:25:24Z,
65962,"Mesquite Solar 4, LLC",RWE Clean Energy,AZ,Maricopa,33.326467,-112.91895,CISO,San Diego Gas & Electric Co,eia860.zip,,5988a32,2026-09-15T19:25:24Z,
65965,"Java Solar, LLC","Java Solar, LLC",CA,Kings,36.233522,-119.81634,CISO,Pacific Gas & Electric Co.,eia860.zip,,5988a32,2026-09-15T19:25:24Z,
65970,Sheep Creek Community Solar Farm,Phelan Solar LLC,CA,San Bernardino,34.571845,-117.576176,CISO,Southern California Edison Co,eia860.zip,,5988a32,2026-09-15T19:25:24Z,
65980,CED West Side Canal Battery Storage,RWE Clean Energy,CA,Imperial,32.729364,-115.718589,CISO,Imperial Irrigation District,eia860.zip,,5988a32,2026-09-15T19:25:24Z,IMPERIAL VALLEY
65987,Desert Peak Energy Storage I,"Desert Peak Energy Storage I, LLC",CA,Riverside,33.9311,-116.5719,CISO,Southern California Edison Co,eia860.zip,,5988a32,2026-09-15T19:25:24Z,DEVERS
65988,Desert Peak Energy Storage II,"Desert Peak Energy Storage II, LLC",CA,Riverside,33.9311,-116.5719,CISO,Southern California Edison Co,eia860.zip,,5988a32,2026-09-15T19:25:24Z,DEVERS
66023,Grossmont-Cuyamaca-Cuyamaca Col. Solar &,"Forefront Power, LLC",CA,San Diego,32.7466,-116.9389,CISO,San Diego Gas & Electric Co,eia860.zip,,5988a32,2026-09-15T19:25:24Z,
66050,Lancaster Area Battery,AES Distributed Energy,CA,Los Angeles,34.6864,-118.3045,CISO,Southern California Edison Co,eia860.zip,,5988a32,2026-09-15T19:25:24Z,ANTELOPE
66088,Putah Creek Solar Farm North,Putah Creek Solar Farms LLC,CA,Yolo,38.524531,-121.99531,CISO,Pacific Gas & Electric Co.,eia860.zip,,5988a32,2026-09-15T19:25:24Z,
66142,Kaiser - Harbor City,Bloom Energy,CA,Los Angeles,33.788034,-118.295496,CISO,Los Angeles Department of Water & Power,eia860.zip,,5988a32,2026-09-15T19:25:24Z,
66143,San Diego Community College,Bloom Energy,CA,San Diego,32.805901,-117.167738,CISO,San Diego Gas & Electric Co,eia860.zip,,5988a32,2026-09-15T19:25:24Z,MESA HEIGHTS
66145,Life Technologies - Fremont,Bloom Energy,CA,Alameda,37.487027,-121.93942,CISO,Pacific Gas & Electric Co.,eia860.zip,,5988a32,2026-09-15T19:25:24Z,NEWARK
66146,Kaiser - LA,Bloom Energy,CA,Los Angeles,34.099359,-118.29571,CISO,Los Angeles Department of Water & Power,eia860.zip,,5988a32,2026-09-15T19:25:24Z,
66148,Kaiser - Woodland Hills,Bloom Energy,CA,Los Angeles,34.173105,-118.590273,CISO,Los Angeles Department of Water & Power,eia860.zip,,5988a32,2026-09-15T19:25:24Z,
66167,AM Wind Repower,AM Wind Repower LLC,CA,Riverside,33.943741,-116.661507,CISO,Southern California Edison Co,eia860.zip,,5988a32,2026-09-15T19:25:24Z,
66188,POM Plant 1,"Wonderful Renewable Energy, LLC.",CA,Fresno,36.657094,-119.585697,CISO,Pacific Gas & Electric Co.,eia860.zip,,5988a32,2026-09-15T19:25:24Z,
66189,POM Plant 2,"Wonderful Renewable Energy, LLC.",CA,Fresno,36.656664,-119.592219,CISO,Pacific Gas & Electric Co.,eia860.zip,,5988a32,2026-09-15T19:25:24Z,
66208,North Central Valley,"North Central Valley Energy Storage, LLC",CA,San Joaquin,38.015291,-121.017836,CISO,Pacific Gas & Electric Co.,eia860.zip,,5988a32,2026-09-15T19:25:24Z,BELLOTA
66242,Lake Elsinore Canopies - Lakeside HS,Standard Solar,CA,Riverside,33.668,-117.383,CISO,Southern California Edison Co,eia860.zip,,5988a32,2026-09-15T19:25:24Z,
66265,Paradise Energy Storage,San Diego Gas & Electric Co,CA,San Diego,32.70363,-117.04981,CISO,San Diego Gas & Electric Co,eia860.zip,,5988a32,2026-09-15T19:25:24Z,
66266,Clairemont Energy Storage,San Diego Gas & Electric Co,CA,San Diego,32.825604,-117.183245,CISO,San Diego Gas & Electric Co,eia860.zip,,5988a32,2026-09-15T19:25:24Z,MESA HEIGHTS
66270,Proxima,"Proxima Solar, LLC",CA,Stanislaus,37.40035,-121.16284,CISO,Pacific Gas & Electric Co.,eia860.zip,,5988a32,2026-09-15T19:25:24Z,FINK
66278,Elliott Energy Storage,San Diego Gas & Electric Co,CA,San Diego,32.81638,-117.08891,CISO,San Diego Gas & Electric Co,eia860.zip,,5988a32,2026-09-15T19:25:24Z,KEARNY
66279,Boulevard Energy Storage,San Diego Gas & Electric Co,CA,San Diego,32.66184,-116.2734,CISO,San Diego Gas & Electric Co,eia860.zip,,5988a32,2026-09-15T19:25:24Z,
66280,Pala Gomez Creek BESS,San Diego Gas & Electric Co,CA,San Diego,33.357667,-117.111661,CISO,San Diego Gas & Electric Co,eia860.zip,,5988a32,2026-09-15T19:25:24Z,
66281,Melrose BESS,San Diego Gas & Electric Co,CA,San Diego,33.207233,-117.252822,CISO,San Diego Gas & Electric Co,eia860.zip,,5988a32,2026-09-15T19:25:24Z,
66285,Condor Energy Storage LLC,Condor Energy Storage LLC,CA,San Bernardino,34.020478,-117.332383,CISO,Southern California Edison Co,eia860.zip,,5988a32,2026-09-15T19:25:24Z,
66286,Peregrine Energy Storage LLC,"Peregrine Energy Storage, LLC",CA,San Diego,32.692425,-117.136648,CISO,San Diego Gas & Electric Co,eia860.zip,,5988a32,2026-09-15T19:25:24Z,
66331,Wonderful Firebaugh,"Wonderful Renewable Energy, LLC.",CA,Madera,36.835981,-120.3205,CISO,Pacific Gas & Electric Co.,eia860.zip,,5988a32,2026-09-15T19:25:24Z,
66332,Wonderful Kings,"Wonderful Renewable Energy, LLC.",CA,Kern,35.769028,-119.868469,CISO,Pacific Gas & Electric Co.,eia860.zip,,5988a32,2026-09-15T19:25:24Z,
66394,"Goleta Energy Storage, LLC","Goleta Energy Storage, LLC",CA,Santa Barbara,34.432367,-119.868084,CISO,Southern California Edison Co,eia860.zip,,5988a32,2026-09-15T19:25:24Z,GOLETA
66409,Hecate Grid Gwent Storage 1,"Hecate Grid Gwent Storage 1, LLC",CA,Ventura,34.28093,-118.90296,CISO,Southern California Edison Co,eia860.zip,,5988a32,2026-09-15T19:25:24Z,MOORPARK
66423,Stanton Battery Energy Storage,"Wellhead Services, Inc",CA,Orange,33.806779,-117.988626,CISO,Southern California Edison Co,eia860.zip,,5988a32,2026-09-15T19:25:24Z,
66456,Anheuser Busch - Fairfield,Bloom Energy,CA,Solano,38.235224,-122.092666,CISO,Pacific Gas & Electric Co.,eia860.zip,,5988a32,2026-09-15T19:25:24Z,
66458,Redlands Community Hospital,Bloom Energy,CA,San Bernardino,34.03625,-117.206211,CISO,Southern California Edison Co,eia860.zip,,5988a32,2026-09-15T19:25:24Z,
66459,Taylor Farms - Schilling Place,Bloom Energy,CA,Monterey,36.65388,-121.62369,CISO,Pacific Gas & Electric Co.,eia860.zip,,5988a32,2026-09-15T19:25:24Z,
66461,Beaumont BESS,Terra-Gen Operating Co-BESS 2,CA,Riverside,33.92444,-116.98763,CISO,Southern California Edison Co,eia860.zip,,5988a32,2026-09-15T19:25:24Z,
66462,Placerita ESS,Terra-Gen Operating Co-BESS 2,CA,Los Angeles,34.41,-118.45,CISO,Southern California Edison Co,eia860.zip,,5988a32,2026-09-15T19:25:24Z,
66468,Clovis High School,Tesla Inc.,CA,Fresno,36.817101,-119.681918,CISO,Pacific Gas & Electric Co.,eia860.zip,,5988a32,2026-09-15T19:25:24Z,
66469,Clovis East High School,Tesla Inc.,CA,Fresno,36.799669,-119.640598,CISO,Pacific Gas & Electric Co.,eia860.zip,,5988a32,2026-09-15T19:25:24Z,
66470,Clovis North High School,Tesla Inc.,CA,Fresno,36.890115,-119.736674,CISO,Pacific Gas & Electric Co.,eia860.zip,,5988a32,2026-09-15T19:25:24Z,
66472,San Manuel Central Plant Cogens,Yuhaaviatam of San Manuel Nation,CA,San Bernardino,34.151193,-117.23025,CISO,Southern California Edison Co,eia860.zip,,5988a32,2026-09-15T19:25:24Z,
66475,CA Bloomington 2551 S Lilac Avenue Micro,Catalyze Bloomington 2551 S Lilac Avenue Microgrid LLC,CA,San Bernardino,34.05523,-117.377807,CISO,Southern California Edison Co,eia860.zip,,5988a32,2026-09-15T19:25:24Z,
66476,CA Jurupa Valley 3251 De Forest Circle,Catalyze Mira Loma 3251 De Forest Circle Microgrid LLC,CA,Riverside,34.026711,-117.521139,CISO,Southern California Edison Co,eia860.zip,,5988a32,2026-09-15T19:25:24Z,
66492,Henry Miller RD,Henry Miller Reclamation District,CA,Merced,37.0543,-120.63523,CISO,Pacific Gas & Electric Co.,eia860.zip,,5988a32,2026-09-15T19:25:24Z,
66494,Menifee Power Bank,"Nova Power, LLC",CA,Riverside,33.739005,-117.1698,CISO,Southern California Edison Co,eia860.zip,,5988a32,2026-09-15T19:25:24Z,
66500,Valley Center 85,Terra-Gen Operating Co-BESS 2,CA,San Diego,33.227236,-117.017744,CISO,San Diego Gas & Electric Co,eia860.zip,,5988a32,2026-09-15T19:25:24Z,
66502,Valley Center 54,Terra-Gen Operating Co-BESS 2,CA,San Diego,33.227236,-117.017744,CISO,San Diego Gas & Electric Co,eia860.zip,,5988a32,2026-09-15T19:25:24Z,
66505,EnerSmart Chula Vista Sub Station,EnerSmart Chula Vista Sub Station,CA,San Diego,32.5945,-117.050694,CISO,San Diego Gas & Electric Co,eia860.zip,,5988a32,2026-09-15T19:25:24Z,OTAY
66506,West Tambo Clean Power II,West Tambo Clean Power II,CA,Merced,37.360955,-120.719395,CISO,Pacific Gas & Electric Co.,eia860.zip,,5988a32,2026-09-15T19:25:24Z,
66509,CA Manteca 730 Spreckels Ave,Catalyze Manteca 730 Spreckels Avenue Microgrid LLC,CA,San Joaquin,37.788679,-121.194505,CISO,Pacific Gas & Electric Co.,eia860.zip,,5988a32,2026-09-15T19:25:24Z,
66510,CA Moss Landing 3040 Hilltop Rd,"Catalyze Moss Landing Hilltop Rd Microgrid, LLC",CA,Monterey,36.864882,-121.776707,CISO,Pacific Gas & Electric Co.,eia860.zip,,5988a32,2026-09-15T19:25:24Z,
66511,CA Riverside 2356 Fleetwood Dr.,Catalyze Riverside 2356 Fleetwood Drive Microgrid LLC,CA,Riverside,34.012142,-117.38107,CISO,Southern California Edison Co,eia860.zip,,5988a32,2026-09-15T19:25:24Z,
66532,BCE Los Alamitos 2,Bright Canyon Energy,CA,Orange,33.7841,-118.0509,CISO,Southern California Edison Co,eia860.zip,,5988a32,2026-09-15T19:25:24Z,
66533,BCE Los Alamitos 1,Bright Canyon Energy,CA,Orange,33.7899,-118.0639,CISO,Southern California Edison Co,eia860.zip,,5988a32,2026-09-15T19:25:24Z,
66551,EnerSmart Imperial Beach BESS,EnerSmart Storage,CA,San Diego,32.583468,-117.0968,CISO,San Diego Gas & Electric Co,eia860.zip,,5988a32,2026-09-15T19:25:24Z,BAY BOULEVARD
66552,EnerSmart Mesa Heights Sub Station,EnerSmart Storage,CA,San Diego,32.82412,-117.15128,CISO,San Diego Gas & Electric Co,eia860.zip,,5988a32,2026-09-15T19:25:24Z,MESA HEIGHTS
66575,Sunlight Storage II,Sunlight Storage II,CA,Riverside,33.809536,-115.793889,CISO,Southern California Edison Co,eia860.zip,,5988a32,2026-09-15T19:25:24Z,
66598,Baldy Mesa Solar & Storage,AES Clean Energy,CA,San Bernardino,34.609183,-117.454264,CISO,Southern California Edison Co,eia860.zip,,5988a32,2026-09-15T19:25:24Z,
66599,Dark Sky Energy Center,San Diego Gas & Electric Co,CA,San Diego,33.270508,-116.34698,CISO,San Diego Gas & Electric Co,eia860.zip,,5988a32,2026-09-15T19:25:24Z,
66603,IGS OXR1,Greenbacker Renewable Energy Corporation,CA,Ventura,34.212521,-119.129688,CISO,Southern California Edison Co,eia860.zip,,5988a32,2026-09-15T19:25:24Z,
66617,Cald BESS,Cald BESS LLC,CA,Los Angeles,33.955872,-118.2321,CISO,Southern California Edison Co,eia860.zip,,5988a32,2026-09-15T19:25:24Z,
66619,Lakeview Battery Storage Facility,"AFTW Storage, LLC",CA,Kern,35.095124,-119.065909,CISO,Pacific Gas & Electric Co.,eia860.zip,,5988a32,2026-09-15T19:25:24Z,
66620,Resurgence Solar II,Resurgence Solar II,CA,San Bernardino,35.00656,-117.54484,CISO,Southern California Edison Co,eia860.zip,,5988a32,2026-09-15T19:25:24Z,KRAMER
66622,9150 Hermosa Solar GM,Valta Energy,CA,San Bernardino,34.0878,-117.5872,CISO,Southern California Edison Co,eia860.zip,,5988a32,2026-09-15T19:25:24Z,RANCHO VISTA
66636,McFarland A Solar and Storage,AES Clean Energy,AZ,Yuma,32.951288,-113.490521,CISO,San Diego Gas & Electric Co,eia860.zip,,5988a32,2026-09-15T19:25:24Z,
66637,McFarland B Solar and Storage,AES Clean Energy,AZ,Yuma,32.957479,-113.475962,CISO,San Diego Gas & Electric Co,eia860.zip,,5988a32,2026-09-15T19:25:24Z,
66638,Enchanted Rock Lodi,Enchanted Rock,CA,San Joaquin,38.147724,-121.299694,CISO,City of Lodi - (CA),eia860.zip,,5988a32,2026-09-15T19:25:24Z,
66648,Blackwell?s Corner Storage Facility,"Blackwell Test Facility, LLC",CA,Kern,35.618402,-119.840681,CISO,Pacific Gas & Electric Co.,eia860.zip,,5988a32,2026-09-15T19:25:24Z,
66650,Bear Canyon,Bear Canyon Energy Storage,CA,Lake,38.762781,-122.692786,CISO,Pacific Gas & Electric Co.,eia860.zip,,5988a32,2026-09-15T19:25:24Z,
66659,Acid BESS,Malaga BESS LLC,CA,Fresno,36.6905,-119.74042,CISO,Pacific Gas & Electric Co.,eia860.zip,,5988a32,2026-09-15T19:25:24Z,
66660,Lead BESS 1,Hanford BESS LLC,CA,Kings,36.269531,-119.648737,CISO,Pacific Gas & Electric Co.,eia860.zip,,5988a32,2026-09-15T19:25:24Z,
66661,Electrolyte BESS,Henrietta BESS LLC,CA,Kings,36.240156,-119.904406,CISO,Pacific Gas & Electric Co.,eia860.zip,,5988a32,2026-09-15T19:25:24Z,HENRIETTA
66662,Lead BESS 2,Hanford BESS LLC,CA,Kings,36.269531,-119.648737,CISO,Pacific Gas & Electric Co.,eia860.zip,,5988a32,2026-09-15T19:25:24Z,
66666,Tumbleweed Energy Storage,"Tumbleweed Energy Storage, LLC",CA,Kern,34.83427,-118.33898,CISO,Southern California Edison Co,eia860.zip,,5988a32,2026-09-15T19:25:24Z,
66667,City of Rosamond (CA),Standard Solar,CA,Kern,34.835677,-118.146832,CISO,Southern California Edison Co,eia860.zip,,5988a32,2026-09-15T19:25:24Z,
66669,West Ford Flat,West Ford Flat Energy Storage,CA,Lake,38.788111,-122.721828,CISO,Pacific Gas & Electric Co.,eia860.zip,,5988a32,2026-09-15T19:25:24Z,
66676,Kings CSG 3 LLC Community Solar,Dimension Energy LLC,CA,Kings,36.24918,-119.8852,CISO,Pacific Gas & Electric Co.,eia860.zip,,5988a32,2026-09-15T19:25:24Z,HENRIETTA
66677,Visalia CSG LLC,Dimension Energy LLC,CA,Tulare,36.30677,-119.23999,CISO,Southern California Edison Co,eia860.zip,,5988a32,2026-09-15T19:25:24Z,RECTOR
66678,Aramis I Solar Project,"IP Aramis, LLC",CA,Alameda,37.749678,-121.766083,CISO,Pacific Gas & Electric Co.,eia860.zip,,5988a32,2026-09-15T19:25:24Z,CAYETANO
66679,Tulare CSG LLC,Dimension Energy LLC,CA,Tulare,35.98738,-119.48043,CISO,Pacific Gas & Electric Co.,eia860.zip,,5988a32,2026-09-15T19:25:24Z,
66685,Whale Rock Pumped Storage Hydro Project,Premium Energy Holdings,CA,San Luis Obispo,35.454196,-120.867069,CISO,Pacific Gas & Electric Co.,eia860.zip,,5988a32,2026-09-15T19:25:24Z,
66699,Lockhart Solar PV II,Terra-Gen Operating Co-Solar,CA,San Bernardino,35.04351,-117.3489,CISO,Southern California Edison Co,eia860.zip,,5988a32,2026-09-15T19:25:24Z,
66713,Wheeler Ridge,"Agilitas Energy, Inc.",CA,Kern,35.082,-119.316,CISO,Pacific Gas & Electric Co.,eia860.zip,,5988a32,2026-09-15T19:25:24Z,
66714,Crystal Farms Local Solar,"Agilitas Energy, Inc.",CA,Fresno,36.633807,-120.177104,CISO,Pacific Gas & Electric Co.,eia860.zip,,5988a32,2026-09-15T19:25:24Z,
66715,Fresno Community Solar,"Agilitas Energy, Inc.",CA,Fresno,36.696,-119.885,CISO,Pacific Gas & Electric Co.,eia860.zip,,5988a32,2026-09-15T19:25:24Z,
66726,Inland Empire Energy Storage,"Strata Manager, LLC",CA,San Bernardino,34.137674,-117.41597,CISO,Southern California Edison Co,eia860.zip,,5988a32,2026-09-15T19:25:24Z,
66733,Lost Hills Oilfield,"Distributed Solar Development, LLC",CA,Kern,35.65,-119.85,CISO,Pacific Gas & Electric Co.,eia860.zip,,5988a32,2026-09-15T19:25:24Z,
66754,EnerSmart El Cajon BESS,EnerSmart Storage,CA,San Diego,32.80417,-116.92547,CISO,San Diego Gas & Electric Co,eia860.zip,,5988a32,2026-09-15T19:25:24Z,EL CAJON
66755,EnerSmart Murray BESS,EnerSmart Storage,CA,San Diego,32.78998,-117.02282,CISO,San Diego Gas & Electric Co,eia860.zip,,5988a32,2026-09-15T19:25:24Z,EL CAJON
66757,Bottleneck Energy Storage,VESI 12 LLC,CA,Tulare,35.838361,-119.088374,CISO,Southern California Edison Co,eia860.zip,,5988a32,2026-09-15T19:25:24Z,VESTAL
66772,Estrella Solar & Storage,AES Clean Energy,CA,Los Angeles,34.807789,-118.316504,CISO,Southern California Edison Co,eia860.zip,,5988a32,2026-09-15T19:25:24Z,
66773,Raceway Solar & Storage,AES Clean Energy,CA,Los Angeles,34.842388,-118.286187,CISO,Southern California Edison Co,eia860.zip,,5988a32,2026-09-15T19:25:24Z,
66787,Elevate Pier S,"Lighthouse Pier S, LLC",CA,Los Angeles,33.764993,-118.223658,CISO,Southern California Edison Co,eia860.zip,,5988a32,2026-09-15T19:25:24Z,HARBORGEN
66797,Agriculture Capital - Legacy Packing,"Distributed Solar Development, LLC",CA,Tulare,36.49466,-119.46698,CISO,Pacific Gas & Electric Co.,eia860.zip,,5988a32,2026-09-15T19:25:24Z,
66799,Bishop Ranch - BR 1-Y,"Distributed Solar Development, LLC",CA,Contra Costa,37.76217,-121.9579,CISO,Pacific Gas & Electric Co.,eia860.zip,,5988a32,2026-09-15T19:25:24Z,
66800,Bishop Ranch - BR 8-P,"Distributed Solar Development, LLC",CA,Contra Costa,37.76819,-121.9666,CISO,Pacific Gas & Electric Co.,eia860.zip,,5988a32,2026-09-15T19:25:24Z,
66805,Lycan Solar Project,"EDF Renewables Development, Inc.",CA,Riverside,33.621326,-115.095914,CISO,Southern California Edison Co,eia860.zip,,5988a32,2026-09-15T19:25:24Z,
66806,Vulcan San Emidio Solar,Renew Solar VMC LLC,CA,Kern,35.049,-119.1812,CISO,Pacific Gas & Electric Co.,eia860.zip,,5988a32,2026-09-15T19:25:24Z,
66807,SEPV Cuyama Hybrid,"SEPV Cuyama, LLC",CA,Santa Barbara,34.904711,-119.584995,CISO,Pacific Gas & Electric Co.,eia860.zip,,5988a32,2026-09-15T19:25:24Z,
66809,Avenue 26 Solar,"RPCA Solar 1, LLC",CA,Madera,37.125754,-120.178792,CISO,Pacific Gas & Electric Co.,eia860.zip,,5988a32,2026-09-15T19:25:24Z,
66810,East Cleveland Road Solar,"RPCA Solar 7, LLC",CA,Merced,37.124972,-120.457473,CISO,Pacific Gas & Electric Co.,eia860.zip,,5988a32,2026-09-15T19:25:24Z,
66863,Blackjack Solar,South County Packing,CA,Monterey,36.181538,-121.026685,CISO,Pacific Gas & Electric Co.,eia860.zip,,5988a32,2026-09-15T19:25:24Z,
66885,Baldy Mesa 2_Silver Peak Hybrid,AES Clean Energy,CA,San Bernardino,34.609137,-117.453663,CISO,Southern California Edison Co,eia860.zip,,5988a32,2026-09-15T19:25:24Z,
66890,"SF Azalea, LLC",Idemitsu Renewables,CA,Kern,35.767393,-119.894454,CISO,Pacific Gas & Electric Co.,eia860.zip,,5988a32,2026-09-15T19:25:24Z,
66892,Conflitti Solar,"CES Electron Farm One, LLC",CA,Fresno,36.6281,-120.5708,CISO,Pacific Gas & Electric Co.,eia860.zip,,5988a32,2026-09-15T19:25:24Z,PANOCHE
66908,Bonanza Solar and Storage Project,"EDF Renewables Development, Inc.",NV,Clark,36.558,-115.799,CISO,Gridliance West,eia860.zip,,5988a32,2026-09-15T19:25:24Z,
66923,SunZia Wind South,Pattern Operators LP,NM,Lincoln,34.351782,-105.592542,CISO,SunZia Transmission LLC,eia860.zip,,5988a32,2026-09-15T19:25:24Z,
66924,SunZia Wind North,Pattern Operators LP,NM,Torrance,34.351782,-105.592542,CISO,SunZia Transmission LLC,eia860.zip,,5988a32,2026-09-15T19:25:24Z,
66946,"Lockhart ESS, LLC",Terra-Gen Operating Co-Solar,CA,San Bernardino,35.032461,-117.35673,CISO,Southern California Edison Co,eia860.zip,,5988a32,2026-09-15T19:25:24Z,
66948,"VS BC Pacific Gateway, LLC",TRITEC Americas,CA,Los Angeles,33.85324,-118.29675,CISO,Los Angeles Department of Water & Power,eia860.zip,,5988a32,2026-09-15T19:25:24Z,
66949,Sagebrush Solar 2 ESS 40,Terra-Gen Operating Co-BESS 2,CA,Kern,35.0477,-118.2628,CISO,Southern California Edison Co,eia860.zip,,5988a32,2026-09-15T19:25:24Z,WINDHUB
66950,Sagebrush Solar 2 ESS 59,Terra-Gen Operating Co-BESS 2,CA,Kern,35.0477,-118.2628,CISO,Southern California Edison Co,eia860.zip,,5988a32,2026-09-15T19:25:24Z,WINDHUB
66951,Scarlet II Hybrid,EDPR Scarlet II LLC,CA,Fresno,36.60369,-120.375732,CISO,Pacific Gas & Electric Co.,eia860.zip,,5988a32,2026-09-15T19:25:24Z,
66953,CPA 3777 Workman,Prologis Logistics Services Incorporated,CA,Los Angeles,34.0209,-118.04019,CISO,Southern California Edison Co,eia860.zip,,5988a32,2026-09-15T19:25:24Z,
66957,CPA 2132 E Dominguez,Prologis Logistics Services Incorporated,CA,Los Angeles,33.83783,-118.2312,CISO,Southern California Edison Co,eia860.zip,,5988a32,2026-09-15T19:25:24Z,HINSON
66959,CPA Wilmington 1,Prologis Logistics Services Incorporated,CA,Los Angeles,33.82294,-118.2456,CISO,Southern California Edison Co,eia860.zip,,5988a32,2026-09-15T19:25:24Z,HINSON
67000,Cawelo Water District Solar,"Scooby Solar, LLC",CA,Kern,35.049,-119.1812,CISO,Pacific Gas & Electric Co.,eia860.zip,,5988a32,2026-09-15T19:25:24Z,
67001,"Sunny Cow Solar, LLC","Headwater Energy, LLC",CA,Kern,35.2581,-119.1492,CISO,Pacific Gas & Electric Co.,eia860.zip,,5988a32,2026-09-15T19:25:24Z,
67030,Elkhorn Dairy,Bravo REC Management LLC,CA,Tulare,36.47229,-119.346653,CISO,Southern California Edison Co,eia860.zip,,5988a32,2026-09-15T19:25:24Z,
67039,"Northern Orchard Solar PV, LLC",RWE Clean Energy,CA,Kern,35.120183,-119.279017,CISO,Pacific Gas & Electric Co.,eia860.zip,,5988a32,2026-09-15T19:25:24Z,BITTERWATER
67069,IPC 25 Solar,Prologis Logistics Services Incorporated,CA,San Joaquin,37.739193,-121.536855,CISO,Pacific Gas & Electric Co.,eia860.zip,,5988a32,2026-09-15T19:25:24Z,TESLA
67073,"Case Vander Eyk, Jr Dairy Solar",Bravo REC Management LLC,CA,Tulare,35.972788,-119.394323,CISO,Southern California Edison Co,eia860.zip,,5988a32,2026-09-15T19:25:24Z,
67092,Paulsell,"Crow Creek Solar, LLC",CA,Stanislaus,37.374065,-121.135202,CISO,Pacific Gas & Electric Co.,eia860.zip,,5988a32,2026-09-15T19:25:24Z,
67093,Mojave 16/17/18 BESS,Terra-Gen Operating Co-BESS 2,CA,Kern,35.044166,-118.275556,CISO,Southern California Edison Co,eia860.zip,,5988a32,2026-09-15T19:25:24Z,WINDHUB
67105,Pastoria Solar,"Pastoria Solar Energy Company, LLC",CA,Kern,34.955231,-118.864169,CISO,Southern California Edison Co,eia860.zip,,5988a32,2026-09-15T19:25:24Z,PASTORIA
67118,Santee BESS,San Diego Gas & Electric Co,CA,San Diego,32.854918,-116.968448,CISO,San Diego Gas & Electric Co,eia860.zip,,5988a32,2026-09-15T19:25:24Z,
67169,Bear Creek Solar (Orinda),"Solar Star Bear Creek, LLC",CA,Contra Costa,37.919197,-122.186294,CISO,Pacific Gas & Electric Co.,eia860.zip,,5988a32,2026-09-15T19:25:24Z,
67170,Amazon SAN3 Solar Project,Solar Star Prime 4 LLC,CA,San Diego,32.566208,-116.933468,CISO,San Diego Gas & Electric Co,eia860.zip,,5988a32,2026-09-15T19:25:24Z,
67179,Cabrillo College,"Forefront Power, LLC",CA,Santa Cruz,36.987452,-121.922414,CISO,Pacific Gas & Electric Co.,eia860.zip,,5988a32,2026-09-15T19:25:24Z,
67229,Trestles Grid LLC,Trestles Grid LLC,CA,Riverside,33.74232,-117.161139,CISO,Southern California Edison Co,eia860.zip,,5988a32,2026-09-15T19:25:24Z,
67234,Lara 2 Hybrid,ZGlobal Inc,CA,Merced,36.989444,-120.87808,CISO,Pacific Gas & Electric Co.,eia860.zip,,5988a32,2026-09-15T19:25:24Z,
67257,Bear Valley Battery Plant,Bear Valley Electric Service,CA,San Bernardino,34.25,-116.86,CISO,Bear Valley Electric Service,eia860.zip,,5988a32,2026-09-15T19:25:24Z,
67258,Bear Valley Solar Plant,Bear Valley Electric Service,CA,San Bernardino,34.25,-116.81,CISO,Bear Valley Electric Service,eia860.zip,,5988a32,2026-09-15T19:25:24Z,
67277,Bishop Ranch - BR 15-DD,"Alcosta Boulevard BR 15-DD Solar Project 2020, LLC",CA,Contra Costa,37.7729,-121.959485,CISO,Pacific Gas & Electric Co.,eia860.zip,,5988a32,2026-09-15T19:25:24Z,
67278,Bishop Ranch - BR 2600,"Camino Ramon BR 2600 Solar Project 2020, LLC",CA,Contra Costa,37.766308,-121.96169,CISO,Pacific Gas & Electric Co.,eia860.zip,,5988a32,2026-09-15T19:25:24Z,
67283,Six Flags Magic Mountain,"Magic Mountain Parkway Solar Project 2023, LLC",CA,Los Angeles,34.428209,-118.599257,CISO,Southern California Edison Co,eia860.zip,,5988a32,2026-09-15T19:25:24Z,
67287,Dos Palos Clean Power,Dos Palos Clean Power LLC,CA,Merced,37.002643,-120.638242,CISO,Pacific Gas & Electric Co.,eia860.zip,,5988a32,2026-09-15T19:25:24Z,
67288,Foster Clean Power A,"Foster Clean Power A, LLC",CA,Humboldt,40.882295,-124.101187,CISO,Pacific Gas & Electric Co.,eia860.zip,,5988a32,2026-09-15T19:25:24Z,
67299,Pome BESS,MN8 Energy LLC,CA,San Diego,32.94005,-117.031898,CISO,San Diego Gas & Electric Co,eia860.zip,,5988a32,2026-09-15T19:25:24Z,SYCAMORE CANYON
67360,Hat Creek Bioenergy,"Hat Creek Bioenergy, LLC",CA,Shasta,40.987783,-121.622494,CISO,Pacific Gas & Electric Co.,eia860.zip,,5988a32,2026-09-15T19:25:24Z,
67365,Tejon Castac Water District Solar,"CTMW Solar, LLC",CA,Kern,35.0009,-118.8983,CISO,Pacific Gas & Electric Co.,eia860.zip,,5988a32,2026-09-15T19:25:24Z,
67432,Double J Dairy Array,Bravo REC Management LLC,CA,Tulare,36.362673,-119.426019,CISO,Southern California Edison Co,eia860.zip,,5988a32,2026-09-15T19:25:24Z,
67485,Union Sanitary District Cogen,Union Sanitary District,CA,Alameda,37.589632,-122.090716,CISO,Pacific Gas & Electric Co.,eia860.zip,,5988a32,2026-09-15T19:25:24Z,EASTSHORE
67498,McFarland C,AES Clean Energy,AZ,Yuma,32.946009,-113.491553,CISO,Arizona Public Service Co,eia860.zip,,5988a32,2026-09-15T19:25:24Z,
67509,Grossmont College,"Forefront Power, LLC",CA,San Diego,32.816578,-117.006302,CISO,San Diego Gas & Electric Co,eia860.zip,,5988a32,2026-09-15T19:25:24Z,EL CAJON
67510,"Lockhart Solar PV IV, LLC",Terra-Gen Operating Co-Solar,CA,San Bernardino,35.031908,-117.337897,CISO,Southern California Edison Co,eia860.zip,,5988a32,2026-09-15T19:25:24Z,
67512,Lone Oak,Bravo REC Management LLC,CA,Kings,36.270566,-119.518202,CISO,Southern California Edison Co,eia860.zip,,5988a32,2026-09-15T19:25:24Z,
67533,RB Inyokern Solar WDAT 1203 (CSG),Dimension Energy LLC,CA,Kern,35.655806,-117.810322,CISO,Southern California Edison Co,eia860.zip,,5988a32,2026-09-15T19:25:24Z,INYOKERN
67534,RB Inyokern Solar WDAT 1281 (CSG),Dimension Energy LLC,CA,Kern,35.659913,-117.810322,CISO,Southern California Edison Co,eia860.zip,,5988a32,2026-09-15T19:25:24Z,INYOKERN
67565,East Road Storage Project,Form Energy Inc.,CA,Mendocino,39.25,-123.196,CISO,Pacific Gas & Electric Co.,eia860.zip,,5988a32,2026-09-15T19:25:24Z,
67579,AES ES Alamitos 2 LLC,AES Clean Energy,CA,Los Angeles,33.770287,-118.099995,CISO,Southern California Edison Co,eia860.zip,,5988a32,2026-09-15T19:25:24Z,
67602,Zonneveld Oak Grove,"Renewable Solar, Inc",CA,Fresno,36.457362,-119.763582,CISO,Pacific Gas & Electric Co.,eia860.zip,,5988a32,2026-09-15T19:25:24Z,
67603,River Ranch Dairy,"Renewable Solar, Inc",CA,Kings,36.249006,-119.582893,CISO,Pacific Gas & Electric Co.,eia860.zip,,5988a32,2026-09-15T19:25:24Z,
67648,Rio Vista Solar,"Rio Vista Executive Boat & RV Storage, LLC",CA,Solano,38.16492,-121.68468,CISO,Pacific Gas & Electric Co.,eia860.zip,,5988a32,2026-09-15T19:25:24Z,
67676,Zeta Solar & Storage,"Zeta Solar, LLC",CA,Merced,36.911894,-120.810111,CISO,Pacific Gas & Electric Co.,eia860.zip,,5988a32,2026-09-15T19:25:24Z,
67680,Kola Energy Center,"Kola Energy Storage, LLC",CA,San Joaquin,37.709773,-121.55528,CISO,Pacific Gas & Electric Co.,eia860.zip,,5988a32,2026-09-15T19:25:24Z,TESLA
67691,Kern Front,Greenbacker Renewable Energy Corporation,CA,Kern,35.514246,-119.04102,CISO,Pacific Gas & Electric Co.,eia860.zip,,5988a32,2026-09-15T19:25:24Z,
67695,Holtville,Greenbacker Renewable Energy Corporation,CA,Imperial,32.813389,-115.388667,CISO,Imperial Irrigation District,eia860.zip,,5988a32,2026-09-15T19:25:24Z,
67734,Silver State South Storage,"Silver State South Storage, LLC",NV,Clark,35.633135,-115.344196,CISO,Southern California Edison Co,eia860.zip,,5988a32,2026-09-15T19:25:24Z,PRIMM
67736,Silver Peak,"Silver Peak Solar, LLC",NV,Clark,35.831084,-114.992447,CISO,Southern California Edison Co,eia860.zip,,5988a32,2026-09-15T19:25:24Z,SLOAN CANYON
67743,Bishop Ranch BR 1-X,Bollinger Canyon Road BR 1-X Solar Project 2020,CA,Contra Costa,37.759761,-121.955956,CISO,Pacific Gas & Electric Co.,eia860.zip,,5988a32,2026-09-15T19:25:24Z,
67746,Highway 43 1887-WD,Standard Solar,CA,Kern,35.528089,-119.311047,CISO,Pacific Gas & Electric Co.,eia860.zip,,5988a32,2026-09-15T19:25:24Z,
67747,Nachtigall 1836-WD,Standard Solar,CA,Kern,35.608721,-119.325822,CISO,Pacific Gas & Electric Co.,eia860.zip,,5988a32,2026-09-15T19:25:24Z,
67748,Terry 1818-WD,Standard Solar,CA,Kern,35.607804,-119.328794,CISO,Pacific Gas & Electric Co.,eia860.zip,,5988a32,2026-09-15T19:25:24Z,
67749,Pistachio Road 1726-WD,Russell Pacific LLC,CA,Kern,35.70789,-119.891723,CISO,Pacific Gas & Electric Co.,eia860.zip,,5988a32,2026-09-15T19:25:24Z,
67750,Kern Sunset 1886-WD,Standard Solar,CA,Kern,35.220668,-118.908889,CISO,Pacific Gas & Electric Co.,eia860.zip,,5988a32,2026-09-15T19:25:24Z,
67764,Rosamond South 1,"Golden Fields Solar IV, LLC",CA,Kern,34.842496,-118.378491,CISO,Southern California Edison Co,eia860.zip,,5988a32,2026-09-15T19:25:24Z,
67770,Pittsburg RV Solar,"Pittsburg RV & Boat Storage, LLC",CA,Contra Costa,38.01155,-121.845295,CISO,Pacific Gas & Electric Co.,eia860.zip,,5988a32,2026-09-15T19:25:24Z,
67793,Open Sky Ranch Inc,Bravo REC Management LLC,CA,Fresno,36.46052,-120.030549,CISO,Pacific Gas & Electric Co.,eia860.zip,,5988a32,2026-09-15T19:25:24Z,
67794,City of Atwater NEM,SoCore Energy LLC,CA,Merced,37.274,-120.629,CISO,Pacific Gas & Electric Co.,eia860.zip,,5988a32,2026-09-15T19:25:24Z,
67818,Corcoran Irrigation District Floating So,"Solar Powered Ag, LLC",CA,Kings,36.138287,-119.564302,CISO,Pacific Gas & Electric Co.,eia860.zip,,5988a32,2026-09-15T19:25:24Z,WAUKENA
67820,Dixie Creek Dairy Solar,Bravo REC Management LLC,CA,Kings,36.29907,-119.500218,CISO,Southern California Edison Co,eia860.zip,,5988a32,2026-09-15T19:25:24Z,
67828,Mordor ES1,Mordor ES1 LLC,CA,Inyo,36.008507,-117.814089,CISO,Southern California Edison Co,eia860.zip,,5988a32,2026-09-15T19:25:24Z,
67829,Mordor ES2,Mordor ES2 LLC,CA,Inyo,36.0088,-117.8148,CISO,Southern California Edison Co,eia860.zip,,5988a32,2026-09-15T19:25:24Z,
67835,Costa View Farms,"127 CVF, LLC",CA,Madera,36.99,-120.308,CISO,Pacific Gas & Electric Co.,eia860.zip,,5988a32,2026-09-15T19:25:24Z,
67836,Gibson Solar Project - Hybrid,"Emeren US, LLC",CA,Yolo,38.678386,-121.987636,CISO,Pacific Gas & Electric Co.,eia860.zip,,5988a32,2026-09-15T19:25:24Z,
67848,Luna Valley,"Luna Valley Solar I, LLC",CA,Fresno,36.592419,-120.403134,CISO,Pacific Gas & Electric Co.,eia860.zip,,5988a32,2026-09-15T19:25:24Z,
67853,Delta Electronics Fremont,Delta Electronics (Americas) Ltd,CA,Alameda,37.48963,-121.949,CISO,Pacific Gas & Electric Co.,eia860.zip,,5988a32,2026-09-15T19:25:24Z,NEWARK
67859,Foster Clean Power B,Foster Clean Power B LLC,CA,Humboldt,40.882295,-124.101187,CISO,Pacific Gas & Electric Co.,eia860.zip,,5988a32,2026-09-15T19:25:24Z,
67863,TWC,Bravo REC Management LLC,CA,Tulare,36.122809,-119.447658,CISO,Southern California Edison Co,eia860.zip,,5988a32,2026-09-15T19:25:24Z,
67866,Paso Robles - Municipal Airport,Onyx Asset Services Group,CA,San Luis Obispo,35.679378,-120.635889,CISO,Pacific Gas & Electric Co.,eia860.zip,,5988a32,2026-09-15T19:25:24Z,
67868,Harris Farms Solar Facility,Harris Farms Inc,CA,Fresno,36.253184,-120.229268,CISO,Pacific Gas & Electric Co.,eia860.zip,,5988a32,2026-09-15T19:25:24Z,
67878,Chula Vista Energy Center 2,"Wellhead Services, Inc",CA,San Diego,32.59507,-117.05861,CISO,San Diego Gas & Electric Co,eia860.zip,,5988a32,2026-09-15T19:25:24Z,OTAY
67894,Bellefield 3 Solar and Battery Storage,"51LV 8me, LLC",CA,Kern,35.029153,-117.992561,CISO,Southern California Edison Co,eia860.zip,,5988a32,2026-09-15T19:25:24Z,
67913,Wonderful Orchards - West Valley,"Wonderful Renewable Energy, LLC.",CA,Kern,35.658203,-119.972953,CISO,Pacific Gas & Electric Co.,eia860.zip,,5988a32,2026-09-15T19:25:24Z,
67931,Daggett 1,Daggett Solar Power 1 LLC,CA,San Bernardino,34.860918,-116.855281,CISO,Southern California Edison Co,eia860.zip,,5988a32,2026-09-15T19:25:24Z,
67945,Juniper Creek Storage,Vesper Energy Development LLC,CA,Sacramento,38.554073,-121.206596,CISO,Sacramento Municipal Util Dist,eia860.zip,,5988a32,2026-09-15T19:25:24Z,
67982,Athens Solar I (Hybrid),Vesper Energy Development LLC,CA,Placer,35.754889,-121.407074,CISO,Sacramento Municipal Util Dist,eia860.zip,,5988a32,2026-09-15T19:25:24Z,
68012,Caballero,Caballero CA Storage LLC,CA,San Luis Obispo,35.006356,-120.453741,CISO,Pacific Gas & Electric Co.,eia860.zip,,5988a32,2026-09-15T19:25:24Z,
68016,Hollister Wastewater Facility,"SunStrong Management, LLC",CA,San Benito,36.857193,-121.445858,CISO,Pacific Gas & Electric Co.,eia860.zip,,5988a32,2026-09-15T19:25:24Z,HOLLISTER
68018,Merced BESS,ZGlobal Inc,CA,Merced,36.989396,-120.877535,CISO,Pacific Gas & Electric Co.,eia860.zip,,5988a32,2026-09-15T19:25:24Z,
68023,BCE Seal Beach,BCE Seal Beach,CA,Orange,33.732761,-118.044508,CISO,Southern California Edison Co,eia860.zip,,5988a32,2026-09-15T19:25:24Z,
68027,Lemoore West,Leprino Foods,CA,Kings,36.30018,-119.82142,CISO,Pacific Gas & Electric Co.,eia860.zip,,5988a32,2026-09-15T19:25:24Z,
68035,Syracuse and Tours Renewable Energy,Vesper Energy Development LLC,CA,Kern,34.951078,-118.308289,CISO,Southern California Edison Co,eia860.zip,,5988a32,2026-09-15T19:25:24Z,
68039,Elisabeth Solar,"Leeward Asset Management, LLC",AZ,Yuma,32.95453,-113.495368,CISO,Arizona Public Service Co,eia860.zip,,5988a32,2026-09-15T19:25:24Z,
68045,"Desert Breeze Solar, LLC",Terra-Gen Operating Co-Solar,CA,San Bernardino,35.037778,-117.347222,CISO,Southern California Edison Co,eia860.zip,,5988a32,2026-09-15T19:25:24Z,
68064,CA- US Foods- Livermore,EDPRNA DG CA Livermore LLC,CA,Alameda,37.711625,-121.708508,CISO,Pacific Gas & Electric Co.,eia860.zip,,5988a32,2026-09-15T19:25:24Z,LAS POSITAS
68150,Allied Potato,"Renewable Solar, Inc",CA,Kern,35.259196,-118.881859,CISO,Pacific Gas & Electric Co.,eia860.zip,,5988a32,2026-09-15T19:25:24Z,
68151,Mountain View Ind Park 1-sline001,Prologis Logistics Services Incorporated,CA,San Bernardino,34.050209,-117.460361,CISO,Southern California Edison Co,eia860.zip,,5988a32,2026-09-15T19:25:24Z,
68209,Purple Sage Energy Center,Noble Solar LLC,NV,Clark,36.029139,-115.806194,CISO,"Valley Electric Assn, Inc",eia860.zip,,5988a32,2026-09-15T19:25:24Z,
68220,North Kern 2,Madison Energy Investments LLC,CA,Kern,35.4678,-119.1536,CISO,Pacific Gas & Electric Co.,eia860.zip,,5988a32,2026-09-15T19:25:24Z,LERDO
68221,North Kern 1,Madison Energy Investments LLC,CA,Kern,35.4691,-119.169,CISO,Pacific Gas & Electric Co.,eia860.zip,,5988a32,2026-09-15T19:25:24Z,LERDO
68236,South Bay Dis Ctr 6-SLLAX680,Prologis Logistics Services Incorporated,CA,Los Angeles,33.8439,-118.22421,CISO,Southern California Edison Co,eia860.zip,,5988a32,2026-09-15T19:25:24Z,HINSON
68237,South Bay Dis Ctr 20-SLLAX512,Prologis Logistics Services Incorporated,CA,Los Angeles,33.84038,-118.22867,CISO,Southern California Edison Co,eia860.zip,,5988a32,2026-09-15T19:25:24Z,HINSON
68238,Commerce Distribution Center 4-SLLAX113,Prologis Logistics Services Incorporated,CA,Los Angeles,33.98049,-118.15815,CISO,Southern California Edison Co,eia860.zip,,5988a32,2026-09-15T19:25:24Z,LAGUNA BELL
68240,Solar Star 3,"Solar Star 3, LLC",CA,Kern,34.84166,-118.4551,CISO,Southern California Edison Co,eia860.zip,,5988a32,2026-09-15T19:25:24Z,WHIRLWIND
68241,Solar Star 4,"Solar Star 4, LLC",CA,Kern,34.84166,-118.4551,CISO,Southern California Edison Co,eia860.zip,,5988a32,2026-09-15T19:25:24Z,WHIRLWIND
68265,South County Detention Center Solar,SoCore Energy LLC,CA,Tulare,36.039,-119.061,CISO,Southern California Edison Co,eia860.zip,,5988a32,2026-09-15T19:25:24Z,
68266,North Juvenile Detention Center Solar,SoCore Energy LLC,CA,Tulare,36.461,-119.32,CISO,Southern California Edison Co,eia860.zip,,5988a32,2026-09-15T19:25:24Z,
68267,Government Plaza Solar,SoCore Energy LLC,CA,Tulare,36.278,-119.317,CISO,Southern California Edison Co,eia860.zip,,5988a32,2026-09-15T19:25:24Z,
68268,Tulare Akers Professional Center,SoCore Energy LLC,CA,Tulare,36.322,-119.351,CISO,Southern California Edison Co,eia860.zip,,5988a32,2026-09-15T19:25:24Z,
68269,Bob Wiley Detention Center,SoCore Energy LLC,CA,Tulare,36.454,-119.312,CISO,Southern California Edison Co,eia860.zip,,5988a32,2026-09-15T19:25:24Z,
68270,Civic Center East,SoCore Energy LLC,CA,Tulare,36.33,-119.317,CISO,Southern California Edison Co,eia860.zip,,5988a32,2026-09-15T19:25:24Z,
68272,CA OXNARD 2600 Sakioka Dr,"Catalyze Oxnard 2600 Sakioka Drive Microgrid, LLC",CA,Ventura,34.2134,-119.139596,CISO,Southern California Edison Co,eia860.zip,,5988a32,2026-09-15T19:25:24Z,
68321,Atlas BESS IV LLC,"ATLAS BESS IV, LLC",AZ,La Paz,33.582903,-113.576923,CISO,"DCR Transmission, LLC",eia860.zip,,5988a32,2026-09-15T19:25:24Z,
68322,Atlas VII,Atlas VII LLC,AZ,La Paz,33.582903,-113.576923,CISO,"DCR Transmission, LLC",eia860.zip,,5988a32,2026-09-15T19:25:24Z,
68323,Atlas VIII,Atlas VIII LLC,AZ,La Paz,33.582903,-113.576923,CISO,"DCR Transmission, LLC",eia860.zip,,5988a32,2026-09-15T19:25:24Z,
68324,Atlas IX,Atlas IX LLC,AZ,La Paz,33.582903,-113.576923,CISO,"AEP Ohio Transmission Company, Inc.",eia860.zip,,5988a32,2026-09-15T19:25:24Z,
68395,Wheeler Ridge 2,Madison Energy Investments LLC,CA,Kern,34.9846,-118.9085,CISO,Pacific Gas & Electric Co.,eia860.zip,,5988a32,2026-09-15T19:25:24Z,
68436,WPR RE Holdings,Madison Energy Investments LLC,CA,Kern,35.7832,-119.8652,CISO,Pacific Gas & Electric Co.,eia860.zip,,5988a32,2026-09-15T19:25:24Z,
68439,NorCal FPV 1,Madison Energy Investments LLC,CA,Alameda,37.6778,-121.8275,CISO,Pacific Gas & Electric Co.,eia860.zip,,5988a32,2026-09-15T19:25:24Z,
68440,Sutter Santa Rosa Solar,Sutter Santa Rosa Solar LLC,CA,Sonoma,38.494525,-122.751988,CISO,Pacific Gas & Electric Co.,eia860.zip,,5988a32,2026-09-15T19:25:24Z,FULTON
68442,Ellis Creek Solar,"Ellis Creek Solar, LLC",CA,Sonoma,38.2223,-122.5737,CISO,Pacific Gas & Electric Co.,eia860.zip,,5988a32,2026-09-15T19:25:24Z,LAKEVILLE
68461,Key Energy Storage,Key Energy Storage LLC,CA,Fresno,36.13681,-120.1312,CISO,Pacific Gas & Electric Co.,eia860.zip,,5988a32,2026-09-15T19:25:24Z,GATES
68465,Imperator Solar,"Imperator Solar, LLC",CA,Kern,35.4932,-119.1659,CISO,Pacific Gas & Electric Co.,eia860.zip,,5988a32,2026-09-15T19:25:24Z,LERDO
68471,Open Sky Dairy,"Renewable Solar, Inc",CA,Fresno,36.459935,-120.029831,CISO,Pacific Gas & Electric Co.,eia860.zip,,5988a32,2026-09-15T19:25:24Z,
68485,Rexford 2 Solar Farm,22SV 8ME LLC,CA,Tulare,35.893525,-119.080467,CISO,Southern California Edison Co,eia860.zip,,5988a32,2026-09-15T19:25:24Z,
68486,Sienna 2 Solar and Storage Project,44ST 8ME LLC,CA,San Bernardino,34.506711,-116.890136,CISO,Southern California Edison Co,eia860.zip,,5988a32,2026-09-15T19:25:24Z,
68494,Shirk Energy Storage,VESI 15 LLC,CA,Tulare,36.350826,-119.373463,CISO,Southern California Edison Co,eia860.zip,,5988a32,2026-09-15T19:25:24Z,
68509,"Ventasso Energy Storage, LLC",RWE Clean Energy,CA,San Diego,32.79669,-116.96998,CISO,San Diego Gas & Electric Co,eia860.zip,,5988a32,2026-09-15T19:25:24Z,EL CAJON
68518,Merced 2 BESS,ZGlobal Inc,CA,Merced,37.000929,-120.664833,CISO,Pacific Gas & Electric Co.,eia860.zip,,5988a32,2026-09-15T19:25:24Z,
68519,Madena 3,ZGlobal Inc,CA,Yuba,39.026009,-121.544058,CISO,Pacific Gas & Electric Co.,eia860.zip,,5988a32,2026-09-15T19:25:24Z,
68520,Madena 4,ZGlobal Inc,CA,Placer,38.977582,-121.376541,CISO,Pacific Gas & Electric Co.,eia860.zip,,5988a32,2026-09-15T19:25:24Z,
68521,JD Foods - JD Foods,Barrier Solar Inc,CA,Fresno,36.70185,-119.74588,CISO,Pacific Gas & Electric Co.,eia860.zip,,5988a32,2026-09-15T19:25:24Z,
68522,Bishop Ranch - BR 8-O,Executive Parkway BR8-O Solar Project 2020 LLC,CA,Contra Costa,37.769011,-121.9668,CISO,Pacific Gas & Electric Co.,eia860.zip,,5988a32,2026-09-15T19:25:24Z,
68523,Bishop Ranch - BR 8-Q,Executive Parkway BR8-Q Solar Project 2020 LLC,CA,Contra Costa,37.768711,-121.968383,CISO,Pacific Gas & Electric Co.,eia860.zip,,5988a32,2026-09-15T19:25:24Z,
68524,Bishop Ranch - BR 15-AA,Alcosta Boulevard BR 15-AA Solar Project 2020 LLC,CA,Contra Costa,37.77538,-121.961307,CISO,Pacific Gas & Electric Co.,eia860.zip,,5988a32,2026-09-15T19:25:24Z,
68525,Bishop Ranch - BR 15-CC,"Alcosta Boulevard BR 15-CC Solar Project 2020, LLC",CA,Contra Costa,37.773323,-121.960248,CISO,Pacific Gas & Electric Co.,eia860.zip,,5988a32,2026-09-15T19:25:24Z,
68526,Kama 1 LLC,Standard Solar,CA,Mendocino,38.991116,-123.102707,CISO,Pacific Gas & Electric Co.,eia860.zip,,5988a32,2026-09-15T19:25:24Z,
68527,Kama 3 LLC,Laketricity USA Inc.,CA,Kings,38.991116,-123.102707,CISO,Pacific Gas & Electric Co.,eia860.zip,,5988a32,2026-09-15T19:25:24Z,
68528,Dynamo Solar LLC,Laketricity USA Inc.,CA,Napa,38.229106,-122.293688,CISO,Pacific Gas & Electric Co.,eia860.zip,,5988a32,2026-09-15T19:25:24Z,TULUCAY
68532,Pivot Energy PPA 22,Pivot Energy,CA,Tulare,36.347335,-119.395705,CISO,Southern California Edison Co,eia860.zip,,5988a32,2026-09-15T19:25:24Z,
68533,Blue Moon Farms,Bravo REC Management LLC,CA,Tulare,36.028854,-119.40154,CISO,Southern California Edison Co,eia860.zip,,5988a32,2026-09-15T19:25:24Z,
68540,Bayer Oxnard - Meter# 4719,"Camino del Sol 2 Solar Project 2022, LLC",CA,Ventura,34.20337,-119.139418,CISO,Southern California Edison Co,eia860.zip,,5988a32,2026-09-15T19:25:24Z,
68541,Palmdale Water District HQ,"East Avenue Q Solar Project 2022, LLC",CA,Los Angeles,34.587916,-118.093135,CISO,Southern California Edison Co,eia860.zip,,5988a32,2026-09-15T19:25:24Z,
68542,Palmdale Water District 6MG Tank,"East Avenue South Solar Project 2022, LLC",CA,Los Angeles,34.558047,-118.118748,CISO,Southern California Edison Co,eia860.zip,,5988a32,2026-09-15T19:25:24Z,
68547,Tipton 1 - (CA),CleanCapital Holdings,CA,Tulare,36.050157,-119.314715,CISO,Southern California Edison Co,eia860.zip,,5988a32,2026-09-15T19:25:24Z,
68548,Tipton 2 - (CA),CleanCapital Holdings,CA,Tulare,36.050157,-119.314715,CISO,Southern California Edison Co,eia860.zip,,5988a32,2026-09-15T19:25:24Z,
68575,Visalia Solar,United Parcel Service,CA,Tulare,36.36139,-119.39255,CISO,Southern California Edison Co,eia860.zip,,5988a32,2026-09-15T19:25:24Z,
68589,"Community Solar Utica 1, LLC",AETS OpCo Holdings LLC,CA,Kings,35.93422,-119.8619,CISO,Pacific Gas & Electric Co.,eia860.zip,,5988a32,2026-09-15T19:25:24Z,
68599,North Kern 3,Madison Energy Investments LLC,CA,Kern,35.5768,-119.1536,CISO,Pacific Gas & Electric Co.,eia860.zip,,5988a32,2026-09-15T19:25:24Z,
68600,Las Virgenes MWD - Composting Plant,"Las Virgenes Road Solar Project 2022, LLC",CA,Los Angeles,34.126481,-118.698146,CISO,Southern California Edison Co,eia860.zip,,5988a32,2026-09-15T19:25:24Z,
68607,Pelicans Jaw Hybrid Solar,Pelicans Jaw Solar LLC,CA,Kern,35.765183,-119.743569,CISO,Pacific Gas & Electric Co.,eia860.zip,,5988a32,2026-09-15T19:25:24Z,DRY LAKE
68612,Central San,"REC CSD, LLC",CA,Contra Costa,38.005734,-122.074917,CISO,Pacific Gas & Electric Co.,eia860.zip,,5988a32,2026-09-15T19:25:24Z,
68614,Kern Del Oro,"REC KDO, LLC",CA,Kern,35.297931,-118.980874,CISO,Pacific Gas & Electric Co.,eia860.zip,,5988a32,2026-09-15T19:25:24Z,
68624,Sutter Home Winery GIR,"Westbound Solar 3, LLC",CA,Napa,38.193407,-122.260435,CISO,Pacific Gas & Electric Co.,eia860.zip,,5988a32,2026-09-15T19:25:24Z,
68630,Sutter Home Winery TCC,"REC SHW, LLC",CA,San Luis Obispo,35.735606,-120.685274,CISO,Pacific Gas & Electric Co.,eia860.zip,,5988a32,2026-09-15T19:25:24Z,
68634,Avalon Dairy,"Renewable Solar, Inc",CA,Kern,35.716444,-119.430362,CISO,Pacific Gas & Electric Co.,eia860.zip,,5988a32,2026-09-15T19:25:24Z,
68661,Aratina Solar Center 1A,64NB 8me LLC,CA,San Bernardino,34.987952,-117.571611,CISO,Southern California Edison Co,eia860.zip,,5988a32,2026-09-15T19:25:24Z,KRAMER
68672,Chalan,"Origis Energy USA, Inc",CA,Kern,35.7803,-119.911,CISO,Pacific Gas & Electric Co.,eia860.zip,,5988a32,2026-09-15T19:25:24Z,
68673,Sand Luis West,"Origis Energy USA, Inc",CA,Fresno,36.1676,-120.054,CISO,Pacific Gas & Electric Co.,eia860.zip,,5988a32,2026-09-15T19:25:24Z,
68747,Oaks HOA,Onyx Asset Services Group,CA,Amador,38.291163,-120.919063,CISO,Pacific Gas & Electric Co.,eia860.zip,,5988a32,2026-09-15T19:25:24Z,
68749,Superior Almond Hulling,"Renewable Solar, Inc",CA,Fresno,36.442188,-120.387422,CISO,Pacific Gas & Electric Co.,eia860.zip,,5988a32,2026-09-15T19:25:24Z,HARLAN
68753,Flying Goose,"Headwater Energy, LLC",CA,Kern,35.6,-119.58235,CISO,Pacific Gas & Electric Co.,eia860.zip,,5988a32,2026-09-15T19:25:24Z,
68758,Easley Solar,"IP Easley, LLC",CA,Riverside,33.722655,-115.325978,CISO,Southern California Edison Co,eia860.zip,,5988a32,2026-09-15T19:25:24Z,
68787,NorCal FPV 1 (Pond 2),"NorCal FPV 1, LLC",CA,Alameda,37.6779,-121.8276,CISO,Pacific Gas & Electric Co.,eia860.zip,,5988a32,2026-09-15T19:25:24Z,
68788,JFC Slauson - SLLAX071,Prologis Logistics Services Incorporated,CA,Los Angeles,33.981421,-118.136084,CISO,Southern California Edison Co,eia860.zip,,5988a32,2026-09-15T19:25:24Z,LAGUNA BELL
68789,South Bay Dis Ctr 12 - SLLAX104,Prologis Logistics Services Incorporated,CA,Los Angeles,33.842873,-118.224534,CISO,Southern California Edison Co,eia860.zip,,5988a32,2026-09-15T19:25:24Z,HINSON
68790,Dominguez - SLLAX512,Prologis Logistics Services Incorporated,CA,Los Angeles,33.84038,-118.22867,CISO,Southern California Edison Co,eia860.zip,,5988a32,2026-09-15T19:25:24Z,HINSON
68791,Chatsworth Industrial Center 1-SLLAX601,Prologis Logistics Services Incorporated,CA,Los Angeles,34.241957,-118.602898,CISO,Los Angeles Department of Water & Power,eia860.zip,,5988a32,2026-09-15T19:25:24Z,
68792,Fordyce - SLLAX680,Prologis Logistics Services Incorporated,CA,Los Angeles,33.8439,-118.22421,CISO,Southern California Edison Co,eia860.zip,,5988a32,2026-09-15T19:25:24Z,HINSON
68793,Bandini - SLLAX710,Prologis Logistics Services Incorporated,CA,Los Angeles,33.983566,-118.134807,CISO,Southern California Edison Co,eia860.zip,,5988a32,2026-09-15T19:25:24Z,LAGUNA BELL
68794,Tracy 18 - SLCVA418,Prologis Logistics Services Incorporated,CA,San Joaquin,37.753015,-121.388292,CISO,Pacific Gas & Electric Co.,eia860.zip,,5988a32,2026-09-15T19:25:24Z,KASSON
68795,IPC 16 - SLCVA516,Prologis Logistics Services Incorporated,CA,San Joaquin,37.738366,-121.534787,CISO,Pacific Gas & Electric Co.,eia860.zip,,5988a32,2026-09-15T19:25:24Z,TESLA
68796,Stockton 6 - SLEBA202,Prologis Logistics Services Incorporated,CA,San Joaquin,37.896708,-121.260207,CISO,Pacific Gas & Electric Co.,eia860.zip,,5988a32,2026-09-15T19:25:24Z,
68797,Crossroads Bus Park 7 - SLINE207,Prologis Logistics Services Incorporated,CA,San Bernardino,34.074119,-117.529565,CISO,Southern California Edison Co,eia860.zip,,5988a32,2026-09-15T19:25:24Z,RANCHO VISTA
68798,Lockheed Martin Palmdale Solar PV,Lockheed Martin Corporation,CA,Los Angeles,34.608,-118.109,CISO,Southern California Edison Co,eia860.zip,,5988a32,2026-09-15T19:25:24Z,
68808,Dos Palos Cooperative Gin,A2B Development LLC dba Mars Energy Development,CA,Merced,37.083909,-120.63443,CISO,Pacific Gas & Electric Co.,eia860.zip,,5988a32,2026-09-15T19:25:24Z,
68816,Google Bayhill Solar PV and Microgrid,"Google, Inc.",CA,San Mateo,37.626915,-122.428286,CISO,Pacific Gas & Electric Co.,eia860.zip,,5988a32,2026-09-15T19:25:24Z,MILLBRAE
68837,Godinho Dairy Digester,"Aligned Digesters Co., LLC",CA,Merced,37.10744,-120.859062,CISO,Pacific Gas & Electric Co.,eia860.zip,,5988a32,2026-09-15T19:25:24Z,
68840,Da Silva Dairy,A2B Development LLC dba Mars Energy Development,CA,San Joaquin,37.858452,-121.012951,CISO,Pacific Gas & Electric Co.,eia860.zip,,5988a32,2026-09-15T19:25:24Z,
68844,CalPortland Company Mojave Wind,CalPortland Company,CA,Kern,35.035989,-118.340011,CISO,Southern California Edison Co,eia860.zip,,5988a32,2026-09-15T19:25:24Z,
68846,Edwards Sanborn 1C,Terra-Gen Operating Co-Hybrid,CA,Kern,35.026182,-118.152915,CISO,Southern California Edison Co,eia860.zip,,5988a32,2026-09-15T19:25:24Z,
68854,Angela Solar Project,Angiola East LLC,CA,Tulare,35.865642,-119.455922,CISO,Pacific Gas & Electric Co.,eia860.zip,,5988a32,2026-09-15T19:25:24Z,
68855,Tracy Renewable Power Plant,"Tracy Renewable Energy, LLC",CA,San Joaquin,37.77158,-121.42506,CISO,Pacific Gas & Electric Co.,eia860.zip,,5988a32,2026-09-15T19:25:24Z,
68889,"CoreSite Real Estate 3045 Stender, LP","CoreSite Real Estate 3045 Stender, LP",CA,Santa Clara,37.3772,-121.971721,CISO,Pacific Gas & Electric Co.,eia860.zip,,5988a32,2026-09-15T19:25:24Z,TRIMBLE
68890,P66 Rodeo Solar,P66 Rodeo Solar,CA,Contra Costa,38.035,-122.247,CISO,Pacific Gas & Electric Co.,eia860.zip,,5988a32,2026-09-15T19:25:24Z,CHRISTIE
68891,Visalia - (CA),CleanCapital Holdings,CA,Tulare,36.459317,-119.297846,CISO,Southern California Edison Co,eia860.zip,,5988a32,2026-09-15T19:25:24Z,
68907,Vidal Energy Center,CDH Vidal LLC,CA,San Bernardino,34.084796,-114.470721,CISO,WAPA-- Western Area Power Administration,eia860.zip,,5988a32,2026-09-15T19:25:24Z,
68908,Tesoro RV & Boat Storage,Tesoro RV & Boat Storage,CA,San Joaquin,37.776626,-121.18689,CISO,Pacific Gas & Electric Co.,eia860.zip,,5988a32,2026-09-15T19:25:24Z,RIPON
68922,AVI Bakersfield,"Anthony Vineyards, Inc.",CA,Kern,35.076494,-118.93056,CISO,Pacific Gas & Electric Co.,eia860.zip,,5988a32,2026-09-15T19:25:24Z,WHEELER RIDGE
68923,Enterprise BESS,Enterprise BESS LLC,CA,San Diego,33.12181,-117.117445,CISO,San Diego Gas & Electric Co,eia860.zip,,5988a32,2026-09-15T19:25:24Z,ESCONDIDO
68924,Iron BESS,Panoche BESS LLC,CA,Fresno,36.652653,-120.578308,CISO,Pacific Gas & Electric Co.,eia860.zip,,5988a32,2026-09-15T19:25:24Z,PANOCHE
68925,Midway BESS,Midway BESS LLC,CA,Fresno,36.652653,-120.578308,CISO,Pacific Gas & Electric Co.,eia860.zip,,5988a32,2026-09-15T19:25:24Z,PANOCHE
68932,Overnight Solar,Overnight Solar LLC,CA,San Bernardino,35.016197,-117.356961,CISO,Southern California Edison Co,eia860.zip,,5988a32,2026-09-15T19:25:24Z,
68953,Kifer BESS 1,"Kifer Energy Storage, LLC",CA,Santa Clara,37.376214,-121.951977,CISO,City of Santa Clara - (CA),eia860.zip,,5988a32,2026-09-15T19:25:24Z,TRIMBLE
68954,Alpaugh BESS,RWE Clean Energy,CA,Tulare,35.896993,-119.446485,CISO,Pacific Gas & Electric Co.,eia860.zip,,5988a32,2026-09-15T19:25:24Z,
68967,Sun Pacific - Lerdo,JKB Energy,CA,Kern,35.499809,-119.145254,CISO,Pacific Gas & Electric Co.,eia860.zip,,5988a32,2026-09-15T19:25:24Z,LERDO
68980,Gonzaga Ridge Battery Facility,"Gonzaga Ridge Battery Facility, LLC",CA,Merced,37.065806,-121.192944,CISO,Pacific Gas & Electric Co.,eia860.zip,,5988a32,2026-09-15T19:25:24Z,
68981,Gonzaga Ridge Wind Farm,"Gonzaga Ridge Wind Farm, LLC",CA,Merced,37.065806,-121.12944,CISO,Pacific Gas & Electric Co.,eia860.zip,,5988a32,2026-09-15T19:25:24Z,
68997,Thermo Fisher Pleasanton,TotalEnergies Renewables USA LLC,CA,Alameda,37.645164,-121.884151,CISO,Pacific Gas & Electric Co.,eia860.zip,,5988a32,2026-09-15T19:25:24Z,
69024,Glenarm BESS Plant,Glenarm BESS LLC,CA,Los Angeles,34.12739,-118.147657,CISO,City of Pasadena - (CA),eia860.zip,,5988a32,2026-09-15T19:25:24Z,
69030,North Johnson Energy Center,"Wellhead Services, Inc",CA,San Diego,32.796106,-116.972073,CISO,San Diego Gas & Electric Co,eia860.zip,,5988a32,2026-09-15T19:25:24Z,EL CAJON
69039,Sutter Home Winery Westside,"REC SHW, LLC",CA,San Joaquin,38.152145,-121.402166,CISO,Pacific Gas & Electric Co.,eia860.zip,,5988a32,2026-09-15T19:25:24Z,
69054,ATLAS II,"ATLAS Solar II, LLC",AZ,La Paz,33.582903,-113.576923,CISO,"DCR Transmission, LLC",eia860.zip,,5988a32,2026-09-15T19:25:24Z,
69055,ATLAS SOLAR IV,"ATLAS SOLAR IV, LLC",AZ,La Paz,33.582903,-113.576923,CISO,"DCR Transmission, LLC",eia860.zip,,5988a32,2026-09-15T19:25:24Z,
69068,"CA - Fresno, City of - SE Surface WTP","Forefront Power, LLC",CA,Fresno,36.75,-119.65,CISO,"4 Rivers Electric Cooperative, Inc.",eia860.zip,,5988a32,2026-09-15T19:25:24Z,
69072,Fresno-Clovis RWRF,"Forefront Power, LLC",CA,Fresno,36.70318,-119.89207,CISO,Pacific Gas & Electric Co.,eia860.zip,,5988a32,2026-09-15T19:25:24Z,
69114,Amazon Visalia (FAT2),Madison Energy Investments LLC,CA,Tulare,36.35914,-119.3869,CISO,Southern California Edison Co,eia860.zip,,5988a32,2026-09-15T19:25:24Z,
69121,Deer Creek Hybrid,"Deer Creek Solar I, LLC",CA,Tulare,35.965,-119.07,CISO,Southern California Edison Co,eia860.zip,,5988a32,2026-09-15T19:25:24Z,
69132,KP Ontario Vineyard Solar,KP Ontario Vineyard O.P. Surgicenter B Solar LLC,CA,San Bernardino,34.032177,-117.608796,CISO,Southern California Edison Co,eia860.zip,,5988a32,2026-09-15T19:25:24Z,
69136,Redemeyer Road Solar,"RPCA Solar 10, LLC",CA,Mendocino,39.182276,-123.19061,CISO,Pacific Gas & Electric Co.,eia860.zip,,5988a32,2026-09-15T19:25:24Z,
69137,Althea Avenue Solar,"RPCA Solar 8, LLC",CA,Fresno,36.893121,-120.656881,CISO,Pacific Gas & Electric Co.,eia860.zip,,5988a32,2026-09-15T19:25:24Z,
69190,"GreenStruxure BBU004, LLC",ClearGen LLC,CA,Los Angeles,34.007486,-118.120047,CISO,Southern California Edison Co,eia860.zip,,5988a32,2026-09-15T19:25:24Z,LAGUNA BELL
69191,"GreenStruxure REP009, LLC",ClearGen LLC,CA,Los Angeles,33.861063,-118.233264,CISO,Southern California Edison Co,eia860.zip,,5988a32,2026-09-15T19:25:24Z,HINSON
69198,"ATLAS Solar X, LLC","ATLAS Solar Manager, LLC",AZ,La Paz,33.546706,-113.556233,CISO,"DCR Transmission, LLC",eia860.zip,,5988a32,2026-09-15T19:25:24Z,
69199,"ATLAS Solar XI, LLC","ATLAS Solar Manager, LLC",AZ,La Paz,33.553361,-113.580344,CISO,"DCR Transmission, LLC",eia860.zip,,5988a32,2026-09-15T19:25:24Z,
69222,American Canyon RV Boat Storage,Napa Junction RV Storage LLC,CA,Napa,38.198033,-122.257026,CISO,Pacific Gas & Electric Co.,eia860.zip,,5988a32,2026-09-15T19:25:24Z,
69237,"ATLAS Solar V, LLC","ATLAS Solar V, LLC",AZ,La Paz,33.573225,-113.577261,CISO,"DCR Transmission, LLC",eia860.zip,,5988a32,2026-09-15T19:25:24Z,
69238,"ATLAS Solar VI, LLC","ATLAS Solar VI, LLC",AZ,La Paz,33.579227,-113.574236,CISO,"DCR Transmission, LLC",eia860.zip,,5988a32,2026-09-15T19:25:24Z,
69288,Palm Springs DAC PV,Palm Springs USD,CA,Riverside,33.825324,-116.48472,CISO,Southern California Edison Co,eia860.zip,,5988a32,2026-09-15T19:25:24Z,
69358,Calistoga Resilency Center,"Calistoga Resiliency Center, LLC",CA,Napa,38.577,-122.57,CISO,Pacific Gas & Electric Co.,eia860.zip,,5988a32,2026-09-15T19:25:24Z,
69363,"CoreSite Real Estate SV9, L.P.","CoreSite Real Estate SV9, L.P.",CA,Santa Clara,37.3749,-121.969155,CISO,Pacific Gas & Electric Co.,eia860.zip,,5988a32,2026-09-15T19:25:24Z,TRIMBLE
69370,RP Minnesota Solar,RP Minnesota Solar LLC,CA,Ventura,34.20017,-118.9281,CISO,Southern California Edison Co,eia860.zip,,5988a32,2026-09-15T19:25:24Z,
69437,Lathrop 4 - SLCVA204,Prologis Logistics Services Incorporated,CA,San Joaquin,37.809438,-121.282979,CISO,Pacific Gas & Electric Co.,eia860.zip,,5988a32,2026-09-15T19:25:24Z,VIERRA
69508,Marici,Marici Project LLC,CA,Los Angeles,34.007751,-117.946156,CISO,Southern California Edison Co,eia860.zip,,5988a32,2026-09-15T19:25:24Z,
69509,Gabriel,San Gabriel Project LLC,CA,Los Angeles,34.11,-117.97,CISO,Southern California Edison Co,eia860.zip,,5988a32,2026-09-15T19:25:24Z,RIO HONDO
69533,CA National City Terminal Ave,"Catalyze National City Terminal Avenue Microgrid, LLC",CA,San Diego,32.654,-117.119,CISO,Southern California Edison Co,eia860.zip,,5988a32,2026-09-15T19:25:24Z,
69539,Tracy BESS,Middle River Power,CA,San Joaquin,37.711459,-121.489535,CISO,Pacific Gas & Electric Co.,eia860.zip,,5988a32,2026-09-15T19:25:24Z,SCHULTE
69541,Vaca BESS,Vaca Dixon BESS LLC,CA,Solano,38.398379,-121.923989,CISO,Pacific Gas & Electric Co.,eia860.zip,,5988a32,2026-09-15T19:25:24Z,VACA DIXON
69562,Minneola Solar,Minneola Solar,CA,San Bernardino,34.846914,-116.769794,CISO,Southern California Edison Co,eia860.zip,,5988a32,2026-09-15T19:25:24Z,
69563,Las Positas College,Chabot Las Positas Community College District,CA,Alameda,37.71076,-121.80014,CISO,Pacific Gas & Electric Co.,eia860.zip,,5988a32,2026-09-15T19:25:24Z,CAYETANO
69609,San Leandro 10 - sleba702,Prologis Logistics Services Incorporated,CA,Alameda,37.71422,-122.18202,CISO,Pacific Gas & Electric Co.,eia860.zip,,5988a32,2026-09-15T19:25:24Z,
69648,Rosamond South II,"Golden Fields Solar VI, LLC",CA,Kern,34.852326,-118.431206,CISO,Southern California Edison Co,eia860.zip,,5988a32,2026-09-15T19:25:24Z,WHIRLWIND
69654,Zeus BESS,Zeus BESS LLC,CA,San Joaquin,37.711754,-121.488436,CISO,Pacific Gas & Electric Co.,eia860.zip,,5988a32,2026-09-15T19:25:24Z,SCHULTE
69661,Darden I Solar,"Intersect USA, LLC",CA,Fresno,36.504106,-120.216664,CISO,Pacific Gas & Electric Co.,eia860.zip,,5988a32,2026-09-15T19:25:24Z,
69662,Darden II Solar,"Intersect USA, LLC",CA,Fresno,36.457086,-120.224781,CISO,Pacific Gas & Electric Co.,eia860.zip,,5988a32,2026-09-15T19:25:24Z,
69663,Darden III Solar,"Intersect USA, LLC",CA,Fresno,36.499703,-120.191172,CISO,Pacific Gas & Electric Co.,eia860.zip,,5988a32,2026-09-15T19:25:24Z,
69664,Darden IV Solar,"Intersect USA, LLC",CA,Fresno,36.464339,-120.186214,CISO,Pacific Gas & Electric Co.,eia860.zip,,5988a32,2026-09-15T19:25:24Z,
69706,Bishop Ranch - BR 3-GG,"Camino Ramon BR 3-GG Solar Project 2020, LLC",CA,Contra Costa,37.767242,-121.958245,CISO,Pacific Gas & Electric Co.,eia860.zip,,5988a32,2026-09-15T19:25:24Z,
69708,Bishop Ranch - BR 3-HH,"Camino Ramon BR 3-HH Solar Project 2020, LLC",CA,Contra Costa,37.766297,-121.95817,CISO,Pacific Gas & Electric Co.,eia860.zip,,5988a32,2026-09-15T19:25:24Z,
69710,Bishop Ranch - BR 3-FF,"Camino Ramon BR 3-FF Solar Project 2020, LLC",CA,Contra Costa,37.768388,-121.959005,CISO,Pacific Gas & Electric Co.,eia860.zip,,5988a32,2026-09-15T19:25:24Z,
69711,L3 Harris San Diego,"Balboa Avenue I Solar Project 2023, LLC",CA,San Diego,32.822588,-117.135193,CISO,San Diego Gas & Electric Co,eia860.zip,,5988a32,2026-09-15T19:25:24Z,KEARNY
69712,San Diego Sockers,"Hero Drive Solar Project 2023, LLC",CA,San Diego,33.207588,-117.314741,CISO,San Diego Gas & Electric Co,eia860.zip,,5988a32,2026-09-15T19:25:24Z,SAN LUIS REY
69713,Sanger USD - Sanger West HS,"South Fowler Avenue Solar Project 2023, LLC",CA,Fresno,36.709291,-119.681374,CISO,Pacific Gas & Electric Co.,eia860.zip,,5988a32,2026-09-15T19:25:24Z,
69730,Amazon - SAN5,Onyx Asset Services Group,CA,San Diego,32.568741,-116.925213,CISO,San Diego Gas & Electric Co,eia860.zip,,5988a32,2026-09-15T19:25:24Z,
69734,Legoland CA Phase I,Onyx Asset Services Group,CA,San Diego,33.126734,-117.308076,CISO,San Diego Gas & Electric Co,eia860.zip,,5988a32,2026-09-15T19:25:24Z,
69759,Tracy Linne,Pacifico Tracy Linne LLC,CA,San Joaquin,37.692858,-121.410196,CISO,Pacific Gas & Electric Co.,eia860.zip,,5988a32,2026-09-15T19:25:24Z,
69785,Stockton 1 - slcva801,Prologis Logistics Services Incorporated,CA,San Joaquin,37.93997,-121.22651,CISO,Pacific Gas & Electric Co.,eia860.zip,,5988a32,2026-09-15T19:25:24Z,
69786,Stockton 9 - slcva209,Prologis Logistics Services Incorporated,CA,San Joaquin,37.89233,-121.26666,CISO,Pacific Gas & Electric Co.,eia860.zip,,5988a32,2026-09-15T19:25:24Z,
69806,"Gaskell West Storage 1, LLC",Matrix Renewables,CA,Kern,34.833541,-118.546944,CISO,Southern California Edison Co,eia860.zip,,5988a32,2026-09-15T19:25:24Z,
69820,Grace Energy Center,"Grace Orchard Interconnection, LLC",CA,Riverside,33.653564,-114.695965,CISO,Southern California Edison Co,eia860.zip,,5988a32,2026-09-15T19:25:24Z,BLYTHE
69856,Morongo CRS 1,Morongo Band of Mission Indians,CA,Riverside,33.55265,-116.47598,CISO,Southern California Edison Co,eia860.zip,,5988a32,2026-09-15T19:25:24Z,
69858,Pastoria Power Bank,"Pastoria Power, LLC",CA,Kern,34.959,-118.8559,CISO,Southern California Edison Co,eia860.zip,,5988a32,2026-09-15T19:25:24Z,PASTORIA
69891,Torrance Dis Ctr 2 - SLLAX100,Prologis Logistics Services Incorporated,CA,Los Angeles,33.84516,-118.31637,CISO,Southern California Edison Co,eia860.zip,,5988a32,2026-09-15T19:25:24Z,
69895,Gateway#1&2 (Newark CA),"Coast Energy Holdings, LLC",CA,Alameda,37.540903,-122.061662,CISO,Pacific Gas & Electric Co.,eia860.zip,,5988a32,2026-09-15T19:25:24Z,
69896,7999 Gateway Solar,"Coast Energy Holdings, LLC",CA,Alameda,37.5215,-122.0397,CISO,Pacific Gas & Electric Co.,eia860.zip,,5988a32,2026-09-15T19:25:24Z,
69898,Lakeside Pipeline,Maas Energy Works,CA,Kings,36.24514,-119.5834,CISO,Pacific Gas & Electric Co.,eia860.zip,,5988a32,2026-09-15T19:25:24Z,
69899,Merced Pipeline,Maas Energy Works,CA,Merced,37.2185,-120.5108,CISO,Pacific Gas & Electric Co.,eia860.zip,,5988a32,2026-09-15T19:25:24Z,
69900,Five Points Pipeline,Maas Energy Works,CA,Fresno,36.476501,-120.012293,CISO,Pacific Gas & Electric Co.,eia860.zip,,5988a32,2026-09-15T19:25:24Z,
69925,Stellar Wright BESS,Stellar Renewable Power,CA,Merced,37.007998,-120.963709,CISO,Pacific Gas & Electric Co.,eia860.zip,,5988a32,2026-09-15T19:25:24Z,
69947,EDPR Scarlet III,EDPR Scarlet III LLC,CA,Fresno,36.608742,-120.351089,CISO,Pacific Gas & Electric Co.,eia860.zip,,5988a32,2026-09-15T19:25:24Z,
69956,Sanborn Hybrid 3,Terra-Gen Operating Co-Hybrid,CA,Kern,34.996,-118.114,CISO,Southern California Edison Co,eia860.zip,,5988a32,2026-09-15T19:25:24Z,
69964,Baldy Mesa Storage,AES Clean Energy,CA,San Bernardino,34.6029,-117.449,CISO,Southern California Edison Co,eia860.zip,,5988a32,2026-09-15T19:25:24Z,
69965,Roccasecca BESS LLC,Roccasecca BESS LLC,NV,Clark,35.83,-115.0128,CISO,GridLiance West LLC,eia860.zip,,5988a32,2026-09-15T19:25:24Z,SLOAN CANYON
70012,Redlands DC 9 - sline609,Prologis Logistics Services Incorporated,CA,San Bernardino,34.083141,-117.203502,CISO,Southern California Edison Co,eia860.zip,,5988a32,2026-09-15T19:25:24Z,SAN BERNARDINO
70038,Wingmaster,"Wonderful Renewable Energy, LLC.",CA,Kern,35.695196,-119.489734,CISO,Pacific Gas & Electric Co.,eia860.zip,,5988a32,2026-09-15T19:25:24Z,
70039,Wonderful Citrus - Delano,"Wonderful Renewable Energy, LLC.",CA,Kern,35.737307,-119.238392,CISO,Southern California Edison Co,eia860.zip,,5988a32,2026-09-15T19:25:24Z,
70040,CA- US Foods- La Mirada,"Generate USF La Mirada, LLC",CA,Los Angeles,33.88474,-118.00939,CISO,Southern California Edison Co,eia860.zip,,5988a32,2026-09-15T19:25:24Z,
70061,"AEDG CA I, LLC",Green Street Power Partners,CA,Kern,35.698366,-119.808262,CISO,Pacific Gas & Electric Co.,eia860.zip,,5988a32,2026-09-15T19:25:24Z,
70085,North Kern Water Storage District,"Wonderful Renewable Energy, LLC.",CA,Kern,35.5385,-119.213884,CISO,Pacific Gas & Electric Co.,eia860.zip,,5988a32,2026-09-15T19:25:24Z,
70086,Ranch 3461,"Wonderful Renewable Energy, LLC.",CA,Kern,35.456388,-119.225118,CISO,Pacific Gas & Electric Co.,eia860.zip,,5988a32,2026-09-15T19:25:24Z,
70087,Inland Empire,"Wonderful Renewable Energy, LLC.",CA,Kern,35.711743,-119.41132,CISO,Southern California Edison Co,eia860.zip,,5988a32,2026-09-15T19:25:24Z,
70088,Rosedale,"Wonderful Renewable Energy, LLC.",CA,Kern,35.390541,-119.365364,CISO,Pacific Gas & Electric Co.,eia860.zip,,5988a32,2026-09-15T19:25:24Z,
70091,Blankenship,"Wonderful Renewable Energy, LLC.",CA,Kern,35.675624,-119.365364,CISO,Pacific Gas & Electric Co.,eia860.zip,,5988a32,2026-09-15T19:25:24Z,
70094,Mid Counties DC 45 - sllax345,Prologis Logistics Services Incorporated,CA,Los Angeles,33.883541,-118.016414,CISO,Southern California Edison Co,eia860.zip,,5988a32,2026-09-15T19:25:24Z,
70095,Perris DC 5 - sline015,Prologis Logistics Services Incorporated,CA,Riverside,33.850185,-117.232234,CISO,Southern California Edison Co,eia860.zip,,5988a32,2026-09-15T19:25:24Z,
70096,Riverside Community College,TotalEnergies Renewables USA LLC,CA,Riverside,33.971659,-117.380658,CISO,City of Riverside - (CA),eia860.zip,,5988a32,2026-09-15T19:25:24Z,
70101,Pivot Energy PPA 29 LLC,Pivot Energy,CA,Placer,38.828466,-121.304937,CISO,Pacific Gas & Electric Co.,eia860.zip,,5988a32,2026-09-15T19:25:24Z,PLEASANT GROVE
70105,Gardenia 1,ZGlobal Inc,CA,Kings,35.790785,-119.877716,CISO,Pacific Gas & Electric Co.,eia860.zip,,5988a32,2026-09-15T19:25:24Z,
70106,Jade Solar 3,ZGlobal Inc,CA,Madera,37.056528,-119.980548,CISO,Pacific Gas & Electric Co.,eia860.zip,,5988a32,2026-09-15T19:25:24Z,
70109,Jasmine,AES Clean Energy,CA,Kern,35.1006,-119.1187,CISO,Pacific Gas & Electric Co.,eia860.zip,,5988a32,2026-09-15T19:25:24Z,
70111,Kern Co Sheriff,TotalEnergies Renewables USA LLC,CA,Kern,35.419727,-119.047866,CISO,Pacific Gas & Electric Co.,eia860.zip,,5988a32,2026-09-15T19:25:24Z,
70173,San Francisco Bay Coffee,"JBR, Inc.",CA,Placer,38.907673,-121.332859,CISO,Pacific Gas & Electric Co.,eia860.zip,,5988a32,2026-09-15T19:25:24Z,
70174,Niagara Bottling Ontario PHI,REC Niagara Solar I,CA,San Bernardino,34.032202,-117.596907,CISO,Southern California Edison Co,eia860.zip,,5988a32,2026-09-15T19:25:24Z,
70178,Cobalt,RE Cobalt LLC,CA,Riverside,33.571,-118.17885,CISO,Southern California Edison Co,eia860.zip,,5988a32,2026-09-15T19:25:24Z,
70229,"VS HW Napa A, LLC",Valta Energy,CA,San Bernardino,34.091361,-117.516845,CISO,Rancho Cucamonga Municipal Utility,eia860.zip,,5988a32,2026-09-15T19:25:24Z,RANCHO VISTA
70230,VS BI 4th St. RCMU LLC,Valta Energy,CA,San Bernardino,34.08081,-117.534135,CISO,Rancho Cucamonga Municipal Utility,eia860.zip,,5988a32,2026-09-15T19:25:24Z,RANCHO VISTA
70235,Mulqueeney Wind Energy,Mulqueeney Wind Energy LLC,CA,Alameda,37.69742,-121.589138,CISO,Pacific Gas & Electric Co.,eia860.zip,,5988a32,2026-09-15T19:25:24Z,TESLA
70238,Roadhouse Energy Center,Roadhouse Energy Storage,CA,San Bernardino,34.0065,-117.5696,CISO,Southern California Edison Co,eia860.zip,,5988a32,2026-09-15T19:25:24Z,
70368,Ranch 4220,"Wonderful Renewable Energy, LLC.",CA,Kern,35.60601,-119.136948,CISO,Pacific Gas & Electric Co.,eia860.zip,,5988a32,2026-09-15T19:25:24Z,
70369,Ranch 4260,"Wonderful Renewable Energy, LLC.",CA,Kern,35.579501,-119.15463,CISO,Pacific Gas & Electric Co.,eia860.zip,,5988a32,2026-09-15T19:25:24Z,
70370,Ranch 4701,"Wonderful Renewable Energy, LLC.",CA,Kern,35.742656,-119.080883,CISO,Southern California Edison Co,eia860.zip,,5988a32,2026-09-15T19:25:24Z,
70371,Lerdo East,"Wonderful Renewable Energy, LLC.",CA,Kern,35.503371,-119.126153,CISO,Pacific Gas & Electric Co.,eia860.zip,,5988a32,2026-09-15T19:25:24Z,LERDO
70372,Lerdo Middle,"Wonderful Renewable Energy, LLC.",CA,Kern,35.50622,-119.162031,CISO,Pacific Gas & Electric Co.,eia860.zip,,5988a32,2026-09-15T19:25:24Z,LERDO
70383,1875 West Street Solar,ClearGen LLC,CA,Tulare,36.183,-119.366,CISO,Southern California Edison Co,eia860.zip,,5988a32,2026-09-15T19:25:24Z,
70388,Pacifico Power Lancaster 01,Pacifico Power Lancaster 01 LLC,CA,Los Angeles,34.78141,-118.166797,CISO,Southern California Edison Co,eia860.zip,,5988a32,2026-09-15T19:25:24Z,
70389,Pacifico Power Palmdale 01,Pacifico Power Palmdale 01 LLC,CA,Los Angeles,34.596819,-118.070032,CISO,Southern California Edison Co,eia860.zip,,5988a32,2026-09-15T19:25:24Z,
70428,Bakersfield Driver,Pacifico Bakersfield Driver LLC,CA,Kern,35.562181,-119.20204,CISO,Pacific Gas & Electric Co.,eia860.zip,,5988a32,2026-09-15T19:25:24Z,
70429,"VS Long Beach Solar One, LLC",Valta Energy,CA,Los Angeles,33.7648,-118.1884,CISO,Southern California Edison Co,eia860.zip,,5988a32,2026-09-15T19:25:24Z,HARBORGEN
70434,"OWC Energy Holdings, LLC","Headwater Energy, LLC",CA,Fresno,36.851,-120.6334,CISO,Pacific Gas & Electric Co.,eia860.zip,,5988a32,2026-09-15T19:25:24Z,
