node_key,poi_base,county,utility,legacy_active_projects,legacy_active_mw,legacy_active_storage_mw,c15_active_projects,c15_active_mw,c15_active_storage_mw,operating_projects,operating_mw,operating_storage_mw,wd_alltime_projects,wd_alltime_mw,wd_alltime_storage_mw,wd_recent_projects,wd_recent_mw,wd_recent_storage_mw,c15_withdrawn_projects,c15_withdrawn_mw,c15_withdrawn_storage_mw,wd_post_phase2_mw,c15_fcds_req_mw,pipeline_mw,pipeline_storage_mw,storage_churn,churn_alltime,c15_survival,tpd25_projects,tpd25_req_mw,tpd25_alloc_mw,tpd25_denied_mw,tpd24_fcdsa_projects,tpd24_pcdsa_projects,c16_poi_status,c16_poi_note,lat,lon,osm_name,geo_score,geo_method,source_file,source_run_date,pipeline_commit,pipeline_run
WINDHUB,WINDHUB SUBSTATION,KERN,SCE,8.0,4050.0,2469.77,1.0,550.0,0.0,6.0,2268.0,462.0,33.0,11044.3,2697.82,6.0,2250.0,1571.26,1.0,450.0,0.0,1250.0,0.0,4600.0,2469.77,0.54,1.61,0.55,1.0,150.0,0.0,150.0,0.0,0.0,,,35.0349893,-118.2808562,Windhub Substation,1.0,exact,publicqueuereport.xlsx+cluster15.xlsx,2026-09-07,026fde9,2026-09-08T02:07:34Z
RED BLUFF,RED BLUFF SUBSTATION,RIVERSIDE,SCE,8.0,2867.0,2913.6538,4.0,725.0,0.0,7.0,1620.0,731.0,16.0,10481.8,9101.298999999999,3.0,3025.0,5886.299,0.0,0.0,0.0,3451.5,0.0,3592.0,2913.6538,1.62,2.01,1.0,4.0,469.5,73.0,269.5,4.0,3.0,,,33.6988312,-115.3128761,Red Bluff Substation,1.0,exact,publicqueuereport.xlsx+cluster15.xlsx,2026-09-07,026fde9,2026-09-08T02:07:34Z
VINCENT,VINCENT SUBSTATION,LOS ANGELES,SCE,4.0,2070.0,2103.0,2.0,1450.0,1525.8784730000002,5.0,198.6974,179.0,17.0,5240.1,3381.2880999999998,8.0,2575.0,2651.4281,3.0,1250.0,1285.6181000000001,1565.1,1450.0,3520.0,3628.878473,0.7,1.41,0.54,1.0,250.0,250.0,0.0,3.0,0.0,,,34.4859441,-118.1196772,Vincent Substation,1.0,exact,publicqueuereport.xlsx+cluster15.xlsx,2026-09-07,026fde9,2026-09-08T02:07:34Z
WHIRLWIND,WHIRLWIND SUBSTATION,KERN,SCE,11.0,2471.88,1815.9095000000002,3.0,801.0,810.8874,18.0,2120.44,604.0,28.0,7114.93,1274.463,3.0,1000.0,812.9,0.0,0.0,0.0,1364.98,801.0,3272.88,2626.7969000000003,0.25,1.32,1.0,2.0,166.0,127.5,0.0,4.0,0.0,,,34.8578451,-118.4373291,Whirlwind Substation,1.0,exact,publicqueuereport.xlsx+cluster15.xlsx,2026-09-07,026fde9,2026-09-08T02:07:34Z
DELANEY COLORADO RIVER,DELANEY-COLORADO RIVER,MARICOPA,DCRT,1.0,3200.0,2171.0,0.0,0.0,0.0,1.0,500.0,267.0,4.0,1471.996,578.46,1.0,500.0,415.96,0.0,0.0,0.0,0.0,0.0,3200.0,2171.0,0.17,0.4,,1.0,450.0,0.0,450.0,0.0,3.0,,,33.5806241,-114.8172191,Colorado River Substation,0.7,line-one-end,publicqueuereport.xlsx+cluster15.xlsx,2026-09-07,026fde9,2026-09-08T02:07:34Z
TROUT CANYON,TROUT CANYON SUBSTATION,CLARK,GLW,9.0,3000.0,2857.1267000000003,0.0,0.0,0.0,0.0,0.0,0.0,3.0,1500.0,1555.672788,3.0,1500.0,1555.672788,3.0,1500.0,1555.672788,0.0,0.0,3000.0,2857.1267000000003,0.54,0.5,0.0,2.0,625.0,0.0,625.0,1.0,0.0,,,35.79368145,-115.12508027499999,median of located nodes in CLARK,0.3,county-centroid,publicqueuereport.xlsx+cluster15.xlsx,2026-09-07,026fde9,2026-09-08T02:07:34Z
DRY LAKE,DRY LAKE SW STA,KINGS,PGAE,0.0,0.0,0.0,8.0,2950.0,2193.0536134,0.0,0.0,0.0,0.0,0.0,0.0,0.0,0.0,0.0,0.0,0.0,0.0,0.0,2050.0,2950.0,2193.0536134,0.0,0.0,1.0,0.0,0.0,0.0,0.0,0.0,0.0,AVAILABLE,New 500 kV switching station; stated as a viable POI option for C16 [2026-01-15],35.753928,-119.744631,CAISO notice 2026-01-15 'PG&E information on POI availability for Cluster 16': p,1.0,override,publicqueuereport.xlsx+cluster15.xlsx,2026-09-07,026fde9,2026-09-08T02:07:34Z
MANNING,MANNING,FRESNO,LSPC,0.0,0.0,0.0,8.0,2662.0,2700.225,0.0,0.0,0.0,3.0,1782.0,1820.5349999999999,3.0,1782.0,1820.5349999999999,3.0,1782.0,1820.5349999999999,0.0,2662.0,2662.0,2700.225,0.67,0.67,0.6,0.0,0.0,0.0,0.0,0.0,0.0,,,36.587580525,-120.1256622,median of located nodes in FRESNO,0.3,county-centroid,publicqueuereport.xlsx+cluster15.xlsx,2026-09-07,026fde9,2026-09-08T02:07:34Z
GATES,GATES SUBSTATION,FRESNO,PGAE,7.0,2521.21,1870.08,0.0,0.0,0.0,5.0,820.0,497.0,18.0,5232.51,1865.642309,5.0,1038.91,1061.385309,2.0,449.0,463.655309,1240.0,0.0,2521.21,1870.08,0.45,1.57,0.0,2.0,1396.4,396.4,1000.0,3.0,0.0,RELIEVED,500 kV removed from Table G2-A space limitation per revised plan [2026-01-15],36.1413374,-120.1256622,Gates Substation,1.0,exact,publicqueuereport.xlsx+cluster15.xlsx,2026-09-07,026fde9,2026-09-08T02:07:34Z
MOSS LANDING,MOSS LANDING,MONTEREY,PGAE,2.0,2250.0,1539.603,1.0,199.0,204.859,3.0,932.5,1054.0,2.0,1000.0,1020.0,0.0,0.0,0.0,0.0,0.0,0.0,0.0,199.0,2449.0,1744.462,0.0,0.3,1.0,1.0,1500.0,1500.0,0.0,0.0,1.0,,,36.80832,-121.778,"OSM: convergence of Moss Landing 115 kV line ends (ways 974695020, 974462217, 97",1.0,override,publicqueuereport.xlsx+cluster15.xlsx,2026-09-07,026fde9,2026-09-08T02:07:34Z
LUGO,LUGO,SAN BERNARDINO,SCE,1.0,500.0,512.58,5.0,1798.0,1814.8,0.0,0.0,0.0,13.0,5153.01,5262.42998,12.0,4953.01,5062.42998,10.0,4453.01,4553.82998,0.0,1798.0,2298.0,2327.38,2.18,2.24,0.29,0.0,0.0,0.0,0.0,1.0,0.0,,,34.3658218,-117.3693963,Lugo Substation,1.0,exact,publicqueuereport.xlsx+cluster15.xlsx,2026-09-07,026fde9,2026-09-08T02:07:34Z
TESLA,TESLA,ALAMEDA,PGAE,5.0,1280.0,1286.438,3.0,999.9,1037.568,2.0,436.0,400.0,12.0,3635.19,2421.35449,7.0,2180.29,2057.04949,5.0,2000.29,2027.0494899999999,254.9,999.9,2279.9,2324.0060000000003,0.76,1.34,0.33,1.0,150.0,150.0,0.0,2.0,0.0,CONDITIONAL,Conceptual layout modification enables new 230 kV terminals [2026-01-15],37.7120521,-121.5647373,Tesla Substation,1.0,exact,publicqueuereport.xlsx+cluster15.xlsx,2026-09-07,026fde9,2026-09-08T02:07:34Z
LOS BANOS,LOS BANOS,MERCED,PGAE,6.0,1830.0,1738.04,1.0,400.0,415.86,0.0,0.0,0.0,11.0,2905.053,2789.437,9.0,2745.0,2789.437,6.0,1995.0,2025.437,100.0,400.0,2230.0,2153.9,1.3,1.3,0.17,2.0,100.0,100.0,0.0,3.0,0.0,,,37.0530047,-121.0205078,Los Banos Substation,1.0,exact,publicqueuereport.xlsx+cluster15.xlsx,2026-09-07,026fde9,2026-09-08T02:07:34Z
COLORADO RIVER,COLORADO RIVER SUBSTATION,RIVERSIDE,SCE,5.0,1715.0,1744.623,1.0,300.62,0.0,7.0,2259.0,1424.0,31.0,9017.45,1278.492,2.0,700.0,430.192,1.0,400.0,0.0,3636.0,0.0,2015.62,1744.623,0.14,2.11,0.43,3.0,875.0,0.0,875.0,1.0,2.0,,,33.5806241,-114.8172191,Colorado River Substation,1.0,exact,publicqueuereport.xlsx+cluster15.xlsx,2026-09-07,026fde9,2026-09-08T02:07:34Z
VALLEY,VALLEY SWITCH,NYE,GLW,2.0,550.0,547.6,6.0,1450.02,460.14,2.0,730.0,680.0,5.0,1580.0,1428.67,2.0,1400.0,1428.67,2.0,1400.0,1428.67,0.0,0.0,2000.02,1007.74,0.85,0.58,0.51,0.0,0.0,0.0,0.0,1.0,0.0,,,33.7395005,-117.1564367,Valley Substation,1.0,exact,publicqueuereport.xlsx+cluster15.xlsx,2026-09-07,026fde9,2026-09-08T02:07:34Z
ANTELOPE,ANTELOPE SUBSTATION,LOS ANGELES,SCE,5.0,1720.0,1289.4926,1.0,197.0,202.2668,5.0,90.0,0.0,19.0,2603.0,1213.15,3.0,395.0,411.15,0.0,0.0,0.0,1082.1,197.0,1917.0,1491.7594,0.28,1.3,1.0,1.0,120.0,120.0,0.0,2.0,0.0,,,34.6858079,-118.2981161,Antelope Substation,1.0,exact,publicqueuereport.xlsx+cluster15.xlsx,2026-09-07,026fde9,2026-09-08T02:07:34Z
MOHAVE,MOHAVE SUBSTATION,CLARK,SCE,4.0,1770.0,1770.0,0.0,0.0,0.0,0.0,0.0,0.0,12.0,5099.843,1276.1979999999999,3.0,1425.0,1076.1979999999999,2.0,1050.0,1076.1979999999999,685.0,0.0,1770.0,1770.0,0.61,2.88,0.0,0.0,0.0,0.0,0.0,1.0,0.0,,,35.1470784,-114.597151,Mohave Substation,1.0,exact,publicqueuereport.xlsx+cluster15.xlsx,2026-09-07,026fde9,2026-09-08T02:07:34Z
LAGUNA BELL,LAGUNA BELL SUBSTATION,LOS ANGELES,SCE,3.0,750.0,756.29,1.0,1000.0,1029.0,0.0,0.0,0.0,4.0,1314.0,408.26,2.0,400.0,408.26,0.0,0.0,0.0,0.0,1000.0,1750.0,1785.29,0.23,0.75,1.0,0.0,0.0,0.0,0.0,1.0,0.0,,,33.975758,-118.1478598,Laguna Bell Substation,1.0,exact,publicqueuereport.xlsx+cluster15.xlsx,2026-09-07,026fde9,2026-09-08T02:07:34Z
TRANQUILITY,TRANQUILITY,FRESNO,PGAE,8.0,1575.0,1356.8132,0.0,0.0,0.0,0.0,0.0,0.0,6.0,1914.4345,379.929,0.0,0.0,0.0,0.0,0.0,0.0,19.94,0.0,1575.0,1356.8132,0.0,1.22,,2.0,225.0,225.0,0.0,2.0,0.0,,,36.57799,-120.40699,OSM relation 8376979 'Tranquillity Solar Project' plant centroid (Recurrent Ener,0.8,override-approx,publicqueuereport.xlsx+cluster15.xlsx,2026-09-07,026fde9,2026-09-08T02:07:34Z
EAST COUNTY,EAST COUNTY SUBSTATION,BAJA CALIFORNIA,SDGE,2.0,1272.8200000000002,0.0,1.0,299.8,0.0,2.0,276.0,0.0,7.0,2010.25,20.0,2.0,1200.0,0.0,0.0,0.0,0.0,1980.25,0.0,1572.6200000000001,0.0,,1.09,1.0,1.0,972.8,0.0,972.8,1.0,0.0,,,,,,0.8,none,publicqueuereport.xlsx+cluster15.xlsx,2026-09-07,026fde9,2026-09-08T02:07:34Z
HOODOO WASH,HOODOO WASH SWITCHYARD,YUMA,SDGE,6.0,1570.0,1320.97,0.0,0.0,0.0,2.0,790.0,435.0,5.0,1406.96,408.5,1.0,400.0,408.5,0.0,0.0,0.0,400.0,0.0,1570.0,1320.97,0.23,0.6,,2.0,500.0,0.0,500.0,0.0,0.0,,,32.7456924,-114.4912811,median of located nodes in YUMA,0.3,county-centroid,publicqueuereport.xlsx+cluster15.xlsx,2026-09-07,026fde9,2026-09-08T02:07:34Z
MOORPARK,MOORPARK SUBSTATION,VENTURA,SCE,3.0,1500.0,1516.525,0.0,0.0,0.0,0.0,0.0,0.0,4.0,1475.0,1508.7768,4.0,1475.0,1508.7768,0.0,0.0,0.0,465.0,0.0,1500.0,1516.525,0.99,0.98,,1.0,500.0,461.9,0.0,1.0,0.0,,,34.2811367,-118.9030822,Moorpark Substation,1.0,exact,publicqueuereport.xlsx+cluster15.xlsx,2026-09-07,026fde9,2026-09-08T02:07:34Z
HARLAN,HARLAN SW STA,FRESNO,PGAE,0.0,0.0,0.0,2.0,1450.0,1473.5339999999999,0.0,0.0,0.0,1.0,1150.0,1175.3,1.0,1150.0,1175.3,1.0,1150.0,1175.3,0.0,1450.0,1450.0,1473.5339999999999,0.8,0.79,0.56,0.0,0.0,0.0,0.0,0.0,0.0,AVAILABLE,New 500 kV switching station designed with future expansion capability [2026-01-15],36.423475,-120.407322,"CAISO notice 2026-01-15: Harlan 500 kV Sw Sta 36°25'24.51""N 120°24'26.36""W",1.0,override,publicqueuereport.xlsx+cluster15.xlsx,2026-09-07,026fde9,2026-09-08T02:07:34Z
MIDWAY,MIDWAY SUBSTATION,KERN,PGAE,4.0,1385.0,1278.2,0.0,0.0,0.0,0.0,0.0,0.0,12.0,2872.09,1180.675,6.0,1217.09,1054.275,0.0,0.0,0.0,315.0,0.0,1385.0,1278.2,0.82,2.07,,1.0,200.0,0.0,200.0,1.0,0.0,,,35.4029429,-119.4522985,Midway Substation,1.0,exact,publicqueuereport.xlsx+cluster15.xlsx,2026-09-07,026fde9,2026-09-08T02:07:34Z
CIELO AZUL,CIELO AZUL SUBSTATION,LA PAZ,DCRT,1.0,350.0,376.0403,1.0,1000.0,1032.1121,0.0,0.0,0.0,4.0,4000.0,4136.443799999999,4.0,4000.0,4136.443799999999,1.0,1000.0,1014.4,2000.0,0.0,1350.0,1408.1524,2.94,2.96,0.5,1.0,350.0,0.0,350.0,0.0,0.0,,,33.5806241,-114.8172191,median of located nodes in LA PAZ,0.3,county-centroid,publicqueuereport.xlsx+cluster15.xlsx,2026-09-07,026fde9,2026-09-08T02:07:34Z
NORTH GILA IMPERIAL VALLEY,NORTH GILA - IMPERIAL VALLEY,IMPERIAL,SDGE,1.0,1150.0,1150.0,0.0,0.0,0.0,0.0,0.0,0.0,1.0,726.41,0.0,0.0,0.0,0.0,0.0,0.0,0.0,0.0,0.0,1150.0,1150.0,0.0,0.63,,0.0,0.0,0.0,0.0,1.0,0.0,,,32.73179965,-115.1034182,North Gila Substation | Imperial Valley Substation,1.0,line-midpoint,publicqueuereport.xlsx+cluster15.xlsx,2026-09-07,026fde9,2026-09-08T02:07:34Z
MANNING MIDWAY,MANNING-MIDWAY,FRESNO,PGAE,1.0,1150.0,1150.0,0.0,0.0,0.0,0.0,0.0,0.0,0.0,0.0,0.0,0.0,0.0,0.0,0.0,0.0,0.0,0.0,0.0,1150.0,1150.0,0.0,0.0,,0.0,0.0,0.0,0.0,2.0,0.0,,,35.4029429,-119.4522985,Midway Substation,0.7,line-one-end,publicqueuereport.xlsx+cluster15.xlsx,2026-09-07,026fde9,2026-09-08T02:07:34Z
KRAMER,KRAMER SUBSTATION,SAN BERNARDINO,SCE,5.0,1050.0,809.5957,0.0,0.0,0.0,3.0,432.0,235.7,19.0,3564.76,805.04,1.0,150.0,0.0,0.0,0.0,0.0,395.0,0.0,1050.0,809.5957,0.0,2.41,,1.0,200.0,0.0,200.0,1.0,0.0,,,34.9896952,-117.5421983,Kramer Substation,1.0,exact,publicqueuereport.xlsx+cluster15.xlsx,2026-09-07,026fde9,2026-09-08T02:07:34Z
DIABLO CANYON,DIABLO CANYON,SAN LUIS OBISPO,PGAE,1.0,1000.0,0.0,0.0,0.0,0.0,0.0,0.0,0.0,7.0,9450.8,756.054,5.0,6300.0,756.054,0.0,0.0,0.0,2900.0,0.0,1000.0,0.0,,9.45,,0.0,0.0,0.0,0.0,1.0,0.0,,,35.2161759,-120.8472939,Diablo Canyon,1.0,exact,publicqueuereport.xlsx+cluster15.xlsx,2026-09-07,026fde9,2026-09-08T02:07:34Z
COLORADO RIVER PALO VERDE,COLORADO RIVER - PALO VERDE,LA PAZ,SCE,1.0,1000.0,1010.88,0.0,0.0,0.0,0.0,0.0,0.0,0.0,0.0,0.0,0.0,0.0,0.0,0.0,0.0,0.0,0.0,0.0,1000.0,1010.88,0.0,0.0,,1.0,1000.0,0.0,1000.0,0.0,0.0,,,33.5806241,-114.8172191,Colorado River Substation,0.7,line-one-end,publicqueuereport.xlsx+cluster15.xlsx,2026-09-07,026fde9,2026-09-08T02:07:34Z
RIO HONDO,RIO HONDO SUBSTATION,LOS ANGELES,SCE,3.0,1000.0,1015.3599999999999,0.0,0.0,0.0,0.0,0.0,0.0,5.0,2347.0,1341.8220000000001,2.0,600.0,608.0699999999999,0.0,0.0,0.0,200.0,0.0,1000.0,1015.3599999999999,0.6,2.35,,2.0,600.0,600.0,0.0,6.0,0.0,,,34.1050306,-117.980363,Rio Hondo Substation,1.0,exact,publicqueuereport.xlsx+cluster15.xlsx,2026-09-07,026fde9,2026-09-08T02:07:34Z
ARCO,ARCO,KERN,PGAE,5.0,914.9,890.9159999999999,0.0,0.0,0.0,1.0,60.0,38.0,18.0,1913.635,431.2908,4.0,430.0,431.2908,0.0,0.0,0.0,550.0,0.0,914.9,890.9159999999999,0.46,1.96,,1.0,100.0,0.0,100.0,0.0,1.0,,,35.2460173,-118.975825,median of located nodes in KERN,0.3,county-centroid,publicqueuereport.xlsx+cluster15.xlsx,2026-09-07,026fde9,2026-09-08T02:07:34Z
CHINO,CHINO SUBSTATION,SAN BERNARDINO,SCE,1.0,400.0,403.4,1.0,500.0,514.41,0.0,0.0,0.0,5.0,1459.0,957.03,2.0,349.0,354.93,1.0,199.0,204.93,0.0,500.0,900.0,917.81,0.39,1.62,0.72,0.0,0.0,0.0,0.0,1.0,0.0,,,33.998587,-117.6785183,Chino Substation,1.0,exact,publicqueuereport.xlsx+cluster15.xlsx,2026-09-07,026fde9,2026-09-08T02:07:34Z
CALCITE,CALCITE SUBSTATION,SAN BERNARDINO,SCE,2.0,255.0,256.0,2.0,638.12,288.0,0.0,0.0,0.0,4.0,521.05,160.7,3.0,360.0,130.7,0.0,0.0,0.0,360.0,0.0,893.12,544.0,0.24,0.58,1.0,0.0,0.0,0.0,0.0,1.0,0.0,,,34.7816824,-117.3693963,median of located nodes in SAN BERNARDINO,0.3,county-centroid,publicqueuereport.xlsx+cluster15.xlsx,2026-09-07,026fde9,2026-09-08T02:07:34Z
IMPERIAL VALLEY,IMPERIAL VALLEY SUBSTATION,IMPERIAL,SDGE,3.0,875.0,425.0,0.0,0.0,0.0,9.0,1347.0,550.0,40.0,12100.22,3087.12,7.0,2435.0,2454.52,1.0,100.0,50.19,3230.62,0.0,875.0,425.0,2.52,5.45,0.0,3.0,776.6,0.0,776.6,2.0,0.0,,,32.7179069,-115.7155553,Imperial Valley Substation,1.0,exact,publicqueuereport.xlsx+cluster15.xlsx,2026-09-07,026fde9,2026-09-08T02:07:34Z
DEVERS,DEVERS SUBSTATION,RIVERSIDE,SCE,2.0,450.0,390.0,1.0,400.0,406.098,2.0,1250.0,421.85,16.0,5039.0,2869.47,8.0,2229.0,2203.8599999999997,0.0,0.0,0.0,929.0,0.0,850.0,796.098,1.81,2.4,1.0,0.0,0.0,0.0,0.0,2.0,1.0,,,33.9379937,-116.5766239,Devers Substation,1.0,exact,publicqueuereport.xlsx+cluster15.xlsx,2026-09-07,026fde9,2026-09-08T02:07:34Z
DELANEY,DELANEY SUBSTATION,MARICOPA,DCRT,3.0,850.0,880.6659999999999,0.0,0.0,0.0,0.0,0.0,0.0,4.0,3249.9969,2841.2980000000002,3.0,2749.9969,2331.2980000000002,0.0,0.0,0.0,0.0,0.0,850.0,880.6659999999999,2.65,3.82,,1.0,400.0,0.0,400.0,2.0,0.0,,,,,,0.71,none,publicqueuereport.xlsx+cluster15.xlsx,2026-09-07,026fde9,2026-09-08T02:07:34Z
LOS BANOS GATES,LOS BANOS - GATES #1,FRESNO,PGAE,0.0,0.0,0.0,1.0,800.0,491.8,0.0,0.0,0.0,3.0,4200.0,4273.8,1.0,1700.0,1700.0,0.0,0.0,0.0,0.0,800.0,800.0,491.8,3.46,5.25,1.0,0.0,0.0,0.0,0.0,0.0,0.0,,,36.59717105,-120.57308499999999,Los Banos Substation | Gates Substation,1.0,line-midpoint,publicqueuereport.xlsx+cluster15.xlsx,2026-09-07,026fde9,2026-09-08T02:07:34Z
VACA DIXON,VACA-DIXON,SOLANO,PGAE,3.0,800.0,891.61,0.0,0.0,0.0,0.0,0.0,0.0,3.0,1680.0,1661.0,2.0,1600.0,1661.0,0.0,0.0,0.0,700.0,0.0,800.0,891.61,1.86,2.1,,2.0,500.0,500.0,0.0,0.0,0.0,,,38.4034895,-121.9202262,Vaca Dixon Substation,1.0,exact,publicqueuereport.xlsx+cluster15.xlsx,2026-09-07,026fde9,2026-09-08T02:07:34Z
GAMEBIRD,GAMEBIRD SUBSTATION,NYE,VEA,3.0,744.0,760.7638,0.0,0.0,0.0,0.0,0.0,0.0,4.0,1199.002,0.0,0.0,0.0,0.0,0.0,0.0,0.0,0.0,0.0,744.0,760.7638,0.0,1.61,,0.0,0.0,0.0,0.0,0.0,0.0,,,36.16197,-115.89944,OSM way 439012890 'Gamebird Switchard' power=substation 230 kV (Valley Electric ,1.0,override,publicqueuereport.xlsx+cluster15.xlsx,2026-09-07,026fde9,2026-09-08T02:07:34Z
HASSAYAMPA,HASSAYAMPA,MARICOPA,SDGE,0.0,0.0,0.0,2.0,700.01,154.5,0.0,0.0,0.0,3.0,575.0,60.0,0.0,0.0,0.0,0.0,0.0,0.0,125.0,0.0,700.01,154.5,0.0,0.82,1.0,0.0,0.0,0.0,0.0,0.0,0.0,,,,,,0.63,none,publicqueuereport.xlsx+cluster15.xlsx,2026-09-07,026fde9,2026-09-08T02:07:34Z
LUGO PISGAH,LUGO-PISGAH,SAN BERNARDINO,SCE,0.0,0.0,0.0,1.0,700.0,715.1,0.0,0.0,0.0,8.0,1711.0,0.0,1.0,150.0,0.0,0.0,0.0,0.0,210.0,0.0,700.0,715.1,0.0,2.44,1.0,0.0,0.0,0.0,0.0,0.0,0.0,,,34.5737521,-116.87704595,Lugo Substation | Pisgah Switchyard,1.0,line-midpoint,publicqueuereport.xlsx+cluster15.xlsx,2026-09-07,026fde9,2026-09-08T02:07:34Z
MIRA LOMA,MIRA LOMA SUBSTATION,SAN BERNARDINO,SCE,1.0,300.0,312.96,2.0,360.0,367.09,0.0,0.0,0.0,8.0,3109.0,2081.184018,6.0,1999.0,2031.1840180000002,1.0,199.0,204.93,500.0,360.0,660.0,680.05,2.99,4.71,0.64,0.0,0.0,0.0,0.0,1.0,0.0,,,34.0080322,-117.5642244,Mira Loma Substation,1.0,exact,publicqueuereport.xlsx+cluster15.xlsx,2026-09-07,026fde9,2026-09-08T02:07:34Z
QUINTO,QUINTO SW STA,MERCED,PGAE,1.0,150.0,158.5678,2.0,500.0,515.47,0.0,0.0,0.0,3.0,500.0,129.93,1.0,100.0,101.93,1.0,100.0,101.93,200.0,500.0,650.0,674.0378000000001,0.15,0.77,0.83,0.0,0.0,0.0,0.0,1.0,0.0,,,37.119984,-121.0689671,Quinto Substation,1.0,exact,publicqueuereport.xlsx+cluster15.xlsx,2026-09-07,026fde9,2026-09-08T02:07:34Z
LOS ESTEROS,LOS ESTEROS,SANTA CLARA,PGAE,3.0,323.0,206.0,1.0,300.0,307.62,0.0,0.0,0.0,5.0,1270.0,1286.0900000000001,2.0,750.0,766.09,0.0,0.0,0.0,250.0,300.0,623.0,513.62,1.49,2.04,1.0,0.0,0.0,0.0,0.0,0.0,0.0,,,37.4272373,-121.9328297,Los Esteros Substation,1.0,exact,publicqueuereport.xlsx+cluster15.xlsx,2026-09-07,026fde9,2026-09-08T02:07:34Z
PISGAH,PISGAH SUBSTATION,SAN BERNARDINO,SCE,1.0,300.0,312.96,2.0,300.01,0.0,0.0,0.0,0.0,15.0,7799.0,200.0,1.0,200.0,200.0,0.0,0.0,0.0,1650.0,0.0,600.01,312.96,0.64,13.0,1.0,1.0,60.0,0.0,60.0,0.0,1.0,,,34.7816824,-116.3846956,Pisgah Switchyard,1.0,exact,publicqueuereport.xlsx+cluster15.xlsx,2026-09-07,026fde9,2026-09-08T02:07:34Z
WALNUT,WALNUT SUBSTATION,LOS ANGELES,SCE,2.0,600.0,600.0,0.0,0.0,0.0,1.0,500.5,0.0,1.0,200.0,0.0,0.0,0.0,0.0,0.0,0.0,0.0,0.0,0.0,600.0,600.0,0.0,0.18,,0.0,0.0,0.0,0.0,1.0,0.0,,,37.4899763,-120.9059194,Walnut Substation,1.0,exact,publicqueuereport.xlsx+cluster15.xlsx,2026-09-07,026fde9,2026-09-08T02:07:34Z
MAGUNDEN PASTORIA,MAGUNDEN-PASTORIA,KERN,SCE,0.0,0.0,0.0,1.0,600.0,0.0,0.0,0.0,0.0,1.0,200.0,202.998,0.0,0.0,0.0,0.0,0.0,0.0,0.0,0.0,600.0,0.0,,0.33,1.0,0.0,0.0,0.0,0.0,0.0,0.0,,,35.1481832,-118.88288514999999,Magunden Substation | Pastoria Substation,1.0,line-midpoint,publicqueuereport.xlsx+cluster15.xlsx,2026-09-07,026fde9,2026-09-08T02:07:34Z
TEHACHAPI CONCEPTUAL,TEHACHAPI CONCEPTUAL SUBSTATION #1,KERN,SCE,1.0,600.0,300.0,0.0,0.0,0.0,0.0,0.0,0.0,0.0,0.0,0.0,0.0,0.0,0.0,0.0,0.0,0.0,0.0,0.0,600.0,300.0,0.0,0.0,,1.0,148.2,0.0,148.2,0.0,0.0,,,35.2460173,-118.975825,median of located nodes in KERN,0.3,county-centroid,publicqueuereport.xlsx+cluster15.xlsx,2026-09-07,026fde9,2026-09-08T02:07:34Z
OTAY MESA,OTAY MESA SWITCHYARD,SAN DIEGO,SDGE,2.0,550.01,569.25,0.0,0.0,0.0,6.0,1201.0,250.0,14.0,2357.5699999999997,1569.6991,4.0,1026.37,1034.6991,0.0,0.0,0.0,300.0,0.0,550.01,569.25,1.26,1.35,,2.0,550.0,0.0,550.0,0.0,0.0,,,32.90258,-117.1167373,median of located nodes in SAN DIEGO,0.3,county-centroid,publicqueuereport.xlsx+cluster15.xlsx,2026-09-07,026fde9,2026-09-08T02:07:34Z
CONTRA COSTA,CONTRA COSTA SUBSTATION,CONTRA COSTA,PGAE,2.0,550.0,564.168,0.0,0.0,0.0,2.0,690.0,0.0,9.0,3121.973,352.6488,1.0,200.0,213.1488,0.0,0.0,0.0,1332.3,0.0,550.0,564.168,0.38,2.52,,2.0,550.0,449.0,0.0,0.0,0.0,,,37.9993561,-121.7824183,Contra Costa Substation,1.0,exact,publicqueuereport.xlsx+cluster15.xlsx,2026-09-07,026fde9,2026-09-08T02:07:34Z
LATHROP WELLS,LATHROP WELLS SUBSTATION,NYE,GLW,1.0,500.0,516.7638,0.0,0.0,0.0,0.0,0.0,0.0,0.0,0.0,0.0,0.0,0.0,0.0,0.0,0.0,0.0,0.0,0.0,500.0,516.7638,0.0,0.0,,0.0,0.0,0.0,0.0,0.0,0.0,,,35.086571649999996,-116.5531878,median of located nodes in NYE,0.3,county-centroid,publicqueuereport.xlsx+cluster15.xlsx,2026-09-07,026fde9,2026-09-08T02:07:34Z
TESLA NEWARK,TESLA-NEWARK #1,ALAMEDA,PGAE,1.0,500.0,504.0,0.0,0.0,0.0,0.0,0.0,0.0,0.0,0.0,0.0,0.0,0.0,0.0,0.0,0.0,0.0,0.0,0.0,500.0,504.0,0.0,0.0,,0.0,0.0,0.0,0.0,1.0,0.0,,,37.60643695,-121.7756521,Tesla Substation | Newark Substation,1.0,line-midpoint,publicqueuereport.xlsx+cluster15.xlsx,2026-09-07,026fde9,2026-09-08T02:07:34Z
MARTIN,MARTIN,SAN MATEO,PGAE,2.0,500.0,500.0,0.0,0.0,0.0,0.0,0.0,0.0,2.0,662.0,665.6895,1.0,250.0,253.6895,0.0,0.0,0.0,0.0,0.0,500.0,500.0,0.51,1.32,,0.0,0.0,0.0,0.0,1.0,0.0,,,37.7037524,-122.4094087,Martin Substation,1.0,exact,publicqueuereport.xlsx+cluster15.xlsx,2026-09-07,026fde9,2026-09-08T02:07:34Z
PITTSBURG TESLA,PITTSBURG-TESLA,CONTRA COSTA,PGAE,1.0,500.0,504.0,0.0,0.0,0.0,0.0,0.0,0.0,1.0,14.0,0.0,0.0,0.0,0.0,0.0,0.0,0.0,14.0,0.0,500.0,504.0,0.0,0.03,,0.0,0.0,0.0,0.0,1.0,0.0,,,37.87448275,-121.73034525,Pittsburg Substation | Tesla Substation,1.0,line-midpoint,publicqueuereport.xlsx+cluster15.xlsx,2026-09-07,026fde9,2026-09-08T02:07:34Z
PITTSBURG,PITTSBURG,CONTRA COSTA,PGAE,2.0,500.0,532.6,0.0,0.0,0.0,1.0,72.0,0.0,10.0,2851.11,2466.786,4.0,980.0,1506.786,0.0,0.0,0.0,720.0,0.0,500.0,532.6,2.83,4.98,,0.0,0.0,0.0,0.0,2.0,0.0,,,38.0369134,-121.8959532,Pittsburg Substation,1.0,exact,publicqueuereport.xlsx+cluster15.xlsx,2026-09-07,026fde9,2026-09-08T02:07:34Z
GATES MIDWAY,GATES-MIDWAY,KINGS,PGAE,1.0,500.0,500.0,0.0,0.0,0.0,0.0,0.0,0.0,6.0,1510.0,1349.2418,3.0,950.0,961.3018,0.0,0.0,0.0,650.0,0.0,500.0,500.0,1.92,3.02,,1.0,400.0,0.0,400.0,0.0,0.0,,,35.77214015,-119.78898035,Gates Substation | Midway Substation,1.0,line-midpoint,publicqueuereport.xlsx+cluster15.xlsx,2026-09-07,026fde9,2026-09-08T02:07:34Z
NORTH GILA HOODOO WASH,NORTH GILA - HOODOO WASH (SDGE PORTION ONLY),YUMA,SDGE,0.0,0.0,0.0,1.0,500.0,500.0,0.0,0.0,0.0,0.0,0.0,0.0,0.0,0.0,0.0,0.0,0.0,0.0,0.0,0.0,500.0,500.0,0.0,0.0,1.0,0.0,0.0,0.0,0.0,0.0,0.0,,,32.7456924,-114.4912811,North Gila Substation,0.7,line-one-end,publicqueuereport.xlsx+cluster15.xlsx,2026-09-07,026fde9,2026-09-08T02:07:34Z
BELLOTA,BELLOTA,SAN JOAQUIN,PGAE,0.0,0.0,0.0,1.0,500.0,514.08,0.0,0.0,0.0,3.0,650.0,717.72,3.0,650.0,717.72,0.0,0.0,0.0,650.0,500.0,500.0,514.08,1.4,1.3,1.0,1.0,300.0,0.0,300.0,0.0,0.0,,,38.0157488,-121.0138807,Bellota Substation,1.0,exact,publicqueuereport.xlsx+cluster15.xlsx,2026-09-07,026fde9,2026-09-08T02:07:34Z
BEATTY,BEATTY,NYE,GLW,1.0,500.0,515.08,0.0,0.0,0.0,0.0,0.0,0.0,3.0,1777.3,1402.4091,3.0,1777.3,1402.4091,2.0,1350.0,1402.4091,0.0,0.0,500.0,515.08,2.72,3.55,0.0,1.0,500.0,0.0,500.0,0.0,0.0,,,35.086571649999996,-116.5531878,median of located nodes in NYE,0.3,county-centroid,publicqueuereport.xlsx+cluster15.xlsx,2026-09-07,026fde9,2026-09-08T02:07:34Z
PROPOSED LEE LAKE,PROPOSED LEE LAKE SUBSTATION,RIVERSIDE,SDGE,1.0,500.0,500.0,0.0,0.0,0.0,0.0,0.0,0.0,0.0,0.0,0.0,0.0,0.0,0.0,0.0,0.0,0.0,0.0,0.0,500.0,500.0,0.0,0.0,,0.0,0.0,0.0,0.0,0.0,0.0,,,33.832733000000005,-116.0744455,median of located nodes in RIVERSIDE,0.3,county-centroid,publicqueuereport.xlsx+cluster15.xlsx,2026-09-07,026fde9,2026-09-08T02:07:34Z
SPRINGVILLE,SPRINGVILLE SUBSTATION,TULARE,SCE,1.0,460.0,345.0,0.0,0.0,0.0,0.0,0.0,0.0,6.0,1652.0,1193.6669,4.0,1090.0,773.6669,0.0,0.0,0.0,0.0,0.0,460.0,345.0,2.24,3.59,,0.0,0.0,0.0,0.0,0.0,0.0,,,36.1079723,-118.9381572,Springville Substation,1.0,exact,publicqueuereport.xlsx+cluster15.xlsx,2026-09-07,026fde9,2026-09-08T02:07:34Z
BOULEVARD EAST,BOULEVARD EAST SUBSTATION,SAN DIEGO,SDGE,3.0,413.8,355.31,0.0,0.0,0.0,0.0,0.0,0.0,9.0,649.38,132.35,2.0,151.88,82.35,0.0,0.0,0.0,309.38,0.0,413.8,355.31,0.23,1.57,,1.0,131.6,0.0,131.6,1.0,0.0,,,32.90258,-117.1167373,median of located nodes in SAN DIEGO,0.3,county-centroid,publicqueuereport.xlsx+cluster15.xlsx,2026-09-07,026fde9,2026-09-08T02:07:34Z
ETIWANDA,ETIWANDA SUBSTATION,SAN BERNARDINO,SCE,1.0,400.0,405.663412,1.0,12.5,12.55,1.0,100.0,100.98,5.0,2927.0,2148.568,2.0,1850.0,1898.568,0.0,0.0,0.0,550.0,12.5,412.5,418.213412,3.66,5.71,1.0,0.0,0.0,0.0,0.0,1.0,0.0,,,34.7816824,-117.3693963,median of located nodes in SAN BERNARDINO,0.3,county-centroid,publicqueuereport.xlsx+cluster15.xlsx,2026-09-07,026fde9,2026-09-08T02:07:34Z
LITEHIPE,LITEHIPE SUBSTATION,LOS ANGELES,SCE,1.0,400.0,405.514808,0.0,0.0,0.0,0.0,0.0,0.0,0.0,0.0,0.0,0.0,0.0,0.0,0.0,0.0,0.0,0.0,0.0,400.0,405.514808,0.0,0.0,,1.0,400.0,400.0,0.0,0.0,0.0,,,34.47440665,-118.2627298,median of located nodes in LOS ANGELES,0.3,county-centroid,publicqueuereport.xlsx+cluster15.xlsx,2026-09-07,026fde9,2026-09-08T02:07:34Z
QUINTO FINK,QUINTO SW STA- FINK SW STA,STANISLAUS,PGAE,0.0,0.0,0.0,1.0,400.0,416.545013,0.0,0.0,0.0,0.0,0.0,0.0,0.0,0.0,0.0,0.0,0.0,0.0,0.0,400.0,400.0,416.545013,0.0,0.0,1.0,0.0,0.0,0.0,0.0,0.0,0.0,,,37.26521925,-121.1207559,Quinto Substation | Fink Switching Station,1.0,line-midpoint,publicqueuereport.xlsx+cluster15.xlsx,2026-09-07,026fde9,2026-09-08T02:07:34Z
LAMBIE,LAMBIE SWITCHING STATION,SOLANO,PGAE,1.0,400.0,417.3487,0.0,0.0,0.0,0.0,0.0,0.0,4.0,409.0,400.0,1.0,400.0,400.0,0.0,0.0,0.0,400.0,0.0,400.0,417.3487,0.96,1.02,,2.0,800.0,400.0,400.0,0.0,0.0,,,38.2214947,-121.8669216,Lambie Substation,1.0,exact,publicqueuereport.xlsx+cluster15.xlsx,2026-09-07,026fde9,2026-09-08T02:07:34Z
EL NIDO,EL NIDO SUBSTATION,LOS ANGELES,PGAE,1.0,400.0,405.663412,0.0,0.0,0.0,0.0,0.0,0.0,3.0,380.0,345.80999999999995,1.0,150.0,151.42,0.0,0.0,0.0,0.0,0.0,400.0,405.663412,0.37,0.95,,1.0,400.0,400.0,0.0,0.0,0.0,,,34.47440665,-118.2627298,median of located nodes in LOS ANGELES,0.3,county-centroid,publicqueuereport.xlsx+cluster15.xlsx,2026-09-07,026fde9,2026-09-08T02:07:34Z
SUNCREST OCOTILLO,SUNCREST - OCOTILLO,SAN DIEGO,SDGE,1.0,400.0,313.91928,0.0,0.0,0.0,0.0,0.0,0.0,2.0,607.9,0.0,1.0,400.0,0.0,0.0,0.0,0.0,607.9,0.0,400.0,313.91928,0.0,1.52,,0.0,0.0,0.0,0.0,0.0,0.0,,,32.8087648,-116.68306,Suncrest Substation,0.7,line-one-end,publicqueuereport.xlsx+cluster15.xlsx,2026-09-07,026fde9,2026-09-08T02:07:34Z
LA CIENEGA,LA CIENEGA SUBSTATION,LOS ANGELES,SCE,1.0,400.0,405.750886,0.0,0.0,0.0,0.0,0.0,0.0,2.0,580.0,584.2,1.0,500.0,504.2,0.0,0.0,0.0,80.0,0.0,400.0,405.750886,1.24,1.45,,1.0,400.0,400.0,0.0,0.0,0.0,,,34.0006667,-118.3784687,La Cienega Substation,1.0,exact,publicqueuereport.xlsx+cluster15.xlsx,2026-09-07,026fde9,2026-09-08T02:07:34Z
MANDALAY,MANDALAY SWITCHYARD,VENTURA,SCE,1.0,400.0,409.0,0.0,0.0,0.0,0.0,0.0,0.0,0.0,0.0,0.0,0.0,0.0,0.0,0.0,0.0,0.0,0.0,0.0,400.0,409.0,0.0,0.0,,0.0,0.0,0.0,0.0,0.0,0.0,,,34.2077559,-119.2468823,Mandalay Switchyard,1.0,exact,publicqueuereport.xlsx+cluster15.xlsx,2026-09-07,026fde9,2026-09-08T02:07:34Z
VESTAL,VESTAL SUBSTATION,TULARE,SCE,2.0,400.0,400.0,0.0,0.0,0.0,1.0,300.0,240.0,7.0,1759.0,743.2610999999999,2.0,400.0,429.0911,0.0,0.0,0.0,400.0,0.0,400.0,400.0,0.67,2.51,,1.0,100.0,74.0,0.0,0.0,0.0,,,35.8412308,-119.0846351,Vestal Substation,1.0,exact,publicqueuereport.xlsx+cluster15.xlsx,2026-09-07,026fde9,2026-09-08T02:07:34Z
RIO OSO,RIO OSO SUBSTATION,SUTTER,PGAE,0.0,0.0,0.0,1.0,400.0,0.0,0.0,0.0,0.0,5.0,1020.0,374.6325,1.0,100.0,120.62,0.0,0.0,0.0,0.0,0.0,400.0,0.0,,2.55,1.0,0.0,0.0,0.0,0.0,0.0,0.0,,,38.9351998,-121.4667925,Rio Oso Substation,1.0,exact,publicqueuereport.xlsx+cluster15.xlsx,2026-09-07,026fde9,2026-09-08T02:07:34Z
RANCHO SECO BELLOTA,RANCHO SECO-BELLOTA #1,SAN JOAQUIN,PGAE,1.0,350.0,356.592,0.0,0.0,0.0,0.0,0.0,0.0,0.0,0.0,0.0,0.0,0.0,0.0,0.0,0.0,0.0,0.0,0.0,350.0,356.592,0.0,0.0,,0.0,0.0,0.0,0.0,1.0,0.0,,,38.1799786,-121.06887425,Rancho Seco Substation | Bellota Substation,1.0,line-midpoint,publicqueuereport.xlsx+cluster15.xlsx,2026-09-07,026fde9,2026-09-08T02:07:34Z
INNOVATION DESERT VIEW,INNOVATION-DESERT VIEW,CLARK,GLW,1.0,350.0,350.0,0.0,0.0,0.0,0.0,0.0,0.0,0.0,0.0,0.0,0.0,0.0,0.0,0.0,0.0,0.0,0.0,0.0,350.0,350.0,0.0,0.0,,0.0,0.0,0.0,0.0,1.0,0.0,,,36.5822326,-115.9473218,Innovation Substation,0.7,line-one-end,publicqueuereport.xlsx+cluster15.xlsx,2026-09-07,026fde9,2026-09-08T02:07:34Z
METCALF,METCALF,SANTA CLARA,PGAE,1.0,350.0,354.88,0.0,0.0,0.0,1.0,75.0,75.0,2.0,310.07,311.8,1.0,60.07,61.8,1.0,60.07,61.8,0.0,0.0,350.0,354.88,0.14,0.73,0.0,0.0,0.0,0.0,0.0,0.0,0.0,,,37.2255899,-121.7439528,Metcalf Substation,1.0,exact,publicqueuereport.xlsx+cluster15.xlsx,2026-09-07,026fde9,2026-09-08T02:07:34Z
RECTOR,RECTOR SUBSTATION,TULARE,SCE,2.0,350.0,366.1983,0.0,0.0,0.0,0.0,0.0,0.0,3.0,750.0,723.3199999999999,2.0,650.0,671.76,0.0,0.0,0.0,250.0,0.0,350.0,366.1983,1.83,2.14,,2.0,550.0,350.0,200.0,0.0,0.0,,,36.3038123,-119.2451574,Rector Substation,1.0,exact,publicqueuereport.xlsx+cluster15.xlsx,2026-09-07,026fde9,2026-09-08T02:07:34Z
LATHROP,LATHROP,NYE,GLW,0.0,0.0,0.0,1.0,350.0,0.0,0.0,0.0,0.0,0.0,0.0,0.0,0.0,0.0,0.0,0.0,0.0,0.0,0.0,0.0,350.0,0.0,,0.0,1.0,0.0,0.0,0.0,0.0,0.0,0.0,,,35.086571649999996,-116.5531878,median of located nodes in NYE,0.3,county-centroid,publicqueuereport.xlsx+cluster15.xlsx,2026-09-07,026fde9,2026-09-08T02:07:34Z
BIRDS LANDING,BIRDS LANDING,SOLANO,PGAE,3.0,206.8,92.0,1.0,104.8,0.0,2.0,350.0,0.0,11.0,1481.3400000000001,720.46,3.0,450.0,474.56,0.0,0.0,0.0,450.0,104.8,311.6,92.0,5.16,2.24,1.0,1.0,100.0,0.0,100.0,0.0,0.0,,,38.1247013,-121.8301278,Birds Landing Switching Station,1.0,exact,publicqueuereport.xlsx+cluster15.xlsx,2026-09-07,026fde9,2026-09-08T02:07:34Z
SCE OWNED ELDORADO,SCE OWNED ELDORADO BUS,CLARK,SCE,1.0,300.0,300.0,0.0,0.0,0.0,0.0,0.0,0.0,2.0,506.8,20.0,0.0,0.0,0.0,0.0,0.0,0.0,250.0,0.0,300.0,300.0,0.0,1.69,,0.0,0.0,0.0,0.0,0.0,0.0,,,35.79368145,-115.12508027499999,median of located nodes in CLARK,0.3,county-centroid,publicqueuereport.xlsx+cluster15.xlsx,2026-09-07,026fde9,2026-09-08T02:07:34Z
INNOVATION,INNOVATION SUBSTATION,CLARK/NYE,GLW,1.0,300.0,300.0,0.0,0.0,0.0,0.0,0.0,0.0,2.0,503.307,150.0,1.0,300.0,150.0,0.0,0.0,0.0,0.0,0.0,300.0,300.0,0.5,1.68,,1.0,45.0,0.0,45.0,0.0,0.0,,,36.5822326,-115.9473218,Innovation Substation,1.0,exact,publicqueuereport.xlsx+cluster15.xlsx,2026-09-07,026fde9,2026-09-08T02:07:34Z
MUSTANG,MUSTANG SWITCHING STATION,KINGS,PGAE,1.0,300.0,300.0,0.0,0.0,0.0,2.0,450.0,308.7,4.0,703.3,297.0,1.0,250.0,250.0,0.0,0.0,0.0,150.0,0.0,300.0,300.0,0.41,0.94,,0.0,0.0,0.0,0.0,0.0,1.0,,,35.3040221,-120.6580681,Mustang Substation (75),1.0,exact,publicqueuereport.xlsx+cluster15.xlsx,2026-09-07,026fde9,2026-09-08T02:07:34Z
WHEELER RIDGE,WHEELER RIDGE,KERN,PGAE,1.0,300.0,310.63,0.0,0.0,0.0,2.0,300.0,92.0,1.0,20.0,0.0,0.0,0.0,0.0,0.0,0.0,0.0,20.0,0.0,300.0,310.63,0.0,0.03,,1.0,600.0,0.0,600.0,0.0,0.0,,,35.0890917,-118.975825,Wheeler Ridge Substation,1.0,exact,publicqueuereport.xlsx+cluster15.xlsx,2026-09-07,026fde9,2026-09-08T02:07:34Z
WESTLY QUINTO,WESTLY-QUINTO,STANISLAUS,PGAE,1.0,300.0,365.12,0.0,0.0,0.0,0.0,0.0,0.0,0.0,0.0,0.0,0.0,0.0,0.0,0.0,0.0,0.0,0.0,0.0,300.0,365.12,0.0,0.0,,1.0,300.0,210.0,0.0,1.0,0.0,,,37.119984,-121.0689671,Quinto Substation,0.7,line-one-end,publicqueuereport.xlsx+cluster15.xlsx,2026-09-07,026fde9,2026-09-08T02:07:34Z
GATES TEMPLETON,GATES-TEMPLETON,KINGS,PGAE,1.0,300.0,300.951,0.0,0.0,0.0,0.0,0.0,0.0,2.0,850.0,675.0,1.0,350.0,175.0,0.0,0.0,0.0,0.0,0.0,300.0,300.951,0.58,2.83,,1.0,15.0,0.0,15.0,0.0,1.0,,,35.848192999999995,-120.40301410000001,Gates Substation | Templeton,1.0,line-midpoint,publicqueuereport.xlsx+cluster15.xlsx,2026-09-07,026fde9,2026-09-08T02:07:34Z
ANTELOPE VALLEYSUBSTATION,ANTELOPE VALLEYSUBSTATION,LOS ANGELES,SCE,1.0,300.0,302.4,0.0,0.0,0.0,0.0,0.0,0.0,0.0,0.0,0.0,0.0,0.0,0.0,0.0,0.0,0.0,0.0,0.0,300.0,302.4,0.0,0.0,,0.0,0.0,0.0,0.0,1.0,0.0,,,34.47440665,-118.2627298,median of located nodes in LOS ANGELES,0.3,county-centroid,publicqueuereport.xlsx+cluster15.xlsx,2026-09-07,026fde9,2026-09-08T02:07:34Z
VIEJO,VIEJO,ORANGE,SCE,1.0,300.0,302.4,0.0,0.0,0.0,0.0,0.0,0.0,1.0,1000.0,1029.0,1.0,1000.0,1029.0,1.0,1000.0,1029.0,0.0,0.0,300.0,302.4,3.4,3.33,0.0,1.0,300.0,300.0,0.0,1.0,0.0,,,33.666879,-117.6424464,Viejo Substation,1.0,exact,publicqueuereport.xlsx+cluster15.xlsx,2026-09-07,026fde9,2026-09-08T02:07:34Z
ARCO MIDWAY,ARCO-MIDWAY,KERN,PGAE,0.0,0.0,0.0,2.0,300.0,300.0,0.0,0.0,0.0,1.0,300.0,387.94,1.0,300.0,387.94,0.0,0.0,0.0,0.0,0.0,300.0,300.0,1.29,1.0,1.0,0.0,0.0,0.0,0.0,0.0,0.0,,,35.4029429,-119.4522985,Midway Substation,0.7,line-one-end,publicqueuereport.xlsx+cluster15.xlsx,2026-09-07,026fde9,2026-09-08T02:07:34Z
BITTERWATER,BITTERWATER SW STA,KERN,PGAE,0.0,0.0,0.0,1.0,300.0,0.0,0.0,0.0,0.0,1.0,200.0,50.0,0.0,0.0,0.0,0.0,0.0,0.0,0.0,0.0,300.0,0.0,,0.67,1.0,0.0,0.0,0.0,0.0,0.0,0.0,AVAILABLE,New 230 kV switching station designed with future expansion capability [2026-01-15],35.124694,-119.298414,"CAISO notice 2026-01-15: Bitterwater 230 kV Sw Sta 35°7'28.90""N 119°17'54.29""W",1.0,override,publicqueuereport.xlsx+cluster15.xlsx,2026-09-07,026fde9,2026-09-08T02:07:34Z
OCOTILLO,OCOTILLO SWITCHYARD,IMPERIAL,SDGE,1.0,265.44,238.989,0.0,0.0,0.0,0.0,0.0,0.0,0.0,0.0,0.0,0.0,0.0,0.0,0.0,0.0,0.0,0.0,0.0,265.44,238.989,0.0,0.0,,0.0,0.0,0.0,0.0,0.0,0.0,,,32.7179069,-115.7155553,median of located nodes in IMPERIAL,0.3,county-centroid,publicqueuereport.xlsx+cluster15.xlsx,2026-09-07,026fde9,2026-09-08T02:07:34Z
WEBER,WEBER,SAN JOAQUIN,PGAE,1.0,260.0,268.065,0.0,0.0,0.0,2.0,45.0,45.45,1.0,25.0,25.0,0.0,0.0,0.0,0.0,0.0,0.0,0.0,0.0,260.0,268.065,0.0,0.08,,0.0,0.0,0.0,0.0,1.0,0.0,,,37.7770366,-121.31472865,median of located nodes in SAN JOAQUIN,0.3,county-centroid,publicqueuereport.xlsx+cluster15.xlsx,2026-09-07,026fde9,2026-09-08T02:07:34Z
ELDORADO,ELDORADO SUBSTATION,CLARK,SCE,1.0,250.0,256.29,0.0,0.0,0.0,0.0,0.0,0.0,14.0,10697.0,2005.1,1.0,500.0,505.1,1.0,500.0,505.1,392.0,0.0,250.0,256.29,1.97,42.79,0.0,0.0,0.0,0.0,0.0,0.0,0.0,,,35.7973353,-115.0084794,Eldorado Substation,1.0,exact,publicqueuereport.xlsx+cluster15.xlsx,2026-09-07,026fde9,2026-09-08T02:07:34Z
SCE PORTION OF ELDORADO,SCE PORTION OF ELDORADO SUBSTATION,CLARK,SCE,1.0,250.0,256.29,0.0,0.0,0.0,0.0,0.0,0.0,0.0,0.0,0.0,0.0,0.0,0.0,0.0,0.0,0.0,0.0,0.0,250.0,256.29,0.0,0.0,,1.0,250.0,0.0,250.0,0.0,0.0,,,35.79368145,-115.12508027499999,median of located nodes in CLARK,0.3,county-centroid,publicqueuereport.xlsx+cluster15.xlsx,2026-09-07,026fde9,2026-09-08T02:07:34Z
HASSAYAMPA COMMON,HASSAYAMPA COMMON BUS,MARICOPA,SDGE,1.0,250.0,250.0,0.0,0.0,0.0,7.0,872.31,10.0,3.0,915.0,951.4,2.0,665.0,698.8,0.0,0.0,0.0,665.0,0.0,250.0,250.0,2.69,0.82,,2.0,375.0,0.0,375.0,0.0,0.0,,,,,,0.5,none,publicqueuereport.xlsx+cluster15.xlsx,2026-09-07,026fde9,2026-09-08T02:07:34Z
KASSON,KASSON,SAN JOAQUIN,PGAE,0.0,0.0,0.0,1.0,250.0,258.2079,0.0,0.0,0.0,1.0,50.0,50.0,0.0,0.0,0.0,0.0,0.0,0.0,0.0,250.0,250.0,258.2079,0.0,0.2,1.0,0.0,0.0,0.0,0.0,0.0,0.0,,,37.7457866,-121.3413843,Kasson Substation,1.0,exact,publicqueuereport.xlsx+cluster15.xlsx,2026-09-07,026fde9,2026-09-08T02:07:34Z
FINK,FINK SW STA,STANISLAUS,PGAE,0.0,0.0,0.0,1.0,240.0,249.524,1.0,300.0,162.0,1.0,130.0,133.76,1.0,130.0,133.76,1.0,130.0,133.76,0.0,240.0,240.0,249.524,0.33,0.24,0.65,0.0,0.0,0.0,0.0,0.0,0.0,,,37.4104545,-121.1725447,Fink Switching Station,1.0,exact,publicqueuereport.xlsx+cluster15.xlsx,2026-09-07,026fde9,2026-09-08T02:07:34Z
CORTINA,CORTINA,COLUSA,PGAE,2.0,230.0,230.0,0.0,0.0,0.0,0.0,0.0,0.0,2.0,350.0,75.0,0.0,0.0,0.0,0.0,0.0,0.0,0.0,0.0,230.0,230.0,0.0,1.52,,0.0,0.0,0.0,0.0,0.0,0.0,,,39.1206016,-122.2231973,Cortina Substation,1.0,exact,publicqueuereport.xlsx+cluster15.xlsx,2026-09-07,026fde9,2026-09-08T02:07:34Z
VALLEY SPRINGS,VALLEY SPRINGS,CALAVERAS,PGAE,1.0,100.0,101.0,1.0,125.0,128.4,0.0,0.0,0.0,2.0,155.0,155.656,0.0,0.0,0.0,0.0,0.0,0.0,0.0,125.0,225.0,229.4,0.0,0.69,1.0,0.0,0.0,0.0,0.0,1.0,0.0,,,,,,0.6,none,publicqueuereport.xlsx+cluster15.xlsx,2026-09-07,026fde9,2026-09-08T02:07:34Z
SCHULTE,SCHULTE,SAN JOAQUIN,PGAE,2.0,220.0,213.55,0.0,0.0,0.0,0.0,0.0,0.0,2.0,500.0,462.57,1.0,450.0,462.57,0.0,0.0,0.0,450.0,0.0,220.0,213.55,2.17,2.27,,1.0,186.7,5.9,0.0,0.0,1.0,,,37.710439,-121.4899411,Schulte Switching Station,1.0,exact,publicqueuereport.xlsx+cluster15.xlsx,2026-09-07,026fde9,2026-09-08T02:07:34Z
DELEVAN CORTINA,DELEVAN-CORTINA,COLUSA,PGAE,0.0,0.0,0.0,2.0,217.4,224.196962,0.0,0.0,0.0,0.0,0.0,0.0,0.0,0.0,0.0,0.0,0.0,0.0,0.0,0.0,217.4,224.196962,0.0,0.0,1.0,0.0,0.0,0.0,0.0,0.0,0.0,,,39.24440525,-122.2463327,Delevan Substation | Cortina Substation,1.0,line-midpoint,publicqueuereport.xlsx+cluster15.xlsx,2026-09-07,026fde9,2026-09-08T02:07:34Z
HOODOO WASH NORTH GILA,HOODOO WASH - NORTH GILA,YUMA,SDGE,1.0,200.0,208.494,0.0,0.0,0.0,0.0,0.0,0.0,0.0,0.0,0.0,0.0,0.0,0.0,0.0,0.0,0.0,0.0,0.0,200.0,208.494,0.0,0.0,,0.0,0.0,0.0,0.0,0.0,0.0,,,32.7456924,-114.4912811,North Gila Substation,0.7,line-one-end,publicqueuereport.xlsx+cluster15.xlsx,2026-09-07,026fde9,2026-09-08T02:07:34Z
HINSON,HINSON SUBSTATION,LOS ANGELES,SCE,1.0,200.0,200.0,0.0,0.0,0.0,0.0,0.0,0.0,6.0,1917.5,1213.765412,3.0,900.0,905.663412,0.0,0.0,0.0,600.0,0.0,200.0,200.0,4.53,9.59,,1.0,200.0,200.0,0.0,0.0,0.0,,,33.8190324,-118.2223341,Hinson Substation,1.0,exact,publicqueuereport.xlsx+cluster15.xlsx,2026-09-07,026fde9,2026-09-08T02:07:34Z
LOS BANOS PANOCHE,LOS BANOS-PANOCHE #1,MERCED,PGAE,1.0,200.0,80.0,0.0,0.0,0.0,0.0,0.0,0.0,0.0,0.0,0.0,0.0,0.0,0.0,0.0,0.0,0.0,0.0,0.0,200.0,80.0,0.0,0.0,,0.0,0.0,0.0,0.0,0.0,0.0,,,36.8526596,-120.80105234999999,Los Banos Substation | Panoche Substation,1.0,line-midpoint,publicqueuereport.xlsx+cluster15.xlsx,2026-09-07,026fde9,2026-09-08T02:07:34Z
ROADWAY,ROADWAY SUBSTATION,SAN BERNARDINO,SCE,2.0,200.0,150.0,0.0,0.0,0.0,0.0,0.0,0.0,0.0,0.0,0.0,0.0,0.0,0.0,0.0,0.0,0.0,0.0,0.0,200.0,150.0,0.0,0.0,,0.0,0.0,0.0,0.0,0.0,0.0,,,34.7816824,-117.3693963,median of located nodes in SAN BERNARDINO,0.3,county-centroid,publicqueuereport.xlsx+cluster15.xlsx,2026-09-07,026fde9,2026-09-08T02:07:34Z
SANGER,SANGER,FRESNO,PGAE,1.0,200.0,203.699,0.0,0.0,0.0,0.0,0.0,0.0,0.0,0.0,0.0,0.0,0.0,0.0,0.0,0.0,0.0,0.0,0.0,200.0,203.699,0.0,0.0,,0.0,0.0,0.0,0.0,1.0,0.0,,,36.7083453,-119.6112851,Sanger Substation,1.0,exact,publicqueuereport.xlsx+cluster15.xlsx,2026-09-07,026fde9,2026-09-08T02:07:34Z
GREEN VALLEY,GREEN VALLEY,SANTA CRUZ,PGAE,1.0,200.0,203.699,0.0,0.0,0.0,0.0,0.0,0.0,1.0,200.0,204.07,1.0,200.0,204.07,0.0,0.0,0.0,0.0,0.0,200.0,203.699,1.0,1.0,,0.0,0.0,0.0,0.0,1.0,0.0,,,36.9520512,-121.7604186,Green Valley Substation,1.0,exact,publicqueuereport.xlsx+cluster15.xlsx,2026-09-07,026fde9,2026-09-08T02:07:34Z
WILSON,WILSON,MERCED,PGAE,1.0,200.0,203.699,0.0,0.0,0.0,0.0,0.0,0.0,3.0,975.0,256.29,1.0,250.0,256.29,0.0,0.0,0.0,250.0,0.0,200.0,203.699,1.26,4.88,,1.0,250.0,0.0,250.0,1.0,0.0,,,37.2925967,-120.4075244,Wilson Substation,1.0,exact,publicqueuereport.xlsx+cluster15.xlsx,2026-09-07,026fde9,2026-09-08T02:07:34Z
ORO LOMA,ORO LOMA,FRESNO,PGAE,0.0,0.0,0.0,2.0,200.0,205.926,0.0,0.0,0.0,1.0,20.0,0.0,0.0,0.0,0.0,0.0,0.0,0.0,20.0,0.0,200.0,205.926,0.0,0.1,1.0,0.0,0.0,0.0,0.0,0.0,0.0,,,36.587580525,-120.1256622,median of located nodes in FRESNO,0.3,county-centroid,publicqueuereport.xlsx+cluster15.xlsx,2026-09-07,026fde9,2026-09-08T02:07:34Z
BORDEN,BORDEN SUBSTATION,MADERA,PGAE,1.0,200.0,203.2,0.0,0.0,0.0,1.0,50.0,0.0,12.0,1542.37,584.779,1.0,200.0,203.699,0.0,0.0,0.0,377.0,0.0,200.0,203.2,1.0,6.17,,1.0,200.0,0.0,200.0,0.0,0.0,,,,,,0.73,none,publicqueuereport.xlsx+cluster15.xlsx,2026-09-07,026fde9,2026-09-08T02:07:34Z
LOCKEFORD,LOCKEFORD,CALAVERAS,PGAE,0.0,0.0,0.0,1.0,199.0,205.4504,0.0,0.0,0.0,1.0,100.0,103.0000006,1.0,100.0,103.0000006,1.0,100.0,103.0000006,0.0,199.0,199.0,205.4504,0.5,0.5,0.67,0.0,0.0,0.0,0.0,0.0,0.0,,,38.1177245,-121.160115,Lockeford Substation,1.0,exact,publicqueuereport.xlsx+cluster15.xlsx,2026-09-07,026fde9,2026-09-08T02:07:34Z
LAMONT,LAMONT,KERN,PGAE,2.0,190.0,51.401,0.0,0.0,0.0,0.0,0.0,0.0,6.0,495.0,381.08099500000003,4.0,375.0,381.08099500000003,0.0,0.0,0.0,200.0,0.0,190.0,51.401,7.41,2.61,,1.0,150.0,0.0,150.0,0.0,0.0,,,35.2460173,-118.975825,median of located nodes in KERN,0.3,county-centroid,publicqueuereport.xlsx+cluster15.xlsx,2026-09-07,026fde9,2026-09-08T02:07:34Z
NEWARK,NEWARK SUBSTATION,ALAMEDA,PGAE,1.0,180.0,252.0,0.0,0.0,0.0,0.0,0.0,0.0,4.0,1130.0,509.2303,1.0,150.0,159.2303,0.0,0.0,0.0,0.0,0.0,180.0,252.0,0.63,6.28,,0.0,0.0,0.0,0.0,1.0,0.0,,,37.5008218,-121.9865669,Newark Substation,1.0,exact,publicqueuereport.xlsx+cluster15.xlsx,2026-09-07,026fde9,2026-09-08T02:07:34Z
MENDOTA,MENDOTA SUBSTATION,FRESNO,PGAE,4.0,160.0,160.0,0.0,0.0,0.0,1.0,60.0,0.0,11.0,863.1,339.993,2.0,300.0,227.638,0.0,0.0,0.0,190.1,0.0,160.0,160.0,1.42,3.92,,4.0,160.0,160.0,0.0,0.0,0.0,,,36.587580525,-120.1256622,median of located nodes in FRESNO,0.3,county-centroid,publicqueuereport.xlsx+cluster15.xlsx,2026-09-07,026fde9,2026-09-08T02:07:34Z
VINCENT PEARBLOSSOM,VINCENT - PEARBLOSSOM,LOS ANGELES,SCE,1.0,150.0,153.5,0.0,0.0,0.0,0.0,0.0,0.0,0.0,0.0,0.0,0.0,0.0,0.0,0.0,0.0,0.0,0.0,0.0,150.0,153.5,0.0,0.0,,1.0,150.0,150.0,0.0,0.0,0.0,,,34.4859441,-118.1196772,Vincent Substation,0.7,line-one-end,publicqueuereport.xlsx+cluster15.xlsx,2026-09-07,026fde9,2026-09-08T02:07:34Z
TESLA MANTECA VIA SCHULTE,TESLA-MANTECA,SAN JOAQUIN,PGAE,1.0,145.0,40.0,0.0,0.0,0.0,0.0,0.0,0.0,0.0,0.0,0.0,0.0,0.0,0.0,0.0,0.0,0.0,0.0,0.0,145.0,40.0,0.0,0.0,,0.0,0.0,0.0,0.0,0.0,0.0,,,37.7564996,-121.39450479999999,Tesla Substation | Manteca Substation,1.0,line-midpoint,publicqueuereport.xlsx+cluster15.xlsx,2026-09-07,026fde9,2026-09-08T02:07:34Z
SLOAN CANYON,SLOAN CANYON SWITCHING STATION,CLARK,GLW,1.0,126.5934,126.5934,0.0,0.0,0.0,0.0,0.0,0.0,4.0,1198.0,786.629988,1.0,550.0,565.769988,1.0,550.0,565.769988,0.0,0.0,126.5934,126.5934,4.47,9.46,0.0,0.0,0.0,0.0,0.0,0.0,0.0,,,35.8336156,-115.0115455,Sloan Canyon Switchyard,1.0,exact,publicqueuereport.xlsx+cluster15.xlsx,2026-09-07,026fde9,2026-09-08T02:07:34Z
EXCELSIOR,EXCELSIOR,FRESNO,PGAE,1.0,125.0,127.37,0.0,0.0,0.0,0.0,0.0,0.0,2.0,202.922,62.37,1.0,0.0,62.37,0.0,0.0,0.0,0.0,0.0,125.0,127.37,0.49,1.62,,0.0,0.0,0.0,0.0,0.0,1.0,,,36.587580525,-120.1256622,median of located nodes in FRESNO,0.3,county-centroid,publicqueuereport.xlsx+cluster15.xlsx,2026-09-07,026fde9,2026-09-08T02:07:34Z
HENRIETTA,HENRIETTA,KINGS,PGAE,1.0,123.0,73.8,0.0,0.0,0.0,0.0,0.0,0.0,4.0,645.0,534.28,1.0,150.0,154.4,1.0,150.0,154.4,0.0,0.0,123.0,73.8,2.09,5.24,0.0,0.0,0.0,0.0,0.0,0.0,0.0,,,36.2421264,-119.9028971,Henrietta Substation,1.0,exact,publicqueuereport.xlsx+cluster15.xlsx,2026-09-07,026fde9,2026-09-08T02:07:34Z
MARGARITA,MARGARITA,ORANGE,SDGE,0.0,0.0,0.0,1.0,120.0,123.405,0.0,0.0,0.0,1.0,49.9,0.0,0.0,0.0,0.0,0.0,0.0,0.0,49.9,120.0,120.0,123.405,0.0,0.42,1.0,0.0,0.0,0.0,0.0,0.0,0.0,,,33.5497273,-117.6280692,Margarita Substation,1.0,exact,publicqueuereport.xlsx+cluster15.xlsx,2026-09-07,026fde9,2026-09-08T02:07:34Z
COBURN BASIC ENERGY,COBURN-BASIC ENERGY,MONTEREY,PGAE,1.0,120.0,124.3,0.0,0.0,0.0,0.0,0.0,0.0,0.0,0.0,0.0,0.0,0.0,0.0,0.0,0.0,0.0,0.0,0.0,120.0,124.3,0.0,0.0,,0.0,0.0,0.0,0.0,0.0,0.0,,,36.4301332,-121.3325147,median of located nodes in MONTEREY,0.3,county-centroid,publicqueuereport.xlsx+cluster15.xlsx,2026-09-07,026fde9,2026-09-08T02:07:34Z
FULTON,FULTON,SONOMA,PGAE,1.0,120.0,121.55,0.0,0.0,0.0,1.0,25.0,26.25,2.0,400.0,427.1,2.0,400.0,427.1,0.0,0.0,0.0,400.0,0.0,120.0,121.55,2.89,2.76,,1.0,120.0,120.0,0.0,0.0,0.0,,,38.4977484,-122.7605687,Fulton Substation,1.0,exact,publicqueuereport.xlsx+cluster15.xlsx,2026-09-07,026fde9,2026-09-08T02:07:34Z
LLAGAS GILROY FOODS,LLAGAS-GILROY FOODS,SANTA CLARA,PGAE,1.0,120.0,124.3,0.0,0.0,0.0,0.0,0.0,0.0,0.0,0.0,0.0,0.0,0.0,0.0,0.0,0.0,0.0,0.0,0.0,120.0,124.3,0.0,0.0,,0.0,0.0,0.0,0.0,0.0,0.0,,,37.0072605,-121.5573635,Llagas Substation,0.7,line-one-end,publicqueuereport.xlsx+cluster15.xlsx,2026-09-07,026fde9,2026-09-08T02:07:34Z
PANOCHE,PANOCHE SUBSTATION,FRESNO,PGAE,1.0,119.9,119.9,0.0,0.0,0.0,2.0,828.0,0.0,12.0,2380.5697,1147.295,4.0,404.9992,433.295,0.0,0.0,0.0,134.9,0.0,119.9,119.9,3.61,2.51,,0.0,0.0,0.0,0.0,0.0,0.0,,,36.6523145,-120.5815969,Panoche Substation,1.0,exact,publicqueuereport.xlsx+cluster15.xlsx,2026-09-07,026fde9,2026-09-08T02:07:34Z
CRAZY HORSE CANYON HOLLISTER,CRAZY HORSE CANYON-HOLLISTER,SAN BENITO,PGAE,1.0,110.0,112.386,0.0,0.0,0.0,0.0,0.0,0.0,0.0,0.0,0.0,0.0,0.0,0.0,0.0,0.0,0.0,0.0,0.0,110.0,112.386,0.0,0.0,,0.0,0.0,0.0,0.0,1.0,0.0,,,36.8627977,-121.4062132,Hollister Substation,0.7,line-one-end,publicqueuereport.xlsx+cluster15.xlsx,2026-09-07,026fde9,2026-09-08T02:07:34Z
KERN,KERN PP,KERN,PGAE,1.0,110.0,114.264,0.0,0.0,0.0,0.0,0.0,0.0,2.0,350.0,353.4,2.0,350.0,353.4,0.0,0.0,0.0,200.0,0.0,110.0,114.264,3.09,3.18,,0.0,0.0,0.0,0.0,1.0,0.0,,,35.2460173,-118.975825,median of located nodes in KERN,0.3,county-centroid,publicqueuereport.xlsx+cluster15.xlsx,2026-09-07,026fde9,2026-09-08T02:07:34Z
VIERRA,VIERRA,SAN JOAQUIN,PGAE,1.0,101.2,102.0,0.0,0.0,0.0,0.0,0.0,0.0,0.0,0.0,0.0,0.0,0.0,0.0,0.0,0.0,0.0,0.0,0.0,101.2,102.0,0.0,0.0,,1.0,8.1,8.1,0.0,0.0,0.0,,,37.7978669,-121.2741906,Vierra Substation,1.0,exact,publicqueuereport.xlsx+cluster15.xlsx,2026-09-07,026fde9,2026-09-08T02:07:34Z
CAYETANO,CAYETANO SUBSTATION,ALAMEDA,PGAE,1.0,100.0,101.3,0.0,0.0,0.0,0.0,0.0,0.0,3.0,550.0,300.0,1.0,300.0,300.0,0.0,0.0,0.0,0.0,0.0,100.0,101.3,2.96,5.5,,0.0,0.0,0.0,0.0,0.0,0.0,,,37.7385208,-121.7712233,Cayetano Substation,1.0,exact,publicqueuereport.xlsx+cluster15.xlsx,2026-09-07,026fde9,2026-09-08T02:07:34Z
SHAFTER,SHAFTER,KERN,PGAE,1.0,100.0,101.763518,0.0,0.0,0.0,0.0,0.0,0.0,0.0,0.0,0.0,0.0,0.0,0.0,0.0,0.0,0.0,0.0,0.0,100.0,101.763518,0.0,0.0,,1.0,100.0,0.0,100.0,0.0,0.0,,,35.2460173,-118.975825,median of located nodes in KERN,0.3,county-centroid,publicqueuereport.xlsx+cluster15.xlsx,2026-09-07,026fde9,2026-09-08T02:07:34Z
TALEGA,TALEGA SUBSTATION,ORANGE,SDGE,0.0,0.0,0.0,1.0,100.0,102.91,0.0,0.0,0.0,2.0,600.0,600.0,2.0,600.0,600.0,0.0,0.0,0.0,200.0,100.0,100.0,102.91,5.83,6.0,1.0,0.0,0.0,0.0,0.0,0.0,0.0,,,33.4532061,-117.5714849,Talega Substation,1.0,exact,publicqueuereport.xlsx+cluster15.xlsx,2026-09-07,026fde9,2026-09-08T02:07:34Z
COTTLE,COTTLE,STANISLAUS,PGAE,1.0,100.0,102.672,0.0,0.0,0.0,0.0,0.0,0.0,0.0,0.0,0.0,0.0,0.0,0.0,0.0,0.0,0.0,0.0,0.0,100.0,102.672,0.0,0.0,,1.0,100.0,49.4,0.0,0.0,1.0,,,37.7725291,-120.8264774,Cottle Substation,1.0,exact,publicqueuereport.xlsx+cluster15.xlsx,2026-09-07,026fde9,2026-09-08T02:07:34Z
TRANQUILLITY,TRANQUILLITY SW STA,FRESNO,PGAE,0.0,0.0,0.0,1.0,100.0,103.125,1.0,200.0,0.0,0.0,0.0,0.0,0.0,0.0,0.0,0.0,0.0,0.0,0.0,0.0,100.0,103.125,0.0,0.0,1.0,0.0,0.0,0.0,0.0,0.0,0.0,,,36.587580525,-120.1256622,median of located nodes in FRESNO,0.3,county-centroid,publicqueuereport.xlsx+cluster15.xlsx,2026-09-07,026fde9,2026-09-08T02:07:34Z
SANTA TERESA,SANTA TERESA,SANTA CLARA,PGAE,1.0,100.0,101.888,0.0,0.0,0.0,0.0,0.0,0.0,0.0,0.0,0.0,0.0,0.0,0.0,0.0,0.0,0.0,0.0,0.0,100.0,101.888,0.0,0.0,,0.0,0.0,0.0,0.0,1.0,0.0,,,37.2386068,-121.7907606,Santa Teresa Substation,1.0,exact,publicqueuereport.xlsx+cluster15.xlsx,2026-09-07,026fde9,2026-09-08T02:07:34Z
JOHANNA,JOHANNA SUBSTATION,ORANGE,SCE,1.0,100.0,102.26,0.0,0.0,0.0,0.0,0.0,0.0,7.0,2541.4,741.0,0.0,0.0,0.0,0.0,0.0,0.0,0.0,0.0,100.0,102.26,0.0,25.41,,0.0,0.0,0.0,0.0,1.0,0.0,,,33.7132628,-117.8526051,Johanna Substation,1.0,exact,publicqueuereport.xlsx+cluster15.xlsx,2026-09-07,026fde9,2026-09-08T02:07:34Z
MIDWAY WHEELER RIDGE,MIDWAY-WHEELER RIDGE #2,KERN,PGAE,1.0,100.0,0.0,0.0,0.0,0.0,2.0,150.0,92.0,9.0,2835.01,342.2,1.0,137.85,139.7,0.0,0.0,0.0,0.0,0.0,100.0,0.0,1.52,11.34,,2.0,158.0,0.0,158.0,0.0,0.0,,,35.2460173,-119.21406175,Midway Substation | Wheeler Ridge Substation,1.0,line-midpoint,publicqueuereport.xlsx+cluster15.xlsx,2026-09-07,026fde9,2026-09-08T02:07:34Z
RIPON,RIPON,SAN JOAQUIN,PGAE,1.0,99.0,99.0,0.0,0.0,0.0,0.0,0.0,0.0,0.0,0.0,0.0,0.0,0.0,0.0,0.0,0.0,0.0,0.0,0.0,99.0,99.0,0.0,0.0,,0.0,0.0,0.0,0.0,0.0,0.0,,,37.7555913,-121.146377,Ripon Substation,1.0,exact,publicqueuereport.xlsx+cluster15.xlsx,2026-09-07,026fde9,2026-09-08T02:07:34Z
KELSO TESLA,KELSO-TESLA TAP,ALAMEDA,PGAE,1.0,90.7,114.4,0.0,0.0,0.0,0.0,0.0,0.0,0.0,0.0,0.0,0.0,0.0,0.0,0.0,0.0,0.0,0.0,0.0,90.7,114.4,0.0,0.0,,0.0,0.0,0.0,0.0,1.0,0.0,,,37.754738700000004,-121.58397225,Kelso Substation | Tesla Substation,1.0,line-midpoint,publicqueuereport.xlsx+cluster15.xlsx,2026-09-07,026fde9,2026-09-08T02:07:34Z
CARRIZO GORGE,CARRIZO GORGE SWITCHYARD,SAN DIEGO,SDGE,1.0,90.0,90.0,0.0,0.0,0.0,0.0,0.0,0.0,1.0,149.91,150.521,1.0,149.91,150.521,0.0,0.0,0.0,149.91,0.0,90.0,90.0,1.67,1.67,,0.0,0.0,0.0,0.0,0.0,0.0,,,32.90258,-117.1167373,median of located nodes in SAN DIEGO,0.3,county-centroid,publicqueuereport.xlsx+cluster15.xlsx,2026-09-07,026fde9,2026-09-08T02:07:34Z
DELTA SWITCHING YARD TESLA,DELTA SWITCHING YARD-TESLA,ALAMEDA,PGAE,1.0,80.8,0.0,0.0,0.0,0.0,0.0,0.0,0.0,0.0,0.0,0.0,0.0,0.0,0.0,0.0,0.0,0.0,0.0,0.0,80.8,0.0,,0.0,,0.0,0.0,0.0,0.0,0.0,0.0,,,37.7120521,-121.5647373,Tesla Substation,0.7,line-one-end,publicqueuereport.xlsx+cluster15.xlsx,2026-09-07,026fde9,2026-09-08T02:07:34Z
MERCY SPRINGS,MERCY SPRINGS,MERCED,PGAE,1.0,75.0,77.4774,0.0,0.0,0.0,1.0,20.0,0.0,5.0,391.995,235.99800000000002,1.0,150.0,154.598,1.0,150.0,154.598,0.0,0.0,75.0,77.4774,2.0,4.13,0.0,0.0,0.0,0.0,0.0,0.0,0.0,,,37.0530047,-121.0205078,median of located nodes in MERCED,0.3,county-centroid,publicqueuereport.xlsx+cluster15.xlsx,2026-09-07,026fde9,2026-09-08T02:07:34Z
HELM KERMAN,HELM-KERMAN,FRESNO,PGAE,1.0,73.27,18.5,0.0,0.0,0.0,0.0,0.0,0.0,2.0,19.7,0.0,0.0,0.0,0.0,0.0,0.0,0.0,0.0,0.0,73.27,18.5,0.0,0.27,,0.0,0.0,0.0,0.0,0.0,0.0,,,36.587580525,-120.1256622,median of located nodes in FRESNO,0.3,county-centroid,publicqueuereport.xlsx+cluster15.xlsx,2026-09-07,026fde9,2026-09-08T02:07:34Z
CRESCENT,CRESCENT,FRESNO,PGAE,2.0,70.0,72.12559999999999,0.0,0.0,0.0,0.0,0.0,0.0,2.0,82.1,0.0,0.0,0.0,0.0,0.0,0.0,0.0,40.0,0.0,70.0,72.12559999999999,0.0,1.17,,0.0,0.0,0.0,0.0,1.0,0.0,,,36.587580525,-120.1256622,median of located nodes in FRESNO,0.3,county-centroid,publicqueuereport.xlsx+cluster15.xlsx,2026-09-07,026fde9,2026-09-08T02:07:34Z
LAKEVIEW,LAKEVIEW,KERN,PGAE,1.0,70.0,70.0,0.0,0.0,0.0,0.0,0.0,0.0,2.0,40.29,0.0,0.0,0.0,0.0,0.0,0.0,0.0,0.0,0.0,70.0,70.0,0.0,0.58,,0.0,0.0,0.0,0.0,0.0,0.0,,,35.2460173,-118.975825,median of located nodes in KERN,0.3,county-centroid,publicqueuereport.xlsx+cluster15.xlsx,2026-09-07,026fde9,2026-09-08T02:07:34Z
AVOCADO,AVOCADO SUBSTATION,SAN DIEGO,SDGE,1.0,69.6,69.6,0.0,0.0,0.0,0.0,0.0,0.0,0.0,0.0,0.0,0.0,0.0,0.0,0.0,0.0,0.0,0.0,0.0,69.6,69.6,0.0,0.0,,0.0,0.0,0.0,0.0,0.0,0.0,,,33.3845762,-117.2369944,Avocado Substation,1.0,exact,publicqueuereport.xlsx+cluster15.xlsx,2026-09-07,026fde9,2026-09-08T02:07:34Z
NEENACH BAILEY,NEENACH-BAILEY,LOS ANGELES,SCE,1.0,66.0,66.0,0.0,0.0,0.0,0.0,0.0,0.0,0.0,0.0,0.0,0.0,0.0,0.0,0.0,0.0,0.0,0.0,0.0,66.0,66.0,0.0,0.0,,0.0,0.0,0.0,0.0,1.0,0.0,,,34.7766122,-118.7746647,Bailey Substation,0.7,line-one-end,publicqueuereport.xlsx+cluster15.xlsx,2026-09-07,026fde9,2026-09-08T02:07:34Z
PANOCHE SCHINDLER AND,PANOCHE-SCHINDLER #1 AND #2,FRESNO,PGAE,1.0,60.0,60.0,0.0,0.0,0.0,0.0,0.0,0.0,0.0,0.0,0.0,0.0,0.0,0.0,0.0,0.0,0.0,0.0,0.0,60.0,60.0,0.0,0.0,,0.0,0.0,0.0,0.0,0.0,0.0,,,36.6523145,-120.5815969,Panoche Substation,0.7,line-one-end,publicqueuereport.xlsx+cluster15.xlsx,2026-09-07,026fde9,2026-09-08T02:07:34Z
GEYSERS CLOVERDALE,GEYSERS #3-CLOVERDALE,SONOMA,PGAE,1.0,53.0,0.0,0.0,0.0,0.0,0.0,0.0,0.0,3.0,107.0,40.5,0.0,0.0,0.0,0.0,0.0,0.0,32.0,0.0,53.0,0.0,,2.02,,0.0,0.0,0.0,0.0,1.0,0.0,,,38.4977484,-122.7605687,median of located nodes in SONOMA,0.3,county-centroid,publicqueuereport.xlsx+cluster15.xlsx,2026-09-07,026fde9,2026-09-08T02:07:34Z
GEYSERS FULTON,GEYSERS #17-FULTON,LAKE,PGAE,1.0,52.01,47.4465,0.0,0.0,0.0,1.0,13.0,13.25,1.0,42.0,0.0,0.0,0.0,0.0,0.0,0.0,0.0,42.0,0.0,52.01,47.4465,0.0,0.65,,0.0,0.0,0.0,0.0,0.0,0.0,,,38.4977484,-122.7605687,Fulton Substation,0.7,line-one-end,publicqueuereport.xlsx+cluster15.xlsx,2026-09-07,026fde9,2026-09-08T02:07:34Z
KEN OKJ,KEN-OKJ,SANTA CLARA,PGAE,1.0,50.0,50.0,0.0,0.0,0.0,0.0,0.0,0.0,0.0,0.0,0.0,0.0,0.0,0.0,0.0,0.0,0.0,0.0,0.0,50.0,50.0,0.0,0.0,,0.0,0.0,0.0,0.0,1.0,0.0,,,37.286053249999995,-121.815797,median of located nodes in SANTA CLARA,0.3,county-centroid,publicqueuereport.xlsx+cluster15.xlsx,2026-09-07,026fde9,2026-09-08T02:07:34Z
GOLD HILL,GOLD HILL,SACRAMENTO,PGAE,1.0,49.9,58.75,0.0,0.0,0.0,0.0,0.0,0.0,0.0,0.0,0.0,0.0,0.0,0.0,0.0,0.0,0.0,0.0,0.0,49.9,58.75,0.0,0.0,,0.0,0.0,0.0,0.0,0.0,0.0,,,38.6575814,-121.1368126,Gold Hill Substation,1.0,exact,publicqueuereport.xlsx+cluster15.xlsx,2026-09-07,026fde9,2026-09-08T02:07:34Z
GREENLEAF,GREENLEAF #1,SUTTER,PGAE,1.0,49.0,50.5,0.0,0.0,0.0,0.0,0.0,0.0,1.0,45.0,45.8,0.0,0.0,0.0,0.0,0.0,0.0,0.0,0.0,49.0,50.5,0.0,0.92,,0.0,0.0,0.0,0.0,0.0,0.0,,,39.0524925,-121.6919536,Greenleaf Substation,1.0,exact,publicqueuereport.xlsx+cluster15.xlsx,2026-09-07,026fde9,2026-09-08T02:07:34Z
TAFT CUYAMA,TAFT-CUYAMA #1,SAN LUIS OBISPO,PGAE,1.0,40.0,40.0,0.0,0.0,0.0,0.0,0.0,0.0,1.0,20.0,0.0,0.0,0.0,0.0,0.0,0.0,0.0,0.0,0.0,40.0,40.0,0.0,0.5,,0.0,0.0,0.0,0.0,0.0,0.0,,,35.3738781,-120.32021062499999,median of located nodes in SAN LUIS OBISPO,0.3,county-centroid,publicqueuereport.xlsx+cluster15.xlsx,2026-09-07,026fde9,2026-09-08T02:07:34Z
HENRIETTA LEMOORE NAS,HENRIETTA-LEMOORE NAS,KINGS,PGAE,1.0,40.0,21.05,0.0,0.0,0.0,0.0,0.0,0.0,0.0,0.0,0.0,0.0,0.0,0.0,0.0,0.0,0.0,0.0,0.0,40.0,21.05,0.0,0.0,,0.0,0.0,0.0,0.0,0.0,0.0,,,36.2421264,-119.9028971,Henrietta Substation,0.7,line-one-end,publicqueuereport.xlsx+cluster15.xlsx,2026-09-07,026fde9,2026-09-08T02:07:34Z
MIDWAY TEMBLOR,MIDWAY TEMBLOR,KERN,PGAE,2.0,40.0,40.0,0.0,0.0,0.0,0.0,0.0,0.0,0.0,0.0,0.0,0.0,0.0,0.0,0.0,0.0,0.0,0.0,0.0,40.0,40.0,0.0,0.0,,0.0,0.0,0.0,0.0,0.0,0.0,,,35.2460173,-118.975825,median of located nodes in KERN,0.3,county-centroid,publicqueuereport.xlsx+cluster15.xlsx,2026-09-07,026fde9,2026-09-08T02:07:34Z
ESCONDIDO,ESCONDIDO SUBSTATION,SAN DIEGO,SDGE,1.0,33.0,33.0,0.0,0.0,0.0,0.0,0.0,0.0,3.0,600.0,458.375,2.0,450.0,458.375,0.0,0.0,0.0,450.0,0.0,33.0,33.0,13.89,18.18,,0.0,0.0,0.0,0.0,0.0,2.0,,,33.1257327,-117.1167373,Escondido Substation,1.0,exact,publicqueuereport.xlsx+cluster15.xlsx,2026-09-07,026fde9,2026-09-08T02:07:34Z
GIFFEN,GIFFEN SUBSTATION,FRESNO,PGAE,1.0,25.0,25.54,0.0,0.0,0.0,1.0,20.0,0.0,1.0,17.9,0.0,0.0,0.0,0.0,0.0,0.0,0.0,0.0,0.0,25.0,25.54,0.0,0.4,,0.0,0.0,0.0,0.0,1.0,0.0,,,36.587580525,-120.1256622,median of located nodes in FRESNO,0.3,county-centroid,publicqueuereport.xlsx+cluster15.xlsx,2026-09-07,026fde9,2026-09-08T02:07:34Z
TULUCAY,TULUCAY,NAPA,PGAE,1.0,24.5,0.0,0.0,0.0,0.0,0.0,0.0,0.0,0.0,0.0,0.0,0.0,0.0,0.0,0.0,0.0,0.0,0.0,0.0,24.5,0.0,,0.0,,0.0,0.0,0.0,0.0,0.0,0.0,,,38.2478308,-122.2679071,Tulucay Substation,1.0,exact,publicqueuereport.xlsx+cluster15.xlsx,2026-09-07,026fde9,2026-09-08T02:07:34Z
BELRIDGE TEMBLOR,BELRIDGE - TEMBLOR,KERN,PGAE,1.0,20.0,20.0,0.0,0.0,0.0,0.0,0.0,0.0,0.0,0.0,0.0,0.0,0.0,0.0,0.0,0.0,0.0,0.0,0.0,20.0,20.0,0.0,0.0,,0.0,0.0,0.0,0.0,0.0,0.0,,,35.2460173,-118.975825,median of located nodes in KERN,0.3,county-centroid,publicqueuereport.xlsx+cluster15.xlsx,2026-09-07,026fde9,2026-09-08T02:07:34Z
HENRIETTA TULARE LAKE,HENRIETTA-TULARE LAKE,KINGS,PGAE,1.0,20.0,20.0,0.0,0.0,0.0,1.0,20.0,0.0,1.0,20.0,0.0,0.0,0.0,0.0,0.0,0.0,0.0,20.0,0.0,20.0,20.0,0.0,0.5,,0.0,0.0,0.0,0.0,0.0,0.0,,,36.2421264,-119.9028971,Henrietta Substation,0.7,line-one-end,publicqueuereport.xlsx+cluster15.xlsx,2026-09-07,026fde9,2026-09-08T02:07:34Z
SALADO NEWMAN,SALADO - NEWMAN,STANISLAUS,PGAE,1.0,20.0,20.0,0.0,0.0,0.0,0.0,0.0,0.0,1.0,30.0,0.0,0.0,0.0,0.0,0.0,0.0,0.0,30.0,0.0,20.0,20.0,0.0,1.5,,0.0,0.0,0.0,0.0,0.0,0.0,,,37.368649500000004,-121.0811868,Salado Substation | Newman Substation,1.0,line-midpoint,publicqueuereport.xlsx+cluster15.xlsx,2026-09-07,026fde9,2026-09-08T02:07:34Z
ALTAMONT MIDWAY,ALTAMONT MIDWAY,ALAMEDA,PGAE,1.0,5.0,0.0,0.0,0.0,0.0,0.0,0.0,0.0,0.0,0.0,0.0,0.0,0.0,0.0,0.0,0.0,0.0,0.0,0.0,5.0,0.0,,0.0,,0.0,0.0,0.0,0.0,0.0,0.0,,,37.7120521,-121.6032072,median of located nodes in ALAMEDA,0.3,county-centroid,publicqueuereport.xlsx+cluster15.xlsx,2026-09-07,026fde9,2026-09-08T02:07:34Z
VOTA SOUTH,VOTA-SOUTH,TEHAMA,PGAE,1.0,4.5,0.0,0.0,0.0,0.0,0.0,0.0,0.0,0.0,0.0,0.0,0.0,0.0,0.0,0.0,0.0,0.0,0.0,0.0,4.5,0.0,,0.0,,0.0,0.0,0.0,0.0,0.0,0.0,,,,,,0.75,none,publicqueuereport.xlsx+cluster15.xlsx,2026-09-07,026fde9,2026-09-08T02:07:34Z
VOLTA SOUTH,VOLTA-SOUTH,TEHAMA,PGAE,1.0,0.5,0.0,0.0,0.0,0.0,0.0,0.0,0.0,1.0,1.35,0.0,0.0,0.0,0.0,0.0,0.0,0.0,0.0,0.0,0.5,0.0,,2.7,,0.0,0.0,0.0,0.0,0.0,0.0,,,,,,0.73,none,publicqueuereport.xlsx+cluster15.xlsx,2026-09-07,026fde9,2026-09-08T02:07:34Z
PG E VALLEY SPRINGS FROM VALLEY SPRINGS TO LOCKFORD,PG&E VALLEY SPRINGS #2,SAN JOAQUIN,PGAE,0.0,0.0,0.0,0.0,0.0,0.0,0.0,0.0,0.0,1.0,5.0,0.0,0.0,0.0,0.0,0.0,0.0,0.0,0.0,0.0,0.0,0.0,,,,0.0,0.0,0.0,0.0,0.0,0.0,,,37.7770366,-121.31472865,median of located nodes in SAN JOAQUIN,0.3,county-centroid,publicqueuereport.xlsx+cluster15.xlsx,2026-09-07,026fde9,2026-09-08T02:07:34Z
OMEC INTERCONNECTION,OMEC INTERCONNECTION SUBSTATION,SAN DIEGO,SDGE,0.0,0.0,0.0,0.0,0.0,0.0,0.0,0.0,0.0,1.0,400.0,0.0,0.0,0.0,0.0,0.0,0.0,0.0,0.0,0.0,0.0,0.0,,,,0.0,0.0,0.0,0.0,0.0,0.0,,,32.90258,-117.1167373,median of located nodes in SAN DIEGO,0.3,county-centroid,publicqueuereport.xlsx+cluster15.xlsx,2026-09-07,026fde9,2026-09-08T02:07:34Z
PG E MARTIN,PG&E MARTIN SUBSTATION,SAN MATEO,PGAE,0.0,0.0,0.0,0.0,0.0,0.0,0.0,0.0,0.0,1.0,20.23,20.0,0.0,0.0,0.0,0.0,0.0,0.0,0.0,0.0,0.0,0.0,,,,0.0,0.0,0.0,0.0,0.0,0.0,,,37.497030249999995,-122.3915473,median of located nodes in SAN MATEO,0.3,county-centroid,publicqueuereport.xlsx+cluster15.xlsx,2026-09-07,026fde9,2026-09-08T02:07:34Z
ORO LOMA EL NIDO,ORO LOMA-EL NIDO,FRESNO,PGAE,0.0,0.0,0.0,0.0,0.0,0.0,0.0,0.0,0.0,1.0,20.0,0.0,0.0,0.0,0.0,0.0,0.0,0.0,0.0,0.0,0.0,0.0,,,,0.0,0.0,0.0,0.0,0.0,0.0,,,36.587580525,-120.1256622,median of located nodes in FRESNO,0.3,county-centroid,publicqueuereport.xlsx+cluster15.xlsx,2026-09-07,026fde9,2026-09-08T02:07:34Z
PASTORIA MAGUNDEN,PASTORIA-MAGUNDEN,KERN,SCE,0.0,0.0,0.0,0.0,0.0,0.0,0.0,0.0,0.0,1.0,400.0,0.0,0.0,0.0,0.0,0.0,0.0,0.0,0.0,0.0,0.0,0.0,,,,0.0,0.0,0.0,0.0,0.0,0.0,,,35.1481832,-118.88288514999999,Pastoria Substation | Magunden Substation,1.0,line-midpoint,publicqueuereport.xlsx+cluster15.xlsx,2026-09-07,026fde9,2026-09-08T02:07:34Z
PATTERSON PASS,PATTERSON PASS,ALAMEDA,PGAE,0.0,0.0,0.0,0.0,0.0,0.0,0.0,0.0,0.0,1.0,30.0,30.0,0.0,0.0,0.0,0.0,0.0,0.0,0.0,0.0,0.0,0.0,,,,0.0,0.0,0.0,0.0,0.0,0.0,,,37.7120521,-121.6032072,median of located nodes in ALAMEDA,0.3,county-centroid,publicqueuereport.xlsx+cluster15.xlsx,2026-09-07,026fde9,2026-09-08T02:07:34Z
PEASE,PEASE,SUTTER,PGAE,0.0,0.0,0.0,0.0,0.0,0.0,0.0,0.0,0.0,1.0,74.3513,74.3513,0.0,0.0,0.0,0.0,0.0,0.0,0.0,0.0,0.0,0.0,,,,0.0,0.0,0.0,0.0,0.0,0.0,,,39.1698803,-121.6610022,Pease Substation,1.0,exact,publicqueuereport.xlsx+cluster15.xlsx,2026-09-07,026fde9,2026-09-08T02:07:34Z
PENASQUISTOS OLD TOWN TRANSMISSION,PENASQUISTOS OLD TOWN,SAN DIEGO,SDGE,0.0,0.0,0.0,0.0,0.0,0.0,0.0,0.0,0.0,1.0,315.0,0.0,0.0,0.0,0.0,0.0,0.0,0.0,0.0,0.0,0.0,0.0,,,,0.0,0.0,0.0,0.0,0.0,0.0,,,32.90258,-117.1167373,median of located nodes in SAN DIEGO,0.3,county-centroid,publicqueuereport.xlsx+cluster15.xlsx,2026-09-07,026fde9,2026-09-08T02:07:34Z
PENDLETON,PENDLETON SUB,SAN DIEGO,SDGE,0.0,0.0,0.0,0.0,0.0,0.0,0.0,0.0,0.0,1.0,99.0,0.0,0.0,0.0,0.0,0.0,0.0,0.0,0.0,0.0,0.0,0.0,,,,0.0,0.0,0.0,0.0,0.0,0.0,,,32.90258,-117.1167373,median of located nodes in SAN DIEGO,0.3,county-centroid,publicqueuereport.xlsx+cluster15.xlsx,2026-09-07,026fde9,2026-09-08T02:07:34Z
ORO LOMA CANAL,ORO LOMA-CANAL,MERCED,PGAE,0.0,0.0,0.0,0.0,0.0,0.0,0.0,0.0,0.0,1.0,20.0,0.0,0.0,0.0,0.0,0.0,0.0,0.0,0.0,0.0,0.0,0.0,,,,0.0,0.0,0.0,0.0,0.0,0.0,,,37.0530047,-121.0205078,median of located nodes in MERCED,0.3,county-centroid,publicqueuereport.xlsx+cluster15.xlsx,2026-09-07,026fde9,2026-09-08T02:07:34Z
ON WOODLAND DAVIS,,YOLO,PGAE,0.0,0.0,0.0,0.0,0.0,0.0,0.0,0.0,0.0,1.0,25.0,25.0,0.0,0.0,0.0,0.0,0.0,0.0,0.0,0.0,0.0,0.0,,,,0.0,0.0,0.0,0.0,0.0,0.0,,,38.9351998,-121.8090741,median of located nodes in YOLO,0.3,county-centroid,publicqueuereport.xlsx+cluster15.xlsx,2026-09-07,026fde9,2026-09-08T02:07:34Z
PG E ARCO,PG&E ARCO SUBSTATION,KERN,PGAE,0.0,0.0,0.0,0.0,0.0,0.0,0.0,0.0,0.0,1.0,158.135,0.0,0.0,0.0,0.0,0.0,0.0,0.0,0.0,0.0,0.0,0.0,,,,0.0,0.0,0.0,0.0,0.0,0.0,,,35.2460173,-118.975825,median of located nodes in KERN,0.3,county-centroid,publicqueuereport.xlsx+cluster15.xlsx,2026-09-07,026fde9,2026-09-08T02:07:34Z
PITTSBURGH GWF,PITTSBURGH - GWF TAP #1,CONTRA COSTA,PGAE,0.0,0.0,0.0,0.0,0.0,0.0,0.0,0.0,0.0,1.0,20.0,20.0,0.0,0.0,0.0,0.0,0.0,0.0,0.0,0.0,0.0,0.0,,,,0.0,0.0,0.0,0.0,0.0,0.0,,,37.9454586,-121.8959532,median of located nodes in CONTRA COSTA,0.3,county-centroid,publicqueuereport.xlsx+cluster15.xlsx,2026-09-07,026fde9,2026-09-08T02:07:34Z
ON MARICOPA COPUS,TAP ON MARICOPA-COPUS LINE,KERN,PGAE,0.0,0.0,0.0,0.0,0.0,0.0,0.0,0.0,0.0,1.0,76.12,0.0,0.0,0.0,0.0,0.0,0.0,0.0,0.0,0.0,0.0,0.0,,,,0.0,0.0,0.0,0.0,0.0,0.0,,,35.2460173,-118.975825,median of located nodes in KERN,0.3,county-centroid,publicqueuereport.xlsx+cluster15.xlsx,2026-09-07,026fde9,2026-09-08T02:07:34Z
ORO LOMA MENDOTA,ORO LOMA-MENDOTA,FRESNO,PGAE,0.0,0.0,0.0,0.0,0.0,0.0,0.0,0.0,0.0,1.0,20.0,0.0,0.0,0.0,0.0,0.0,0.0,0.0,0.0,0.0,0.0,0.0,,,,0.0,0.0,0.0,0.0,0.0,0.0,,,36.587580525,-120.1256622,median of located nodes in FRESNO,0.3,county-centroid,publicqueuereport.xlsx+cluster15.xlsx,2026-09-07,026fde9,2026-09-08T02:07:34Z
PG E ARMSTRONG AT INTERSECTION OF S 11TH AVE AND IDAHO AVENUE HANFORD CA,PG&E ARMSTRONG,KINGS,PGAE,0.0,0.0,0.0,0.0,0.0,0.0,0.0,0.0,0.0,1.0,5.0,0.0,0.0,0.0,0.0,0.0,0.0,0.0,0.0,0.0,0.0,0.0,,,,0.0,0.0,0.0,0.0,0.0,0.0,,,36.1413374,-119.9028971,median of located nodes in KINGS,0.3,county-centroid,publicqueuereport.xlsx+cluster15.xlsx,2026-09-07,026fde9,2026-09-08T02:07:34Z
PG E CORCORAN GUERNSEY,PG&E CORCORAN-GUERNSEY,KINGS,PGAE,0.0,0.0,0.0,0.0,0.0,0.0,0.0,0.0,0.0,1.0,20.22,0.0,0.0,0.0,0.0,0.0,0.0,0.0,0.0,0.0,0.0,0.0,,,,0.0,0.0,0.0,0.0,0.0,0.0,,,36.1413374,-119.9028971,median of located nodes in KINGS,0.3,county-centroid,publicqueuereport.xlsx+cluster15.xlsx,2026-09-07,026fde9,2026-09-08T02:07:34Z
PIT ROUND MOUNTAIN,PIT #3 ROUND MOUNTAIN,SHASTA,PGAE,0.0,0.0,0.0,0.0,0.0,0.0,1.0,102.0,0.0,1.0,350.0,0.0,0.0,0.0,0.0,0.0,0.0,0.0,0.0,0.0,0.0,0.0,,3.43,,0.0,0.0,0.0,0.0,0.0,0.0,,,40.3979023,-122.2642981,median of located nodes in SHASTA,0.3,county-centroid,publicqueuereport.xlsx+cluster15.xlsx,2026-09-07,026fde9,2026-09-08T02:07:34Z
PG E KEARNEY,PG&E KEARNEY SUB,FRESNO,PGAE,0.0,0.0,0.0,0.0,0.0,0.0,0.0,0.0,0.0,1.0,30.6,122.4,0.0,0.0,0.0,0.0,0.0,0.0,0.0,0.0,0.0,0.0,,,,0.0,0.0,0.0,0.0,0.0,0.0,,,36.587580525,-120.1256622,median of located nodes in FRESNO,0.3,county-centroid,publicqueuereport.xlsx+cluster15.xlsx,2026-09-07,026fde9,2026-09-08T02:07:34Z
PG E KERN OIL VEDDER,PG&E KERN OIL-VEDDER,KERN,PGAE,0.0,0.0,0.0,0.0,0.0,0.0,0.0,0.0,0.0,1.0,100.0,0.0,0.0,0.0,0.0,0.0,0.0,0.0,0.0,0.0,0.0,0.0,,,,0.0,0.0,0.0,0.0,0.0,0.0,,,35.2460173,-118.975825,median of located nodes in KERN,0.3,county-centroid,publicqueuereport.xlsx+cluster15.xlsx,2026-09-07,026fde9,2026-09-08T02:07:34Z
PIERCY,PIERCY,SANTA CLARA,PGAE,0.0,0.0,0.0,0.0,0.0,0.0,0.0,0.0,0.0,3.0,399.15,414.51480000000004,3.0,399.15,414.51480000000004,2.0,299.15,308.68,0.0,0.0,0.0,0.0,,,0.0,0.0,0.0,0.0,0.0,0.0,0.0,,,37.2689282,-121.7873391,Piercy Substation,1.0,exact,publicqueuereport.xlsx+cluster15.xlsx,2026-09-07,026fde9,2026-09-08T02:07:34Z
PANOCHE MENDOTA,PANOCHE-MENDOTA,FRESNO,PGAE,0.0,0.0,0.0,0.0,0.0,0.0,0.0,0.0,0.0,1.0,20.0,0.0,0.0,0.0,0.0,0.0,0.0,0.0,20.0,0.0,0.0,0.0,,,,0.0,0.0,0.0,0.0,0.0,0.0,,,36.6523145,-120.5815969,Panoche Substation,0.7,line-one-end,publicqueuereport.xlsx+cluster15.xlsx,2026-09-07,026fde9,2026-09-08T02:07:34Z
ORO LOMA PANOCHE,ORO LOMA - PANOCHE,FRESNO,PGAE,0.0,0.0,0.0,0.0,0.0,0.0,0.0,0.0,0.0,1.0,0.1,0.0,0.0,0.0,0.0,0.0,0.0,0.0,0.1,0.0,0.0,0.0,,,,0.0,0.0,0.0,0.0,0.0,0.0,,,36.6523145,-120.5815969,Panoche Substation,0.7,line-one-end,publicqueuereport.xlsx+cluster15.xlsx,2026-09-07,026fde9,2026-09-08T02:07:34Z
PG E MIDWAY WHEELER RIDGE,PG&E MIDWAY WHEELER RIDGE,KERN,PGAE,0.0,0.0,0.0,0.0,0.0,0.0,0.0,0.0,0.0,1.0,157.735,0.0,0.0,0.0,0.0,0.0,0.0,0.0,0.0,0.0,0.0,0.0,,,,0.0,0.0,0.0,0.0,0.0,0.0,,,35.2460173,-118.975825,median of located nodes in KERN,0.3,county-centroid,publicqueuereport.xlsx+cluster15.xlsx,2026-09-07,026fde9,2026-09-08T02:07:34Z
PALOMAR ENERGY,PALOMAR ENERGY SWITCHYARD,SAN DIEGO,SDGE,0.0,0.0,0.0,0.0,0.0,0.0,3.0,610.0,0.0,0.0,0.0,0.0,0.0,0.0,0.0,0.0,0.0,0.0,0.0,0.0,0.0,0.0,,0.0,,0.0,0.0,0.0,0.0,0.0,0.0,,,32.90258,-117.1167373,median of located nodes in SAN DIEGO,0.3,county-centroid,publicqueuereport.xlsx+cluster15.xlsx,2026-09-07,026fde9,2026-09-08T02:07:34Z
PALO VERDE DEVERS,PALO VERDE DEVERS #2 LINE,MARICOPA,SCE,0.0,0.0,0.0,0.0,0.0,0.0,0.0,0.0,0.0,4.0,1700.0,0.0,0.0,0.0,0.0,0.0,0.0,0.0,0.0,0.0,0.0,0.0,,,,0.0,0.0,0.0,0.0,0.0,0.0,,,,,,0.52,none,publicqueuereport.xlsx+cluster15.xlsx,2026-09-07,026fde9,2026-09-08T02:07:34Z
PALERMO,PALERMO,BUTTE,PGAE,0.0,0.0,0.0,0.0,0.0,0.0,0.0,0.0,0.0,1.0,200.0,213.55,1.0,200.0,213.55,0.0,0.0,0.0,200.0,0.0,0.0,0.0,,,,0.0,0.0,0.0,0.0,0.0,0.0,,,39.4542547,-121.5178277,Palermo Substation,1.0,exact,publicqueuereport.xlsx+cluster15.xlsx,2026-09-07,026fde9,2026-09-08T02:07:34Z
PALA LILAC,PALA - LILAC,SAN DIEGO,SDGE,0.0,0.0,0.0,0.0,0.0,0.0,0.0,0.0,0.0,1.0,49.0,0.0,0.0,0.0,0.0,0.0,0.0,0.0,0.0,0.0,0.0,0.0,,,,0.0,0.0,0.0,0.0,0.0,0.0,,,33.2533269,-117.0858841,Lilac Substation,0.7,line-one-end,publicqueuereport.xlsx+cluster15.xlsx,2026-09-07,026fde9,2026-09-08T02:07:34Z
PANOCHE ORO LOMA,PANOCHE - ORO LOMA,FRESNO,PGAE,0.0,0.0,0.0,0.0,0.0,0.0,0.0,0.0,0.0,4.0,160.0,0.0,0.0,0.0,0.0,0.0,0.0,0.0,60.0,0.0,0.0,0.0,,,,0.0,0.0,0.0,0.0,0.0,0.0,,,36.6523145,-120.5815969,Panoche Substation,0.7,line-one-end,publicqueuereport.xlsx+cluster15.xlsx,2026-09-07,026fde9,2026-09-08T02:07:34Z
PALA,PALA,SAN DIEGO,SDGE,0.0,0.0,0.0,0.0,0.0,0.0,1.0,99.0,0.0,3.0,186.9,109.0,0.0,0.0,0.0,0.0,0.0,0.0,49.9,0.0,0.0,0.0,,1.89,,0.0,0.0,0.0,0.0,0.0,0.0,,,32.90258,-117.1167373,median of located nodes in SAN DIEGO,0.3,county-centroid,publicqueuereport.xlsx+cluster15.xlsx,2026-09-07,026fde9,2026-09-08T02:07:34Z
PANOCHE SCHINDLER,PANOCHE-SCHINDLER #1 & #2,FRESNO,PGAE,0.0,0.0,0.0,0.0,0.0,0.0,0.0,0.0,0.0,3.0,591.0,0.0,0.0,0.0,0.0,0.0,0.0,0.0,0.0,0.0,0.0,0.0,,,,0.0,0.0,0.0,0.0,0.0,0.0,,,36.6523145,-120.5815969,Panoche Substation,0.7,line-one-end,publicqueuereport.xlsx+cluster15.xlsx,2026-09-07,026fde9,2026-09-08T02:07:34Z
PITTSBURGH,PITTSBURGH SUBSTATION,CONTRA COSTA,PGAE,0.0,0.0,0.0,0.0,0.0,0.0,1.0,200.0,200.0,0.0,0.0,0.0,0.0,0.0,0.0,0.0,0.0,0.0,0.0,0.0,0.0,0.0,0.0,0.0,,0.0,0.0,0.0,0.0,0.0,0.0,,,37.9454586,-121.8959532,median of located nodes in CONTRA COSTA,0.3,county-centroid,publicqueuereport.xlsx+cluster15.xlsx,2026-09-07,026fde9,2026-09-08T02:07:34Z
OXBOW,OXBOW,CHURCHILL,SCE,0.0,0.0,0.0,0.0,0.0,0.0,0.0,0.0,0.0,1.0,90.0,0.0,0.0,0.0,0.0,0.0,0.0,0.0,0.0,0.0,0.0,0.0,,,,0.0,0.0,0.0,0.0,0.0,0.0,,,,,,0.5,none,publicqueuereport.xlsx+cluster15.xlsx,2026-09-07,026fde9,2026-09-08T02:07:34Z
OTAY MESA ENERGY CENTER,OTAY MESA ENERGY CENTER,SAN DIEGO,SDGE,0.0,0.0,0.0,0.0,0.0,0.0,0.0,0.0,0.0,3.0,618.8,0.0,0.0,0.0,0.0,0.0,0.0,0.0,330.0,0.0,0.0,0.0,,,,0.0,0.0,0.0,0.0,0.0,0.0,,,32.90258,-117.1167373,median of located nodes in SAN DIEGO,0.3,county-centroid,publicqueuereport.xlsx+cluster15.xlsx,2026-09-07,026fde9,2026-09-08T02:07:34Z
PISGAH LUGO,PISGAH-LUGO,SAN BERNARDINO,SCE,0.0,0.0,0.0,0.0,0.0,0.0,0.0,0.0,0.0,2.0,752.0,0.0,0.0,0.0,0.0,0.0,0.0,0.0,0.0,0.0,0.0,0.0,,,,0.0,0.0,0.0,0.0,0.0,0.0,,,34.5737521,-116.87704595,Pisgah Switchyard | Lugo Substation,1.0,line-midpoint,publicqueuereport.xlsx+cluster15.xlsx,2026-09-07,026fde9,2026-09-08T02:07:34Z
PANOCHE SCHINDLER VIA THE CHENEY,PANOCHE-SCHINDLER #2,FRESNO,PGAE,0.0,0.0,0.0,0.0,0.0,0.0,0.0,0.0,0.0,1.0,50.0,50.0,0.0,0.0,0.0,0.0,0.0,0.0,0.0,0.0,0.0,0.0,,,,0.0,0.0,0.0,0.0,0.0,0.0,,,36.6523145,-120.5815969,Panoche Substation,0.7,line-one-end,publicqueuereport.xlsx+cluster15.xlsx,2026-09-07,026fde9,2026-09-08T02:07:34Z
PANOCHE TRANQUILITY,PANOCHE - TRANQUILITY #1,FRESNO,PGAE,0.0,0.0,0.0,0.0,0.0,0.0,0.0,0.0,0.0,1.0,250.0,255.5,1.0,250.0,255.5,0.0,0.0,0.0,0.0,0.0,0.0,0.0,,,,0.0,0.0,0.0,0.0,0.0,0.0,,,36.61515225,-120.49429344999999,Panoche Substation | OSM relation 8376979 'Tranquillity Solar Project' plant centroid (Recurrent Ener,1.0,line-midpoint,publicqueuereport.xlsx+cluster15.xlsx,2026-09-07,026fde9,2026-09-08T02:07:34Z
PIT PIT,PIT#1-PIT#3,MODOC/SISKIYOU,PGAE,0.0,0.0,0.0,0.0,0.0,0.0,0.0,0.0,0.0,1.0,132.0,0.0,0.0,0.0,0.0,0.0,0.0,0.0,0.0,0.0,0.0,0.0,,,,0.0,0.0,0.0,0.0,0.0,0.0,,,,,,0.57,none,publicqueuereport.xlsx+cluster15.xlsx,2026-09-07,026fde9,2026-09-08T02:07:34Z
PIT RIVER 1 COTTONWOOD,PIT RIVER 1-COTTONWOOD,SHASTA,PGAE,0.0,0.0,0.0,0.0,0.0,0.0,0.0,0.0,0.0,1.0,138.0,0.0,0.0,0.0,0.0,0.0,0.0,0.0,0.0,0.0,0.0,0.0,,,,0.0,0.0,0.0,0.0,0.0,0.0,,,40.3979023,-122.2642981,Cottonwood Substation,0.7,line-one-end,publicqueuereport.xlsx+cluster15.xlsx,2026-09-07,026fde9,2026-09-08T02:07:34Z
PARADISE,PARADISE  SUBSTATION,BUTTE,PGAE,0.0,0.0,0.0,0.0,0.0,0.0,0.0,0.0,0.0,1.0,101.2,102.0,0.0,0.0,0.0,0.0,0.0,0.0,0.0,0.0,0.0,0.0,,,,0.0,0.0,0.0,0.0,0.0,0.0,,,39.7606558,-121.61888,Paradise Substation,1.0,exact,publicqueuereport.xlsx+cluster15.xlsx,2026-09-07,026fde9,2026-09-08T02:07:34Z
PITTSBURG KIRKER COLUMBIA STEEL,PITTSBURG-KIRKER-COLUMBIA STEEL,CONTRA COSTA,PGAE,0.0,0.0,0.0,0.0,0.0,0.0,1.0,20.0,0.0,2.0,205.0,201.6,1.0,200.0,201.6,0.0,0.0,0.0,0.0,0.0,0.0,0.0,,10.25,,0.0,0.0,0.0,0.0,0.0,0.0,,,38.02886455,-121.90094425,Pittsburg Substation | Kirker Substation,1.0,line-midpoint,publicqueuereport.xlsx+cluster15.xlsx,2026-09-07,026fde9,2026-09-08T02:07:34Z
PARDEE VINCENT,PARDEE-VINCENT NO1,LOS ANGELES,SCE,0.0,0.0,0.0,0.0,0.0,0.0,0.0,0.0,0.0,1.0,400.0,405.663412,1.0,400.0,405.663412,0.0,0.0,0.0,400.0,0.0,0.0,0.0,,,,0.0,0.0,0.0,0.0,0.0,0.0,,,34.4628692,-118.35114985,Pardee Substation | Vincent Substation,1.0,line-midpoint,publicqueuereport.xlsx+cluster15.xlsx,2026-09-07,026fde9,2026-09-08T02:07:34Z
OTAY,OTAY SUBSTATION,SAN DIEGO,SDGE,0.0,0.0,0.0,0.0,0.0,0.0,2.0,52.5,49.7,1.0,20.0,20.8,1.0,20.0,20.8,0.0,0.0,0.0,20.0,0.0,0.0,0.0,0.42,0.38,,0.0,0.0,0.0,0.0,1.0,0.0,,,32.5953414,-117.0577002,Otay Substation,1.0,exact,publicqueuereport.xlsx+cluster15.xlsx,2026-09-07,026fde9,2026-09-08T02:07:34Z
PASTORIA,PASTORIA SUBSTATION,KERN,SCE,0.0,0.0,0.0,0.0,0.0,0.0,2.0,155.2,80.0,3.0,957.0,606.048,1.0,600.0,606.048,0.0,0.0,0.0,157.0,0.0,0.0,0.0,7.58,6.17,,0.0,0.0,0.0,0.0,0.0,0.0,,,34.9351833,-118.8429736,Pastoria Substation,1.0,exact,publicqueuereport.xlsx+cluster15.xlsx,2026-09-07,026fde9,2026-09-08T02:07:34Z
PIT 1 COTTONWOOD,PIT 1-COTTONWOOD,SHASTA,PGAE,0.0,0.0,0.0,0.0,0.0,0.0,0.0,0.0,0.0,2.0,275.0,19.992,2.0,275.0,19.992,0.0,0.0,0.0,200.0,0.0,0.0,0.0,,,,0.0,0.0,0.0,0.0,0.0,0.0,,,40.3979023,-122.2642981,Cottonwood Substation,0.7,line-one-end,publicqueuereport.xlsx+cluster15.xlsx,2026-09-07,026fde9,2026-09-08T02:07:34Z
NEW ON THE CHINO SERRANO,NEW,SAN BERNARDINO,SCE,0.0,0.0,0.0,0.0,0.0,0.0,0.0,0.0,0.0,1.0,400.0,0.0,0.0,0.0,0.0,0.0,0.0,0.0,0.0,0.0,0.0,0.0,,,,0.0,0.0,0.0,0.0,0.0,0.0,,,34.7816824,-117.3693963,median of located nodes in SAN BERNARDINO,0.3,county-centroid,publicqueuereport.xlsx+cluster15.xlsx,2026-09-07,026fde9,2026-09-08T02:07:34Z
OLIVE SWITCHING,OLIVE SWITCHING SUBSTATION,TULARE,PGAE,0.0,0.0,0.0,0.0,0.0,0.0,0.0,0.0,0.0,1.0,100.0,0.0,0.0,0.0,0.0,0.0,0.0,0.0,0.0,0.0,0.0,0.0,,,,0.0,0.0,0.0,0.0,0.0,0.0,,,36.109471,-119.09165730000001,median of located nodes in TULARE,0.3,county-centroid,publicqueuereport.xlsx+cluster15.xlsx,2026-09-07,026fde9,2026-09-08T02:07:34Z
MISSION CARLTON HILLS,MISSION-CARLTON HILLS,SAN DIEGO,SDGE,0.0,0.0,0.0,0.0,0.0,0.0,0.0,0.0,0.0,1.0,100.0,0.0,0.0,0.0,0.0,0.0,0.0,0.0,100.0,0.0,0.0,0.0,,,,0.0,0.0,0.0,0.0,0.0,0.0,,,32.8205133,-117.07517485,Mission Substation | Carlton Hills Substation,1.0,line-midpoint,publicqueuereport.xlsx+cluster15.xlsx,2026-09-07,026fde9,2026-09-08T02:07:34Z
MIGUEL,MIGUEL SUBSTATION,SAN DIEGO,SDGE,0.0,0.0,0.0,0.0,0.0,0.0,0.0,0.0,0.0,5.0,735.0,236.4,1.0,50.0,51.4,0.0,0.0,0.0,50.0,0.0,0.0,0.0,,,,0.0,0.0,0.0,0.0,0.0,0.0,,,32.6790263,-116.9838422,Miguel Substation,1.0,exact,publicqueuereport.xlsx+cluster15.xlsx,2026-09-07,026fde9,2026-09-08T02:07:34Z
MILLBRAE,MILLBRAE,SAN MATEO,PGAE,0.0,0.0,0.0,0.0,0.0,0.0,0.0,0.0,0.0,1.0,41.1,55.5,1.0,41.1,55.5,0.0,0.0,0.0,41.1,0.0,0.0,0.0,,,,0.0,0.0,0.0,0.0,0.0,0.0,,,37.6056261,-122.3915473,Millbrae Substation,1.0,exact,publicqueuereport.xlsx+cluster15.xlsx,2026-09-07,026fde9,2026-09-08T02:07:34Z
MILLER,MILLER #1,STANISLAUS,PGAE,0.0,0.0,0.0,0.0,0.0,0.0,1.0,40.0,0.0,1.0,40.0,41.436,1.0,40.0,41.436,0.0,0.0,0.0,40.0,0.0,0.0,0.0,,1.0,,0.0,0.0,0.0,0.0,0.0,0.0,,,37.4217214,-121.1207559,median of located nodes in STANISLAUS,0.3,county-centroid,publicqueuereport.xlsx+cluster15.xlsx,2026-09-07,026fde9,2026-09-08T02:07:34Z
MILPITAS,MILPITAS,SANTA CLARA,PGAE,0.0,0.0,0.0,0.0,0.0,0.0,0.0,0.0,0.0,1.0,300.0,308.7,1.0,300.0,308.7,1.0,300.0,308.7,0.0,0.0,0.0,0.0,,,0.0,0.0,0.0,0.0,0.0,0.0,0.0,,,37.415405,-121.8884658,Milpitas Substation,1.0,exact,publicqueuereport.xlsx+cluster15.xlsx,2026-09-07,026fde9,2026-09-08T02:07:34Z
MIRA LOMA CHINO 230,MIRA LOMA - CHINO 230 #1,SAN BERNARDINO,SCE,0.0,0.0,0.0,0.0,0.0,0.0,0.0,0.0,0.0,1.0,550.0,554.4,1.0,550.0,554.4,0.0,0.0,0.0,0.0,0.0,0.0,0.0,,,,0.0,0.0,0.0,0.0,0.0,0.0,,,34.0080322,-117.5642244,Mira Loma Substation,0.7,line-one-end,publicqueuereport.xlsx+cluster15.xlsx,2026-09-07,026fde9,2026-09-08T02:07:34Z
MIRA LOMA WALNUT,MIRA LOMA-WALNUT,SAN BERNARDINO,SCE,0.0,0.0,0.0,0.0,0.0,0.0,0.0,0.0,0.0,1.0,100.0,0.0,0.0,0.0,0.0,0.0,0.0,0.0,0.0,0.0,0.0,0.0,,,,0.0,0.0,0.0,0.0,0.0,0.0,,,35.74900425,-119.23507190000001,Mira Loma Substation | Walnut Substation,1.0,line-midpoint,publicqueuereport.xlsx+cluster15.xlsx,2026-09-07,026fde9,2026-09-08T02:07:34Z
MIRAGE,MIRAGE SUBSTATION,RIVERSIDE,SCE,0.0,0.0,0.0,0.0,0.0,0.0,0.0,0.0,0.0,2.0,650.0,658.0,2.0,650.0,658.0,0.0,0.0,0.0,400.0,0.0,0.0,0.0,,,,0.0,0.0,0.0,0.0,0.0,0.0,,,33.8183451,-116.3695726,Mirage Substation,1.0,exact,publicqueuereport.xlsx+cluster15.xlsx,2026-09-07,026fde9,2026-09-08T02:07:34Z
MIRAMAR GT,MIRAMAR GT SUBSTATION,SAN DIEGO,SDGE,0.0,0.0,0.0,0.0,0.0,0.0,2.0,79.0,30.0,1.0,10.0,10.0,1.0,10.0,10.0,0.0,0.0,0.0,10.0,0.0,0.0,0.0,0.33,0.13,,0.0,0.0,0.0,0.0,0.0,0.0,,,32.90258,-117.1167373,median of located nodes in SAN DIEGO,0.3,county-centroid,publicqueuereport.xlsx+cluster15.xlsx,2026-09-07,026fde9,2026-09-08T02:07:34Z
MIRAMAR SCRIPPS,MIRAMAR-SCRIPPS,SAN DIEGO,SDGE,0.0,0.0,0.0,0.0,0.0,0.0,0.0,0.0,0.0,1.0,75.0,75.0,1.0,75.0,75.0,0.0,0.0,0.0,0.0,0.0,0.0,0.0,,,,0.0,0.0,0.0,0.0,0.0,0.0,,,32.90258,-117.1241128,Miramar Substation | Scripps Substation,1.0,line-midpoint,publicqueuereport.xlsx+cluster15.xlsx,2026-09-07,026fde9,2026-09-08T02:07:34Z
MISSION,MISSION SUBSTATION,SAN FRANCISCO,PGAE,0.0,0.0,0.0,0.0,0.0,0.0,0.0,0.0,0.0,1.0,50.0,0.0,0.0,0.0,0.0,0.0,0.0,0.0,0.0,0.0,0.0,0.0,,,,0.0,0.0,0.0,0.0,0.0,0.0,,,32.7861059,-117.1383642,Mission Substation,1.0,exact,publicqueuereport.xlsx+cluster15.xlsx,2026-09-07,026fde9,2026-09-08T02:07:34Z
MISSION SAN LUIS REY,MISSION-SAN LUIS REY,SAN DIEGO,SDGE,0.0,0.0,0.0,0.0,0.0,0.0,0.0,0.0,0.0,1.0,508.0,60.0,0.0,0.0,0.0,0.0,0.0,0.0,0.0,0.0,0.0,0.0,,,,0.0,0.0,0.0,0.0,0.0,0.0,,,32.998702550000004,-117.236442,Mission Substation | San Luis Rey Substation,1.0,line-midpoint,publicqueuereport.xlsx+cluster15.xlsx,2026-09-07,026fde9,2026-09-08T02:07:34Z
OLIVE SMYRNA,OLIVE SW STATION-SMYRNA,KERN,PGAE,0.0,0.0,0.0,0.0,0.0,0.0,0.0,0.0,0.0,2.0,200.0,153.54,1.0,150.0,153.54,0.0,0.0,0.0,0.0,0.0,0.0,0.0,,,,0.0,0.0,0.0,0.0,0.0,0.0,,,35.2460173,-118.975825,median of located nodes in KERN,0.3,county-centroid,publicqueuereport.xlsx+cluster15.xlsx,2026-09-07,026fde9,2026-09-08T02:07:34Z
MOHAVE ELDORADO,MOHAVE-ELDORADO,CLARK,SCE,0.0,0.0,0.0,0.0,0.0,0.0,0.0,0.0,0.0,2.0,600.0,0.0,0.0,0.0,0.0,0.0,0.0,0.0,0.0,0.0,0.0,0.0,,,,0.0,0.0,0.0,0.0,0.0,0.0,,,35.47220685,-114.8028152,Mohave Substation | Eldorado Substation,1.0,line-midpoint,publicqueuereport.xlsx+cluster15.xlsx,2026-09-07,026fde9,2026-09-08T02:07:34Z
MOHAVE LUGO,MOHAVE-LUGO,CLARK,SCE,0.0,0.0,0.0,0.0,0.0,0.0,0.0,0.0,0.0,2.0,500.0,0.0,0.0,0.0,0.0,0.0,0.0,0.0,0.0,0.0,0.0,0.0,,,,0.0,0.0,0.0,0.0,0.0,0.0,,,34.756450099999995,-115.98327365,Mohave Substation | Lugo Substation,1.0,line-midpoint,publicqueuereport.xlsx+cluster15.xlsx,2026-09-07,026fde9,2026-09-08T02:07:34Z
MOJAVE,MOJAVE,SAN BERNARDINO,SCE,0.0,0.0,0.0,0.0,0.0,0.0,0.0,0.0,0.0,2.0,1440.0,0.0,0.0,0.0,0.0,0.0,0.0,0.0,0.0,0.0,0.0,0.0,,,,0.0,0.0,0.0,0.0,0.0,0.0,,,34.7816824,-117.3693963,median of located nodes in SAN BERNARDINO,0.3,county-centroid,publicqueuereport.xlsx+cluster15.xlsx,2026-09-07,026fde9,2026-09-08T02:07:34Z
MOLINO,MOLINO SUBSTATION,SONOMA,PGAE,0.0,0.0,0.0,0.0,0.0,0.0,0.0,0.0,0.0,1.0,10.0,10.0,0.0,0.0,0.0,0.0,0.0,0.0,0.0,0.0,0.0,0.0,,,,0.0,0.0,0.0,0.0,0.0,0.0,,,38.4977484,-122.7605687,median of located nodes in SONOMA,0.3,county-centroid,publicqueuereport.xlsx+cluster15.xlsx,2026-09-07,026fde9,2026-09-08T02:07:34Z
MONOLITH,MONOLITH SUBSTATION,KERN,SCE,0.0,0.0,0.0,0.0,0.0,0.0,0.0,0.0,0.0,3.0,521.0,0.0,0.0,0.0,0.0,0.0,0.0,0.0,0.0,0.0,0.0,0.0,,,,0.0,0.0,0.0,0.0,0.0,0.0,,,35.2460173,-118.975825,median of located nodes in KERN,0.3,county-centroid,publicqueuereport.xlsx+cluster15.xlsx,2026-09-07,026fde9,2026-09-08T02:07:34Z
MONTA VISTA,MONTA VISTA,SANTA CLARA,PGAE,0.0,0.0,0.0,0.0,0.0,0.0,0.0,0.0,0.0,1.0,500.0,505.2,1.0,500.0,505.2,0.0,0.0,0.0,500.0,0.0,0.0,0.0,,,,0.0,0.0,0.0,0.0,0.0,0.0,,,37.3261316,-122.0754437,Monta Vista Substation,1.0,exact,publicqueuereport.xlsx+cluster15.xlsx,2026-09-07,026fde9,2026-09-08T02:07:34Z
MONTE RIO FULTON TRANSMISSION,MONTE RIO-FULTON,SONOMA,PGAE,0.0,0.0,0.0,0.0,0.0,0.0,0.0,0.0,0.0,1.0,16.0,0.0,0.0,0.0,0.0,0.0,0.0,0.0,16.0,0.0,0.0,0.0,,,,0.0,0.0,0.0,0.0,0.0,0.0,,,38.4977484,-122.7605687,Fulton Substation,0.7,line-one-end,publicqueuereport.xlsx+cluster15.xlsx,2026-09-07,026fde9,2026-09-08T02:07:34Z
MORAGA,MORAGA,CONTRA COSTA,PGAE,0.0,0.0,0.0,0.0,0.0,0.0,0.0,0.0,0.0,1.0,300.0,305.0,1.0,300.0,305.0,0.0,0.0,0.0,0.0,0.0,0.0,0.0,,,,0.0,0.0,0.0,0.0,0.0,0.0,,,37.8477991,-122.1611735,Moraga Substation,1.0,exact,publicqueuereport.xlsx+cluster15.xlsx,2026-09-07,026fde9,2026-09-08T02:07:34Z
MORGAN HILL,MORGAN HILL SUBSTATION,SANTA CLARA,PGAE,0.0,0.0,0.0,0.0,0.0,0.0,0.0,0.0,0.0,1.0,30.0,30.48,1.0,30.0,30.48,0.0,0.0,0.0,30.0,0.0,0.0,0.0,,,,0.0,0.0,0.0,0.0,0.0,0.0,,,37.1267953,-121.6593936,Morgan Hill Substation,1.0,exact,publicqueuereport.xlsx+cluster15.xlsx,2026-09-07,026fde9,2026-09-08T02:07:34Z
MORRO BAY,MORRO BAY SUBSTATION,SAN LUIS OBISPO,PGAE,0.0,0.0,0.0,0.0,0.0,0.0,0.0,0.0,0.0,8.0,4720.3588,717.0,4.0,1706.0588,717.0,0.0,0.0,0.0,2906.0588,0.0,0.0,0.0,,,,0.0,0.0,0.0,0.0,0.0,0.0,,,35.3738781,-120.8555879,Morro Bay,1.0,exact,publicqueuereport.xlsx+cluster15.xlsx,2026-09-07,026fde9,2026-09-08T02:07:34Z
MIDWAY WHIRLWIND,MIDWAY-WHIRLWIND,KERN,PGAE,0.0,0.0,0.0,0.0,0.0,0.0,0.0,0.0,0.0,1.0,500.0,501.63,1.0,500.0,501.63,1.0,500.0,501.63,0.0,0.0,0.0,0.0,,,0.0,0.0,0.0,0.0,0.0,0.0,0.0,,,35.130393999999995,-118.94481379999999,Midway Substation | Whirlwind Substation,1.0,line-midpoint,publicqueuereport.xlsx+cluster15.xlsx,2026-09-07,026fde9,2026-09-08T02:07:34Z
MIDWAY WHEELER RIDGE VIA 5 MILE GEN TIE,MIDWAY- WHEELER RIDGE,KERN,PGAE,0.0,0.0,0.0,0.0,0.0,0.0,0.0,0.0,0.0,1.0,150.0,0.0,0.0,0.0,0.0,0.0,0.0,0.0,0.0,0.0,0.0,0.0,,,,0.0,0.0,0.0,0.0,0.0,0.0,,,35.2460173,-119.21406175,Midway Substation | Wheeler Ridge Substation,1.0,line-midpoint,publicqueuereport.xlsx+cluster15.xlsx,2026-09-07,026fde9,2026-09-08T02:07:34Z
MIDWAY WHEELER RIDGE DOUBLE CIRCUIT,MIDWAY-WHEELER RIDGE,KERN,PGAE,0.0,0.0,0.0,0.0,0.0,0.0,0.0,0.0,0.0,1.0,600.0,0.0,0.0,0.0,0.0,0.0,0.0,0.0,0.0,0.0,0.0,0.0,,,,0.0,0.0,0.0,0.0,0.0,0.0,,,35.2460173,-119.21406175,Midway Substation | Wheeler Ridge Substation,1.0,line-midpoint,publicqueuereport.xlsx+cluster15.xlsx,2026-09-07,026fde9,2026-09-08T02:07:34Z
MIDWAY WHEELER RIDGE AND,MIDWAY - WHEELER RIDGE #1 AND #2,KERN,PGAE,0.0,0.0,0.0,0.0,0.0,0.0,0.0,0.0,0.0,2.0,550.0,0.0,0.0,0.0,0.0,0.0,0.0,0.0,400.0,0.0,0.0,0.0,,,,0.0,0.0,0.0,0.0,0.0,0.0,,,35.2460173,-119.21406175,Midway Substation | Wheeler Ridge Substation,0.87,line-midpoint,publicqueuereport.xlsx+cluster15.xlsx,2026-09-07,026fde9,2026-09-08T02:07:34Z
MERCED CIRCUIT,MERCED #1,MERCED,PGAE,0.0,0.0,0.0,0.0,0.0,0.0,1.0,10.5,0.0,0.0,0.0,0.0,0.0,0.0,0.0,0.0,0.0,0.0,0.0,0.0,0.0,0.0,,0.0,,0.0,0.0,0.0,0.0,0.0,0.0,,,34.0497237,-117.90727,Merced Substation,1.0,exact,publicqueuereport.xlsx+cluster15.xlsx,2026-09-07,026fde9,2026-09-08T02:07:34Z
MERCED MADERA,MERCED-MADERA,FRESNO,PGAE,0.0,0.0,0.0,0.0,0.0,0.0,0.0,0.0,0.0,1.0,20.0,0.0,0.0,0.0,0.0,0.0,0.0,0.0,0.0,0.0,0.0,0.0,,,,0.0,0.0,0.0,0.0,0.0,0.0,,,34.0497237,-117.90727,Merced Substation,0.7,line-one-end,publicqueuereport.xlsx+cluster15.xlsx,2026-09-07,026fde9,2026-09-08T02:07:34Z
MERCHANT,MERCHANT SWITCHYARD,CLARK,SDGE,0.0,0.0,0.0,0.0,0.0,0.0,2.0,247.0,0.0,0.0,0.0,0.0,0.0,0.0,0.0,0.0,0.0,0.0,0.0,0.0,0.0,0.0,,0.0,,0.0,0.0,0.0,0.0,0.0,0.0,,,35.7900276,-114.9942489,Merchant Substation,1.0,exact,publicqueuereport.xlsx+cluster15.xlsx,2026-09-07,026fde9,2026-09-08T02:07:34Z
MERCY SPRINGS ORO LOMA,MERCY SPRINGS ORO LOMA,MERCED,PGAE,0.0,0.0,0.0,0.0,0.0,0.0,0.0,0.0,0.0,1.0,20.0,0.0,0.0,0.0,0.0,0.0,0.0,0.0,0.0,0.0,0.0,0.0,,,,0.0,0.0,0.0,0.0,0.0,0.0,,,37.0530047,-121.0205078,median of located nodes in MERCED,0.3,county-centroid,publicqueuereport.xlsx+cluster15.xlsx,2026-09-07,026fde9,2026-09-08T02:07:34Z
MESA,MESA SUBSTATION,SAN LUIS OBISPO,PGAE,0.0,0.0,0.0,0.0,0.0,0.0,1.0,99.7,106.2,6.0,1150.0,1293.4,5.0,1050.0,1193.4,1.0,100.0,104.96,750.0,0.0,0.0,0.0,11.24,11.53,0.0,1.0,250.0,250.0,0.0,1.0,0.0,,,34.0365975,-118.1116208,Mesa Substation,1.0,exact,publicqueuereport.xlsx+cluster15.xlsx,2026-09-07,026fde9,2026-09-08T02:07:34Z
MESA DIVIDE,MESA-DIVIDE #1,SANTA BARBARA,PGAE,0.0,0.0,0.0,0.0,0.0,0.0,0.0,0.0,0.0,1.0,105.0,0.0,0.0,0.0,0.0,0.0,0.0,0.0,0.0,0.0,0.0,0.0,,,,0.0,0.0,0.0,0.0,0.0,0.0,,,34.0365975,-118.1116208,Mesa Substation,0.7,line-one-end,publicqueuereport.xlsx+cluster15.xlsx,2026-09-07,026fde9,2026-09-08T02:07:34Z
MESA HEIGHTS,MESA HEIGHTS SUBSTATION,SAN DIEGO,SDGE,0.0,0.0,0.0,0.0,0.0,0.0,0.0,0.0,0.0,1.0,50.0,51.0,0.0,0.0,0.0,0.0,0.0,0.0,0.0,0.0,0.0,0.0,,,,0.0,0.0,0.0,0.0,0.0,0.0,,,32.8295316,-117.1573513,Mesa Heights Substation,1.0,exact,publicqueuereport.xlsx+cluster15.xlsx,2026-09-07,026fde9,2026-09-08T02:07:34Z
MIDPOINT,MIDPOINT SUBSTATION,RIVERSIDE,SCE,0.0,0.0,0.0,0.0,0.0,0.0,0.0,0.0,0.0,8.0,2879.0,0.0,0.0,0.0,0.0,0.0,0.0,0.0,150.0,0.0,0.0,0.0,,,,0.0,0.0,0.0,0.0,0.0,0.0,,,33.832733000000005,-116.0744455,median of located nodes in RIVERSIDE,0.3,county-centroid,publicqueuereport.xlsx+cluster15.xlsx,2026-09-07,026fde9,2026-09-08T02:07:34Z
MIDSUN MIDWAY,MIDSUN-MIDWAY,KERN,PGAE,0.0,0.0,0.0,0.0,0.0,0.0,0.0,0.0,0.0,1.0,11.2,0.0,0.0,0.0,0.0,0.0,0.0,0.0,0.0,0.0,0.0,0.0,,,,0.0,0.0,0.0,0.0,0.0,0.0,,,35.4029429,-119.4522985,Midway Substation,0.7,line-one-end,publicqueuereport.xlsx+cluster15.xlsx,2026-09-07,026fde9,2026-09-08T02:07:34Z
MIDWAY DIABLO CANYON,MIDWAY-DIABLO CANYON #2,SAN LUIS OBISPO,PGAE,0.0,0.0,0.0,0.0,0.0,0.0,0.0,0.0,0.0,1.0,1500.0,319.35,0.0,0.0,0.0,0.0,0.0,0.0,0.0,0.0,0.0,0.0,,,,0.0,0.0,0.0,0.0,0.0,0.0,,,35.3095594,-120.1497962,Midway Substation | Diablo Canyon,1.0,line-midpoint,publicqueuereport.xlsx+cluster15.xlsx,2026-09-07,026fde9,2026-09-08T02:07:34Z
MIDWAY GATES,MIDWAY- GATES,FRESNO,PGAE,0.0,0.0,0.0,0.0,0.0,0.0,0.0,0.0,0.0,1.0,307.624,0.0,0.0,0.0,0.0,0.0,0.0,0.0,0.0,0.0,0.0,0.0,,,,0.0,0.0,0.0,0.0,0.0,0.0,,,35.77214015,-119.78898035,Midway Substation | Gates Substation,1.0,line-midpoint,publicqueuereport.xlsx+cluster15.xlsx,2026-09-07,026fde9,2026-09-08T02:07:34Z
MIDWAY GATES ARCO GATES LINES,MIDWAY-GATES & ARCO-GATES,KINGS,PGAE,0.0,0.0,0.0,0.0,0.0,0.0,0.0,0.0,0.0,1.0,250.0,0.0,0.0,0.0,0.0,0.0,0.0,0.0,0.0,0.0,0.0,0.0,,,,0.0,0.0,0.0,0.0,0.0,0.0,,,35.4029429,-119.4522985,Midway Substation,0.7,line-one-end,publicqueuereport.xlsx+cluster15.xlsx,2026-09-07,026fde9,2026-09-08T02:07:34Z
MIDWAY MIDSUN,MIDWAY-MIDSUN,KERN,PGAE,0.0,0.0,0.0,0.0,0.0,0.0,0.0,0.0,0.0,1.0,47.82,0.0,0.0,0.0,0.0,0.0,0.0,0.0,0.0,0.0,0.0,0.0,,,,0.0,0.0,0.0,0.0,0.0,0.0,,,35.4029429,-119.4522985,Midway Substation,0.7,line-one-end,publicqueuereport.xlsx+cluster15.xlsx,2026-09-07,026fde9,2026-09-08T02:07:34Z
MIDWAY MORRO BAY,MIDWAY-MORRO BAY,SAN LUIS OBISPO,PGAE,0.0,0.0,0.0,0.0,0.0,0.0,1.0,250.0,0.0,0.0,0.0,0.0,0.0,0.0,0.0,0.0,0.0,0.0,0.0,0.0,0.0,0.0,,0.0,,0.0,0.0,0.0,0.0,0.0,0.0,,,35.3884105,-120.1539432,Midway Substation | Morro Bay,1.0,line-midpoint,publicqueuereport.xlsx+cluster15.xlsx,2026-09-07,026fde9,2026-09-08T02:07:34Z
MIDWAY MORROW BAY,MIDWAY-MORROW BAY,SAN LUIS OBISPO,PGAE,0.0,0.0,0.0,0.0,0.0,0.0,1.0,210.0,0.0,0.0,0.0,0.0,0.0,0.0,0.0,0.0,0.0,0.0,0.0,0.0,0.0,0.0,,0.0,,0.0,0.0,0.0,0.0,0.0,0.0,,,35.4029429,-119.4522985,Midway Substation,0.7,line-one-end,publicqueuereport.xlsx+cluster15.xlsx,2026-09-07,026fde9,2026-09-08T02:07:34Z
MIDWAY SUNSET VIA MIDWAY SUNSET GEN TIE,MIDWAY SUNSET VIA MIDWAY-SUNSET GEN-TIE,KERN,PGAE,0.0,0.0,0.0,0.0,0.0,0.0,0.0,0.0,0.0,1.0,100.0,0.0,0.0,0.0,0.0,0.0,0.0,0.0,0.0,0.0,0.0,0.0,,,,0.0,0.0,0.0,0.0,0.0,0.0,,,35.2460173,-118.975825,median of located nodes in KERN,0.3,county-centroid,publicqueuereport.xlsx+cluster15.xlsx,2026-09-07,026fde9,2026-09-08T02:07:34Z
MIDWAY TAFT,MIDWAY-TAFT,KERN,PGAE,0.0,0.0,0.0,0.0,0.0,0.0,0.0,0.0,0.0,1.0,27.0,0.0,0.0,0.0,0.0,0.0,0.0,0.0,0.0,0.0,0.0,0.0,,,,0.0,0.0,0.0,0.0,0.0,0.0,,,35.4029429,-119.4522985,Midway Substation,0.7,line-one-end,publicqueuereport.xlsx+cluster15.xlsx,2026-09-07,026fde9,2026-09-08T02:07:34Z
MIDWAY TUPMAN RIO BRAVO RENFRO,MIDWAY-TUPMAN-RIO BRAVO-RENFRO,KERN,PGAE,0.0,0.0,0.0,0.0,0.0,0.0,0.0,0.0,0.0,2.0,155.0,123.56349999999999,2.0,155.0,123.56349999999999,0.0,0.0,0.0,55.0,0.0,0.0,0.0,,,,0.0,0.0,0.0,0.0,0.0,0.0,,,35.4029429,-119.4522985,Midway Substation,0.7,line-one-end,publicqueuereport.xlsx+cluster15.xlsx,2026-09-07,026fde9,2026-09-08T02:07:34Z
MIDWAY VIA MIDWAY LA PALOMA,MIDWAY,KERN,PGAE,0.0,0.0,0.0,0.0,0.0,0.0,0.0,0.0,0.0,1.0,20.0,0.0,0.0,0.0,0.0,0.0,0.0,0.0,20.0,0.0,0.0,0.0,,,,0.0,0.0,0.0,0.0,0.0,0.0,,,35.4029429,-119.4522985,Midway Substation,1.0,exact,publicqueuereport.xlsx+cluster15.xlsx,2026-09-07,026fde9,2026-09-08T02:07:34Z
MIDWAY VIA MIDWAY SUNSET GEN TIE,MIDWAY SUBSTATION VIA MIDWAY-SUNSET GEN-TIE,KERN,PGAE,0.0,0.0,0.0,0.0,0.0,0.0,0.0,0.0,0.0,1.0,100.0,0.0,0.0,0.0,0.0,0.0,0.0,0.0,0.0,0.0,0.0,0.0,,,,0.0,0.0,0.0,0.0,0.0,0.0,,,35.2460173,-118.975825,median of located nodes in KERN,0.3,county-centroid,publicqueuereport.xlsx+cluster15.xlsx,2026-09-07,026fde9,2026-09-08T02:07:34Z
MIDWAY VINCENT,MIDWAY - VINCENT,KERN,SCE,0.0,0.0,0.0,0.0,0.0,0.0,0.0,0.0,0.0,2.0,1650.0,1173.48,1.0,1150.0,1173.48,1.0,1150.0,1173.48,0.0,0.0,0.0,0.0,,,0.0,0.0,0.0,0.0,0.0,0.0,0.0,,,34.9444435,-118.78598785,Midway Substation | Vincent Substation,1.0,line-midpoint,publicqueuereport.xlsx+cluster15.xlsx,2026-09-07,026fde9,2026-09-08T02:07:34Z
MORRO BAY MIDWAY,MORRO BAY - MIDWAY,SAN LUIS OBISPO,PGAE,0.0,0.0,0.0,0.0,0.0,0.0,1.0,150.0,0.0,2.0,675.0,0.0,0.0,0.0,0.0,0.0,0.0,0.0,0.0,0.0,0.0,0.0,,4.5,,0.0,0.0,0.0,0.0,0.0,0.0,,,35.3884105,-120.1539432,Morro Bay | Midway Substation,1.0,line-midpoint,publicqueuereport.xlsx+cluster15.xlsx,2026-09-07,026fde9,2026-09-08T02:07:34Z
MORRO BAY MIDWAY LINES,MORRO BAY-MIDWAY #1 & #2 LINES,SAN LUIS OBISPO,PGAE,0.0,0.0,0.0,0.0,0.0,0.0,1.0,190.0,0.0,0.0,0.0,0.0,0.0,0.0,0.0,0.0,0.0,0.0,0.0,0.0,0.0,0.0,,0.0,,0.0,0.0,0.0,0.0,0.0,0.0,,,35.3738781,-120.8555879,Morro Bay,0.7,line-one-end,publicqueuereport.xlsx+cluster15.xlsx,2026-09-07,026fde9,2026-09-08T02:07:34Z
MORRO BAY SOLAR,MORRO BAY SOLAR SW STA #2,SAN LUIS OBISPO,PGAE,0.0,0.0,0.0,0.0,0.0,0.0,0.0,0.0,0.0,1.0,200.0,103.95,1.0,200.0,103.95,0.0,0.0,0.0,0.0,0.0,0.0,0.0,,,,0.0,0.0,0.0,0.0,0.0,0.0,,,35.3738781,-120.32021062499999,median of located nodes in SAN LUIS OBISPO,0.3,county-centroid,publicqueuereport.xlsx+cluster15.xlsx,2026-09-07,026fde9,2026-09-08T02:07:34Z
NEW WHEELER RIDGE,NEW WHEELER RIDGE JUNCTION,KERN,PGAE,0.0,0.0,0.0,0.0,0.0,0.0,0.0,0.0,0.0,1.0,200.0,0.0,0.0,0.0,0.0,0.0,0.0,0.0,200.0,0.0,0.0,0.0,,,,0.0,0.0,0.0,0.0,0.0,0.0,,,35.2460173,-118.975825,median of located nodes in KERN,0.3,county-centroid,publicqueuereport.xlsx+cluster15.xlsx,2026-09-07,026fde9,2026-09-08T02:07:34Z
NEXT TO CALPEAK BORDER SITE,,SAN DIEGO,SDGE,0.0,0.0,0.0,0.0,0.0,0.0,0.0,0.0,0.0,1.0,99.0,0.0,0.0,0.0,0.0,0.0,0.0,0.0,0.0,0.0,0.0,0.0,,,,0.0,0.0,0.0,0.0,0.0,0.0,,,32.90258,-117.1167373,median of located nodes in SAN DIEGO,0.3,county-centroid,publicqueuereport.xlsx+cluster15.xlsx,2026-09-07,026fde9,2026-09-08T02:07:34Z
NICOLAUS MARYSVILLE,NICOLAUS-MARYSVILLE,YUBA,PGAE,0.0,0.0,0.0,0.0,0.0,0.0,0.0,0.0,0.0,1.0,15.0,0.0,0.0,0.0,0.0,0.0,0.0,0.0,15.0,0.0,0.0,0.0,,,,0.0,0.0,0.0,0.0,0.0,0.0,,,,,,0.8,none,publicqueuereport.xlsx+cluster15.xlsx,2026-09-07,026fde9,2026-09-08T02:07:34Z
NORTH GILA,NORTH GILA SUBSTATION,YUMA,SDGE,0.0,0.0,0.0,0.0,0.0,0.0,0.0,0.0,0.0,1.0,150.0,0.0,0.0,0.0,0.0,0.0,0.0,0.0,0.0,0.0,0.0,0.0,,,,0.0,0.0,0.0,0.0,0.0,0.0,,,32.7456924,-114.4912811,North Gila Substation,1.0,exact,publicqueuereport.xlsx+cluster15.xlsx,2026-09-07,026fde9,2026-09-08T02:07:34Z
NORTH GILA HASSAYAMPA,NORTH GILA-HASSAYAMPA,MARICOPA,SDGE,0.0,0.0,0.0,0.0,0.0,0.0,0.0,0.0,0.0,1.0,300.0,0.0,0.0,0.0,0.0,0.0,0.0,0.0,0.0,0.0,0.0,0.0,,,,0.0,0.0,0.0,0.0,0.0,0.0,,,32.7456924,-114.4912811,North Gila Substation,0.7,line-one-end,publicqueuereport.xlsx+cluster15.xlsx,2026-09-07,026fde9,2026-09-08T02:07:34Z
NORTH ISLAND METERING,NORTH ISLAND METERING STATION,SAN DIEGO,SDGE,0.0,0.0,0.0,0.0,0.0,0.0,0.0,0.0,0.0,1.0,4.7,0.0,0.0,0.0,0.0,0.0,0.0,0.0,4.7,0.0,0.0,0.0,,,,0.0,0.0,0.0,0.0,0.0,0.0,,,32.90258,-117.1167373,median of located nodes in SAN DIEGO,0.3,county-centroid,publicqueuereport.xlsx+cluster15.xlsx,2026-09-07,026fde9,2026-09-08T02:07:34Z
NORTH OF SONGS,NORTH OF SONGS,SAN DIEGO,HWT,0.0,0.0,0.0,0.0,0.0,0.0,0.0,0.0,0.0,1.0,400.01,405.48,1.0,400.01,405.48,1.0,400.01,405.48,0.0,0.0,0.0,0.0,,,0.0,0.0,0.0,0.0,0.0,0.0,0.0,,,32.90258,-117.1167373,median of located nodes in SAN DIEGO,0.3,county-centroid,publicqueuereport.xlsx+cluster15.xlsx,2026-09-07,026fde9,2026-09-08T02:07:34Z
OAKLAND C,OAKLAND C,ALAMEDA,PGAE,0.0,0.0,0.0,0.0,0.0,0.0,0.0,0.0,0.0,4.0,515.0,218.95,1.0,75.0,75.6,0.0,0.0,0.0,75.0,0.0,0.0,0.0,,,,1.0,75.0,0.0,75.0,0.0,0.0,,,37.7973777,-122.2807519,Oakland C Substation,1.0,exact,publicqueuereport.xlsx+cluster15.xlsx,2026-09-07,026fde9,2026-09-08T02:07:34Z
OAKLAND C VIA OAKLAND C TURBINE,OAKLAND C SUB VIA OAKLAND C-TURBINE,ALAMEDA,PGAE,0.0,0.0,0.0,0.0,0.0,0.0,0.0,0.0,0.0,1.0,55.0,55.65,1.0,55.0,55.65,0.0,0.0,0.0,55.0,0.0,0.0,0.0,,,,0.0,0.0,0.0,0.0,0.0,0.0,,,37.7120521,-121.6032072,median of located nodes in ALAMEDA,0.3,county-centroid,publicqueuereport.xlsx+cluster15.xlsx,2026-09-07,026fde9,2026-09-08T02:07:34Z
OAKLAND J,OAKLAND J,ALAMEDA,PGAE,0.0,0.0,0.0,0.0,0.0,0.0,0.0,0.0,0.0,1.0,153.0,156.0,0.0,0.0,0.0,0.0,0.0,0.0,0.0,0.0,0.0,0.0,,,,0.0,0.0,0.0,0.0,0.0,0.0,,,37.7630288,-122.2144359,Oakland J Substation,1.0,exact,publicqueuereport.xlsx+cluster15.xlsx,2026-09-07,026fde9,2026-09-08T02:07:34Z
OAKLAND J GRANT,OAKLAND J - GRANT,ALAMEDA,PGAE,0.0,0.0,0.0,0.0,0.0,0.0,0.0,0.0,0.0,2.0,250.0,252.39999999999998,1.0,150.0,151.2,0.0,0.0,0.0,0.0,0.0,0.0,0.0,,,,0.0,0.0,0.0,0.0,0.0,0.0,,,37.717236400000004,-122.1870139,Oakland J Substation | Grant Substation,1.0,line-midpoint,publicqueuereport.xlsx+cluster15.xlsx,2026-09-07,026fde9,2026-09-08T02:07:34Z
OASIS TORTOISE,OASIS-TORTOISE,LOS ANGELES,SCE,0.0,0.0,0.0,0.0,0.0,0.0,0.0,0.0,0.0,1.0,100.0,0.0,0.0,0.0,0.0,0.0,0.0,0.0,0.0,0.0,0.0,0.0,,,,0.0,0.0,0.0,0.0,0.0,0.0,,,34.47440665,-118.2627298,median of located nodes in LOS ANGELES,0.3,county-centroid,publicqueuereport.xlsx+cluster15.xlsx,2026-09-07,026fde9,2026-09-08T02:07:34Z
OCEAN RANCH,OCEAN RANCH SUBSTATION,SAN DIEGO,SDGE,0.0,0.0,0.0,0.0,0.0,0.0,0.0,0.0,0.0,3.0,241.1,246.9,2.0,201.1,206.9,0.0,0.0,0.0,201.1,0.0,0.0,0.0,,,,0.0,0.0,0.0,0.0,0.0,0.0,,,32.90258,-117.1167373,median of located nodes in SAN DIEGO,0.3,county-centroid,publicqueuereport.xlsx+cluster15.xlsx,2026-09-07,026fde9,2026-09-08T02:07:34Z
OCEANSIDE STUART,OCEANSIDE TAP - STUART TAP,SAN DIEGO,SDGE,0.0,0.0,0.0,0.0,0.0,0.0,0.0,0.0,0.0,1.0,200.0,202.23,1.0,200.0,202.23,0.0,0.0,0.0,0.0,0.0,0.0,0.0,,,,0.0,0.0,0.0,0.0,0.0,0.0,,,37.858023,-122.2685966,Stuart Substation,0.7,line-one-end,publicqueuereport.xlsx+cluster15.xlsx,2026-09-07,026fde9,2026-09-08T02:07:34Z
OF CHEVRON TRAN,TAP OF CHEVRON,KERN,PGAE,0.0,0.0,0.0,0.0,0.0,0.0,0.0,0.0,0.0,1.0,16.0,0.0,0.0,0.0,0.0,0.0,0.0,0.0,16.0,0.0,0.0,0.0,,,,0.0,0.0,0.0,0.0,0.0,0.0,,,35.2460173,-118.975825,median of located nodes in KERN,0.3,county-centroid,publicqueuereport.xlsx+cluster15.xlsx,2026-09-07,026fde9,2026-09-08T02:07:34Z
OF THE EL CAJON,,SAN DIEGO,SDGE,0.0,0.0,0.0,0.0,0.0,0.0,0.0,0.0,0.0,1.0,49.9,0.0,0.0,0.0,0.0,0.0,0.0,0.0,0.0,0.0,0.0,0.0,,,,0.0,0.0,0.0,0.0,0.0,0.0,,,32.90258,-117.1167373,median of located nodes in SAN DIEGO,0.3,county-centroid,publicqueuereport.xlsx+cluster15.xlsx,2026-09-07,026fde9,2026-09-08T02:07:34Z
OLD RIVER,OLD RIVER SUBSTATION,KERN,PGAE,0.0,0.0,0.0,0.0,0.0,0.0,0.0,0.0,0.0,1.0,100.0,51.401,1.0,100.0,51.401,0.0,0.0,0.0,0.0,0.0,0.0,0.0,,,,0.0,0.0,0.0,0.0,0.0,0.0,,,35.2460173,-118.975825,median of located nodes in KERN,0.3,county-centroid,publicqueuereport.xlsx+cluster15.xlsx,2026-09-07,026fde9,2026-09-08T02:07:34Z
OLD RIVER KERN,OLD RIVER - KERN #1,KERN,PGAE,0.0,0.0,0.0,0.0,0.0,0.0,0.0,0.0,0.0,1.0,5.0,0.0,0.0,0.0,0.0,0.0,0.0,0.0,0.0,0.0,0.0,0.0,,,,0.0,0.0,0.0,0.0,0.0,0.0,,,35.2460173,-118.975825,median of located nodes in KERN,0.3,county-centroid,publicqueuereport.xlsx+cluster15.xlsx,2026-09-07,026fde9,2026-09-08T02:07:34Z
OLEUM,,CONTRA COSTA,PGAE,0.0,0.0,0.0,0.0,0.0,0.0,0.0,0.0,0.0,1.0,27.2,0.0,0.0,0.0,0.0,0.0,0.0,0.0,0.0,0.0,0.0,0.0,,,,0.0,0.0,0.0,0.0,0.0,0.0,,,37.9454586,-121.8959532,median of located nodes in CONTRA COSTA,0.3,county-centroid,publicqueuereport.xlsx+cluster15.xlsx,2026-09-07,026fde9,2026-09-08T02:07:34Z
OLINDA,OLINDA,LOS ANGELES,SCE,0.0,0.0,0.0,0.0,0.0,0.0,0.0,0.0,0.0,1.0,350.0,350.0,1.0,350.0,350.0,1.0,350.0,350.0,0.0,0.0,0.0,0.0,,,0.0,0.0,0.0,0.0,0.0,0.0,0.0,,,40.3829969,-122.3814249,Olinda Substation,1.0,exact,publicqueuereport.xlsx+cluster15.xlsx,2026-09-07,026fde9,2026-09-08T02:07:34Z
OLIVE,OLIVE,TULARE,PGAE,0.0,0.0,0.0,0.0,0.0,0.0,1.0,40.0,20.0,4.0,410.0,173.268,1.0,160.0,163.268,0.0,0.0,0.0,160.0,0.0,0.0,0.0,8.16,10.25,,0.0,0.0,0.0,0.0,0.0,0.0,,,36.109471,-119.09165730000001,median of located nodes in TULARE,0.3,county-centroid,publicqueuereport.xlsx+cluster15.xlsx,2026-09-07,026fde9,2026-09-08T02:07:34Z
OLIVE SMYNRA,OLIVE SWITCHING STATION - SMYNRA,TULARE,PGAE,0.0,0.0,0.0,0.0,0.0,0.0,0.0,0.0,0.0,1.0,20.0,3.0,0.0,0.0,0.0,0.0,0.0,0.0,0.0,0.0,0.0,0.0,,,,0.0,0.0,0.0,0.0,0.0,0.0,,,36.109471,-119.09165730000001,median of located nodes in TULARE,0.3,county-centroid,publicqueuereport.xlsx+cluster15.xlsx,2026-09-07,026fde9,2026-09-08T02:07:34Z
NEWHALL,NEWHALL SUBSTATION,FRESNO,PGAE,0.0,0.0,0.0,0.0,0.0,0.0,0.0,0.0,0.0,1.0,80.0,0.0,0.0,0.0,0.0,0.0,0.0,0.0,0.0,0.0,0.0,0.0,,,,0.0,0.0,0.0,0.0,0.0,0.0,,,34.3791522,-118.5590591,Newhall Substation,1.0,exact,publicqueuereport.xlsx+cluster15.xlsx,2026-09-07,026fde9,2026-09-08T02:07:34Z
NEW TO LOOP THE ECO MIGUEL,NEW SWITCHYARD TO LOOP THE ECO-MIGUEL,SAN DIEGO,SDGE,0.0,0.0,0.0,0.0,0.0,0.0,0.0,0.0,0.0,1.0,400.0,205.0,1.0,400.0,205.0,0.0,0.0,0.0,0.0,0.0,0.0,0.0,,,,0.0,0.0,0.0,0.0,0.0,0.0,,,32.90258,-117.1167373,median of located nodes in SAN DIEGO,0.3,county-centroid,publicqueuereport.xlsx+cluster15.xlsx,2026-09-07,026fde9,2026-09-08T02:07:34Z
MORRO GATES,MORRO-GATES,MONTEREY,PGAE,0.0,0.0,0.0,0.0,0.0,0.0,1.0,280.0,60.0,0.0,0.0,0.0,0.0,0.0,0.0,0.0,0.0,0.0,0.0,0.0,0.0,0.0,0.0,0.0,,0.0,0.0,0.0,0.0,0.0,0.0,,,36.1413374,-120.1256622,Gates Substation,0.7,line-one-end,publicqueuereport.xlsx+cluster15.xlsx,2026-09-07,026fde9,2026-09-08T02:07:34Z
NEW TO LOOP IN TL2330 TALEGA ESCONDIDO,NEW SUBSTATION TO LOOP IN TL2330 TALEGA- ESCONDIDO,SAN DIEGO,SDGE,0.0,0.0,0.0,0.0,0.0,0.0,0.0,0.0,0.0,1.0,523.0,61.0,0.0,0.0,0.0,0.0,0.0,0.0,0.0,0.0,0.0,0.0,,,,0.0,0.0,0.0,0.0,0.0,0.0,,,32.90258,-117.1167373,median of located nodes in SAN DIEGO,0.3,county-centroid,publicqueuereport.xlsx+cluster15.xlsx,2026-09-07,026fde9,2026-09-08T02:07:34Z
MORROW BAY GATES,MORROW BAY-GATES,KINGS,PGAE,0.0,0.0,0.0,0.0,0.0,0.0,0.0,0.0,0.0,1.0,150.0,0.0,0.0,0.0,0.0,0.0,0.0,0.0,0.0,0.0,0.0,0.0,,,,0.0,0.0,0.0,0.0,0.0,0.0,,,36.1413374,-120.1256622,Gates Substation,0.7,line-one-end,publicqueuereport.xlsx+cluster15.xlsx,2026-09-07,026fde9,2026-09-08T02:07:34Z
MORROW BAY MIDWAY,MORROW BAY - MIDWAY #1 & #2,KERN,PGAE,0.0,0.0,0.0,0.0,0.0,0.0,0.0,0.0,0.0,1.0,100.0,0.0,0.0,0.0,0.0,0.0,0.0,0.0,0.0,0.0,0.0,0.0,,,,0.0,0.0,0.0,0.0,0.0,0.0,,,35.4029429,-119.4522985,Midway Substation,0.7,line-one-end,publicqueuereport.xlsx+cluster15.xlsx,2026-09-07,026fde9,2026-09-08T02:07:34Z
MOSS LANDING METCALF,MOSS LANDING - METCALF,SANTA CLARA,PGAE,0.0,0.0,0.0,0.0,0.0,0.0,0.0,0.0,0.0,1.0,414.0,418.0,0.0,0.0,0.0,0.0,0.0,0.0,0.0,0.0,0.0,0.0,,,,0.0,0.0,0.0,0.0,0.0,0.0,,,37.01695495,-121.7609764,"OSM: convergence of Moss Landing 115 kV line ends (ways 974695020, 974462217, 97 | Metcalf Substation",1.0,line-midpoint,publicqueuereport.xlsx+cluster15.xlsx,2026-09-07,026fde9,2026-09-08T02:07:34Z
MOSS LANDING PANOCHE,MOSS LANDING-PANOCHE #2,SAN BENITO,PGAE,0.0,0.0,0.0,0.0,0.0,0.0,0.0,0.0,0.0,1.0,20.0,0.0,0.0,0.0,0.0,0.0,0.0,0.0,0.0,0.0,0.0,0.0,,,,0.0,0.0,0.0,0.0,0.0,0.0,,,36.73031725,-121.17979844999999,"OSM: convergence of Moss Landing 115 kV line ends (ways 974695020, 974462217, 97 | Panoche Substation",1.0,line-midpoint,publicqueuereport.xlsx+cluster15.xlsx,2026-09-07,026fde9,2026-09-08T02:07:34Z
MOSS LANDING PANOCHE COBURN PANOCHE,MOSS LANDING-PANOCHE #2 & COBURN-PANOCHE #2,SAN BENITO,PGAE,0.0,0.0,0.0,0.0,0.0,0.0,0.0,0.0,0.0,1.0,400.0,0.0,0.0,0.0,0.0,0.0,0.0,0.0,0.0,0.0,0.0,0.0,,,,0.0,0.0,0.0,0.0,0.0,0.0,,,36.80832,-121.778,"OSM: convergence of Moss Landing 115 kV line ends (ways 974695020, 974462217, 97",0.7,line-one-end,publicqueuereport.xlsx+cluster15.xlsx,2026-09-07,026fde9,2026-09-08T02:07:34Z
MOSS LINDING SALINAS SOLEDAD AND LINES N O MOSS LANDING SALINAS SOLEDAD,MOSS-LINDING-SALINAS-SOLEDAD,MONTEREY,PGAE,0.0,0.0,0.0,0.0,0.0,0.0,0.0,0.0,0.0,1.0,105.0,0.0,0.0,0.0,0.0,0.0,0.0,0.0,0.0,0.0,0.0,0.0,,,,0.0,0.0,0.0,0.0,0.0,0.0,,,36.4301332,-121.3325147,median of located nodes in MONTEREY,0.3,county-centroid,publicqueuereport.xlsx+cluster15.xlsx,2026-09-07,026fde9,2026-09-08T02:07:34Z
MOSS PANOCHE AND COBURN PANOCHE,MOSS-PANOCHE AND COBURN-PANOCHE,SAN BENITO,PGAE,0.0,0.0,0.0,0.0,0.0,0.0,1.0,140.0,0.0,0.0,0.0,0.0,0.0,0.0,0.0,0.0,0.0,0.0,0.0,0.0,0.0,0.0,,0.0,,0.0,0.0,0.0,0.0,0.0,0.0,,,36.8627977,-121.4062132,median of located nodes in SAN BENITO,0.3,county-centroid,publicqueuereport.xlsx+cluster15.xlsx,2026-09-07,026fde9,2026-09-08T02:07:34Z
MOUNTAIN PASS,MOUNTAIN PASS,SAN BERNARDINO,SCE,0.0,0.0,0.0,0.0,0.0,0.0,1.0,300.0,0.0,1.0,50.0,0.0,0.0,0.0,0.0,0.0,0.0,0.0,50.0,0.0,0.0,0.0,,0.17,,0.0,0.0,0.0,0.0,0.0,0.0,,,34.7816824,-117.3693963,median of located nodes in SAN BERNARDINO,0.3,county-centroid,publicqueuereport.xlsx+cluster15.xlsx,2026-09-07,026fde9,2026-09-08T02:07:34Z
NEENACH,NEENACH SUBSTATION,LOS ANGELES,SCE,0.0,0.0,0.0,0.0,0.0,0.0,0.0,0.0,0.0,4.0,138.5,117.174,1.0,79.0,79.474,0.0,0.0,0.0,2.0,0.0,0.0,0.0,,,,0.0,0.0,0.0,0.0,0.0,0.0,,,34.47440665,-118.2627298,median of located nodes in LOS ANGELES,0.3,county-centroid,publicqueuereport.xlsx+cluster15.xlsx,2026-09-07,026fde9,2026-09-08T02:07:34Z
NEENACH ANTELOPE,NEENACH-ANTELOPE,LOS ANGELES,SCE,0.0,0.0,0.0,0.0,0.0,0.0,0.0,0.0,0.0,1.0,20.0,0.0,0.0,0.0,0.0,0.0,0.0,0.0,0.0,0.0,0.0,0.0,,,,0.0,0.0,0.0,0.0,0.0,0.0,,,34.6858079,-118.2981161,Antelope Substation,0.7,line-one-end,publicqueuereport.xlsx+cluster15.xlsx,2026-09-07,026fde9,2026-09-08T02:07:34Z
NEW 230 NEAR THE IV ML,NEW 230/,BAJA CALIFORNIA,SDGE,0.0,0.0,0.0,0.0,0.0,0.0,0.0,0.0,0.0,1.0,400.0,0.0,0.0,0.0,0.0,0.0,0.0,0.0,0.0,0.0,0.0,0.0,,,,0.0,0.0,0.0,0.0,0.0,0.0,,,,,,0.5,none,publicqueuereport.xlsx+cluster15.xlsx,2026-09-07,026fde9,2026-09-08T02:07:34Z
NEW DOUBLE CIRCUIT INTO ESCONDIDO,NEW DOUBLE CIRCUIT,SAN DIEGO,SDGE,0.0,0.0,0.0,0.0,0.0,0.0,0.0,0.0,0.0,1.0,620.0,0.0,0.0,0.0,0.0,0.0,0.0,0.0,0.0,0.0,0.0,0.0,,,,0.0,0.0,0.0,0.0,0.0,0.0,,,32.90258,-117.1167373,median of located nodes in SAN DIEGO,0.3,county-centroid,publicqueuereport.xlsx+cluster15.xlsx,2026-09-07,026fde9,2026-09-08T02:07:34Z
NEW FAIRFIELD,NEW FAIRFIELD SUBSTATION,SOLANO,PGAE,0.0,0.0,0.0,0.0,0.0,0.0,0.0,0.0,0.0,1.0,575.0,0.0,0.0,0.0,0.0,0.0,0.0,0.0,0.0,0.0,0.0,0.0,,,,0.0,0.0,0.0,0.0,0.0,0.0,,,38.2214947,-121.83932625,median of located nodes in SOLANO,0.3,county-centroid,publicqueuereport.xlsx+cluster15.xlsx,2026-09-07,026fde9,2026-09-08T02:07:34Z
NEW IVANPAH,NEW IVANPAH SUBSTATION,SAN BERNARDINO,SCE,0.0,0.0,0.0,0.0,0.0,0.0,0.0,0.0,0.0,3.0,66.0,0.0,0.0,0.0,0.0,0.0,0.0,0.0,0.0,0.0,0.0,0.0,,,,0.0,0.0,0.0,0.0,0.0,0.0,,,34.7816824,-117.3693963,median of located nodes in SAN BERNARDINO,0.3,county-centroid,publicqueuereport.xlsx+cluster15.xlsx,2026-09-07,026fde9,2026-09-08T02:07:34Z
NEW KEARNY,NEW KEARNY SUBSTATION,FRESNO,PGAE,0.0,0.0,0.0,0.0,0.0,0.0,0.0,0.0,0.0,1.0,20.0,20.0,0.0,0.0,0.0,0.0,0.0,0.0,0.0,0.0,0.0,0.0,,,,0.0,0.0,0.0,0.0,0.0,0.0,,,36.587580525,-120.1256622,median of located nodes in FRESNO,0.3,county-centroid,publicqueuereport.xlsx+cluster15.xlsx,2026-09-07,026fde9,2026-09-08T02:07:34Z
NEW ON LOS ESTEROS TRIMBLE,NEW SWITCHYARD ON LOS ESTEROS-TRIMBLE LINE,SANTA CLARA,PGAE,0.0,0.0,0.0,0.0,0.0,0.0,0.0,0.0,0.0,1.0,150.0,150.929,1.0,150.0,150.929,0.0,0.0,0.0,0.0,0.0,0.0,0.0,,,,0.0,0.0,0.0,0.0,0.0,0.0,,,37.3819522,-121.9271433,Trimble Substation,0.7,line-one-end,publicqueuereport.xlsx+cluster15.xlsx,2026-09-07,026fde9,2026-09-08T02:07:34Z
NEW ON NORTH GILA IMPERIAL VALLEY,NEW SUBSTATION ON NORTH GILA-IMPERIAL VALLEY,IMPERIAL,SDGE,0.0,0.0,0.0,0.0,0.0,0.0,0.0,0.0,0.0,1.0,600.0,0.0,0.0,0.0,0.0,0.0,0.0,0.0,0.0,0.0,0.0,0.0,,,,0.0,0.0,0.0,0.0,0.0,0.0,,,32.7179069,-115.7155553,Imperial Valley Substation,0.7,line-one-end,publicqueuereport.xlsx+cluster15.xlsx,2026-09-07,026fde9,2026-09-08T02:07:34Z
PIUTE LANCASTER,PIUTE-LANCASTER,LOS ANGELES,SCE,0.0,0.0,0.0,0.0,0.0,0.0,0.0,0.0,0.0,1.0,14.0,0.0,0.0,0.0,0.0,0.0,0.0,0.0,0.0,0.0,0.0,0.0,,,,0.0,0.0,0.0,0.0,0.0,0.0,,,34.47440665,-118.2627298,median of located nodes in LOS ANGELES,0.3,county-centroid,publicqueuereport.xlsx+cluster15.xlsx,2026-09-07,026fde9,2026-09-08T02:07:34Z
NEW ON THE MIRA LOMA VISTA,NEW,SAN BERNARDINO,SCE,0.0,0.0,0.0,0.0,0.0,0.0,0.0,0.0,0.0,1.0,564.0,0.0,0.0,0.0,0.0,0.0,0.0,0.0,0.0,0.0,0.0,0.0,,,,0.0,0.0,0.0,0.0,0.0,0.0,,,34.7816824,-117.3693963,median of located nodes in SAN BERNARDINO,0.3,county-centroid,publicqueuereport.xlsx+cluster15.xlsx,2026-09-07,026fde9,2026-09-08T02:07:34Z
NEW ON THE PANOCHE SCHINDLER,NEW,FRESNO,PGAE,0.0,0.0,0.0,0.0,0.0,0.0,0.0,0.0,0.0,1.0,51.0,0.0,0.0,0.0,0.0,0.0,0.0,0.0,0.0,0.0,0.0,0.0,,,,0.0,0.0,0.0,0.0,0.0,0.0,,,36.587580525,-120.1256622,median of located nodes in FRESNO,0.3,county-centroid,publicqueuereport.xlsx+cluster15.xlsx,2026-09-07,026fde9,2026-09-08T02:07:34Z
NEW SUBSTATIONS SAN LUIS MELROSE,NEW SUBSTATIONS SAN LUIS-MELROSE,SAN DIEGO,SDGE,0.0,0.0,0.0,0.0,0.0,0.0,0.0,0.0,0.0,1.0,50.0,50.0,0.0,0.0,0.0,0.0,0.0,0.0,0.0,0.0,0.0,0.0,,,,0.0,0.0,0.0,0.0,0.0,0.0,,,32.90258,-117.1167373,median of located nodes in SAN DIEGO,0.3,county-centroid,publicqueuereport.xlsx+cluster15.xlsx,2026-09-07,026fde9,2026-09-08T02:07:34Z
PIUTE,PIUTE SUB,LOS ANGELES,SCE,0.0,0.0,0.0,0.0,0.0,0.0,0.0,0.0,0.0,1.0,20.0,0.0,0.0,0.0,0.0,0.0,0.0,0.0,0.0,0.0,0.0,0.0,,,,0.0,0.0,0.0,0.0,0.0,0.0,,,34.47440665,-118.2627298,median of located nodes in LOS ANGELES,0.3,county-centroid,publicqueuereport.xlsx+cluster15.xlsx,2026-09-07,026fde9,2026-09-08T02:07:34Z
RIO OSO ATLANTIC RIO OSO GOLD HILL,RIO OSO-ATLANTIC,PLACER,PGAE,0.0,0.0,0.0,0.0,0.0,0.0,0.0,0.0,0.0,1.0,300.0,306.55,1.0,300.0,306.55,0.0,0.0,0.0,0.0,0.0,0.0,0.0,,,,0.0,0.0,0.0,0.0,0.0,0.0,,,38.84938525,-121.36541725000001,Rio Oso Substation | Atlantic Substation,1.0,line-midpoint,publicqueuereport.xlsx+cluster15.xlsx,2026-09-07,026fde9,2026-09-08T02:07:34Z
PIUTE REDMAN,PIUTE-REDMAN,LOS ANGELES,SCE,0.0,0.0,0.0,0.0,0.0,0.0,0.0,0.0,0.0,2.0,140.0,0.0,0.0,0.0,0.0,0.0,0.0,0.0,0.0,0.0,0.0,0.0,,,,0.0,0.0,0.0,0.0,0.0,0.0,,,34.47440665,-118.2627298,median of located nodes in LOS ANGELES,0.3,county-centroid,publicqueuereport.xlsx+cluster15.xlsx,2026-09-07,026fde9,2026-09-08T02:07:34Z
TRINITY COTTONWOOD,TRINITY-COTTONWOOD,SHASTA/TRINITY,PGAE,0.0,0.0,0.0,0.0,0.0,0.0,0.0,0.0,0.0,1.0,102.0,0.0,0.0,0.0,0.0,0.0,0.0,0.0,0.0,0.0,0.0,0.0,,,,0.0,0.0,0.0,0.0,0.0,0.0,,,40.55795175,-122.5993445,Trinity Substation | Cottonwood Substation,1.0,line-midpoint,publicqueuereport.xlsx+cluster15.xlsx,2026-09-07,026fde9,2026-09-08T02:07:34Z
TESLA STAGG,TESLA-STAGG,SAN JOAQUIN,PGAE,0.0,0.0,0.0,0.0,0.0,0.0,0.0,0.0,0.0,1.0,240.0,61.256,0.0,0.0,0.0,0.0,0.0,0.0,0.0,0.0,0.0,0.0,,,,0.0,0.0,0.0,0.0,0.0,0.0,,,37.852175349999996,-121.45662295,Tesla Substation | Stagg Substation,1.0,line-midpoint,publicqueuereport.xlsx+cluster15.xlsx,2026-09-07,026fde9,2026-09-08T02:07:34Z
TESLA STOCKTON CO GEN,TESLA - STOCKTON CO-GEN JCT,SAN JOAQUIN,PGAE,0.0,0.0,0.0,0.0,0.0,0.0,0.0,0.0,0.0,1.0,11.0,0.0,0.0,0.0,0.0,0.0,0.0,0.0,0.0,0.0,0.0,0.0,,,,0.0,0.0,0.0,0.0,0.0,0.0,,,37.7120521,-121.5647373,Tesla Substation,0.7,line-one-end,publicqueuereport.xlsx+cluster15.xlsx,2026-09-07,026fde9,2026-09-08T02:07:34Z
TESLA STOCKTON COGEN TRANS,,STANISLAUS,PGAE,0.0,0.0,0.0,0.0,0.0,0.0,0.0,0.0,0.0,1.0,99.9,0.0,0.0,0.0,0.0,0.0,0.0,0.0,99.9,0.0,0.0,0.0,,,,0.0,0.0,0.0,0.0,0.0,0.0,,,37.4217214,-121.1207559,median of located nodes in STANISLAUS,0.3,county-centroid,publicqueuereport.xlsx+cluster15.xlsx,2026-09-07,026fde9,2026-09-08T02:07:34Z
TESLA TO DELTA SWITCHING YARD AT THE ALTAMONT MIDWAY,TESLA TO DELTA SWITCHING YARD AT THE ALTAMONT-MIDWAY SUBSTATION,ALAMEDA,PGAE,0.0,0.0,0.0,0.0,0.0,0.0,0.0,0.0,0.0,1.0,52.5,0.0,0.0,0.0,0.0,0.0,0.0,0.0,0.0,0.0,0.0,0.0,,,,0.0,0.0,0.0,0.0,0.0,0.0,,,37.7120521,-121.5647373,Tesla Substation,0.7,line-one-end,publicqueuereport.xlsx+cluster15.xlsx,2026-09-07,026fde9,2026-09-08T02:07:34Z
TESLA TRACY,TESLA-TRACY #1,SAN JOAQUIN,PGAE,0.0,0.0,0.0,0.0,0.0,0.0,0.0,0.0,0.0,3.0,1250.0,615.6,1.0,600.0,615.6,0.0,0.0,0.0,0.0,0.0,0.0,0.0,,,,0.0,0.0,0.0,0.0,0.0,0.0,,,37.754985000000005,-121.57272125,Tesla Substation | Tracy Substation,1.0,line-midpoint,publicqueuereport.xlsx+cluster15.xlsx,2026-09-07,026fde9,2026-09-08T02:07:34Z
TESLA TRACY TRACY,TESLA-TRACY #1,CONTRA COSTA,PGAE,0.0,0.0,0.0,0.0,0.0,0.0,0.0,0.0,0.0,1.0,531.0,0.0,0.0,0.0,0.0,0.0,0.0,0.0,531.0,0.0,0.0,0.0,,,,0.0,0.0,0.0,0.0,0.0,0.0,,,37.754985000000005,-121.57272125,Tesla Substation | Tracy Substation,1.0,line-midpoint,publicqueuereport.xlsx+cluster15.xlsx,2026-09-07,026fde9,2026-09-08T02:07:34Z
TESLA WEBER,TESLA-WEBER,SAN JOAQUIN,PGAE,0.0,0.0,0.0,0.0,0.0,0.0,0.0,0.0,0.0,1.0,240.0,61.256,0.0,0.0,0.0,0.0,0.0,0.0,0.0,0.0,0.0,0.0,,,,0.0,0.0,0.0,0.0,0.0,0.0,,,37.7120521,-121.5647373,Tesla Substation,0.7,line-one-end,publicqueuereport.xlsx+cluster15.xlsx,2026-09-07,026fde9,2026-09-08T02:07:34Z
TESLA WESTLEY,TESLA - WESTLEY,ALAMEDA,PGAE,0.0,0.0,0.0,0.0,0.0,0.0,0.0,0.0,0.0,2.0,539.0,61.256,0.0,0.0,0.0,0.0,0.0,0.0,0.0,0.0,0.0,0.0,,,,0.0,0.0,0.0,0.0,0.0,0.0,,,37.6140398,-121.39776845,Tesla Substation | Westley Substation,1.0,line-midpoint,publicqueuereport.xlsx+cluster15.xlsx,2026-09-07,026fde9,2026-09-08T02:07:34Z
TESLA WESTLEY LINES,TESLA-WESTLEY,SAN JOAQUIN,PGAE,0.0,0.0,0.0,0.0,0.0,0.0,0.0,0.0,0.0,1.0,371.3,0.0,0.0,0.0,0.0,0.0,0.0,0.0,0.0,0.0,0.0,0.0,,,,0.0,0.0,0.0,0.0,0.0,0.0,,,37.6140398,-121.39776845,Tesla Substation | Westley Substation,1.0,line-midpoint,publicqueuereport.xlsx+cluster15.xlsx,2026-09-07,026fde9,2026-09-08T02:07:34Z
THOUSANDAIRE,THOUSANDAIRE SUBSTATION,NYE,VEA,0.0,0.0,0.0,0.0,0.0,0.0,0.0,0.0,0.0,1.0,20.0,0.0,0.0,0.0,0.0,0.0,0.0,0.0,0.0,0.0,0.0,0.0,,,,0.0,0.0,0.0,0.0,0.0,0.0,,,36.132452,-115.9499389,Thousandaire Substation,1.0,exact,publicqueuereport.xlsx+cluster15.xlsx,2026-09-07,026fde9,2026-09-08T02:07:34Z
TO BE CONSTRUCTED 1 MILE SOUTH TIE INTO SCE,LINE TO BE CONSTRUCTED 1 MILE SOUTH & TIE INTO SCE,RIVERSIDE,SCE,0.0,0.0,0.0,0.0,0.0,0.0,0.0,0.0,0.0,1.0,20.0,0.0,0.0,0.0,0.0,0.0,0.0,0.0,0.0,0.0,0.0,0.0,,,,0.0,0.0,0.0,0.0,0.0,0.0,,,33.832733000000005,-116.0744455,median of located nodes in RIVERSIDE,0.3,county-centroid,publicqueuereport.xlsx+cluster15.xlsx,2026-09-07,026fde9,2026-09-08T02:07:34Z
TO MIDPOINT,,RIVERSIDE,SCE,0.0,0.0,0.0,0.0,0.0,0.0,0.0,0.0,0.0,1.0,700.0,0.0,0.0,0.0,0.0,0.0,0.0,0.0,0.0,0.0,0.0,0.0,,,,0.0,0.0,0.0,0.0,0.0,0.0,,,33.832733000000005,-116.0744455,median of located nodes in RIVERSIDE,0.3,county-centroid,publicqueuereport.xlsx+cluster15.xlsx,2026-09-07,026fde9,2026-09-08T02:07:34Z
TO PLAINFIELD,LINE TAP TO,YOLO,PGAE,0.0,0.0,0.0,0.0,0.0,0.0,0.0,0.0,0.0,1.0,20.0,0.0,0.0,0.0,0.0,0.0,0.0,0.0,0.0,0.0,0.0,0.0,,,,0.0,0.0,0.0,0.0,0.0,0.0,,,38.9351998,-121.8090741,median of located nodes in YOLO,0.3,county-centroid,publicqueuereport.xlsx+cluster15.xlsx,2026-09-07,026fde9,2026-09-08T02:07:34Z
TO THE NEW MIDPOINT,,RIVERSIDE,SCE,0.0,0.0,0.0,0.0,0.0,0.0,0.0,0.0,0.0,1.0,640.0,0.0,0.0,0.0,0.0,0.0,0.0,0.0,0.0,0.0,0.0,0.0,,,,0.0,0.0,0.0,0.0,0.0,0.0,,,33.832733000000005,-116.0744455,median of located nodes in RIVERSIDE,0.3,county-centroid,publicqueuereport.xlsx+cluster15.xlsx,2026-09-07,026fde9,2026-09-08T02:07:34Z
TORTILLA,TORTILLA SUBSTATION,SAN BERNARDINO,SCE,0.0,0.0,0.0,0.0,0.0,0.0,0.0,0.0,0.0,1.0,60.0,61.9,1.0,60.0,61.9,0.0,0.0,0.0,0.0,0.0,0.0,0.0,,,,0.0,0.0,0.0,0.0,0.0,0.0,,,34.7816824,-117.3693963,median of located nodes in SAN BERNARDINO,0.3,county-centroid,publicqueuereport.xlsx+cluster15.xlsx,2026-09-07,026fde9,2026-09-08T02:07:34Z
TORTILLA KRAMER,TORTILLA-KRAMER,SAN BERNARDINO,SCE,0.0,0.0,0.0,0.0,0.0,0.0,0.0,0.0,0.0,1.0,149.4,0.0,0.0,0.0,0.0,0.0,0.0,0.0,0.0,0.0,0.0,0.0,,,,0.0,0.0,0.0,0.0,0.0,0.0,,,34.9896952,-117.5421983,Kramer Substation,0.7,line-one-end,publicqueuereport.xlsx+cluster15.xlsx,2026-09-07,026fde9,2026-09-08T02:07:34Z
TRABUCO,TRABUCO SUBSTATION,ORANGE,SDGE,0.0,0.0,0.0,0.0,0.0,0.0,0.0,0.0,0.0,1.0,300.0,304.19315907,1.0,300.0,304.19315907,0.0,0.0,0.0,0.0,0.0,0.0,0.0,,,,0.0,0.0,0.0,0.0,0.0,0.0,,,33.5628795,-117.673544,Trabuco Substation,1.0,exact,publicqueuereport.xlsx+cluster15.xlsx,2026-09-07,026fde9,2026-09-08T02:07:34Z
TRABUCO CAPISTRANO,TRABUCO - CAPISTRANO,ORANGE,SDGE,0.0,0.0,0.0,0.0,0.0,0.0,0.0,0.0,0.0,1.0,250.0,256.875,1.0,250.0,256.875,0.0,0.0,0.0,250.0,0.0,0.0,0.0,,,,0.0,0.0,0.0,0.0,0.0,0.0,,,33.5377456,-117.66991200000001,Trabuco Substation | Capistrano Substation,1.0,line-midpoint,publicqueuereport.xlsx+cluster15.xlsx,2026-09-07,026fde9,2026-09-08T02:07:34Z
TRACY,TRACY SUBSTATION,ALAMEDA,PGAE,0.0,0.0,0.0,0.0,0.0,0.0,0.0,0.0,0.0,1.0,600.0,0.0,0.0,0.0,0.0,0.0,0.0,0.0,0.0,0.0,0.0,0.0,,,,0.0,0.0,0.0,0.0,0.0,0.0,,,37.7979179,-121.5807052,Tracy Substation,1.0,exact,publicqueuereport.xlsx+cluster15.xlsx,2026-09-07,026fde9,2026-09-08T02:07:34Z
TRACY HERDLYN,TRACY-HERDLYN,ALAMEDA,PGAE,0.0,0.0,0.0,0.0,0.0,0.0,0.0,0.0,0.0,1.0,2.0,0.0,0.0,0.0,0.0,0.0,0.0,0.0,0.0,0.0,0.0,0.0,,,,0.0,0.0,0.0,0.0,0.0,0.0,,,37.7979179,-121.5807052,Tracy Substation,0.7,line-one-end,publicqueuereport.xlsx+cluster15.xlsx,2026-09-07,026fde9,2026-09-08T02:07:34Z
TRACY TESLA,TRACY-TESLA,SAN JOAQUIN,PGAE,0.0,0.0,0.0,0.0,0.0,0.0,0.0,0.0,0.0,1.0,15.0,0.0,0.0,0.0,0.0,0.0,0.0,0.0,0.0,0.0,0.0,0.0,,,,0.0,0.0,0.0,0.0,0.0,0.0,,,37.754985000000005,-121.57272125,Tracy Substation | Tesla Substation,1.0,line-midpoint,publicqueuereport.xlsx+cluster15.xlsx,2026-09-07,026fde9,2026-09-08T02:07:34Z
TRANQUILITY KEARNY,TRANQUILITY KEARNY,FRESNO,PGAE,0.0,0.0,0.0,0.0,0.0,0.0,0.0,0.0,0.0,1.0,152.2,30.9,0.0,0.0,0.0,0.0,0.0,0.0,0.0,0.0,0.0,0.0,,,,0.0,0.0,0.0,0.0,0.0,0.0,,,36.587580525,-120.1256622,median of located nodes in FRESNO,0.3,county-centroid,publicqueuereport.xlsx+cluster15.xlsx,2026-09-07,026fde9,2026-09-08T02:07:34Z
TRANQUILLITY SS,TRANQUILLITY SS,FRESNO,PGAE,0.0,0.0,0.0,0.0,0.0,0.0,0.0,0.0,0.0,1.0,500.0,518.4,0.0,0.0,0.0,0.0,0.0,0.0,0.0,0.0,0.0,0.0,,,,0.0,0.0,0.0,0.0,0.0,0.0,,,36.587580525,-120.1256622,median of located nodes in FRESNO,0.3,county-centroid,publicqueuereport.xlsx+cluster15.xlsx,2026-09-07,026fde9,2026-09-08T02:07:34Z
TESLA MILLER,TESLA - MILLER,STANISLAUS,PGAE,0.0,0.0,0.0,0.0,0.0,0.0,0.0,0.0,0.0,1.0,75.0,0.0,0.0,0.0,0.0,0.0,0.0,0.0,0.0,0.0,0.0,0.0,,,,0.0,0.0,0.0,0.0,0.0,0.0,,,37.7120521,-121.5647373,Tesla Substation,0.7,line-one-end,publicqueuereport.xlsx+cluster15.xlsx,2026-09-07,026fde9,2026-09-08T02:07:34Z
TESLA KESLO,TESLA - KESLO,ALAMEDA,PGAE,0.0,0.0,0.0,0.0,0.0,0.0,0.0,0.0,0.0,1.0,50.0,0.0,0.0,0.0,0.0,0.0,0.0,0.0,50.0,0.0,0.0,0.0,,,,0.0,0.0,0.0,0.0,0.0,0.0,,,37.7120521,-121.5647373,Tesla Substation,0.7,line-one-end,publicqueuereport.xlsx+cluster15.xlsx,2026-09-07,026fde9,2026-09-08T02:07:34Z
TESLA E,TESLA SUB,SAN JOAQUIN,PGAE,0.0,0.0,0.0,0.0,0.0,0.0,0.0,0.0,0.0,1.0,1156.0,0.0,0.0,0.0,0.0,0.0,0.0,0.0,1156.0,0.0,0.0,0.0,,,,0.0,0.0,0.0,0.0,0.0,0.0,,,37.7120521,-121.5647373,Tesla Substation,1.0,exact,publicqueuereport.xlsx+cluster15.xlsx,2026-09-07,026fde9,2026-09-08T02:07:34Z
TAFT ELK HILLS,TAFT-ELK HILLS,KERN,PGAE,0.0,0.0,0.0,0.0,0.0,0.0,0.0,0.0,0.0,1.0,10.0,0.0,0.0,0.0,0.0,0.0,0.0,0.0,0.0,0.0,0.0,0.0,,,,0.0,0.0,0.0,0.0,0.0,0.0,,,35.2460173,-118.975825,median of located nodes in KERN,0.3,county-centroid,publicqueuereport.xlsx+cluster15.xlsx,2026-09-07,026fde9,2026-09-08T02:07:34Z
SUNCREST,SUNCREST SUBSTATION,SAN DIEGO,SDGE,0.0,0.0,0.0,0.0,0.0,0.0,0.0,0.0,0.0,2.0,600.0,621.1686,2.0,600.0,621.1686,0.0,0.0,0.0,300.0,0.0,0.0,0.0,,,,1.0,300.0,0.0,300.0,0.0,0.0,,,32.8087648,-116.68306,Suncrest Substation,1.0,exact,publicqueuereport.xlsx+cluster15.xlsx,2026-09-07,026fde9,2026-09-08T02:07:34Z
SUNRISE POWERLINK,SUNRISE POWERLINK,IMPERIAL,SDGE,0.0,0.0,0.0,0.0,0.0,0.0,0.0,0.0,0.0,1.0,16.1,0.0,0.0,0.0,0.0,0.0,0.0,0.0,0.0,0.0,0.0,0.0,,,,0.0,0.0,0.0,0.0,0.0,0.0,,,32.7179069,-115.7155553,median of located nodes in IMPERIAL,0.3,county-centroid,publicqueuereport.xlsx+cluster15.xlsx,2026-09-07,026fde9,2026-09-08T02:07:34Z
SYCAMORE CANYON,SYCAMORE CANYON SUBSTATION,SAN DIEGO,SDGE,0.0,0.0,0.0,0.0,0.0,0.0,1.0,300.0,300.0,4.0,2000.0,1261.0,1.0,250.0,261.0,0.0,0.0,0.0,0.0,0.0,0.0,0.0,0.87,6.67,,0.0,0.0,0.0,0.0,0.0,0.0,,,32.9172568,-117.0309422,Sycamore Canyon Substation,1.0,exact,publicqueuereport.xlsx+cluster15.xlsx,2026-09-07,026fde9,2026-09-08T02:07:34Z
SYLMAR GOULD,SYLMAR-GOULD LINE,LOS ANGELES,SCE,0.0,0.0,0.0,0.0,0.0,0.0,0.0,0.0,0.0,1.0,162.9,171.738,1.0,162.9,171.738,0.0,0.0,0.0,162.9,0.0,0.0,0.0,,,,0.0,0.0,0.0,0.0,0.0,0.0,,,34.2214825,-118.1871012,Gould Substation,0.7,line-one-end,publicqueuereport.xlsx+cluster15.xlsx,2026-09-07,026fde9,2026-09-08T02:07:34Z
SYMRNA SEMITROPIC MIDWAY,SYMRNA-SEMITROPIC-MIDWAY,KERN,PGAE,0.0,0.0,0.0,0.0,0.0,0.0,0.0,0.0,0.0,1.0,100.0,101.780758,1.0,100.0,101.780758,0.0,0.0,0.0,0.0,0.0,0.0,0.0,,,,0.0,0.0,0.0,0.0,0.0,0.0,,,35.6008203,-119.437539,Semitropic Substation,0.7,line-one-end,publicqueuereport.xlsx+cluster15.xlsx,2026-09-07,026fde9,2026-09-08T02:07:34Z
TABLE MOUNTAIN,TABLE MOUNTAIN,BUTTE,PGAE,0.0,0.0,0.0,0.0,0.0,0.0,0.0,0.0,0.0,3.0,510.0,516.8,3.0,510.0,516.8,0.0,0.0,0.0,425.0,0.0,0.0,0.0,,,,0.0,0.0,0.0,0.0,0.0,0.0,,,39.5551324,-121.6451687,Table Mountain Substation,1.0,exact,publicqueuereport.xlsx+cluster15.xlsx,2026-09-07,026fde9,2026-09-08T02:07:34Z
TABLE MOUNTAIN RIO OSO CIRCUIT,TABLE MOUNTAIN-RIO OSO,YUBA,PGAE,0.0,0.0,0.0,0.0,0.0,0.0,0.0,0.0,0.0,1.0,310.0,0.0,0.0,0.0,0.0,0.0,0.0,0.0,0.0,0.0,0.0,0.0,,,,0.0,0.0,0.0,0.0,0.0,0.0,,,39.2451661,-121.5559806,Table Mountain Substation | Rio Oso Substation,1.0,line-midpoint,publicqueuereport.xlsx+cluster15.xlsx,2026-09-07,026fde9,2026-09-08T02:07:34Z
TABLE MOUNTAIN TESLA,TABLE MOUNTAIN-TESLA,SUTTER,PGAE,0.0,0.0,0.0,0.0,0.0,0.0,0.0,0.0,0.0,2.0,1200.0,0.0,0.0,0.0,0.0,0.0,0.0,0.0,600.0,0.0,0.0,0.0,,,,0.0,0.0,0.0,0.0,0.0,0.0,,,38.63359225,-121.604953,Table Mountain Substation | Tesla Substation,1.0,line-midpoint,publicqueuereport.xlsx+cluster15.xlsx,2026-09-07,026fde9,2026-09-08T02:07:34Z
TABLE MTN BUTTE,TABLE MTN.-BUTTE #2,BUTTE,PGAE,0.0,0.0,0.0,0.0,0.0,0.0,0.0,0.0,0.0,1.0,20.226,0.0,0.0,0.0,0.0,0.0,0.0,0.0,0.0,0.0,0.0,0.0,,,,0.0,0.0,0.0,0.0,0.0,0.0,,,39.5551324,-121.6451687,median of located nodes in BUTTE,0.3,county-centroid,publicqueuereport.xlsx+cluster15.xlsx,2026-09-07,026fde9,2026-09-08T02:07:34Z
TABLE MTN RIO OSO,TABLE MTN-RIO OSO,BUTTE,PGAE,0.0,0.0,0.0,0.0,0.0,0.0,0.0,0.0,0.0,2.0,310.0,90.304,1.0,250.0,90.304,0.0,0.0,0.0,0.0,0.0,0.0,0.0,,,,0.0,0.0,0.0,0.0,0.0,0.0,,,38.9351998,-121.4667925,Rio Oso Substation,0.7,line-one-end,publicqueuereport.xlsx+cluster15.xlsx,2026-09-07,026fde9,2026-09-08T02:07:34Z
TALEGA ESCONDIDO,TALEGA-ESCONDIDO,SAN DIEGO,SDGE,0.0,0.0,0.0,0.0,0.0,0.0,0.0,0.0,0.0,2.0,1045.4,60.0,0.0,0.0,0.0,0.0,0.0,0.0,0.0,0.0,0.0,0.0,,,,0.0,0.0,0.0,0.0,0.0,0.0,,,33.2894694,-117.34411109999999,Talega Substation | Escondido Substation,1.0,line-midpoint,publicqueuereport.xlsx+cluster15.xlsx,2026-09-07,026fde9,2026-09-08T02:07:34Z
TESLA BELOTA AND TESLA WEBBER LINES,TESLA-BELOTA,SAN JOAQUIN,PGAE,0.0,0.0,0.0,0.0,0.0,0.0,0.0,0.0,0.0,1.0,200.0,0.0,0.0,0.0,0.0,0.0,0.0,0.0,0.0,0.0,0.0,0.0,,,,0.0,0.0,0.0,0.0,0.0,0.0,,,37.7120521,-121.5647373,Tesla Substation,0.7,line-one-end,publicqueuereport.xlsx+cluster15.xlsx,2026-09-07,026fde9,2026-09-08T02:07:34Z
TALEGA SAN MATEO,TALEGA SAN MATEO,ORANGE,SDGE,0.0,0.0,0.0,0.0,0.0,0.0,0.0,0.0,0.0,1.0,49.0,0.0,0.0,0.0,0.0,0.0,0.0,0.0,0.0,0.0,0.0,0.0,,,,0.0,0.0,0.0,0.0,0.0,0.0,,,33.6709714,-117.7316303,median of located nodes in ORANGE,0.3,county-centroid,publicqueuereport.xlsx+cluster15.xlsx,2026-09-07,026fde9,2026-09-08T02:07:34Z
TASSAJARA NEWARK,TASSAJARA - NEWARK,ALAMEDA,PGAE,0.0,0.0,0.0,0.0,0.0,0.0,0.0,0.0,0.0,1.0,500.0,504.0,1.0,500.0,504.0,0.0,0.0,0.0,0.0,0.0,0.0,0.0,,,,0.0,0.0,0.0,0.0,0.0,0.0,,,37.65043065,-121.94710140000001,Tassajara Substation | Newark Substation,1.0,line-midpoint,publicqueuereport.xlsx+cluster15.xlsx,2026-09-07,026fde9,2026-09-08T02:07:34Z
TBD BAKERSFIELD,TBD BAKERSFIELD,KERN,SCE,0.0,0.0,0.0,0.0,0.0,0.0,0.0,0.0,0.0,1.0,300.0,0.0,0.0,0.0,0.0,0.0,0.0,0.0,0.0,0.0,0.0,0.0,,,,0.0,0.0,0.0,0.0,0.0,0.0,,,35.2460173,-118.975825,median of located nodes in KERN,0.3,county-centroid,publicqueuereport.xlsx+cluster15.xlsx,2026-09-07,026fde9,2026-09-08T02:07:34Z
TELEGA ESCONDIDO,TELEGA - ESCONDIDO,SAN DIEGO,SDGE,0.0,0.0,0.0,0.0,0.0,0.0,0.0,0.0,0.0,1.0,49.0,0.0,0.0,0.0,0.0,0.0,0.0,0.0,0.0,0.0,0.0,0.0,,,,0.0,0.0,0.0,0.0,0.0,0.0,,,33.1257327,-117.1167373,Escondido Substation,0.7,line-one-end,publicqueuereport.xlsx+cluster15.xlsx,2026-09-07,026fde9,2026-09-08T02:07:34Z
TEMBLOR KERNRIDGE,TEMBLOR-KERNRIDGE,KERN,PGAE,0.0,0.0,0.0,0.0,0.0,0.0,0.0,0.0,0.0,1.0,80.0,0.0,0.0,0.0,0.0,0.0,0.0,0.0,0.0,0.0,0.0,0.0,,,,0.0,0.0,0.0,0.0,0.0,0.0,,,35.2460173,-118.975825,median of located nodes in KERN,0.3,county-centroid,publicqueuereport.xlsx+cluster15.xlsx,2026-09-07,026fde9,2026-09-08T02:07:34Z
TEMBLOR KING ELLIS,TEMBLOR-KING ELLIS,KERN,PGAE,0.0,0.0,0.0,0.0,0.0,0.0,0.0,0.0,0.0,1.0,10.0,0.0,0.0,0.0,0.0,0.0,0.0,0.0,0.0,0.0,0.0,0.0,,,,0.0,0.0,0.0,0.0,0.0,0.0,,,35.2460173,-118.975825,median of located nodes in KERN,0.3,county-centroid,publicqueuereport.xlsx+cluster15.xlsx,2026-09-07,026fde9,2026-09-08T02:07:34Z
TEMBLOR SAN LUIS OBISPO,TEMBLOR - SAN LUIS OBISPO,SAN LUIS OBISPO,PGAE,0.0,0.0,0.0,0.0,0.0,0.0,0.0,0.0,0.0,2.0,195.0,79.2,1.0,150.0,79.2,0.0,0.0,0.0,0.0,0.0,0.0,0.0,,,,0.0,0.0,0.0,0.0,0.0,0.0,,,35.3738781,-120.32021062499999,median of located nodes in SAN LUIS OBISPO,0.3,county-centroid,publicqueuereport.xlsx+cluster15.xlsx,2026-09-07,026fde9,2026-09-08T02:07:34Z
TEMPLETON,TEMPLETON SUBSTATION,TBD,PGAE,0.0,0.0,0.0,0.0,0.0,0.0,0.0,0.0,0.0,1.0,500.0,514.83,1.0,500.0,514.83,0.0,0.0,0.0,0.0,0.0,0.0,0.0,,,,0.0,0.0,0.0,0.0,0.0,0.0,,,35.5550486,-120.680366,Templeton,1.0,exact,publicqueuereport.xlsx+cluster15.xlsx,2026-09-07,026fde9,2026-09-08T02:07:34Z
TESLA BELLOTA,TESLA-BELLOTA,SAN JOAQUIN,PGAE,0.0,0.0,0.0,0.0,0.0,0.0,0.0,0.0,0.0,2.0,235.7,0.0,0.0,0.0,0.0,0.0,0.0,0.0,67.0,0.0,0.0,0.0,,,,0.0,0.0,0.0,0.0,0.0,0.0,,,37.86390045,-121.289309,Tesla Substation | Bellota Substation,1.0,line-midpoint,publicqueuereport.xlsx+cluster15.xlsx,2026-09-07,026fde9,2026-09-08T02:07:34Z
TESLA BELLOTA LINES,TESLA-BELLOTA,SAN JOAQUIN,PGAE,0.0,0.0,0.0,0.0,0.0,0.0,0.0,0.0,0.0,1.0,508.0,0.0,0.0,0.0,0.0,0.0,0.0,0.0,508.0,0.0,0.0,0.0,,,,0.0,0.0,0.0,0.0,0.0,0.0,,,37.86390045,-121.289309,Tesla Substation | Bellota Substation,1.0,line-midpoint,publicqueuereport.xlsx+cluster15.xlsx,2026-09-07,026fde9,2026-09-08T02:07:34Z
TRIMBLE,TRIMBLE SUBSTATION,SANTA CLARA,PGAE,0.0,0.0,0.0,0.0,0.0,0.0,0.0,0.0,0.0,1.0,100.0,100.4,0.0,0.0,0.0,0.0,0.0,0.0,0.0,0.0,0.0,0.0,,,,0.0,0.0,0.0,0.0,0.0,0.0,,,37.3819522,-121.9271433,Trimble Substation,1.0,exact,publicqueuereport.xlsx+cluster15.xlsx,2026-09-07,026fde9,2026-09-08T02:07:34Z
TULARE HENRIETTA,TULARE HENRIETTA,KINGS,PGAE,0.0,0.0,0.0,0.0,0.0,0.0,0.0,0.0,0.0,1.0,10.0,0.0,0.0,0.0,0.0,0.0,0.0,0.0,0.0,0.0,0.0,0.0,,,,0.0,0.0,0.0,0.0,0.0,0.0,,,36.1413374,-119.9028971,median of located nodes in KINGS,0.3,county-centroid,publicqueuereport.xlsx+cluster15.xlsx,2026-09-07,026fde9,2026-09-08T02:07:34Z
STROUD SCHINDLER,STROUD SW STA-SCHINDLER,FRESNO,PGAE,0.0,0.0,0.0,0.0,0.0,0.0,0.0,0.0,0.0,1.0,20.0,0.0,0.0,0.0,0.0,0.0,0.0,0.0,20.0,0.0,0.0,0.0,,,,0.0,0.0,0.0,0.0,0.0,0.0,,,36.587580525,-120.1256622,median of located nodes in FRESNO,0.3,county-centroid,publicqueuereport.xlsx+cluster15.xlsx,2026-09-07,026fde9,2026-09-08T02:07:34Z
TULARE LAKE ARCO,TULARE LAKE - ARCO,KINGS,PGAE,0.0,0.0,0.0,0.0,0.0,0.0,0.0,0.0,0.0,1.0,25.0,0.0,0.0,0.0,0.0,0.0,0.0,0.0,0.0,0.0,0.0,0.0,,,,0.0,0.0,0.0,0.0,0.0,0.0,,,36.1413374,-119.9028971,median of located nodes in KINGS,0.3,county-centroid,publicqueuereport.xlsx+cluster15.xlsx,2026-09-07,026fde9,2026-09-08T02:07:34Z
WEEDPATCH WHEELER RIDGE,WEEDPATCH-WHEELER RIDGE,KERN,PGAE,0.0,0.0,0.0,0.0,0.0,0.0,0.0,0.0,0.0,1.0,20.0,0.0,0.0,0.0,0.0,0.0,0.0,0.0,20.0,0.0,0.0,0.0,,,,0.0,0.0,0.0,0.0,0.0,0.0,,,35.0890917,-118.975825,Wheeler Ridge Substation,0.7,line-one-end,publicqueuereport.xlsx+cluster15.xlsx,2026-09-07,026fde9,2026-09-08T02:07:34Z
WESIX,WESIX,FRESNO,PGAE,0.0,0.0,0.0,0.0,0.0,0.0,1.0,19.0,0.0,0.0,0.0,0.0,0.0,0.0,0.0,0.0,0.0,0.0,0.0,0.0,0.0,0.0,,0.0,,0.0,0.0,0.0,0.0,0.0,0.0,,,36.587580525,-120.1256622,median of located nodes in FRESNO,0.3,county-centroid,publicqueuereport.xlsx+cluster15.xlsx,2026-09-07,026fde9,2026-09-08T02:07:34Z
WEST FRESNO,WEST FRESNO SUBSTATION,FRESNO,PGAE,0.0,0.0,0.0,0.0,0.0,0.0,0.0,0.0,0.0,1.0,175.0,178.192,1.0,175.0,178.192,0.0,0.0,0.0,0.0,0.0,0.0,0.0,,,,0.0,0.0,0.0,0.0,0.0,0.0,,,36.587580525,-120.1256622,median of located nodes in FRESNO,0.3,county-centroid,publicqueuereport.xlsx+cluster15.xlsx,2026-09-07,026fde9,2026-09-08T02:07:34Z
WESTFIELD,WESTFIELD SUB,KERN,PGAE,0.0,0.0,0.0,0.0,0.0,0.0,0.0,0.0,0.0,1.0,20.0,0.0,0.0,0.0,0.0,0.0,0.0,0.0,0.0,0.0,0.0,0.0,,,,0.0,0.0,0.0,0.0,0.0,0.0,,,35.2460173,-118.975825,median of located nodes in KERN,0.3,county-centroid,publicqueuereport.xlsx+cluster15.xlsx,2026-09-07,026fde9,2026-09-08T02:07:34Z
WESTLANDS,WESTLANDS,FRESNO,PGAE,0.0,0.0,0.0,0.0,0.0,0.0,0.0,0.0,0.0,1.0,20.0,0.0,0.0,0.0,0.0,0.0,0.0,0.0,0.0,0.0,0.0,0.0,,,,0.0,0.0,0.0,0.0,0.0,0.0,,,36.587580525,-120.1256622,median of located nodes in FRESNO,0.3,county-centroid,publicqueuereport.xlsx+cluster15.xlsx,2026-09-07,026fde9,2026-09-08T02:07:34Z
WESTLEY QUINTO,WESTLEY-QUINTO,STANISLAUS,PGAE,0.0,0.0,0.0,0.0,0.0,0.0,0.0,0.0,0.0,1.0,300.0,0.0,0.0,0.0,0.0,0.0,0.0,0.0,0.0,0.0,0.0,0.0,,,,0.0,0.0,0.0,0.0,0.0,0.0,,,37.31800575,-121.14988335,Westley Substation | Quinto Substation,1.0,line-midpoint,publicqueuereport.xlsx+cluster15.xlsx,2026-09-07,026fde9,2026-09-08T02:07:34Z
WESTPARK MAGUNDEN,WESTPARK-MAGUNDEN,KERN,PGAE,0.0,0.0,0.0,0.0,0.0,0.0,0.0,0.0,0.0,1.0,20.0,0.0,0.0,0.0,0.0,0.0,0.0,0.0,0.0,0.0,0.0,0.0,,,,0.0,0.0,0.0,0.0,0.0,0.0,,,35.3611831,-118.9227967,Magunden Substation,0.7,line-one-end,publicqueuereport.xlsx+cluster15.xlsx,2026-09-07,026fde9,2026-09-08T02:07:34Z
WESTWOOD,WESTWOOD,LASSEN,PGAE,0.0,0.0,0.0,0.0,0.0,0.0,0.0,0.0,0.0,2.0,97.018,27.0,0.0,0.0,0.0,0.0,0.0,0.0,46.018,0.0,0.0,0.0,,,,0.0,0.0,0.0,0.0,0.0,0.0,,,40.2998877,-121.0015104,Westwood Substation,1.0,exact,publicqueuereport.xlsx+cluster15.xlsx,2026-09-07,026fde9,2026-09-08T02:07:34Z
WHEATON,WHEATON SUBSTATION,SAN BERNARDINO,SCE,0.0,0.0,0.0,0.0,0.0,0.0,0.0,0.0,0.0,1.0,63.0,0.0,0.0,0.0,0.0,0.0,0.0,0.0,63.0,0.0,0.0,0.0,,,,0.0,0.0,0.0,0.0,0.0,0.0,,,34.7816824,-117.3693963,median of located nodes in SAN BERNARDINO,0.3,county-centroid,publicqueuereport.xlsx+cluster15.xlsx,2026-09-07,026fde9,2026-09-08T02:07:34Z
WHEELER RIDGE LAKEVIEW,WHEELER RIDGE-LAKEVIEW,KERN,PGAE,0.0,0.0,0.0,0.0,0.0,0.0,0.0,0.0,0.0,1.0,20.0,0.0,0.0,0.0,0.0,0.0,0.0,0.0,0.0,0.0,0.0,0.0,,,,0.0,0.0,0.0,0.0,0.0,0.0,,,35.0890917,-118.975825,Wheeler Ridge Substation,0.7,line-one-end,publicqueuereport.xlsx+cluster15.xlsx,2026-09-07,026fde9,2026-09-08T02:07:34Z
WHEELER RIDGE LAMONT,WHEELER RIDGE-LAMONT,KERN,PGAE,0.0,0.0,0.0,0.0,0.0,0.0,2.0,80.0,0.0,0.0,0.0,0.0,0.0,0.0,0.0,0.0,0.0,0.0,0.0,0.0,0.0,0.0,,0.0,,0.0,0.0,0.0,0.0,0.0,0.0,,,35.0890917,-118.975825,Wheeler Ridge Substation,0.7,line-one-end,publicqueuereport.xlsx+cluster15.xlsx,2026-09-07,026fde9,2026-09-08T02:07:34Z
WHEELER RIDGE MIDWAY,WHEELER RIDGE-MIDWAY,KERN,PGAE,0.0,0.0,0.0,0.0,0.0,0.0,0.0,0.0,0.0,1.0,180.5,180.5,0.0,0.0,0.0,0.0,0.0,0.0,0.0,0.0,0.0,0.0,,,,0.0,0.0,0.0,0.0,0.0,0.0,,,35.2460173,-119.21406175,Wheeler Ridge Substation | Midway Substation,1.0,line-midpoint,publicqueuereport.xlsx+cluster15.xlsx,2026-09-07,026fde9,2026-09-08T02:07:34Z
WHEELER RIDGE TEJON,WHEELER RIDGE-TEJON,KERN,PGAE,0.0,0.0,0.0,0.0,0.0,0.0,0.0,0.0,0.0,1.0,98.0,52.9,1.0,98.0,52.9,0.0,0.0,0.0,0.0,0.0,0.0,0.0,,,,0.0,0.0,0.0,0.0,0.0,0.0,,,35.0890917,-118.975825,Wheeler Ridge Substation,0.7,line-one-end,publicqueuereport.xlsx+cluster15.xlsx,2026-09-07,026fde9,2026-09-08T02:07:34Z
WHIRLWIND WINDHUB,WHIRLWIND - WINDHUB,KERN,SCE,0.0,0.0,0.0,0.0,0.0,0.0,0.0,0.0,0.0,2.0,550.0,407.63,1.0,400.0,407.63,0.0,0.0,0.0,0.0,0.0,0.0,0.0,,,,0.0,0.0,0.0,0.0,0.0,0.0,,,34.9464172,-118.35909265000001,Whirlwind Substation | Windhub Substation,1.0,line-midpoint,publicqueuereport.xlsx+cluster15.xlsx,2026-09-07,026fde9,2026-09-08T02:07:34Z
WILDLIFE,WILDLIFE SUBSTATION,RIVERSIDE,SCE,0.0,0.0,0.0,0.0,0.0,0.0,0.0,0.0,0.0,1.0,200.0,206.091,1.0,200.0,206.091,0.0,0.0,0.0,200.0,0.0,0.0,0.0,,,,0.0,0.0,0.0,0.0,0.0,0.0,,,33.832733000000005,-116.0744455,median of located nodes in RIVERSIDE,0.3,county-centroid,publicqueuereport.xlsx+cluster15.xlsx,2026-09-07,026fde9,2026-09-08T02:07:34Z
WILSON LE GRAND115KV,WILSON - LE GRAND,MERCED,PGAE,0.0,0.0,0.0,0.0,0.0,0.0,0.0,0.0,0.0,1.0,102.29,0.0,0.0,0.0,0.0,0.0,0.0,0.0,0.0,0.0,0.0,0.0,,,,0.0,0.0,0.0,0.0,0.0,0.0,,,37.2925967,-120.4075244,Wilson Substation,0.7,line-one-end,publicqueuereport.xlsx+cluster15.xlsx,2026-09-07,026fde9,2026-09-08T02:07:34Z
WILSON ORO LOMA,WILSON-ORO LOMA,MADERA,PGAE,0.0,0.0,0.0,0.0,0.0,0.0,0.0,0.0,0.0,1.0,75.0,0.0,0.0,0.0,0.0,0.0,0.0,0.0,0.0,0.0,0.0,0.0,,,,0.0,0.0,0.0,0.0,0.0,0.0,,,37.2925967,-120.4075244,Wilson Substation,0.7,line-one-end,publicqueuereport.xlsx+cluster15.xlsx,2026-09-07,026fde9,2026-09-08T02:07:34Z
WINDMASTER BUENA VISTA,WINDMASTER/BUENA VISTA SUB,CONTRA COSTA,PGAE,0.0,0.0,0.0,0.0,0.0,0.0,1.0,37.55,0.0,0.0,0.0,0.0,0.0,0.0,0.0,0.0,0.0,0.0,0.0,0.0,0.0,0.0,,0.0,,0.0,0.0,0.0,0.0,0.0,0.0,,,37.9454586,-121.8959532,median of located nodes in CONTRA COSTA,0.3,county-centroid,publicqueuereport.xlsx+cluster15.xlsx,2026-09-07,026fde9,2026-09-08T02:07:34Z
WINHUB VIA HIGHWIND,WINHUB,KERN,SCE,0.0,0.0,0.0,0.0,0.0,0.0,0.0,0.0,0.0,1.0,20.0,0.0,0.0,0.0,0.0,0.0,0.0,0.0,0.0,0.0,0.0,0.0,,,,0.0,0.0,0.0,0.0,0.0,0.0,,,35.2460173,-118.975825,median of located nodes in KERN,0.3,county-centroid,publicqueuereport.xlsx+cluster15.xlsx,2026-09-07,026fde9,2026-09-08T02:07:34Z
WOODLAND DAVIS,WOODLAND-DAVIS,YOLO,PGAE,0.0,0.0,0.0,0.0,0.0,0.0,0.0,0.0,0.0,3.0,141.0,96.9117,2.0,92.0,96.9117,0.0,0.0,0.0,92.0,0.0,0.0,0.0,,,,0.0,0.0,0.0,0.0,0.0,0.0,,,38.61183225,-121.7470684,Woodland Substation | Davis Substation,1.0,line-midpoint,publicqueuereport.xlsx+cluster15.xlsx,2026-09-07,026fde9,2026-09-08T02:07:34Z
WOODLAND ZAMORA RIO OSO,WOODLAND - ZAMORA - RIO OSO #2,YOLO,PGAE,0.0,0.0,0.0,0.0,0.0,0.0,0.0,0.0,0.0,1.0,30.0,0.0,0.0,0.0,0.0,0.0,0.0,0.0,0.0,0.0,0.0,0.0,,,,0.0,0.0,0.0,0.0,0.0,0.0,,,38.72699215,-121.8090741,Woodland Substation | Zamora Substation,1.0,line-midpoint,publicqueuereport.xlsx+cluster15.xlsx,2026-09-07,026fde9,2026-09-08T02:07:34Z
WOODWARD SANGER,WOODWARD-SANGER,FRESNO,PGAE,0.0,0.0,0.0,0.0,0.0,0.0,0.0,0.0,0.0,1.0,20.0,0.0,0.0,0.0,0.0,0.0,0.0,0.0,0.0,0.0,0.0,0.0,,,,0.0,0.0,0.0,0.0,0.0,0.0,,,36.80231155,-119.68115155000001,Woodward Substation | Sanger Substation,1.0,line-midpoint,publicqueuereport.xlsx+cluster15.xlsx,2026-09-07,026fde9,2026-09-08T02:07:34Z
YUBA CITY COGEN PEASE,YUBA CITY COGEN TAP LINE-PEASE,YUBA,PGAE,0.0,0.0,0.0,0.0,0.0,0.0,0.0,0.0,0.0,1.0,50.0,52.8,0.0,0.0,0.0,0.0,0.0,0.0,0.0,0.0,0.0,0.0,,,,0.0,0.0,0.0,0.0,0.0,0.0,,,39.1698803,-121.6610022,Pease Substation,0.7,line-one-end,publicqueuereport.xlsx+cluster15.xlsx,2026-09-07,026fde9,2026-09-08T02:07:34Z
WEEDPATCH SAN BERNARD,WEEDPATCH - SAN BERNARD,KERN,PGAE,0.0,0.0,0.0,0.0,0.0,0.0,1.0,20.0,0.0,0.0,0.0,0.0,0.0,0.0,0.0,0.0,0.0,0.0,0.0,0.0,0.0,0.0,,0.0,,0.0,0.0,0.0,0.0,0.0,0.0,,,34.0799529,-117.2389874,San Bernardino Substation,0.62,line-one-end,publicqueuereport.xlsx+cluster15.xlsx,2026-09-07,026fde9,2026-09-08T02:07:34Z
WAUKENA,WAUKENA SUBSTATION,KINGS,PGAE,0.0,0.0,0.0,0.0,0.0,0.0,0.0,0.0,0.0,3.0,129.75,93.0,0.0,0.0,0.0,0.0,0.0,0.0,0.0,0.0,0.0,0.0,,,,0.0,0.0,0.0,0.0,0.0,0.0,,,36.1386226,-119.5764766,Waukena Substation,1.0,exact,publicqueuereport.xlsx+cluster15.xlsx,2026-09-07,026fde9,2026-09-08T02:07:34Z
WARNERS,WARNERS,SAN DIEGO,SDGE,0.0,0.0,0.0,0.0,0.0,0.0,0.0,0.0,0.0,2.0,70.0,50.0,0.0,0.0,0.0,0.0,0.0,0.0,0.0,0.0,0.0,0.0,,,,0.0,0.0,0.0,0.0,0.0,0.0,,,32.90258,-117.1167373,median of located nodes in SAN DIEGO,0.3,county-centroid,publicqueuereport.xlsx+cluster15.xlsx,2026-09-07,026fde9,2026-09-08T02:07:34Z
VALLEY SPRINGS MARTEL,VALLEY SPRINGS MARTEL #2,AMADOR,PGAE,0.0,0.0,0.0,0.0,0.0,0.0,1.0,18.4,0.0,1.0,16.3,0.0,0.0,0.0,0.0,0.0,0.0,0.0,0.0,0.0,0.0,0.0,,0.89,,0.0,0.0,0.0,0.0,0.0,0.0,,,,,,0.44,none,publicqueuereport.xlsx+cluster15.xlsx,2026-09-07,026fde9,2026-09-08T02:07:34Z
TULLOCH,TULLOCH,TUOLUMNE,PGAE,0.0,0.0,0.0,0.0,0.0,0.0,1.0,7.2,0.0,0.0,0.0,0.0,0.0,0.0,0.0,0.0,0.0,0.0,0.0,0.0,0.0,0.0,,0.0,,0.0,0.0,0.0,0.0,0.0,0.0,,,,,,0.59,none,publicqueuereport.xlsx+cluster15.xlsx,2026-09-07,026fde9,2026-09-08T02:07:34Z
TUPMAN,TUPMAN SUBSTATION,KERN,PGAE,0.0,0.0,0.0,0.0,0.0,0.0,0.0,0.0,0.0,1.0,120.0,123.59655,1.0,120.0,123.59655,0.0,0.0,0.0,0.0,0.0,0.0,0.0,,,,0.0,0.0,0.0,0.0,0.0,0.0,,,35.2460173,-118.975825,median of located nodes in KERN,0.3,county-centroid,publicqueuereport.xlsx+cluster15.xlsx,2026-09-07,026fde9,2026-09-08T02:07:34Z
TWL SERIES COMPENSATION,TWL SERIES COMPENSATION STATION,LA PAZ,DCRT,0.0,0.0,0.0,0.0,0.0,0.0,0.0,0.0,0.0,1.0,350.0,0.0,1.0,350.0,0.0,0.0,0.0,0.0,0.0,0.0,0.0,0.0,,,,0.0,0.0,0.0,0.0,0.0,0.0,,,33.5806241,-114.8172191,median of located nodes in LA PAZ,0.3,county-centroid,publicqueuereport.xlsx+cluster15.xlsx,2026-09-07,026fde9,2026-09-08T02:07:34Z
UKIAH,UKIAH SUBSTATION,MENDOCINO,PGAE,0.0,0.0,0.0,0.0,0.0,0.0,0.0,0.0,0.0,1.0,115.0,0.0,0.0,0.0,0.0,0.0,0.0,0.0,0.0,0.0,0.0,0.0,,,,0.0,0.0,0.0,0.0,0.0,0.0,,,,,,0.6,none,publicqueuereport.xlsx+cluster15.xlsx,2026-09-07,026fde9,2026-09-08T02:07:34Z
VACA BAHIA,VACA-BAHIA,NAPA,PGAE,0.0,0.0,0.0,0.0,0.0,0.0,0.0,0.0,0.0,1.0,301.0,0.0,0.0,0.0,0.0,0.0,0.0,0.0,0.0,0.0,0.0,0.0,,,,0.0,0.0,0.0,0.0,0.0,0.0,,,38.0808738,-122.1374133,Bahia Substation,0.7,line-one-end,publicqueuereport.xlsx+cluster15.xlsx,2026-09-07,026fde9,2026-09-08T02:07:34Z
VACA LAKEVILLE,VACA-LAKEVILLE #1,NAPA,PGAE,0.0,0.0,0.0,0.0,0.0,0.0,0.0,0.0,0.0,1.0,250.0,252.0,1.0,250.0,252.0,0.0,0.0,0.0,250.0,0.0,0.0,0.0,,,,0.0,0.0,0.0,0.0,0.0,0.0,,,38.2508462,-122.5810974,Lakeville Substation,0.7,line-one-end,publicqueuereport.xlsx+cluster15.xlsx,2026-09-07,026fde9,2026-09-08T02:07:34Z
VACA RIO OSO,TAP VACA-RIO OSO,YOLO,PGAE,0.0,0.0,0.0,0.0,0.0,0.0,0.0,0.0,0.0,1.0,49.0,0.0,0.0,0.0,0.0,0.0,0.0,0.0,0.0,0.0,0.0,0.0,,,,0.0,0.0,0.0,0.0,0.0,0.0,,,38.9351998,-121.4667925,Rio Oso Substation,0.7,line-one-end,publicqueuereport.xlsx+cluster15.xlsx,2026-09-07,026fde9,2026-09-08T02:07:34Z
VACA TESLA,VACA-TESLA,SOLANO,PGAE,0.0,0.0,0.0,0.0,0.0,0.0,0.0,0.0,0.0,1.0,500.0,0.0,0.0,0.0,0.0,0.0,0.0,0.0,0.0,0.0,0.0,0.0,,,,0.0,0.0,0.0,0.0,0.0,0.0,,,37.7120521,-121.5647373,Tesla Substation,0.7,line-one-end,publicqueuereport.xlsx+cluster15.xlsx,2026-09-07,026fde9,2026-09-08T02:07:34Z
VACA VACAVILLE JAMESON NORTH TOWER,VACA-VACAVILLE-JAMESON-NORTH TOWER,SOLANO,PGAE,0.0,0.0,0.0,0.0,0.0,0.0,0.0,0.0,0.0,2.0,115.0,0.0,0.0,0.0,0.0,0.0,0.0,0.0,0.0,0.0,0.0,0.0,,,,0.0,0.0,0.0,0.0,0.0,0.0,,,38.3564548,-121.9806245,Vacaville Substation,0.7,line-one-end,publicqueuereport.xlsx+cluster15.xlsx,2026-09-07,026fde9,2026-09-08T02:07:34Z
VALLEY CENTER,VALLEY CENTER SUBSTATION,SAN DIEGO,SDGE,0.0,0.0,0.0,0.0,0.0,0.0,2.0,139.0,139.0,1.0,20.0,0.0,0.0,0.0,0.0,0.0,0.0,0.0,0.0,0.0,0.0,0.0,0.0,0.14,,0.0,0.0,0.0,0.0,0.0,0.0,,,32.90258,-117.1167373,median of located nodes in SAN DIEGO,0.3,county-centroid,publicqueuereport.xlsx+cluster15.xlsx,2026-09-07,026fde9,2026-09-08T02:07:34Z
VASCO,VASCO,ALAMEDA,PGAE,0.0,0.0,0.0,0.0,0.0,0.0,0.0,0.0,0.0,1.0,20.0,0.0,0.0,0.0,0.0,0.0,0.0,0.0,0.0,0.0,0.0,0.0,,,,0.0,0.0,0.0,0.0,0.0,0.0,,,37.7120521,-121.6032072,median of located nodes in ALAMEDA,0.3,county-centroid,publicqueuereport.xlsx+cluster15.xlsx,2026-09-07,026fde9,2026-09-08T02:07:34Z
WARNER,WARNER SUBSTATION,SAN DIEGO,SDGE,0.0,0.0,0.0,0.0,0.0,0.0,0.0,0.0,0.0,1.0,58.8,0.0,0.0,0.0,0.0,0.0,0.0,0.0,0.0,0.0,0.0,0.0,,,,0.0,0.0,0.0,0.0,0.0,0.0,,,41.5002978,-120.5333491,Warner Substation,1.0,exact,publicqueuereport.xlsx+cluster15.xlsx,2026-09-07,026fde9,2026-09-08T02:07:34Z
VASCO HERDLYN,VASCO-HERDLYN,SAN JOAQUIN,PGAE,0.0,0.0,0.0,0.0,0.0,0.0,1.0,44.8,0.0,0.0,0.0,0.0,0.0,0.0,0.0,0.0,0.0,0.0,0.0,0.0,0.0,0.0,,0.0,,0.0,0.0,0.0,0.0,0.0,0.0,,,37.7770366,-121.31472865,median of located nodes in SAN JOAQUIN,0.3,county-centroid,publicqueuereport.xlsx+cluster15.xlsx,2026-09-07,026fde9,2026-09-08T02:07:34Z
VEA SANDY VALLEY,VEA SANDY VALLEY,CLARK,VEA,0.0,0.0,0.0,0.0,0.0,0.0,0.0,0.0,0.0,1.0,152.67,0.0,0.0,0.0,0.0,0.0,0.0,0.0,0.0,0.0,0.0,0.0,,,,0.0,0.0,0.0,0.0,0.0,0.0,,,35.79368145,-115.12508027499999,median of located nodes in CLARK,0.3,county-centroid,publicqueuereport.xlsx+cluster15.xlsx,2026-09-07,026fde9,2026-09-08T02:07:34Z
VENWIND PORTION OF DEVERS GARNETT VENWIND,VENWIND PORTION OF DEVERS-GARNETT-VENWIND LINE,RIVERSIDE,SCE,0.0,0.0,0.0,0.0,0.0,0.0,0.0,0.0,0.0,1.0,50.0,0.0,0.0,0.0,0.0,0.0,0.0,0.0,0.0,0.0,0.0,0.0,,,,0.0,0.0,0.0,0.0,0.0,0.0,,,33.832733000000005,-116.0744455,median of located nodes in RIVERSIDE,0.3,county-centroid,publicqueuereport.xlsx+cluster15.xlsx,2026-09-07,026fde9,2026-09-08T02:07:34Z
VESTAL MAGUNDEN,VESTAL-MAGUNDEN #2,KERN,SCE,0.0,0.0,0.0,0.0,0.0,0.0,0.0,0.0,0.0,1.0,86.0,0.0,0.0,0.0,0.0,0.0,0.0,0.0,0.0,0.0,0.0,0.0,,,,0.0,0.0,0.0,0.0,0.0,0.0,,,35.60120695,-119.0037159,Vestal Substation | Magunden Substation,1.0,line-midpoint,publicqueuereport.xlsx+cluster15.xlsx,2026-09-07,026fde9,2026-09-08T02:07:34Z
VICTOR,VICTOR SUBSTATION,SAN BERNARDINO,SCE,0.0,0.0,0.0,0.0,0.0,0.0,2.0,200.0,50.0,10.0,1975.0,1171.01,4.0,1120.0,1141.01,0.0,0.0,0.0,401.0,0.0,0.0,0.0,22.82,9.88,,1.0,400.0,0.0,400.0,1.0,0.0,,,34.7816824,-117.3693963,median of located nodes in SAN BERNARDINO,0.3,county-centroid,publicqueuereport.xlsx+cluster15.xlsx,2026-09-07,026fde9,2026-09-08T02:07:34Z
VICTORVILLE,VICTORVILLE SUBSTATION,SAN BERNARDINO,SCE,0.0,0.0,0.0,0.0,0.0,0.0,0.0,0.0,0.0,1.0,570.0,0.0,0.0,0.0,0.0,0.0,0.0,0.0,570.0,0.0,0.0,0.0,,,,0.0,0.0,0.0,0.0,0.0,0.0,,,34.5642973,-117.3198626,Victorville Substation,1.0,exact,publicqueuereport.xlsx+cluster15.xlsx,2026-09-07,026fde9,2026-09-08T02:07:34Z
VILLA PARK,VILLA PARK SUBSTATION,ORANGE,SCE,0.0,0.0,0.0,0.0,0.0,0.0,0.0,0.0,0.0,1.0,250.0,252.6,1.0,250.0,252.6,0.0,0.0,0.0,0.0,0.0,0.0,0.0,,,,0.0,0.0,0.0,0.0,0.0,0.0,,,33.8149647,-117.8341037,Villa Park Substation,1.0,exact,publicqueuereport.xlsx+cluster15.xlsx,2026-09-07,026fde9,2026-09-08T02:07:34Z
VINCENT LUGO,VINCENT-LUGO,LOS ANGELES,SCE,0.0,0.0,0.0,0.0,0.0,0.0,0.0,0.0,0.0,1.0,200.0,213.8183,1.0,200.0,213.8183,0.0,0.0,0.0,0.0,0.0,0.0,0.0,,,,0.0,0.0,0.0,0.0,0.0,0.0,,,34.42588295,-117.74453675000001,Vincent Substation | Lugo Substation,1.0,line-midpoint,publicqueuereport.xlsx+cluster15.xlsx,2026-09-07,026fde9,2026-09-08T02:07:34Z
VISTA,VISTA SUBSTATION,NYE,VEA,0.0,0.0,0.0,0.0,0.0,0.0,0.0,0.0,0.0,6.0,828.45,110.87,1.0,220.0,110.87,0.0,0.0,0.0,320.0,0.0,0.0,0.0,,,,1.0,330.0,0.0,330.0,0.0,0.0,,,34.0406913,-117.3206273,Vista Substation,1.0,exact,publicqueuereport.xlsx+cluster15.xlsx,2026-09-07,026fde9,2026-09-08T02:07:34Z
VISTA MIRA LOMA,VISTA - MIRA LOMA,SAN BERNARDINO,SCE,0.0,0.0,0.0,0.0,0.0,0.0,0.0,0.0,0.0,1.0,500.0,510.0,1.0,500.0,510.0,0.0,0.0,0.0,0.0,0.0,0.0,0.0,,,,0.0,0.0,0.0,0.0,0.0,0.0,,,34.02436175,-117.44242585,Vista Substation | Mira Loma Substation,1.0,line-midpoint,publicqueuereport.xlsx+cluster15.xlsx,2026-09-07,026fde9,2026-09-08T02:07:34Z
STROUT,STROUT SW STATION,FRESNO,PGAE,0.0,0.0,0.0,0.0,0.0,0.0,0.0,0.0,0.0,2.0,25.0,0.0,0.0,0.0,0.0,0.0,0.0,0.0,0.0,0.0,0.0,0.0,,,,0.0,0.0,0.0,0.0,0.0,0.0,,,36.587580525,-120.1256622,median of located nodes in FRESNO,0.3,county-centroid,publicqueuereport.xlsx+cluster15.xlsx,2026-09-07,026fde9,2026-09-08T02:07:34Z
STROUD,STROUD SWITCHING STATION,FRESNO,PGAE,0.0,0.0,0.0,0.0,0.0,0.0,1.0,18.5,0.0,8.0,80.5,0.0,0.0,0.0,0.0,0.0,0.0,0.0,20.4,0.0,0.0,0.0,,4.35,,0.0,0.0,0.0,0.0,0.0,0.0,,,36.587580525,-120.1256622,median of located nodes in FRESNO,0.3,county-centroid,publicqueuereport.xlsx+cluster15.xlsx,2026-09-07,026fde9,2026-09-08T02:07:34Z
PIUTE REDMOND,PIUTE-REDMOND,LOS ANGELES,SCE,0.0,0.0,0.0,0.0,0.0,0.0,0.0,0.0,0.0,1.0,20.0,0.0,0.0,0.0,0.0,0.0,0.0,0.0,0.0,0.0,0.0,0.0,,,,0.0,0.0,0.0,0.0,0.0,0.0,,,34.47440665,-118.2627298,median of located nodes in LOS ANGELES,0.3,county-centroid,publicqueuereport.xlsx+cluster15.xlsx,2026-09-07,026fde9,2026-09-08T02:07:34Z
SAN ONOFRE,SAN ONOFRE,SAN DIEGO,SCE,0.0,0.0,0.0,0.0,0.0,0.0,0.0,0.0,0.0,1.0,300.0,306.59,1.0,300.0,306.59,1.0,300.0,306.59,0.0,0.0,0.0,0.0,,,0.0,0.0,0.0,0.0,0.0,0.0,0.0,,,32.90258,-117.1167373,median of located nodes in SAN DIEGO,0.3,county-centroid,publicqueuereport.xlsx+cluster15.xlsx,2026-09-07,026fde9,2026-09-08T02:07:34Z
RIO OSO WOODLAND,RIO OSO - WOODLAND #1,STANISLAUS,PGAE,0.0,0.0,0.0,0.0,0.0,0.0,0.0,0.0,0.0,1.0,101.908,0.0,0.0,0.0,0.0,0.0,0.0,0.0,0.0,0.0,0.0,0.0,,,,0.0,0.0,0.0,0.0,0.0,0.0,,,38.806834949999995,-121.6134179,Rio Oso Substation | Woodland Substation,1.0,line-midpoint,publicqueuereport.xlsx+cluster15.xlsx,2026-09-07,026fde9,2026-09-08T02:07:34Z
ROSAMOND 52,ROSAMOND,KERN,SCE,0.0,0.0,0.0,0.0,0.0,0.0,0.0,0.0,0.0,1.0,20.0,0.0,0.0,0.0,0.0,0.0,0.0,0.0,0.0,0.0,0.0,0.0,,,,0.0,0.0,0.0,0.0,0.0,0.0,,,35.2460173,-118.975825,median of located nodes in KERN,0.3,county-centroid,publicqueuereport.xlsx+cluster15.xlsx,2026-09-07,026fde9,2026-09-08T02:07:34Z
ROSAMOND ANTELOPE,,KERN,SCE,0.0,0.0,0.0,0.0,0.0,0.0,0.0,0.0,0.0,1.0,100.0,0.0,0.0,0.0,0.0,0.0,0.0,0.0,0.0,0.0,0.0,0.0,,,,0.0,0.0,0.0,0.0,0.0,0.0,,,35.2460173,-118.975825,median of located nodes in KERN,0.3,county-centroid,publicqueuereport.xlsx+cluster15.xlsx,2026-09-07,026fde9,2026-09-08T02:07:34Z
ROSAMOND CAL CEMENT,ROSAMOND-CAL CEMENT,KERN,SCE,0.0,0.0,0.0,0.0,0.0,0.0,0.0,0.0,0.0,1.0,25.0,0.0,0.0,0.0,0.0,0.0,0.0,0.0,0.0,0.0,0.0,0.0,,,,0.0,0.0,0.0,0.0,0.0,0.0,,,35.2460173,-118.975825,median of located nodes in KERN,0.3,county-centroid,publicqueuereport.xlsx+cluster15.xlsx,2026-09-07,026fde9,2026-09-08T02:07:34Z
ROSAMOND CORUM,ROSAMOND-CORUM,KERN,SCE,0.0,0.0,0.0,0.0,0.0,0.0,0.0,0.0,0.0,1.0,21.0,0.0,0.0,0.0,0.0,0.0,0.0,0.0,0.0,0.0,0.0,0.0,,,,0.0,0.0,0.0,0.0,0.0,0.0,,,35.2460173,-118.975825,median of located nodes in KERN,0.3,county-centroid,publicqueuereport.xlsx+cluster15.xlsx,2026-09-07,026fde9,2026-09-08T02:07:34Z
ROSAMOND DEL SUR,ROSAMOND-DEL SUR,KERN,SCE,0.0,0.0,0.0,0.0,0.0,0.0,0.0,0.0,0.0,1.0,20.0,0.0,0.0,0.0,0.0,0.0,0.0,0.0,0.0,0.0,0.0,0.0,,,,0.0,0.0,0.0,0.0,0.0,0.0,,,35.2460173,-118.975825,median of located nodes in KERN,0.3,county-centroid,publicqueuereport.xlsx+cluster15.xlsx,2026-09-07,026fde9,2026-09-08T02:07:34Z
ROSAMOND DELSUR,,KERN,SCE,0.0,0.0,0.0,0.0,0.0,0.0,0.0,0.0,0.0,1.0,100.0,0.0,0.0,0.0,0.0,0.0,0.0,0.0,0.0,0.0,0.0,0.0,,,,0.0,0.0,0.0,0.0,0.0,0.0,,,35.2460173,-118.975825,median of located nodes in KERN,0.3,county-centroid,publicqueuereport.xlsx+cluster15.xlsx,2026-09-07,026fde9,2026-09-08T02:07:34Z
ROSEDALE,,KERN,PGAE,0.0,0.0,0.0,0.0,0.0,0.0,0.0,0.0,0.0,1.0,20.0,20.0,0.0,0.0,0.0,0.0,0.0,0.0,0.0,0.0,0.0,0.0,,,,0.0,0.0,0.0,0.0,0.0,0.0,,,35.2460173,-118.975825,median of located nodes in KERN,0.3,county-centroid,publicqueuereport.xlsx+cluster15.xlsx,2026-09-07,026fde9,2026-09-08T02:07:34Z
ROUND MOUNTAIN,ROUND MOUNTAIN SUBSTATION,HUMBOLDT,PGAE,0.0,0.0,0.0,0.0,0.0,0.0,0.0,0.0,0.0,3.0,3300.1099999999997,951.6659999999999,2.0,1800.11,632.316,0.0,0.0,0.0,299.99,0.0,0.0,0.0,,,,0.0,0.0,0.0,0.0,0.0,0.0,,,40.8079932,-121.935934,Round Mountain Substation,1.0,exact,publicqueuereport.xlsx+cluster15.xlsx,2026-09-07,026fde9,2026-09-08T02:07:34Z
SALADO,SALADO,STANISLAUS,PGAE,0.0,0.0,0.0,0.0,0.0,0.0,0.0,0.0,0.0,4.0,376.44,335.464,2.0,226.0,235.464,2.0,226.0,235.464,0.0,0.0,0.0,0.0,,,0.0,0.0,0.0,0.0,0.0,0.0,0.0,,,37.4217214,-121.1474784,Salado Substation,1.0,exact,publicqueuereport.xlsx+cluster15.xlsx,2026-09-07,026fde9,2026-09-08T02:07:34Z
SALADO MILLER,SALADO-MILLER,STANISLAUS,PGAE,0.0,0.0,0.0,0.0,0.0,0.0,0.0,0.0,0.0,2.0,40.0,0.0,0.0,0.0,0.0,0.0,0.0,0.0,0.0,0.0,0.0,0.0,,,,0.0,0.0,0.0,0.0,0.0,0.0,,,37.4217214,-121.1474784,Salado Substation,0.7,line-one-end,publicqueuereport.xlsx+cluster15.xlsx,2026-09-07,026fde9,2026-09-08T02:07:34Z
SALADO NEWMAN POLE 13,SALADO- NEWMAN,STANISLAUS,PGAE,0.0,0.0,0.0,0.0,0.0,0.0,0.0,0.0,0.0,1.0,20.0,0.0,0.0,0.0,0.0,0.0,0.0,0.0,0.0,0.0,0.0,0.0,,,,0.0,0.0,0.0,0.0,0.0,0.0,,,37.368649500000004,-121.0811868,Salado Substation | Newman Substation,1.0,line-midpoint,publicqueuereport.xlsx+cluster15.xlsx,2026-09-07,026fde9,2026-09-08T02:07:34Z
SALT CREEK,SALT CREEK SUBSTATION,SAN DIEGO,SDGE,0.0,0.0,0.0,0.0,0.0,0.0,0.0,0.0,0.0,2.0,120.0,102.04,1.0,100.0,102.04,0.0,0.0,0.0,100.0,0.0,0.0,0.0,,,,0.0,0.0,0.0,0.0,0.0,0.0,,,32.90258,-117.1167373,median of located nodes in SAN DIEGO,0.3,county-centroid,publicqueuereport.xlsx+cluster15.xlsx,2026-09-07,026fde9,2026-09-08T02:07:34Z
SAN BENITO HOLLISTER,SAN BENITO - HOLLISTER,SAN BENITO,PGAE,0.0,0.0,0.0,0.0,0.0,0.0,0.0,0.0,0.0,1.0,101.5,108.7,1.0,101.5,108.7,0.0,0.0,0.0,0.0,0.0,0.0,0.0,,,,0.0,0.0,0.0,0.0,0.0,0.0,,,36.8658578,-121.4777875,San Benito Substation | Hollister Substation,1.0,line-midpoint,publicqueuereport.xlsx+cluster15.xlsx,2026-09-07,026fde9,2026-09-08T02:07:34Z
SAN BERNADINO,SAN BERNADINO,SAN BERNARDINO,SCE,0.0,0.0,0.0,0.0,0.0,0.0,0.0,0.0,0.0,2.0,550.0,561.2411999999999,2.0,550.0,561.2411999999999,0.0,0.0,0.0,200.0,0.0,0.0,0.0,,,,0.0,0.0,0.0,0.0,0.0,0.0,,,34.0799529,-117.2389874,San Bernardino Substation,0.96,fuzzy,publicqueuereport.xlsx+cluster15.xlsx,2026-09-07,026fde9,2026-09-08T02:07:34Z
SAN BERNADINO 220 M127 KV,SAN BERNADINO 220+M,SAN BERNARDINO,SCE,0.0,0.0,0.0,0.0,0.0,0.0,1.0,72.0,0.0,0.0,0.0,0.0,0.0,0.0,0.0,0.0,0.0,0.0,0.0,0.0,0.0,0.0,,0.0,,0.0,0.0,0.0,0.0,0.0,0.0,,,34.7816824,-117.3693963,median of located nodes in SAN BERNARDINO,0.3,county-centroid,publicqueuereport.xlsx+cluster15.xlsx,2026-09-07,026fde9,2026-09-08T02:07:34Z
SAN BERNARDINO,SAN BERNARDINO SUBSTATION,SAN BERNARDINO,SCE,0.0,0.0,0.0,0.0,0.0,0.0,1.0,38.0,0.0,1.0,300.0,308.1,0.0,0.0,0.0,0.0,0.0,0.0,0.0,0.0,0.0,0.0,,7.89,,0.0,0.0,0.0,0.0,0.0,0.0,,,34.0799529,-117.2389874,San Bernardino Substation,1.0,exact,publicqueuereport.xlsx+cluster15.xlsx,2026-09-07,026fde9,2026-09-08T02:07:34Z
SAN LUIS OBISPO TREMBLOR,SAN LUIS OBISPO-TREMBLOR,SAN LUIS OBISPO,PGAE,0.0,0.0,0.0,0.0,0.0,0.0,0.0,0.0,0.0,1.0,100.0,0.0,0.0,0.0,0.0,0.0,0.0,0.0,0.0,0.0,0.0,0.0,,,,0.0,0.0,0.0,0.0,0.0,0.0,,,35.3738781,-120.32021062499999,median of located nodes in SAN LUIS OBISPO,0.3,county-centroid,publicqueuereport.xlsx+cluster15.xlsx,2026-09-07,026fde9,2026-09-08T02:07:34Z
SAN LUIS REY,SAN LUIS REY SUBSTATION,SAN DIEGO,SDGE,0.0,0.0,0.0,0.0,0.0,0.0,0.0,0.0,0.0,4.0,734.0,356.0,1.0,250.0,256.0,0.0,0.0,0.0,270.0,0.0,0.0,0.0,,,,1.0,250.0,0.0,250.0,0.0,0.0,,,33.2112992,-117.3345198,San Luis Rey Substation,1.0,exact,publicqueuereport.xlsx+cluster15.xlsx,2026-09-07,026fde9,2026-09-08T02:07:34Z
SAN LUIS REY MELROSE,SAN LUIS REY-MELROSE,SAN DIEGO,SDGE,0.0,0.0,0.0,0.0,0.0,0.0,0.0,0.0,0.0,1.0,98.8,0.0,0.0,0.0,0.0,0.0,0.0,0.0,0.0,0.0,0.0,0.0,,,,0.0,0.0,0.0,0.0,0.0,0.0,,,33.2112992,-117.3345198,San Luis Rey Substation,0.7,line-one-end,publicqueuereport.xlsx+cluster15.xlsx,2026-09-07,026fde9,2026-09-08T02:07:34Z
SAN LUIS REY MISSION TRANSMISSION,SAN LUIS REY¿MISSION,SAN DIEGO,SDGE,0.0,0.0,0.0,0.0,0.0,0.0,0.0,0.0,0.0,1.0,315.0,0.0,0.0,0.0,0.0,0.0,0.0,0.0,0.0,0.0,0.0,0.0,,,,0.0,0.0,0.0,0.0,0.0,0.0,,,32.90258,-117.1167373,median of located nodes in SAN DIEGO,0.3,county-centroid,publicqueuereport.xlsx+cluster15.xlsx,2026-09-07,026fde9,2026-09-08T02:07:34Z
SAN LUIS REY PENDLETON,SAN LUIS REY-PENDLETON,SAN DIEGO,SDGE,0.0,0.0,0.0,0.0,0.0,0.0,0.0,0.0,0.0,1.0,200.0,0.0,0.0,0.0,0.0,0.0,0.0,0.0,0.0,0.0,0.0,0.0,,,,0.0,0.0,0.0,0.0,0.0,0.0,,,33.2112992,-117.3345198,San Luis Rey Substation,0.7,line-one-end,publicqueuereport.xlsx+cluster15.xlsx,2026-09-07,026fde9,2026-09-08T02:07:34Z
SAN LUIS REY STUART,SAN LUIS REY-STUART,SAN DIEGO,SDGE,0.0,0.0,0.0,0.0,0.0,0.0,0.0,0.0,0.0,1.0,49.9,0.0,0.0,0.0,0.0,0.0,0.0,0.0,0.0,0.0,0.0,0.0,,,,0.0,0.0,0.0,0.0,0.0,0.0,,,35.5346611,-119.80155819999999,San Luis Rey Substation | Stuart Substation,1.0,line-midpoint,publicqueuereport.xlsx+cluster15.xlsx,2026-09-07,026fde9,2026-09-08T02:07:34Z
RIO OSO LOCKFORD,RIO OSO-LOCKFORD,PLACER,PGAE,0.0,0.0,0.0,0.0,0.0,0.0,0.0,0.0,0.0,1.0,220.0,0.0,0.0,0.0,0.0,0.0,0.0,0.0,220.0,0.0,0.0,0.0,,,,0.0,0.0,0.0,0.0,0.0,0.0,,,38.9351998,-121.4667925,Rio Oso Substation,0.7,line-one-end,publicqueuereport.xlsx+cluster15.xlsx,2026-09-07,026fde9,2026-09-08T02:07:34Z
MENDOTA SAN JOAQUIN HELM 69K,MENDOTA-SAN JOAQUIN-HELM 69K,FRESNO,PGAE,0.0,0.0,0.0,0.0,0.0,0.0,0.0,0.0,0.0,1.0,0.1,0.0,0.0,0.0,0.0,0.0,0.0,0.0,0.1,0.0,0.0,0.0,,,,0.0,0.0,0.0,0.0,0.0,0.0,,,36.587580525,-120.1256622,median of located nodes in FRESNO,0.3,county-centroid,publicqueuereport.xlsx+cluster15.xlsx,2026-09-07,026fde9,2026-09-08T02:07:34Z
RIO DELL,RIO DELL SUBSTATION,HUMBOLDT,PGAE,0.0,0.0,0.0,0.0,0.0,0.0,0.0,0.0,0.0,2.0,56.8,0.0,0.0,0.0,0.0,0.0,0.0,0.0,50.0,0.0,0.0,0.0,,,,0.0,0.0,0.0,0.0,0.0,0.0,,,41.2272733,-115.9399678,median of located nodes in HUMBOLDT,0.3,county-centroid,publicqueuereport.xlsx+cluster15.xlsx,2026-09-07,026fde9,2026-09-08T02:07:34Z
PROPOSED ON THE HASSAYAMA NORTH GILA BEND,PROPOSED SWITCH STATION ON THE HASSAYAMA-NORTH GILA BEND,MARICOPA,SDGE,0.0,0.0,0.0,0.0,0.0,0.0,0.0,0.0,0.0,1.0,300.0,0.0,0.0,0.0,0.0,0.0,0.0,0.0,0.0,0.0,0.0,0.0,,,,0.0,0.0,0.0,0.0,0.0,0.0,,,,,,0.8,none,publicqueuereport.xlsx+cluster15.xlsx,2026-09-07,026fde9,2026-09-08T02:07:34Z
PLEASANT GROVE,PLEASANT GROVE SUB STATION,PLACER,PGAE,0.0,0.0,0.0,0.0,0.0,0.0,0.0,0.0,0.0,2.0,136.8,20.0,0.0,0.0,0.0,0.0,0.0,0.0,116.8,0.0,0.0,0.0,,,,0.0,0.0,0.0,0.0,0.0,0.0,,,38.8221004,-121.3065142,Pleasant Grove Substation,1.0,exact,publicqueuereport.xlsx+cluster15.xlsx,2026-09-07,026fde9,2026-09-08T02:07:34Z
PLUTE LANCASTER,PLUTE-LANCASTER,LOS ANGELES,SCE,0.0,0.0,0.0,0.0,0.0,0.0,0.0,0.0,0.0,1.0,14.0,0.0,0.0,0.0,0.0,0.0,0.0,0.0,0.0,0.0,0.0,0.0,,,,0.0,0.0,0.0,0.0,0.0,0.0,,,34.47440665,-118.2627298,median of located nodes in LOS ANGELES,0.3,county-centroid,publicqueuereport.xlsx+cluster15.xlsx,2026-09-07,026fde9,2026-09-08T02:07:34Z
POI IS AT A DESIGNATED GOOGLE COORDINATES,,KINGS,PGAE,0.0,0.0,0.0,0.0,0.0,0.0,0.0,0.0,0.0,1.0,20.0,0.0,0.0,0.0,0.0,0.0,0.0,0.0,0.0,0.0,0.0,0.0,,,,0.0,0.0,0.0,0.0,0.0,0.0,,,36.1413374,-119.9028971,median of located nodes in KINGS,0.3,county-centroid,publicqueuereport.xlsx+cluster15.xlsx,2026-09-07,026fde9,2026-09-08T02:07:34Z
POINT ARENA,POINT ARENA SUBSTATION,MENDOCINO,PGAE,0.0,0.0,0.0,0.0,0.0,0.0,0.0,0.0,0.0,1.0,10.0,10.0,0.0,0.0,0.0,0.0,0.0,0.0,0.0,0.0,0.0,0.0,,,,0.0,0.0,0.0,0.0,0.0,0.0,,,,,,0.67,none,publicqueuereport.xlsx+cluster15.xlsx,2026-09-07,026fde9,2026-09-08T02:07:34Z
POINT LOMA,POINT LOMA SUBSTATION,SAN DIEGO,,0.0,0.0,0.0,0.0,0.0,0.0,0.0,0.0,0.0,1.0,25.0,26.6,1.0,25.0,26.6,0.0,0.0,0.0,25.0,0.0,0.0,0.0,,,,0.0,0.0,0.0,0.0,0.0,0.0,,,32.7414519,-117.2334812,Point Loma Substation,1.0,exact,publicqueuereport.xlsx+cluster15.xlsx,2026-09-07,026fde9,2026-09-08T02:07:34Z
POMERADO,POMERADO SUBSTATION,SAN DIEGO,SDGE,0.0,0.0,0.0,0.0,0.0,0.0,1.0,100.0,100.0,1.0,25.0,25.0,0.0,0.0,0.0,0.0,0.0,0.0,0.0,0.0,0.0,0.0,0.0,0.25,,0.0,0.0,0.0,0.0,0.0,0.0,,,32.90258,-117.1167373,median of located nodes in SAN DIEGO,0.3,county-centroid,publicqueuereport.xlsx+cluster15.xlsx,2026-09-07,026fde9,2026-09-08T02:07:34Z
POTRERO,POTRERO,SAN FRANCISCO,PGAE,0.0,0.0,0.0,0.0,0.0,0.0,0.0,0.0,0.0,1.0,145.1,0.0,0.0,0.0,0.0,0.0,0.0,0.0,145.1,0.0,0.0,0.0,,,,0.0,0.0,0.0,0.0,0.0,0.0,,,37.7568233,-122.3860796,Potrero Switchyard,1.0,exact,publicqueuereport.xlsx+cluster15.xlsx,2026-09-07,026fde9,2026-09-08T02:07:34Z
PRIMM,PRIMM SUBSTATION,CLARK,SCE,0.0,0.0,0.0,0.0,0.0,0.0,0.0,0.0,0.0,1.0,150.0,0.0,0.0,0.0,0.0,0.0,0.0,0.0,0.0,0.0,0.0,0.0,,,,0.0,0.0,0.0,0.0,0.0,0.0,,,35.6409768,-115.349316,Primm Substation,1.0,exact,publicqueuereport.xlsx+cluster15.xlsx,2026-09-07,026fde9,2026-09-08T02:07:34Z
PROPOSED ELDORADO IVANPAH,PROPOSED ELDORADO-IVANPAH,CLARK,SCE,0.0,0.0,0.0,0.0,0.0,0.0,0.0,0.0,0.0,1.0,400.0,0.0,0.0,0.0,0.0,0.0,0.0,0.0,0.0,0.0,0.0,0.0,,,,0.0,0.0,0.0,0.0,0.0,0.0,,,35.5444422,-115.4687507,Ivanpah Substation,0.7,line-one-end,publicqueuereport.xlsx+cluster15.xlsx,2026-09-07,026fde9,2026-09-08T02:07:34Z
PROPOSED MIDPOINT,PROPOSED MIDPOINT SUBSTATION,RIVERSIDE,SCE,0.0,0.0,0.0,0.0,0.0,0.0,0.0,0.0,0.0,1.0,700.0,0.0,0.0,0.0,0.0,0.0,0.0,0.0,0.0,0.0,0.0,0.0,,,,0.0,0.0,0.0,0.0,0.0,0.0,,,33.832733000000005,-116.0744455,median of located nodes in RIVERSIDE,0.3,county-centroid,publicqueuereport.xlsx+cluster15.xlsx,2026-09-07,026fde9,2026-09-08T02:07:34Z
PROXIMATE TO THE CUYAMA,,SANTA BARBARA,PGAE,0.0,0.0,0.0,0.0,0.0,0.0,0.0,0.0,0.0,1.0,50.0,0.0,0.0,0.0,0.0,0.0,0.0,0.0,0.0,0.0,0.0,0.0,,,,0.0,0.0,0.0,0.0,0.0,0.0,,,34.555921850000004,-120.1607735,median of located nodes in SANTA BARBARA,0.3,county-centroid,publicqueuereport.xlsx+cluster15.xlsx,2026-09-07,026fde9,2026-09-08T02:07:34Z
RIO DEL BRIDGEVILLE,RIO DEL JUNCTION - BRIDGEVILLE,HUMBOLDT,PGAE,0.0,0.0,0.0,0.0,0.0,0.0,0.0,0.0,0.0,1.0,70.0,0.0,0.0,0.0,0.0,0.0,0.0,0.0,0.0,0.0,0.0,0.0,,,,0.0,0.0,0.0,0.0,0.0,0.0,,,41.2272733,-115.9399678,median of located nodes in HUMBOLDT,0.3,county-centroid,publicqueuereport.xlsx+cluster15.xlsx,2026-09-07,026fde9,2026-09-08T02:07:34Z
Q1244,Q1244 SWITCHING STATION,STANISLAUS,PGAE,0.0,0.0,0.0,0.0,0.0,0.0,0.0,0.0,0.0,2.0,400.0,0.0,0.0,0.0,0.0,0.0,0.0,0.0,0.0,0.0,0.0,0.0,,,,0.0,0.0,0.0,0.0,0.0,0.0,,,37.4217214,-121.1207559,median of located nodes in STANISLAUS,0.3,county-centroid,publicqueuereport.xlsx+cluster15.xlsx,2026-09-07,026fde9,2026-09-08T02:07:34Z
RANCHO MISSION VIEJO,RANCHO MISSION VIEJO SUBSTATION,ORANGE,SDGE,0.0,0.0,0.0,0.0,0.0,0.0,0.0,0.0,0.0,1.0,300.0,304.122776,1.0,300.0,304.122776,0.0,0.0,0.0,0.0,0.0,0.0,0.0,,,,0.0,0.0,0.0,0.0,0.0,0.0,,,33.5263975,-117.598729,Rancho Mission Viejo Substation,1.0,exact,publicqueuereport.xlsx+cluster15.xlsx,2026-09-07,026fde9,2026-09-08T02:07:34Z
RANCHO VISTA,RANCHO VISTA,SAN BERNARDINO,SCE,0.0,0.0,0.0,0.0,0.0,0.0,0.0,0.0,0.0,2.0,1004.0,513.99,1.0,500.0,513.99,1.0,500.0,513.99,0.0,0.0,0.0,0.0,,,0.0,0.0,0.0,0.0,0.0,0.0,0.0,,,34.087978,-117.5337016,Rancho Vista Substation,1.0,exact,publicqueuereport.xlsx+cluster15.xlsx,2026-09-07,026fde9,2026-09-08T02:07:34Z
RATTLESNAKE,RATTLESNAKE SWITCHYARD,KERN,SCE,0.0,0.0,0.0,0.0,0.0,0.0,0.0,0.0,0.0,1.0,250.0,0.0,0.0,0.0,0.0,0.0,0.0,0.0,0.0,0.0,0.0,0.0,,,,0.0,0.0,0.0,0.0,0.0,0.0,,,35.2460173,-118.975825,median of located nodes in KERN,0.3,county-centroid,publicqueuereport.xlsx+cluster15.xlsx,2026-09-07,026fde9,2026-09-08T02:07:34Z
REDBUD CORTINA,REDBUD-CORTINA,COLUSA/LAKE,PGAE,0.0,0.0,0.0,0.0,0.0,0.0,0.0,0.0,0.0,1.0,66.2,0.0,0.0,0.0,0.0,0.0,0.0,0.0,66.2,0.0,0.0,0.0,,,,0.0,0.0,0.0,0.0,0.0,0.0,,,39.1206016,-122.2231973,Cortina Substation,0.7,line-one-end,publicqueuereport.xlsx+cluster15.xlsx,2026-09-07,026fde9,2026-09-08T02:07:34Z
REDMAN,REDMAN SUBSTATION,KERN,SCE,0.0,0.0,0.0,0.0,0.0,0.0,0.0,0.0,0.0,1.0,40.0,0.0,0.0,0.0,0.0,0.0,0.0,0.0,0.0,0.0,0.0,0.0,,,,0.0,0.0,0.0,0.0,0.0,0.0,,,35.2460173,-118.975825,median of located nodes in KERN,0.3,county-centroid,publicqueuereport.xlsx+cluster15.xlsx,2026-09-07,026fde9,2026-09-08T02:07:34Z
REDMAN LANCASTER,REDMAN-LANCASTER,LOS ANGELES,SCE,0.0,0.0,0.0,0.0,0.0,0.0,0.0,0.0,0.0,1.0,25.0,0.0,0.0,0.0,0.0,0.0,0.0,0.0,0.0,0.0,0.0,0.0,,,,0.0,0.0,0.0,0.0,0.0,0.0,,,34.47440665,-118.2627298,median of located nodes in LOS ANGELES,0.3,county-centroid,publicqueuereport.xlsx+cluster15.xlsx,2026-09-07,026fde9,2026-09-08T02:07:34Z
REDMAN PIUTE,REDMAN-PIUTE,LOS ANGELES,SCE,0.0,0.0,0.0,0.0,0.0,0.0,0.0,0.0,0.0,2.0,35.0,0.0,0.0,0.0,0.0,0.0,0.0,0.0,0.0,0.0,0.0,0.0,,,,0.0,0.0,0.0,0.0,0.0,0.0,,,34.47440665,-118.2627298,median of located nodes in LOS ANGELES,0.3,county-centroid,publicqueuereport.xlsx+cluster15.xlsx,2026-09-07,026fde9,2026-09-08T02:07:34Z
REDONDO BEACH,REDONDO BEACH GENERATING STATION,LOS ANGELES,SCE,0.0,0.0,0.0,0.0,0.0,0.0,1.0,25.96,0.0,1.0,475.71,0.0,0.0,0.0,0.0,0.0,0.0,0.0,0.0,0.0,0.0,0.0,,18.32,,0.0,0.0,0.0,0.0,0.0,0.0,,,34.47440665,-118.2627298,median of located nodes in LOS ANGELES,0.3,county-centroid,publicqueuereport.xlsx+cluster15.xlsx,2026-09-07,026fde9,2026-09-08T02:07:34Z
RIO BRAVO TOMATO,RIO BRAVO TOMATO SUBSTATION,KERN,PGAE,0.0,0.0,0.0,0.0,0.0,0.0,0.0,0.0,0.0,1.0,49.0,0.0,0.0,0.0,0.0,0.0,0.0,0.0,0.0,0.0,0.0,0.0,,,,0.0,0.0,0.0,0.0,0.0,0.0,,,35.2460173,-118.975825,median of located nodes in KERN,0.3,county-centroid,publicqueuereport.xlsx+cluster15.xlsx,2026-09-07,026fde9,2026-09-08T02:07:34Z
SAN MATEO,SAN MATEO,ORANGE,SDGE,0.0,0.0,0.0,0.0,0.0,0.0,0.0,0.0,0.0,1.0,50.0,51.48,1.0,50.0,51.48,1.0,50.0,51.48,0.0,0.0,0.0,0.0,,,0.0,0.0,0.0,0.0,0.0,0.0,0.0,,,37.5830081,-122.3192431,San Mateo Substation,1.0,exact,publicqueuereport.xlsx+cluster15.xlsx,2026-09-07,026fde9,2026-09-08T02:07:34Z
SAN ONOFRE NUCLEAR,SAN ONOFRE NUCLEAR GENERATING STATION,SAN DIEGO,SCE,0.0,0.0,0.0,0.0,0.0,0.0,0.0,0.0,0.0,1.0,48.0,0.0,0.0,0.0,0.0,0.0,0.0,0.0,48.0,0.0,0.0,0.0,,,,0.0,0.0,0.0,0.0,0.0,0.0,,,32.90258,-117.1167373,median of located nodes in SAN DIEGO,0.3,county-centroid,publicqueuereport.xlsx+cluster15.xlsx,2026-09-07,026fde9,2026-09-08T02:07:34Z
STOCKTON A LOCKEFORD BELLOTA LINES TESLA TRACY,STOCKTON¿A¿-LOCKEFORD-BELLOTA,SAN JOAQUIN,PGAE,0.0,0.0,0.0,0.0,0.0,0.0,0.0,0.0,0.0,1.0,211.0,0.0,0.0,0.0,0.0,0.0,0.0,0.0,0.0,0.0,0.0,0.0,,,,0.0,0.0,0.0,0.0,0.0,0.0,,,38.1177245,-121.160115,Lockeford Substation,0.7,line-one-end,publicqueuereport.xlsx+cluster15.xlsx,2026-09-07,026fde9,2026-09-08T02:07:34Z
SAN YSABEL,SAN YSABEL SUBSTATION,SAN DIEGO,SDGE,0.0,0.0,0.0,0.0,0.0,0.0,0.0,0.0,0.0,1.0,20.0,0.0,0.0,0.0,0.0,0.0,0.0,0.0,0.0,0.0,0.0,0.0,,,,0.0,0.0,0.0,0.0,0.0,0.0,,,32.90258,-117.1167373,median of located nodes in SAN DIEGO,0.3,county-centroid,publicqueuereport.xlsx+cluster15.xlsx,2026-09-07,026fde9,2026-09-08T02:07:34Z
SILVER QUEEN GOLDTOWN,SILVER QUEEN-GOLDTOWN,KERN,SCE,0.0,0.0,0.0,0.0,0.0,0.0,0.0,0.0,0.0,1.0,16.0,0.0,0.0,0.0,0.0,0.0,0.0,0.0,0.0,0.0,0.0,0.0,,,,0.0,0.0,0.0,0.0,0.0,0.0,,,35.2460173,-118.975825,median of located nodes in KERN,0.3,county-centroid,publicqueuereport.xlsx+cluster15.xlsx,2026-09-07,026fde9,2026-09-08T02:07:34Z
SILVERGATE,SILVERGATE SUBSTATION,SAN DIEGO,SDGE,0.0,0.0,0.0,0.0,0.0,0.0,1.0,200.0,200.0,1.0,200.0,213.5487,1.0,200.0,213.5487,0.0,0.0,0.0,200.0,0.0,0.0,0.0,1.07,1.0,,0.0,0.0,0.0,0.0,0.0,0.0,,,32.90258,-117.1167373,median of located nodes in SAN DIEGO,0.3,county-centroid,publicqueuereport.xlsx+cluster15.xlsx,2026-09-07,026fde9,2026-09-08T02:07:34Z
SISQUOC,SISQUOC SUBSTATION,SANTA BARBARA,PGAE,0.0,0.0,0.0,0.0,0.0,0.0,0.0,0.0,0.0,1.0,200.0,103.202,1.0,200.0,103.202,0.0,0.0,0.0,0.0,0.0,0.0,0.0,,,,0.0,0.0,0.0,0.0,0.0,0.0,,,34.555921850000004,-120.1607735,median of located nodes in SANTA BARBARA,0.3,county-centroid,publicqueuereport.xlsx+cluster15.xlsx,2026-09-07,026fde9,2026-09-08T02:07:34Z
SLO TO OCEANO,SLO TO OCEANO,SAN LUIS OBISPO,PGAE,0.0,0.0,0.0,0.0,0.0,0.0,0.0,0.0,0.0,1.0,20.0,0.0,0.0,0.0,0.0,0.0,0.0,0.0,0.0,0.0,0.0,0.0,,,,0.0,0.0,0.0,0.0,0.0,0.0,,,35.101535,-120.5810329,Oceano,0.7,line-one-end,publicqueuereport.xlsx+cluster15.xlsx,2026-09-07,026fde9,2026-09-08T02:07:34Z
SMARTVILLE CAMP FAR WEST,SMARTVILLE-CAMP FAR WEST,PLACER,PGAE,0.0,0.0,0.0,0.0,0.0,0.0,0.0,0.0,0.0,1.0,19.74,0.0,0.0,0.0,0.0,0.0,0.0,0.0,0.0,0.0,0.0,0.0,,,,0.0,0.0,0.0,0.0,0.0,0.0,,,38.835742825,-121.335965725,median of located nodes in PLACER,0.3,county-centroid,publicqueuereport.xlsx+cluster15.xlsx,2026-09-07,026fde9,2026-09-08T02:07:34Z
SMYRNA,SMYRNA SUBSTATION,KERN,PGAE,0.0,0.0,0.0,0.0,0.0,0.0,0.0,0.0,0.0,3.0,226.0,75.0,0.0,0.0,0.0,0.0,0.0,0.0,0.0,0.0,0.0,0.0,,,,0.0,0.0,0.0,0.0,0.0,0.0,,,35.2460173,-118.975825,median of located nodes in KERN,0.3,county-centroid,publicqueuereport.xlsx+cluster15.xlsx,2026-09-07,026fde9,2026-09-08T02:07:34Z
SMYRNA ALPAUGH,SMYRNA-ALPAUGH,TULARE,PGAE,0.0,0.0,0.0,0.0,0.0,0.0,6.0,149.75,0.0,0.0,0.0,0.0,0.0,0.0,0.0,0.0,0.0,0.0,0.0,0.0,0.0,0.0,,0.0,,0.0,0.0,0.0,0.0,0.0,0.0,,,36.109471,-119.09165730000001,median of located nodes in TULARE,0.3,county-centroid,publicqueuereport.xlsx+cluster15.xlsx,2026-09-07,026fde9,2026-09-08T02:07:34Z
SMYRNA SEMITROPIC MIDWAY,SMYRNA - SEMITROPIC - MIDWAY,KERN,PGAE,0.0,0.0,0.0,0.0,0.0,0.0,0.0,0.0,0.0,3.0,60.0,0.0,0.0,0.0,0.0,0.0,0.0,0.0,0.0,0.0,0.0,0.0,,,,0.0,0.0,0.0,0.0,0.0,0.0,,,35.6008203,-119.437539,Semitropic Substation,0.7,line-one-end,publicqueuereport.xlsx+cluster15.xlsx,2026-09-07,026fde9,2026-09-08T02:07:34Z
SOBRANTE STANDARD OIL,SOBRANTE-STANDARD OIL SW STA #1,CONTRA COSTA,PGAE,0.0,0.0,0.0,0.0,0.0,0.0,0.0,0.0,0.0,1.0,0.0,0.0,1.0,0.0,0.0,1.0,0.0,0.0,0.0,0.0,0.0,0.0,,,,0.0,0.0,0.0,0.0,0.0,0.0,,,37.9254589,-122.29469075,Sobrante Substation | Standard Oil 5 Substation,0.92,line-midpoint,publicqueuereport.xlsx+cluster15.xlsx,2026-09-07,026fde9,2026-09-08T02:07:34Z
SOBRANTE STANDARD OIL SWITCHING STN,SOBRANTE - STANDARD OIL SWITCHING STN #1,CONTRA COSTA,PGAE,0.0,0.0,0.0,0.0,0.0,0.0,0.0,0.0,0.0,1.0,150.0,151.2,1.0,150.0,151.2,0.0,0.0,0.0,0.0,0.0,0.0,0.0,,,,0.0,0.0,0.0,0.0,0.0,0.0,,,37.9054592,-122.2082408,Sobrante Substation,0.7,line-one-end,publicqueuereport.xlsx+cluster15.xlsx,2026-09-07,026fde9,2026-09-08T02:07:34Z
SOLADO,SOLADO SUB,STANISLAUS,PGAE,0.0,0.0,0.0,0.0,0.0,0.0,0.0,0.0,0.0,1.0,70.0,0.0,0.0,0.0,0.0,0.0,0.0,0.0,0.0,0.0,0.0,0.0,,,,0.0,0.0,0.0,0.0,0.0,0.0,,,37.4217214,-121.1207559,median of located nodes in STANISLAUS,0.3,county-centroid,publicqueuereport.xlsx+cluster15.xlsx,2026-09-07,026fde9,2026-09-08T02:07:34Z
SOLAR,SOLAR SWITCHING STATION,SAN LUIS OBISPO,PGAE,0.0,0.0,0.0,0.0,0.0,0.0,0.0,0.0,0.0,1.0,130.0,65.46,1.0,130.0,65.46,0.0,0.0,0.0,0.0,0.0,0.0,0.0,,,,0.0,0.0,0.0,0.0,0.0,0.0,,,35.3738781,-120.32021062499999,median of located nodes in SAN LUIS OBISPO,0.3,county-centroid,publicqueuereport.xlsx+cluster15.xlsx,2026-09-07,026fde9,2026-09-08T02:07:34Z
SOLARSS,SOLARSS SWITCHING STATION,SAN LUIS OBISPO,PGAE,0.0,0.0,0.0,0.0,0.0,0.0,0.0,0.0,0.0,1.0,400.0,0.0,0.0,0.0,0.0,0.0,0.0,0.0,0.0,0.0,0.0,0.0,,,,0.0,0.0,0.0,0.0,0.0,0.0,,,35.3738781,-120.32021062499999,median of located nodes in SAN LUIS OBISPO,0.3,county-centroid,publicqueuereport.xlsx+cluster15.xlsx,2026-09-07,026fde9,2026-09-08T02:07:34Z
SOLEDAD,SOLEDAD #1,MONTEREY,PGAE,0.0,0.0,0.0,0.0,0.0,0.0,0.0,0.0,0.0,3.0,59.0,62.527,2.0,32.0,32.277,2.0,32.0,32.277,0.0,0.0,0.0,0.0,,,0.0,0.0,0.0,0.0,0.0,0.0,0.0,,,36.4301332,-121.3325147,Soledad Substation,1.0,exact,publicqueuereport.xlsx+cluster15.xlsx,2026-09-07,026fde9,2026-09-08T02:07:34Z
SOUTHWEST POWER LINK,SOUTHWEST POWER LINK,IMPERIAL,SDGE,0.0,0.0,0.0,0.0,0.0,0.0,0.0,0.0,0.0,1.0,375.0,0.0,0.0,0.0,0.0,0.0,0.0,0.0,0.0,0.0,0.0,0.0,,,,0.0,0.0,0.0,0.0,0.0,0.0,,,32.7179069,-115.7155553,median of located nodes in IMPERIAL,0.3,county-centroid,publicqueuereport.xlsx+cluster15.xlsx,2026-09-07,026fde9,2026-09-08T02:07:34Z
SPENCE,SPENCE SUBSTATION,MONTEREY,PGAE,0.0,0.0,0.0,0.0,0.0,0.0,0.0,0.0,0.0,1.0,30.0,31.7579,0.0,0.0,0.0,0.0,0.0,0.0,0.0,0.0,0.0,0.0,,,,0.0,0.0,0.0,0.0,0.0,0.0,,,36.4301332,-121.3325147,median of located nodes in MONTEREY,0.3,county-centroid,publicqueuereport.xlsx+cluster15.xlsx,2026-09-07,026fde9,2026-09-08T02:07:34Z
SPI OF PG E S CARIBOU PLUMAS NEAR POLE 17 12,SPI,PLUMAS,PGAE,0.0,0.0,0.0,0.0,0.0,0.0,0.0,0.0,0.0,1.0,24.0,0.0,0.0,0.0,0.0,0.0,0.0,0.0,0.0,0.0,0.0,0.0,,,,0.0,0.0,0.0,0.0,0.0,0.0,,,,,,0.67,none,publicqueuereport.xlsx+cluster15.xlsx,2026-09-07,026fde9,2026-09-08T02:07:34Z
SPRING VALLEY,SPRING VALLEY SUBSTATION,SAN DIEGO,SDGE,0.0,0.0,0.0,0.0,0.0,0.0,0.0,0.0,0.0,2.0,100.0,101.6,1.0,80.0,81.6,0.0,0.0,0.0,0.0,0.0,0.0,0.0,,,,0.0,0.0,0.0,0.0,0.0,0.0,,,32.7390773,-117.0027506,Spring Valley Substation,1.0,exact,publicqueuereport.xlsx+cluster15.xlsx,2026-09-07,026fde9,2026-09-08T02:07:34Z
SPRINGERVILLE MUGUNDEN,SPRINGERVILLE MUGUNDEN,KERN,SCE,0.0,0.0,0.0,0.0,0.0,0.0,0.0,0.0,0.0,1.0,725.0,0.0,0.0,0.0,0.0,0.0,0.0,0.0,0.0,0.0,0.0,0.0,,,,0.0,0.0,0.0,0.0,0.0,0.0,,,35.2460173,-118.975825,median of located nodes in KERN,0.3,county-centroid,publicqueuereport.xlsx+cluster15.xlsx,2026-09-07,026fde9,2026-09-08T02:07:34Z
SPRINGVILLE RECTOR,SPRINGVILLE-RECTOR,TULARE,SCE,0.0,0.0,0.0,0.0,0.0,0.0,0.0,0.0,0.0,1.0,240.0,64.17,0.0,0.0,0.0,0.0,0.0,0.0,0.0,0.0,0.0,0.0,,,,0.0,0.0,0.0,0.0,0.0,0.0,,,36.2058923,-119.09165730000001,Springville Substation | Rector Substation,1.0,line-midpoint,publicqueuereport.xlsx+cluster15.xlsx,2026-09-07,026fde9,2026-09-08T02:07:34Z
STANDARD OIL,STANDARD OIL SWITCHING STATION,CONTRA COSTA,PGAE,0.0,0.0,0.0,0.0,0.0,0.0,1.0,0.0,0.0,0.0,0.0,0.0,0.0,0.0,0.0,0.0,0.0,0.0,0.0,0.0,0.0,0.0,,,,0.0,0.0,0.0,0.0,0.0,0.0,,,37.9454586,-122.3811407,Standard Oil 5 Substation,0.92,fuzzy,publicqueuereport.xlsx+cluster15.xlsx,2026-09-07,026fde9,2026-09-08T02:07:34Z
STANISLAUS MANTECA,STANISLAUS - MANTECA #2,SAN JOAQUIN,PGAE,0.0,0.0,0.0,0.0,0.0,0.0,0.0,0.0,0.0,1.0,100.0,0.0,0.0,0.0,0.0,0.0,0.0,0.0,0.0,0.0,0.0,0.0,,,,0.0,0.0,0.0,0.0,0.0,0.0,,,37.9695514,-120.7972392,Stanislaus | Manteca Substation,1.0,line-midpoint,publicqueuereport.xlsx+cluster15.xlsx,2026-09-07,026fde9,2026-09-08T02:07:34Z
STOCKTON A COGENERATION NATIONAL,STOCKTON A #1 LINE,SAN JOAQUIN,PGAE,0.0,0.0,0.0,0.0,0.0,0.0,0.0,0.0,0.0,1.0,5.0,0.0,0.0,0.0,0.0,0.0,0.0,0.0,5.0,0.0,0.0,0.0,,,,0.0,0.0,0.0,0.0,0.0,0.0,,,37.7770366,-121.31472865,median of located nodes in SAN JOAQUIN,0.3,county-centroid,publicqueuereport.xlsx+cluster15.xlsx,2026-09-07,026fde9,2026-09-08T02:07:34Z
SHINGLE SPRINGS,SHINGLE SPRINGS SUBSTATION,EL DORADO,PGAE,0.0,0.0,0.0,0.0,0.0,0.0,0.0,0.0,0.0,2.0,50.0,50.0,0.0,0.0,0.0,0.0,0.0,0.0,0.0,0.0,0.0,0.0,,,,0.0,0.0,0.0,0.0,0.0,0.0,,,38.6592948,-120.9472318,Shingle Springs Substation,1.0,exact,publicqueuereport.xlsx+cluster15.xlsx,2026-09-07,026fde9,2026-09-08T02:07:34Z
SHADOWRIDGE,SHADOWRIDGE SUBSTATION,SAN DIEGO,SDGE,0.0,0.0,0.0,0.0,0.0,0.0,0.0,0.0,0.0,1.0,101.1,101.9,1.0,101.1,101.9,0.0,0.0,0.0,0.0,0.0,0.0,0.0,,,,0.0,0.0,0.0,0.0,0.0,0.0,,,33.1414668,-117.238851,Shadowridge Substation,1.0,exact,publicqueuereport.xlsx+cluster15.xlsx,2026-09-07,026fde9,2026-09-08T02:07:34Z
SF AIRPORT,SF AIRPORT SUBSTATION,SAN FRANCISCO,PGAE,0.0,0.0,0.0,0.0,0.0,0.0,0.0,0.0,0.0,1.0,48.7,0.0,0.0,0.0,0.0,0.0,0.0,0.0,48.7,0.0,0.0,0.0,,,,0.0,0.0,0.0,0.0,0.0,0.0,,,,,,0.82,none,publicqueuereport.xlsx+cluster15.xlsx,2026-09-07,026fde9,2026-09-08T02:07:34Z
SCE RANCHO VISTA,SCE RANCHO VISTA,SAN BERNARDINO,SCE,0.0,0.0,0.0,0.0,0.0,0.0,0.0,0.0,0.0,1.0,698.0,0.0,0.0,0.0,0.0,0.0,0.0,0.0,698.0,0.0,0.0,0.0,,,,0.0,0.0,0.0,0.0,0.0,0.0,,,34.7816824,-117.3693963,median of located nodes in SAN BERNARDINO,0.3,county-centroid,publicqueuereport.xlsx+cluster15.xlsx,2026-09-07,026fde9,2026-09-08T02:07:34Z
SANDLOT,SANDLOT SUBSTATION,SAN BERNARDINO,SCE,0.0,0.0,0.0,0.0,0.0,0.0,1.0,25.0,0.0,0.0,0.0,0.0,0.0,0.0,0.0,0.0,0.0,0.0,0.0,0.0,0.0,0.0,,0.0,,0.0,0.0,0.0,0.0,0.0,0.0,,,34.7816824,-117.3693963,median of located nodes in SAN BERNARDINO,0.3,county-centroid,publicqueuereport.xlsx+cluster15.xlsx,2026-09-07,026fde9,2026-09-08T02:07:34Z
SANGER CO GEN 115 13 8KV,SANGER CO-GEN 115/13.8KV SUB,,PGAE,0.0,0.0,0.0,0.0,0.0,0.0,0.0,0.0,0.0,1.0,48.3,0.0,0.0,0.0,0.0,0.0,0.0,0.0,48.3,0.0,0.0,0.0,,,,0.0,0.0,0.0,0.0,0.0,0.0,,,,,,0.8,none,publicqueuereport.xlsx+cluster15.xlsx,2026-09-07,026fde9,2026-09-08T02:07:34Z
SANGER REEDLEY,SANGER-REEDLEY,FRESNO,PGAE,0.0,0.0,0.0,0.0,0.0,0.0,0.0,0.0,0.0,1.0,58.3,0.0,0.0,0.0,0.0,0.0,0.0,0.0,0.0,0.0,0.0,0.0,,,,0.0,0.0,0.0,0.0,0.0,0.0,,,36.7083453,-119.6112851,Sanger Substation,0.7,line-one-end,publicqueuereport.xlsx+cluster15.xlsx,2026-09-07,026fde9,2026-09-08T02:07:34Z
SANTA CLARA,SANTA CLARA SUBSTATION,VENTURA,SCE,0.0,0.0,0.0,0.0,0.0,0.0,0.0,0.0,0.0,4.0,1707.0,52.25,0.0,0.0,0.0,0.0,0.0,0.0,0.0,0.0,0.0,0.0,,,,0.0,0.0,0.0,0.0,0.0,0.0,,,34.3021917,-119.1854388,Santa Clara Substation,1.0,exact,publicqueuereport.xlsx+cluster15.xlsx,2026-09-07,026fde9,2026-09-08T02:07:34Z
SANTA MARIA COGEN,SANTA MARIA COGEN,SANTA BARBARA,PGAE,0.0,0.0,0.0,0.0,0.0,0.0,0.0,0.0,0.0,2.0,72.0,72.8,0.0,0.0,0.0,0.0,0.0,0.0,0.0,0.0,0.0,0.0,,,,0.0,0.0,0.0,0.0,0.0,0.0,,,34.555921850000004,-120.1607735,median of located nodes in SANTA BARBARA,0.3,county-centroid,publicqueuereport.xlsx+cluster15.xlsx,2026-09-07,026fde9,2026-09-08T02:07:34Z
SANTA NELLA CANAL,SANTA NELLA-CANAL,MERCED,PGAE,0.0,0.0,0.0,0.0,0.0,0.0,0.0,0.0,0.0,1.0,49.0,0.0,0.0,0.0,0.0,0.0,0.0,0.0,0.0,0.0,0.0,0.0,,,,0.0,0.0,0.0,0.0,0.0,0.0,,,37.0530047,-121.0205078,median of located nodes in MERCED,0.3,county-centroid,publicqueuereport.xlsx+cluster15.xlsx,2026-09-07,026fde9,2026-09-08T02:07:34Z
SANTA ROSA CORONA,SANTA ROSA-CORONA,SONOMA,PGAE,0.0,0.0,0.0,0.0,0.0,0.0,0.0,0.0,0.0,1.0,210.0,189.3015,1.0,210.0,189.3015,0.0,0.0,0.0,0.0,0.0,0.0,0.0,,,,0.0,0.0,0.0,0.0,0.0,0.0,,,33.816028849999995,-116.98186925,Santa Rosa Substation | Corona Substation,1.0,line-midpoint,publicqueuereport.xlsx+cluster15.xlsx,2026-09-07,026fde9,2026-09-08T02:07:34Z
SCE HIGHWIND,SCE HIGHWIND SUB #2 (PROPOSED),KERN,SCE,0.0,0.0,0.0,0.0,0.0,0.0,0.0,0.0,0.0,2.0,845.0,0.0,0.0,0.0,0.0,0.0,0.0,0.0,0.0,0.0,0.0,0.0,,,,0.0,0.0,0.0,0.0,0.0,0.0,,,35.2460173,-118.975825,median of located nodes in KERN,0.3,county-centroid,publicqueuereport.xlsx+cluster15.xlsx,2026-09-07,026fde9,2026-09-08T02:07:34Z
SCE MOHAVE,SCE MOHAVE SUBSTATION,MOHAVE,SCE,0.0,0.0,0.0,0.0,0.0,0.0,0.0,0.0,0.0,1.0,550.0,0.0,0.0,0.0,0.0,0.0,0.0,0.0,0.0,0.0,0.0,0.0,,,,0.0,0.0,0.0,0.0,0.0,0.0,,,,,,0.75,none,publicqueuereport.xlsx+cluster15.xlsx,2026-09-07,026fde9,2026-09-08T02:07:34Z
SCE PORTION OF KRAMER BLM WEST,SCE PORTION OF KRAMER BLM WEST,KERN,SCE,0.0,0.0,0.0,0.0,0.0,0.0,0.0,0.0,0.0,1.0,250.0,0.0,0.0,0.0,0.0,0.0,0.0,0.0,0.0,0.0,0.0,0.0,,,,0.0,0.0,0.0,0.0,0.0,0.0,,,35.2460173,-118.975825,median of located nodes in KERN,0.3,county-centroid,publicqueuereport.xlsx+cluster15.xlsx,2026-09-07,026fde9,2026-09-08T02:07:34Z
SCE VALLEY,SCE VALLEY SUBSTATION,RIVERSIDE,SCE,0.0,0.0,0.0,0.0,0.0,0.0,1.0,810.0,0.0,0.0,0.0,0.0,0.0,0.0,0.0,0.0,0.0,0.0,0.0,0.0,0.0,0.0,,0.0,,0.0,0.0,0.0,0.0,0.0,0.0,,,33.832733000000005,-116.0744455,median of located nodes in RIVERSIDE,0.3,county-centroid,publicqueuereport.xlsx+cluster15.xlsx,2026-09-07,026fde9,2026-09-08T02:07:34Z
SERRANO,SERRANO SUBSTATION,ORANGE,SCE,0.0,0.0,0.0,0.0,0.0,0.0,0.0,0.0,0.0,1.0,300.0,300.0,1.0,300.0,300.0,0.0,0.0,0.0,300.0,0.0,0.0,0.0,,,,0.0,0.0,0.0,0.0,0.0,0.0,,,33.8289323,-117.7897166,Serrano Substation,1.0,exact,publicqueuereport.xlsx+cluster15.xlsx,2026-09-07,026fde9,2026-09-08T02:07:34Z
SCE WHIRLWIND,SCE WHIRLWIND SUBSTATION,KERN,SCE,0.0,0.0,0.0,0.0,0.0,0.0,0.0,0.0,0.0,1.0,312.22,0.0,0.0,0.0,0.0,0.0,0.0,0.0,0.0,0.0,0.0,0.0,,,,0.0,0.0,0.0,0.0,0.0,0.0,,,35.2460173,-118.975825,median of located nodes in KERN,0.3,county-centroid,publicqueuereport.xlsx+cluster15.xlsx,2026-09-07,026fde9,2026-09-08T02:07:34Z
SCHINDLER,SCHINDLER SUBSTATION,FRESNO,PGAE,0.0,0.0,0.0,0.0,0.0,0.0,0.0,0.0,0.0,10.0,590.0,0.0,0.0,0.0,0.0,0.0,0.0,0.0,20.0,0.0,0.0,0.0,,,,0.0,0.0,0.0,0.0,0.0,0.0,,,36.587580525,-120.1256622,median of located nodes in FRESNO,0.3,county-centroid,publicqueuereport.xlsx+cluster15.xlsx,2026-09-07,026fde9,2026-09-08T02:07:34Z
SCHINDLER COALINGA,SCHINDLER-COALINGA #2,FRESNO,PGAE,0.0,0.0,0.0,0.0,0.0,0.0,1.0,20.0,0.0,0.0,0.0,0.0,0.0,0.0,0.0,0.0,0.0,0.0,0.0,0.0,0.0,0.0,,0.0,,0.0,0.0,0.0,0.0,0.0,0.0,,,36.587580525,-120.1256622,median of located nodes in FRESNO,0.3,county-centroid,publicqueuereport.xlsx+cluster15.xlsx,2026-09-07,026fde9,2026-09-08T02:07:34Z
SCHINDLER HURON GATES,SCHINDLER-HURON-GATES,FRESNO,PGAE,0.0,0.0,0.0,0.0,0.0,0.0,1.0,20.0,0.0,1.0,20.0,5.0,0.0,0.0,0.0,0.0,0.0,0.0,20.0,0.0,0.0,0.0,,1.0,,0.0,0.0,0.0,0.0,0.0,0.0,,,36.587580525,-120.1256622,median of located nodes in FRESNO,0.3,county-centroid,publicqueuereport.xlsx+cluster15.xlsx,2026-09-07,026fde9,2026-09-08T02:07:34Z
SCHINDLER TRANSMISSION,SCHINDLER TRANSMISSION LINE TAP,FRESNO,PGAE,0.0,0.0,0.0,0.0,0.0,0.0,0.0,0.0,0.0,1.0,42.1,0.0,0.0,0.0,0.0,0.0,0.0,0.0,0.0,0.0,0.0,0.0,,,,0.0,0.0,0.0,0.0,0.0,0.0,,,36.587580525,-120.1256622,median of located nodes in FRESNO,0.3,county-centroid,publicqueuereport.xlsx+cluster15.xlsx,2026-09-07,026fde9,2026-09-08T02:07:34Z
SCRIPPS,SCRIPPS SUBSTATION,SAN DIEGO,SDGE,0.0,0.0,0.0,0.0,0.0,0.0,0.0,0.0,0.0,1.0,70.0,71.3,1.0,70.0,71.3,0.0,0.0,0.0,70.0,0.0,0.0,0.0,,,,1.0,70.0,0.0,70.0,0.0,0.0,,,32.9111127,-117.1126304,Scripps Substation,1.0,exact,publicqueuereport.xlsx+cluster15.xlsx,2026-09-07,026fde9,2026-09-08T02:07:34Z
SDG E MARGARITA,SDG&E MARGARITA SUBSTATION,ORANGE,SDGE,0.0,0.0,0.0,0.0,0.0,0.0,0.0,0.0,0.0,1.0,99.0,0.0,0.0,0.0,0.0,0.0,0.0,0.0,0.0,0.0,0.0,0.0,,,,0.0,0.0,0.0,0.0,0.0,0.0,,,33.6709714,-117.7316303,median of located nodes in ORANGE,0.3,county-centroid,publicqueuereport.xlsx+cluster15.xlsx,2026-09-07,026fde9,2026-09-08T02:07:34Z
SDG E PALA,SDG&E PALA SUBSTATION,SAN DIEGO,SDGE,0.0,0.0,0.0,0.0,0.0,0.0,0.0,0.0,0.0,1.0,99.0,0.0,0.0,0.0,0.0,0.0,0.0,0.0,0.0,0.0,0.0,0.0,,,,0.0,0.0,0.0,0.0,0.0,0.0,,,32.90258,-117.1167373,median of located nodes in SAN DIEGO,0.3,county-centroid,publicqueuereport.xlsx+cluster15.xlsx,2026-09-07,026fde9,2026-09-08T02:07:34Z
SEMITROPIC,SEMITROPIC,KERN,PGAE,0.0,0.0,0.0,0.0,0.0,0.0,0.0,0.0,0.0,2.0,150.75,0.0,0.0,0.0,0.0,0.0,0.0,0.0,0.0,0.0,0.0,0.0,,,,0.0,0.0,0.0,0.0,0.0,0.0,,,35.6008203,-119.437539,Semitropic Substation,1.0,exact,publicqueuereport.xlsx+cluster15.xlsx,2026-09-07,026fde9,2026-09-08T02:07:34Z
SEMITROPIC MIDWAY,SEMITROPIC  - MIDWAY #1,KERN,PGAE,0.0,0.0,0.0,0.0,0.0,0.0,2.0,35.0,0.0,2.0,120.0,101.7915,1.0,100.0,101.7915,0.0,0.0,0.0,0.0,0.0,0.0,0.0,,3.43,,0.0,0.0,0.0,0.0,0.0,0.0,,,35.501881600000004,-119.44491875,Semitropic Substation | Midway Substation,1.0,line-midpoint,publicqueuereport.xlsx+cluster15.xlsx,2026-09-07,026fde9,2026-09-08T02:07:34Z
MERCED,MERCED #1,MERCED,PGAE,0.0,0.0,0.0,0.0,0.0,0.0,1.0,0.5,0.0,4.0,75.0,0.0,0.0,0.0,0.0,0.0,0.0,0.0,0.0,0.0,0.0,0.0,,150.0,,0.0,0.0,0.0,0.0,0.0,0.0,,,34.0497237,-117.90727,Merced Substation,1.0,exact,publicqueuereport.xlsx+cluster15.xlsx,2026-09-07,026fde9,2026-09-08T02:07:34Z
0 2 MILE FROM MORO HILL ON THE MORO HILL MONSERATE,0.2-MILE FROM MORO HILL TAP ON THE MORO HILL TAP - MONSERATE,SAN DIEGO,SDGE,0.0,0.0,0.0,0.0,0.0,0.0,0.0,0.0,0.0,1.0,84.0,20.0,0.0,0.0,0.0,0.0,0.0,0.0,0.0,0.0,0.0,0.0,,,,0.0,0.0,0.0,0.0,0.0,0.0,,,32.90258,-117.1167373,median of located nodes in SAN DIEGO,0.3,county-centroid,publicqueuereport.xlsx+cluster15.xlsx,2026-09-07,026fde9,2026-09-08T02:07:34Z
MENDOTA SAN JOAQUIN HELM,MENDOTA-SAN JOAQUIN-HELM,FRESNO,PGAE,0.0,0.0,0.0,0.0,0.0,0.0,1.0,5.0,0.0,5.0,309.3,0.0,0.0,0.0,0.0,0.0,0.0,0.0,0.30000000000000004,0.0,0.0,0.0,,61.86,,0.0,0.0,0.0,0.0,0.0,0.0,,,36.587580525,-120.1256622,median of located nodes in FRESNO,0.3,county-centroid,publicqueuereport.xlsx+cluster15.xlsx,2026-09-07,026fde9,2026-09-08T02:07:34Z
COOL WATERDUNN SIDING BAKER MOUNT PASS IVANPAH,COOL WATERDUNN SIDING BAKER MOUNT PASS IVANPAH,SAN BERNARDINO,SCE,0.0,0.0,0.0,0.0,0.0,0.0,0.0,0.0,0.0,1.0,70.736,0.0,0.0,0.0,0.0,0.0,0.0,0.0,0.0,0.0,0.0,0.0,,,,0.0,0.0,0.0,0.0,0.0,0.0,,,34.7816824,-117.3693963,median of located nodes in SAN BERNARDINO,0.3,county-centroid,publicqueuereport.xlsx+cluster15.xlsx,2026-09-07,026fde9,2026-09-08T02:07:34Z
COOLWATER,COOLWATER SUBSTATION,SAN BERNARDINO,SCE,0.0,0.0,0.0,0.0,0.0,0.0,1.0,113.5,113.5,4.0,657.64,270.86,1.0,200.0,204.16,0.0,0.0,0.0,410.94,0.0,0.0,0.0,1.8,5.79,,0.0,0.0,0.0,0.0,0.0,0.0,,,34.7816824,-117.3693963,median of located nodes in SAN BERNARDINO,0.3,county-centroid,publicqueuereport.xlsx+cluster15.xlsx,2026-09-07,026fde9,2026-09-08T02:07:34Z
COOLWATER DUNN SIDING,COOLWATER-DUNN SIDING,SAN BERNARDINO,SCE,0.0,0.0,0.0,0.0,0.0,0.0,0.0,0.0,0.0,2.0,305.0,0.0,0.0,0.0,0.0,0.0,0.0,0.0,230.0,0.0,0.0,0.0,,,,0.0,0.0,0.0,0.0,0.0,0.0,,,34.7816824,-117.3693963,median of located nodes in SAN BERNARDINO,0.3,county-centroid,publicqueuereport.xlsx+cluster15.xlsx,2026-09-07,026fde9,2026-09-08T02:07:34Z
COOLWATER DUNNSIDING BAKER,COOLWATER-DUNNSIDING-BAKER SUBSTATION,KERN,SCE,0.0,0.0,0.0,0.0,0.0,0.0,0.0,0.0,0.0,1.0,75.0,0.0,0.0,0.0,0.0,0.0,0.0,0.0,0.0,0.0,0.0,0.0,,,,0.0,0.0,0.0,0.0,0.0,0.0,,,35.2460173,-118.975825,median of located nodes in KERN,0.3,county-centroid,publicqueuereport.xlsx+cluster15.xlsx,2026-09-07,026fde9,2026-09-08T02:07:34Z
COOLWATER KRAMER,COOLWATER-KRAMER,SAN BERNARDINO,SCE,0.0,0.0,0.0,0.0,0.0,0.0,1.0,250.0,0.0,1.0,49.25,0.0,0.0,0.0,0.0,0.0,0.0,0.0,0.0,0.0,0.0,0.0,,0.2,,0.0,0.0,0.0,0.0,0.0,0.0,,,34.9896952,-117.5421983,Kramer Substation,0.7,line-one-end,publicqueuereport.xlsx+cluster15.xlsx,2026-09-07,026fde9,2026-09-08T02:07:34Z
COPUS OLD RIVER,COPUS-OLD RIVER,KERN,PGAE,0.0,0.0,0.0,0.0,0.0,0.0,2.0,30.0,0.0,0.0,0.0,0.0,0.0,0.0,0.0,0.0,0.0,0.0,0.0,0.0,0.0,0.0,,0.0,,0.0,0.0,0.0,0.0,0.0,0.0,,,35.2460173,-118.975825,median of located nodes in KERN,0.3,county-centroid,publicqueuereport.xlsx+cluster15.xlsx,2026-09-07,026fde9,2026-09-08T02:07:34Z
COPUS ROAD,COPUS ROAD SUB,KERN,PGAE,0.0,0.0,0.0,0.0,0.0,0.0,1.0,20.0,0.0,0.0,0.0,0.0,0.0,0.0,0.0,0.0,0.0,0.0,0.0,0.0,0.0,0.0,,0.0,,0.0,0.0,0.0,0.0,0.0,0.0,,,35.2460173,-118.975825,median of located nodes in KERN,0.3,county-centroid,publicqueuereport.xlsx+cluster15.xlsx,2026-09-07,026fde9,2026-09-08T02:07:34Z
CORAM ROSEMOND,CORAM-ROSEMOND,KERN,SCE,0.0,0.0,0.0,0.0,0.0,0.0,0.0,0.0,0.0,1.0,100.0,0.0,0.0,0.0,0.0,0.0,0.0,0.0,0.0,0.0,0.0,0.0,,,,0.0,0.0,0.0,0.0,0.0,0.0,,,35.2460173,-118.975825,median of located nodes in KERN,0.3,county-centroid,publicqueuereport.xlsx+cluster15.xlsx,2026-09-07,026fde9,2026-09-08T02:07:34Z
CORCORAN,CORCORAN,KINGS,PGAE,0.0,0.0,0.0,0.0,0.0,0.0,0.0,0.0,0.0,1.0,85.0,87.5,1.0,85.0,87.5,0.0,0.0,0.0,85.0,0.0,0.0,0.0,,,,0.0,0.0,0.0,0.0,0.0,0.0,,,36.109471,-119.5576041,Corcoran Substation,1.0,exact,publicqueuereport.xlsx+cluster15.xlsx,2026-09-07,026fde9,2026-09-08T02:07:34Z
CORCORAN GUERNSEY,CORCORAN-GUERNSEY,KINGS,PGAE,0.0,0.0,0.0,0.0,0.0,0.0,0.0,0.0,0.0,1.0,40.0,0.0,0.0,0.0,0.0,0.0,0.0,0.0,0.0,0.0,0.0,0.0,,,,0.0,0.0,0.0,0.0,0.0,0.0,,,36.109471,-119.5576041,Corcoran Substation,0.7,line-one-end,publicqueuereport.xlsx+cluster15.xlsx,2026-09-07,026fde9,2026-09-08T02:07:34Z
CORCORAN KINGSBURG,CORCORAN- KINGSBURG #1,KINGS,PGAE,0.0,0.0,0.0,0.0,0.0,0.0,3.0,59.75,0.0,0.0,0.0,0.0,0.0,0.0,0.0,0.0,0.0,0.0,0.0,0.0,0.0,0.0,,0.0,,0.0,0.0,0.0,0.0,0.0,0.0,,,36.109471,-119.5576041,Corcoran Substation,0.7,line-one-end,publicqueuereport.xlsx+cluster15.xlsx,2026-09-07,026fde9,2026-09-08T02:07:34Z
CORCORAN OLIVE,CORCORAN-OLIVE,TULARE,PGAE,0.0,0.0,0.0,0.0,0.0,0.0,1.0,10.0,10.0,0.0,0.0,0.0,0.0,0.0,0.0,0.0,0.0,0.0,0.0,0.0,0.0,0.0,0.0,0.0,,0.0,0.0,0.0,0.0,0.0,0.0,,,36.109471,-119.5576041,Corcoran Substation,0.7,line-one-end,publicqueuereport.xlsx+cluster15.xlsx,2026-09-07,026fde9,2026-09-08T02:07:34Z
CORCORAN SMYRNA,CORCORAN-SMYRNA,TULARE,PGAE,0.0,0.0,0.0,0.0,0.0,0.0,0.0,0.0,0.0,3.0,155.7,0.0,0.0,0.0,0.0,0.0,0.0,0.0,0.0,0.0,0.0,0.0,,,,0.0,0.0,0.0,0.0,0.0,0.0,,,36.109471,-119.5576041,Corcoran Substation,0.7,line-one-end,publicqueuereport.xlsx+cluster15.xlsx,2026-09-07,026fde9,2026-09-08T02:07:34Z
CORRAL,CORRAL SUBSTATION,SAN JOAQUIN,PGAE,0.0,0.0,0.0,0.0,0.0,0.0,0.0,0.0,0.0,1.0,20.0,0.0,0.0,0.0,0.0,0.0,0.0,0.0,0.0,0.0,0.0,0.0,,,,0.0,0.0,0.0,0.0,0.0,0.0,,,37.7770366,-121.31472865,median of located nodes in SAN JOAQUIN,0.3,county-centroid,publicqueuereport.xlsx+cluster15.xlsx,2026-09-07,026fde9,2026-09-08T02:07:34Z
CORTINA MENDOCINO AND CORTINA EAGLE ROCK LINES,CORTINA-MENDOCINO  AND  CORTINA-EAGLE ROCK,LAKE,PGAE,0.0,0.0,0.0,0.0,0.0,0.0,0.0,0.0,0.0,1.0,140.9,0.0,1.0,140.9,0.0,0.0,0.0,0.0,140.9,0.0,0.0,0.0,,,,0.0,0.0,0.0,0.0,0.0,0.0,,,39.1206016,-122.2231973,Cortina Substation,0.7,line-one-end,publicqueuereport.xlsx+cluster15.xlsx,2026-09-07,026fde9,2026-09-08T02:07:34Z
CORTINA VACA 230 DELEVAN VACA AND DELEVAN VACA,CORTINA - VACA 230; DELEVAN - VACA #1,YOLO,PGAE,0.0,0.0,0.0,0.0,0.0,0.0,0.0,0.0,0.0,1.0,301.35,0.0,0.0,0.0,0.0,0.0,0.0,0.0,0.0,0.0,0.0,0.0,,,,0.0,0.0,0.0,0.0,0.0,0.0,,,39.1206016,-122.2231973,Cortina Substation,0.7,line-one-end,publicqueuereport.xlsx+cluster15.xlsx,2026-09-07,026fde9,2026-09-08T02:07:34Z
CORUM GOLDTOWN,CORUM-GOLDTOWN,KERN,SCE,0.0,0.0,0.0,0.0,0.0,0.0,0.0,0.0,0.0,2.0,115.0,0.0,0.0,0.0,0.0,0.0,0.0,0.0,0.0,0.0,0.0,0.0,,,,0.0,0.0,0.0,0.0,0.0,0.0,,,35.2460173,-118.975825,median of located nodes in KERN,0.3,county-centroid,publicqueuereport.xlsx+cluster15.xlsx,2026-09-07,026fde9,2026-09-08T02:07:34Z
COSO KRAMER,COSO-KRAMER,INYO,SCE,0.0,0.0,0.0,0.0,0.0,0.0,0.0,0.0,0.0,1.0,75.0,0.0,0.0,0.0,0.0,0.0,0.0,0.0,0.0,0.0,0.0,0.0,,,,0.0,0.0,0.0,0.0,0.0,0.0,,,34.9896952,-117.5421983,Kramer Substation,0.7,line-one-end,publicqueuereport.xlsx+cluster15.xlsx,2026-09-07,026fde9,2026-09-08T02:07:34Z
COTTONWIND WHIRLWIND,COTTONWIND-WHIRLWIND,KERN,SCE,0.0,0.0,0.0,0.0,0.0,0.0,2.0,586.0,0.0,0.0,0.0,0.0,0.0,0.0,0.0,0.0,0.0,0.0,0.0,0.0,0.0,0.0,,0.0,,0.0,0.0,0.0,0.0,0.0,0.0,,,34.8578451,-118.4373291,Whirlwind Substation,0.7,line-one-end,publicqueuereport.xlsx+cluster15.xlsx,2026-09-07,026fde9,2026-09-08T02:07:34Z
COTTONWOOD,COTTONWOOD SUBSTATION,SHASTA,PGAE,0.0,0.0,0.0,0.0,0.0,0.0,0.0,0.0,0.0,1.0,101.1,102.0,0.0,0.0,0.0,0.0,0.0,0.0,0.0,0.0,0.0,0.0,,,,0.0,0.0,0.0,0.0,0.0,0.0,,,40.3979023,-122.2642981,Cottonwood Substation,1.0,exact,publicqueuereport.xlsx+cluster15.xlsx,2026-09-07,026fde9,2026-09-08T02:07:34Z
COTTONWOOD DELEVAN,COTTONWOOD-DELEVAN,TEHAMA,PGAE,0.0,0.0,0.0,0.0,0.0,0.0,0.0,0.0,0.0,2.0,602.15,0.0,0.0,0.0,0.0,0.0,0.0,0.0,0.0,0.0,0.0,0.0,,,,0.0,0.0,0.0,0.0,0.0,0.0,,,39.8830556,-122.2668831,Cottonwood Substation | Delevan Substation,1.0,line-midpoint,publicqueuereport.xlsx+cluster15.xlsx,2026-09-07,026fde9,2026-09-08T02:07:34Z
COTTONWOOD DELEVAN AND,COTTONWOOD-DELEVAN #1 AND #2,TEHAMA,PGAE,0.0,0.0,0.0,0.0,0.0,0.0,0.0,0.0,0.0,2.0,390.0,251.9,2.0,390.0,251.9,0.0,0.0,0.0,390.0,0.0,0.0,0.0,,,,0.0,0.0,0.0,0.0,0.0,0.0,,,40.3979023,-122.2642981,Cottonwood Substation,0.7,line-one-end,publicqueuereport.xlsx+cluster15.xlsx,2026-09-07,026fde9,2026-09-08T02:07:34Z
COTTONWOOD LOGAN CREEK VACA DIXON,TAP COTTONWOOD-LOGAN CREEK-VACA DIXON,GLENN,PGAE,0.0,0.0,0.0,0.0,0.0,0.0,0.0,0.0,0.0,1.0,49.0,0.0,0.0,0.0,0.0,0.0,0.0,0.0,0.0,0.0,0.0,0.0,,,,0.0,0.0,0.0,0.0,0.0,0.0,,,39.968705099999994,-122.26365785,Cottonwood Substation | Logan Creek Substation,1.0,line-midpoint,publicqueuereport.xlsx+cluster15.xlsx,2026-09-07,026fde9,2026-09-08T02:07:34Z
COTTONWOOD SAVAGE,COTTONWOOD-SAVAGE,SAN BERNARDINO,SCE,0.0,0.0,0.0,0.0,0.0,0.0,0.0,0.0,0.0,1.0,70.0,0.0,0.0,0.0,0.0,0.0,0.0,0.0,0.0,0.0,0.0,0.0,,,,0.0,0.0,0.0,0.0,0.0,0.0,,,40.3979023,-122.2642981,Cottonwood Substation,0.7,line-one-end,publicqueuereport.xlsx+cluster15.xlsx,2026-09-07,026fde9,2026-09-08T02:07:34Z
COOLEY LANDING,COOLEY LANDING,SAN MATEO,PGAE,0.0,0.0,0.0,0.0,0.0,0.0,0.0,0.0,0.0,2.0,85.0,120.9,1.0,65.0,100.9,0.0,0.0,0.0,65.0,0.0,0.0,0.0,,,,0.0,0.0,0.0,0.0,1.0,0.0,,,37.4737395,-122.1279853,Cooley Landing Substation,1.0,exact,publicqueuereport.xlsx+cluster15.xlsx,2026-09-07,026fde9,2026-09-08T02:07:34Z
COOL WATER SEGS2 TORTILLA,COOL WATER-SEGS2-TORTILLA,SAN BERNARDINO,SCE,0.0,0.0,0.0,0.0,0.0,0.0,0.0,0.0,0.0,1.0,198.65,0.0,0.0,0.0,0.0,0.0,0.0,0.0,0.0,0.0,0.0,0.0,,,,0.0,0.0,0.0,0.0,0.0,0.0,,,34.7816824,-117.3693963,median of located nodes in SAN BERNARDINO,0.3,county-centroid,publicqueuereport.xlsx+cluster15.xlsx,2026-09-07,026fde9,2026-09-08T02:07:34Z
CRAZY EYE,CRAZY EYE TAP SUBSTATION,NYE,VEA,0.0,0.0,0.0,0.0,0.0,0.0,0.0,0.0,0.0,1.0,540.0,0.0,0.0,0.0,0.0,0.0,0.0,0.0,540.0,0.0,0.0,0.0,,,,0.0,0.0,0.0,0.0,0.0,0.0,,,35.086571649999996,-116.5531878,median of located nodes in NYE,0.3,county-centroid,publicqueuereport.xlsx+cluster15.xlsx,2026-09-07,026fde9,2026-09-08T02:07:34Z
COOL WATER KRAMER,COOL WATER-KRAMER #1,SAN BERNARDINO,SCE,0.0,0.0,0.0,0.0,0.0,0.0,0.0,0.0,0.0,4.0,851.65,0.0,0.0,0.0,0.0,0.0,0.0,0.0,0.0,0.0,0.0,0.0,,,,0.0,0.0,0.0,0.0,0.0,0.0,,,34.9896952,-117.5421983,Kramer Substation,0.7,line-one-end,publicqueuereport.xlsx+cluster15.xlsx,2026-09-07,026fde9,2026-09-08T02:07:34Z
COALINGA,COALINGA,FRESNO,PGAE,0.0,0.0,0.0,0.0,0.0,0.0,0.0,0.0,0.0,2.0,70.0,0.0,0.0,0.0,0.0,0.0,0.0,0.0,0.0,0.0,0.0,0.0,,,,0.0,0.0,0.0,0.0,0.0,0.0,,,36.587580525,-120.1256622,median of located nodes in FRESNO,0.3,county-centroid,publicqueuereport.xlsx+cluster15.xlsx,2026-09-07,026fde9,2026-09-08T02:07:34Z
COALINGA 1 COALINGA 2,COALINGA 1-COALINGA 2,FRESNO,PGAE,0.0,0.0,0.0,0.0,0.0,0.0,0.0,0.0,0.0,1.0,20.0,0.0,0.0,0.0,0.0,0.0,0.0,0.0,0.0,0.0,0.0,0.0,,,,0.0,0.0,0.0,0.0,0.0,0.0,,,36.587580525,-120.1256622,median of located nodes in FRESNO,0.3,county-centroid,publicqueuereport.xlsx+cluster15.xlsx,2026-09-07,026fde9,2026-09-08T02:07:34Z
COALINGA 1 GATES,COALINGA 1-GATES,FRESNO,PGAE,0.0,0.0,0.0,0.0,0.0,0.0,0.0,0.0,0.0,1.0,10.0,0.0,0.0,0.0,0.0,0.0,0.0,0.0,0.0,0.0,0.0,0.0,,,,0.0,0.0,0.0,0.0,0.0,0.0,,,36.1413374,-120.1256622,Gates Substation,0.7,line-one-end,publicqueuereport.xlsx+cluster15.xlsx,2026-09-07,026fde9,2026-09-08T02:07:34Z
COALINGA COALINGA APPROX 1 9 MILES SOUTH OF COALINGA AND 1 MILE EAST OF THE PROJECT SITE,COALINGA #2 - COALINGA #1,FRESNO,PGAE,0.0,0.0,0.0,0.0,0.0,0.0,0.0,0.0,0.0,1.0,60.85,0.0,0.0,0.0,0.0,0.0,0.0,0.0,0.0,0.0,0.0,0.0,,,,0.0,0.0,0.0,0.0,0.0,0.0,,,36.587580525,-120.1256622,median of located nodes in FRESNO,0.3,county-centroid,publicqueuereport.xlsx+cluster15.xlsx,2026-09-07,026fde9,2026-09-08T02:07:34Z
COALINGA COGEN,COALINGA COGEN TAP,FRESNO,PGAE,0.0,0.0,0.0,0.0,0.0,0.0,0.0,0.0,0.0,1.0,65.0,0.0,0.0,0.0,0.0,0.0,0.0,0.0,0.0,0.0,0.0,0.0,,,,0.0,0.0,0.0,0.0,0.0,0.0,,,36.587580525,-120.1256622,median of located nodes in FRESNO,0.3,county-centroid,publicqueuereport.xlsx+cluster15.xlsx,2026-09-07,026fde9,2026-09-08T02:07:34Z
COALINGA COGEN TORNADO DIST,COALINGA COGEN,FRESNO,PGAE,0.0,0.0,0.0,0.0,0.0,0.0,0.0,0.0,0.0,1.0,12.0,0.0,0.0,0.0,0.0,0.0,0.0,0.0,0.0,0.0,0.0,0.0,,,,0.0,0.0,0.0,0.0,0.0,0.0,,,36.587580525,-120.1256622,median of located nodes in FRESNO,0.3,county-centroid,publicqueuereport.xlsx+cluster15.xlsx,2026-09-07,026fde9,2026-09-08T02:07:34Z
COALINGA GATES,COALINGA - GATES #1,FRESNO,PGAE,0.0,0.0,0.0,0.0,0.0,0.0,0.0,0.0,0.0,1.0,20.0,0.0,0.0,0.0,0.0,0.0,0.0,0.0,0.0,0.0,0.0,0.0,,,,0.0,0.0,0.0,0.0,0.0,0.0,,,36.1413374,-120.1256622,Gates Substation,0.7,line-one-end,publicqueuereport.xlsx+cluster15.xlsx,2026-09-07,026fde9,2026-09-08T02:07:34Z
COALINGA MENDOTA ROAD,COALINGA-MENDOTA ROAD,FRESNO,PGAE,0.0,0.0,0.0,0.0,0.0,0.0,0.0,0.0,0.0,1.0,20.0,0.0,0.0,0.0,0.0,0.0,0.0,0.0,0.0,0.0,0.0,0.0,,,,0.0,0.0,0.0,0.0,0.0,0.0,,,36.587580525,-120.1256622,median of located nodes in FRESNO,0.3,county-centroid,publicqueuereport.xlsx+cluster15.xlsx,2026-09-07,026fde9,2026-09-08T02:07:34Z
COALINGA SAN MIGUEL,COALINGA #1 - SAN MIGUEL,FRESNO,PGAE,0.0,0.0,0.0,0.0,0.0,0.0,0.0,0.0,0.0,2.0,90.53,50.0,0.0,0.0,0.0,0.0,0.0,0.0,0.0,0.0,0.0,0.0,,,,0.0,0.0,0.0,0.0,0.0,0.0,,,34.255997,-119.2418562,San Miguel Substation,0.7,line-one-end,publicqueuereport.xlsx+cluster15.xlsx,2026-09-07,026fde9,2026-09-08T02:07:34Z
COALINGA SCHINDLER,COALINGA #2-SCHINDLER,FRESNO,PGAE,0.0,0.0,0.0,0.0,0.0,0.0,0.0,0.0,0.0,1.0,1.0,0.0,0.0,0.0,0.0,0.0,0.0,0.0,0.0,0.0,0.0,0.0,,,,0.0,0.0,0.0,0.0,0.0,0.0,,,36.587580525,-120.1256622,median of located nodes in FRESNO,0.3,county-centroid,publicqueuereport.xlsx+cluster15.xlsx,2026-09-07,026fde9,2026-09-08T02:07:34Z
COALINGA TORNADO POLE NUMBER 4 3,COALINGA #1-TORNADO,FRESNO,PGAE,0.0,0.0,0.0,0.0,0.0,0.0,0.0,0.0,0.0,1.0,5.0,0.0,0.0,0.0,0.0,0.0,0.0,0.0,0.0,0.0,0.0,0.0,,,,0.0,0.0,0.0,0.0,0.0,0.0,,,36.587580525,-120.1256622,median of located nodes in FRESNO,0.3,county-centroid,publicqueuereport.xlsx+cluster15.xlsx,2026-09-07,026fde9,2026-09-08T02:07:34Z
COBURN,COBURN SUB,MONTEREY,PGAE,0.0,0.0,0.0,0.0,0.0,0.0,0.0,0.0,0.0,3.0,510.0,152.8,1.0,150.0,152.8,0.0,0.0,0.0,210.0,0.0,0.0,0.0,,,,0.0,0.0,0.0,0.0,0.0,0.0,,,36.4301332,-121.3325147,median of located nodes in MONTEREY,0.3,county-centroid,publicqueuereport.xlsx+cluster15.xlsx,2026-09-07,026fde9,2026-09-08T02:07:34Z
COLGATE CHALLENGE,COLGATE-CHALLENGE,YUBA,PGAE,0.0,0.0,0.0,0.0,0.0,0.0,0.0,0.0,0.0,2.0,8.0,0.0,0.0,0.0,0.0,0.0,0.0,0.0,0.0,0.0,0.0,0.0,,,,0.0,0.0,0.0,0.0,0.0,0.0,,,,,,0.75,none,publicqueuereport.xlsx+cluster15.xlsx,2026-09-07,026fde9,2026-09-08T02:07:34Z
COLLECTOR 40 MI EAST OF NGILA AND 4 5 MI W OF PROPOSED AGUA CALIENTE,,YUMA,SDGE,0.0,0.0,0.0,0.0,0.0,0.0,0.0,0.0,0.0,1.0,960.0,0.0,0.0,0.0,0.0,0.0,0.0,0.0,0.0,0.0,0.0,0.0,,,,0.0,0.0,0.0,0.0,0.0,0.0,,,32.7456924,-114.4912811,median of located nodes in YUMA,0.3,county-centroid,publicqueuereport.xlsx+cluster15.xlsx,2026-09-07,026fde9,2026-09-08T02:07:34Z
COLLECTOR AT GEYSERS FULTON,COLLECTOR SUB AT GEYSERS #17 FULTON,LAKE/SONOMA,PGAE,0.0,0.0,0.0,0.0,0.0,0.0,0.0,0.0,0.0,1.0,201.0,0.0,0.0,0.0,0.0,0.0,0.0,0.0,0.0,0.0,0.0,0.0,,,,0.0,0.0,0.0,0.0,0.0,0.0,,,38.4977484,-122.7605687,median of located nodes in LAKE,0.3,county-centroid,publicqueuereport.xlsx+cluster15.xlsx,2026-09-07,026fde9,2026-09-08T02:07:34Z
COLORADO RIVER DELANEY,COLORADO RIVER-DELANEY,LA PAZ,DCRT,0.0,0.0,0.0,0.0,0.0,0.0,0.0,0.0,0.0,2.0,1150.0,1168.81,1.0,700.0,718.81,0.0,0.0,0.0,1150.0,0.0,0.0,0.0,,,,0.0,0.0,0.0,0.0,0.0,0.0,,,33.5806241,-114.8172191,Colorado River Substation,0.7,line-one-end,publicqueuereport.xlsx+cluster15.xlsx,2026-09-07,026fde9,2026-09-08T02:07:34Z
CONTRA COSTA DELTA,CONTRA COSTA-DELTA,CONTRA COSTA,PGAE,0.0,0.0,0.0,0.0,0.0,0.0,0.0,0.0,0.0,1.0,100.0,102.25,1.0,100.0,102.25,0.0,0.0,0.0,100.0,0.0,0.0,0.0,,,,0.0,0.0,0.0,0.0,0.0,0.0,,,37.8990973,-121.70127695,Contra Costa Substation | Delta Switching Station,1.0,line-midpoint,publicqueuereport.xlsx+cluster15.xlsx,2026-09-07,026fde9,2026-09-08T02:07:34Z
CONTRA COSTA DELTA YARD,CONTRA COSTA-DELTA SW YARD,CONTRA COSTA,PGAE,0.0,0.0,0.0,0.0,0.0,0.0,0.0,0.0,0.0,1.0,70.0,0.0,0.0,0.0,0.0,0.0,0.0,0.0,0.0,0.0,0.0,0.0,,,,0.0,0.0,0.0,0.0,0.0,0.0,,,37.9993561,-121.7824183,Contra Costa Substation,0.7,line-one-end,publicqueuereport.xlsx+cluster15.xlsx,2026-09-07,026fde9,2026-09-08T02:07:34Z
CONTROL,CONTROL SUBSTATION,CHURCHILL,SCE,0.0,0.0,0.0,0.0,0.0,0.0,0.0,0.0,0.0,15.0,1240.6,0.0,1.0,200.0,0.0,0.0,0.0,0.0,282.1,0.0,0.0,0.0,,,,0.0,0.0,0.0,0.0,0.0,0.0,,,37.3360126,-118.4815393,Control Substation,1.0,exact,publicqueuereport.xlsx+cluster15.xlsx,2026-09-07,026fde9,2026-09-08T02:07:34Z
CONTROL HAIWEE INYOKERN,CONTROL-HAIWEE-INYOKERN,INYO,SCE,0.0,0.0,0.0,0.0,0.0,0.0,0.0,0.0,0.0,2.0,140.0,0.0,0.0,0.0,0.0,0.0,0.0,0.0,0.0,0.0,0.0,0.0,,,,0.0,0.0,0.0,0.0,0.0,0.0,,,37.3360126,-118.4815393,Control Substation,0.7,line-one-end,publicqueuereport.xlsx+cluster15.xlsx,2026-09-07,026fde9,2026-09-08T02:07:34Z
CONTROL INYOKERN,CONTROL-INYOKERN,INYO,SCE,0.0,0.0,0.0,0.0,0.0,0.0,0.0,0.0,0.0,1.0,50.0,0.0,0.0,0.0,0.0,0.0,0.0,0.0,0.0,0.0,0.0,0.0,,,,0.0,0.0,0.0,0.0,0.0,0.0,,,36.49433005,-118.1387156,Control Substation | Inyokern Substation,1.0,line-midpoint,publicqueuereport.xlsx+cluster15.xlsx,2026-09-07,026fde9,2026-09-08T02:07:34Z
CONTROL SILVERPEAK,CONTROL-SILVERPEAK,MONO,SCE,0.0,0.0,0.0,0.0,0.0,0.0,0.0,0.0,0.0,1.0,19.993,0.0,0.0,0.0,0.0,0.0,0.0,0.0,0.0,0.0,0.0,0.0,,,,0.0,0.0,0.0,0.0,0.0,0.0,,,37.3360126,-118.4815393,Control Substation,0.7,line-one-end,publicqueuereport.xlsx+cluster15.xlsx,2026-09-07,026fde9,2026-09-08T02:07:34Z
COOL WATER,COOL WATER SUBSTATION,SAN BERNARDINO,SCE,0.0,0.0,0.0,0.0,0.0,0.0,0.0,0.0,0.0,1.0,200.0,0.0,0.0,0.0,0.0,0.0,0.0,0.0,0.0,0.0,0.0,0.0,,,,0.0,0.0,0.0,0.0,0.0,0.0,,,34.7816824,-117.3693963,median of located nodes in SAN BERNARDINO,0.3,county-centroid,publicqueuereport.xlsx+cluster15.xlsx,2026-09-07,026fde9,2026-09-08T02:07:34Z
CPN CREED GOOSE HAVEN SUBS LAMBIE,CPN CREED/ GOOSE HAVEN SUBS - LAMBIE SWITCHING STATION,SOLANO,PGAE,0.0,0.0,0.0,0.0,0.0,0.0,0.0,0.0,0.0,1.0,175.0,0.0,0.0,0.0,0.0,0.0,0.0,0.0,175.0,0.0,0.0,0.0,,,,0.0,0.0,0.0,0.0,0.0,0.0,,,38.2214947,-121.8669216,Lambie Substation,0.7,line-one-end,publicqueuereport.xlsx+cluster15.xlsx,2026-09-07,026fde9,2026-09-08T02:07:34Z
CRAZY EYES,CRAZY EYES TAP,CLARK,GLW,0.0,0.0,0.0,0.0,0.0,0.0,1.0,250.0,150.0,3.0,746.5,0.0,0.0,0.0,0.0,0.0,0.0,0.0,480.0,0.0,0.0,0.0,0.0,2.99,,0.0,0.0,0.0,0.0,0.0,0.0,,,35.79368145,-115.12508027499999,median of located nodes in CLARK,0.3,county-centroid,publicqueuereport.xlsx+cluster15.xlsx,2026-09-07,026fde9,2026-09-08T02:07:34Z
MENDOTA DAIRYLAND,MENDOTA DAIRYLAND,FRESNO,PGAE,0.0,0.0,0.0,0.0,0.0,0.0,0.0,0.0,0.0,2.0,400.0,0.0,0.0,0.0,0.0,0.0,0.0,0.0,200.0,0.0,0.0,0.0,,,,0.0,0.0,0.0,0.0,0.0,0.0,,,36.587580525,-120.1256622,median of located nodes in FRESNO,0.3,county-centroid,publicqueuereport.xlsx+cluster15.xlsx,2026-09-07,026fde9,2026-09-08T02:07:34Z
DIABLO CANYON CIRCUIT BREAKERS 542 AND 642,DIABLO CANYON SUBSTATION CIRCUIT BREAKERS 542 AND 642,SAN LUIS OBISPO,PGAE,0.0,0.0,0.0,0.0,0.0,0.0,1.0,45.0,0.0,0.0,0.0,0.0,0.0,0.0,0.0,0.0,0.0,0.0,0.0,0.0,0.0,0.0,,0.0,,0.0,0.0,0.0,0.0,0.0,0.0,,,35.3738781,-120.32021062499999,median of located nodes in SAN LUIS OBISPO,0.3,county-centroid,publicqueuereport.xlsx+cluster15.xlsx,2026-09-07,026fde9,2026-09-08T02:07:34Z
DIABLO CANYON GATES,DIABLO CANYON-GATES,SAN LUIS OBISPO,PGAE,0.0,0.0,0.0,0.0,0.0,0.0,0.0,0.0,0.0,2.0,3000.0,638.7,0.0,0.0,0.0,0.0,0.0,0.0,0.0,0.0,0.0,0.0,,,,0.0,0.0,0.0,0.0,0.0,0.0,,,35.67875665,-120.48647804999999,Diablo Canyon | Gates Substation,1.0,line-midpoint,publicqueuereport.xlsx+cluster15.xlsx,2026-09-07,026fde9,2026-09-08T02:07:34Z
DIABLO CANYON MIDWAY,DIABLO CANYON - MIDWAY #3,KERN,PGAE,0.0,0.0,0.0,0.0,0.0,0.0,0.0,0.0,0.0,1.0,1000.0,0.0,0.0,0.0,0.0,0.0,0.0,0.0,0.0,0.0,0.0,0.0,,,,0.0,0.0,0.0,0.0,0.0,0.0,,,35.3095594,-120.1497962,Diablo Canyon | Midway Substation,1.0,line-midpoint,publicqueuereport.xlsx+cluster15.xlsx,2026-09-07,026fde9,2026-09-08T02:07:34Z
DIABLO CANYON MORRO BAY AND DIABLO CANYON MESA LINES,DIABLO CANYON - MORRO BAY,SAN LUIS OBISPO,PGAE,0.0,0.0,0.0,0.0,0.0,0.0,0.0,0.0,0.0,1.0,1000.0,0.0,1.0,1000.0,0.0,0.0,0.0,0.0,0.0,0.0,0.0,0.0,,,,0.0,0.0,0.0,0.0,0.0,0.0,,,35.295027000000005,-120.8514409,Diablo Canyon | Morro Bay,1.0,line-midpoint,publicqueuereport.xlsx+cluster15.xlsx,2026-09-07,026fde9,2026-09-08T02:07:34Z
DIABLO GATES,DIABLO-GATES,SAN LUIS OBISPO,PGAE,0.0,0.0,0.0,0.0,0.0,0.0,0.0,0.0,0.0,2.0,2648.31,638.7,2.0,2648.31,638.7,0.0,0.0,0.0,1148.37,0.0,0.0,0.0,,,,0.0,0.0,0.0,0.0,0.0,0.0,,,36.1413374,-120.1256622,Gates Substation,0.7,line-one-end,publicqueuereport.xlsx+cluster15.xlsx,2026-09-07,026fde9,2026-09-08T02:07:34Z
DIVIDE CABRILLO,DIVIDE-CABRILLO #2,SANTA BARBARA,PGAE,0.0,0.0,0.0,0.0,0.0,0.0,0.0,0.0,0.0,1.0,55.5,0.0,0.0,0.0,0.0,0.0,0.0,0.0,55.5,0.0,0.0,0.0,,,,0.0,0.0,0.0,0.0,0.0,0.0,,,34.6432014,-120.4372204,Cabrillo Substation,0.7,line-one-end,publicqueuereport.xlsx+cluster15.xlsx,2026-09-07,026fde9,2026-09-08T02:07:34Z
DIXON LANDING MCKEE,DIXON LANDING - MCKEE,SAN MATEO,PGAE,0.0,0.0,0.0,0.0,0.0,0.0,0.0,0.0,0.0,1.0,40.0,40.36,1.0,40.0,40.36,0.0,0.0,0.0,0.0,0.0,0.0,0.0,,,,0.0,0.0,0.0,0.0,0.0,0.0,,,37.41186415,-121.882413,Dixon Landing Substation | McKee Substation,1.0,line-midpoint,publicqueuereport.xlsx+cluster15.xlsx,2026-09-07,026fde9,2026-09-08T02:07:34Z
DIXON VACA,DIXON-VACA #2,SOLANO,PGAE,0.0,0.0,0.0,0.0,0.0,0.0,0.0,0.0,0.0,1.0,14.0,0.0,0.0,0.0,0.0,0.0,0.0,0.0,14.0,0.0,0.0,0.0,,,,0.0,0.0,0.0,0.0,0.0,0.0,,,38.4449851,-121.8262386,Dixon Substation,0.7,line-one-end,publicqueuereport.xlsx+cluster15.xlsx,2026-09-07,026fde9,2026-09-08T02:07:34Z
DONNELS CURTIS AT PG E 183 115VK,DONNELS-CURTIS AT PG&E SWITCH 183 115VK,TUOLUMNE,PGAE,0.0,0.0,0.0,0.0,0.0,0.0,1.0,7.5,0.0,0.0,0.0,0.0,0.0,0.0,0.0,0.0,0.0,0.0,0.0,0.0,0.0,0.0,,0.0,,0.0,0.0,0.0,0.0,0.0,0.0,,,,,,0.67,none,publicqueuereport.xlsx+cluster15.xlsx,2026-09-07,026fde9,2026-09-08T02:07:34Z
DU PONT,DU PONT SUBSTATION,CONTRA COSTA,PGAE,0.0,0.0,0.0,0.0,0.0,0.0,0.0,0.0,0.0,1.0,103.0,103.0,0.0,0.0,0.0,0.0,0.0,0.0,0.0,0.0,0.0,0.0,,,,0.0,0.0,0.0,0.0,0.0,0.0,,,37.9454586,-121.8959532,median of located nodes in CONTRA COSTA,0.3,county-centroid,publicqueuereport.xlsx+cluster15.xlsx,2026-09-07,026fde9,2026-09-08T02:07:34Z
DUMBARTON NEWARK,DUMBARTON-NEWARK,ALAMEDA,PGAE,0.0,0.0,0.0,0.0,0.0,0.0,0.0,0.0,0.0,2.0,271.5,289.40000000000003,2.0,271.5,289.40000000000003,0.0,0.0,0.0,46.5,0.0,0.0,0.0,,,,0.0,0.0,0.0,0.0,0.0,0.0,,,37.528946,-122.0222249,Dumbarton Substation | Newark Substation,1.0,line-midpoint,publicqueuereport.xlsx+cluster15.xlsx,2026-09-07,026fde9,2026-09-08T02:07:34Z
DUNN SIDING,DUNN SIDING SUBSTATION,SAN BERNARDINO,SCE,0.0,0.0,0.0,0.0,0.0,0.0,0.0,0.0,0.0,1.0,19.9,0.0,0.0,0.0,0.0,0.0,0.0,0.0,0.0,0.0,0.0,0.0,,,,0.0,0.0,0.0,0.0,0.0,0.0,,,34.7816824,-117.3693963,median of located nodes in SAN BERNARDINO,0.3,county-centroid,publicqueuereport.xlsx+cluster15.xlsx,2026-09-07,026fde9,2026-09-08T02:07:34Z
DUNN SIDING COOL WATER,DUNN SIDING COOL WATER,SAN BERNARDINO,SCE,0.0,0.0,0.0,0.0,0.0,0.0,0.0,0.0,0.0,1.0,40.0,0.0,0.0,0.0,0.0,0.0,0.0,0.0,0.0,0.0,0.0,0.0,,,,0.0,0.0,0.0,0.0,0.0,0.0,,,34.7816824,-117.3693963,median of located nodes in SAN BERNARDINO,0.3,county-centroid,publicqueuereport.xlsx+cluster15.xlsx,2026-09-07,026fde9,2026-09-08T02:07:34Z
EAGLE MOUNTAIN,EAGLE MOUNTAIN SUBSTATION,RIVERSIDE,SCE,0.0,0.0,0.0,0.0,0.0,0.0,0.0,0.0,0.0,2.0,570.0,325.1,1.0,320.0,325.1,0.0,0.0,0.0,0.0,0.0,0.0,0.0,,,,0.0,0.0,0.0,0.0,0.0,0.0,,,33.8104972,-115.4527258,Eagle Mountain Substation,1.0,exact,publicqueuereport.xlsx+cluster15.xlsx,2026-09-07,026fde9,2026-09-08T02:07:34Z
EAGLE MOUNTAIN BLYTHE,EAGLE MOUNTAIN-BLYTHE,RIVERSIDE,SCE,0.0,0.0,0.0,0.0,0.0,0.0,0.0,0.0,0.0,3.0,245.0,0.0,0.0,0.0,0.0,0.0,0.0,0.0,0.0,0.0,0.0,0.0,,,,0.0,0.0,0.0,0.0,0.0,0.0,,,33.71089485,-115.06650594999999,Eagle Mountain Substation | Blythe Substation,1.0,line-midpoint,publicqueuereport.xlsx+cluster15.xlsx,2026-09-07,026fde9,2026-09-08T02:07:34Z
EAGLE MOUNTAIN BLYTHE SCE,EAGLE MOUNTAIN-BLYTHE SCE,RIVERSIDE,SCE,0.0,0.0,0.0,0.0,0.0,0.0,0.0,0.0,0.0,1.0,20.0,0.0,0.0,0.0,0.0,0.0,0.0,0.0,0.0,0.0,0.0,0.0,,,,0.0,0.0,0.0,0.0,0.0,0.0,,,33.8104972,-115.4527258,Eagle Mountain Substation,0.7,line-one-end,publicqueuereport.xlsx+cluster15.xlsx,2026-09-07,026fde9,2026-09-08T02:07:34Z
EAGLE ROCK,EAGLE ROCK,LOS ANGELES,PGAE,0.0,0.0,0.0,0.0,0.0,0.0,0.0,0.0,0.0,2.0,226.0,104.97,1.0,100.0,104.97,1.0,100.0,104.97,0.0,0.0,0.0,0.0,,,0.0,0.0,0.0,0.0,0.0,0.0,0.0,,,34.1508286,-118.1843149,Eagle Rock Switchyard,1.0,exact,publicqueuereport.xlsx+cluster15.xlsx,2026-09-07,026fde9,2026-09-08T02:07:34Z
EAST NICOLAUS,EAST NICOLAUS,SUTTER,PGAE,0.0,0.0,0.0,0.0,0.0,0.0,0.0,0.0,0.0,2.0,84.0,64.0,0.0,0.0,0.0,0.0,0.0,0.0,84.0,0.0,0.0,0.0,,,,0.0,0.0,0.0,0.0,0.0,0.0,,,38.9097437,-121.5424907,East Nicolaus Substation,1.0,exact,publicqueuereport.xlsx+cluster15.xlsx,2026-09-07,026fde9,2026-09-08T02:07:34Z
EASTGATE,EASTGATE SUBSTATION,SAN DIEGO,SDGE,0.0,0.0,0.0,0.0,0.0,0.0,0.0,0.0,0.0,1.0,150.0,154.14048,1.0,150.0,154.14048,0.0,0.0,0.0,0.0,0.0,0.0,0.0,,,,0.0,0.0,0.0,0.0,0.0,0.0,,,32.8848282,-117.200837,Eastgate Substation,1.0,exact,publicqueuereport.xlsx+cluster15.xlsx,2026-09-07,026fde9,2026-09-08T02:07:34Z
EASTSHORE,EASTSHORE SUBSTATION,ALAMEDA,PGAE,0.0,0.0,0.0,0.0,0.0,0.0,3.0,624.0,0.0,3.0,260.5,142.5,0.0,0.0,0.0,0.0,0.0,0.0,118.0,0.0,0.0,0.0,,0.42,,0.0,0.0,0.0,0.0,0.0,0.0,,,37.6248148,-122.1170695,Eastshore Substation,1.0,exact,publicqueuereport.xlsx+cluster15.xlsx,2026-09-07,026fde9,2026-09-08T02:07:34Z
ECO,ECO SUB,SAN DIEGO,SDGE,0.0,0.0,0.0,0.0,0.0,0.0,0.0,0.0,0.0,4.0,1840.0,200.0,0.0,0.0,0.0,0.0,0.0,0.0,0.0,0.0,0.0,0.0,,,,0.0,0.0,0.0,0.0,0.0,0.0,,,32.90258,-117.1167373,median of located nodes in SAN DIEGO,0.3,county-centroid,publicqueuereport.xlsx+cluster15.xlsx,2026-09-07,026fde9,2026-09-08T02:07:34Z
ECO MIGUEL,ECO-MIGUEL,SAN DIEGO,SDGE,0.0,0.0,0.0,0.0,0.0,0.0,0.0,0.0,0.0,1.0,400.0,205.0,0.0,0.0,0.0,0.0,0.0,0.0,0.0,0.0,0.0,0.0,,,,0.0,0.0,0.0,0.0,0.0,0.0,,,32.6790263,-116.9838422,Miguel Substation,0.7,line-one-end,publicqueuereport.xlsx+cluster15.xlsx,2026-09-07,026fde9,2026-09-08T02:07:34Z
EITHER GOLDTOWN CORUM OR GOLDTOWN LANCASTER ON HOLT ST,EITHER GOLDTOWN-CORUM OR GOLDTOWN-LANCASTER,KERN,SCE,0.0,0.0,0.0,0.0,0.0,0.0,0.0,0.0,0.0,1.0,20.0,0.0,0.0,0.0,0.0,0.0,0.0,0.0,0.0,0.0,0.0,0.0,,,,0.0,0.0,0.0,0.0,0.0,0.0,,,35.2460173,-118.975825,median of located nodes in KERN,0.3,county-centroid,publicqueuereport.xlsx+cluster15.xlsx,2026-09-07,026fde9,2026-09-08T02:07:34Z
EL CAJON,EL CAJON SUBSTATION,SAN DIEGO,SDGE,0.0,0.0,0.0,0.0,0.0,0.0,3.0,149.9,100.774,0.0,0.0,0.0,0.0,0.0,0.0,0.0,0.0,0.0,0.0,0.0,0.0,0.0,0.0,0.0,,0.0,0.0,0.0,0.0,1.0,0.0,,,32.795407,-116.9723728,El Cajon Substation,1.0,exact,publicqueuereport.xlsx+cluster15.xlsx,2026-09-07,026fde9,2026-09-08T02:07:34Z
DIABLO CANYON CIRVUIT BREAKERS 532 AND 632,DIABLO CANYON SUBSTATION CIRVUIT BREAKERS 532 AND 632,SAN LUIS OBISPO,PGAE,0.0,0.0,0.0,0.0,0.0,0.0,1.0,37.0,0.0,0.0,0.0,0.0,0.0,0.0,0.0,0.0,0.0,0.0,0.0,0.0,0.0,0.0,,0.0,,0.0,0.0,0.0,0.0,0.0,0.0,,,35.3738781,-120.32021062499999,median of located nodes in SAN LUIS OBISPO,0.3,county-centroid,publicqueuereport.xlsx+cluster15.xlsx,2026-09-07,026fde9,2026-09-08T02:07:34Z
DIABLO CANYON CIRCUIT BREAKERS 532 AND 632,DIABLO CANYON SUBSTATION CIRCUIT BREAKERS 532 AND 632,SAN LUIS OBISPO,PGAE,0.0,0.0,0.0,0.0,0.0,0.0,0.0,0.0,0.0,1.0,28.0,0.0,0.0,0.0,0.0,0.0,0.0,0.0,0.0,0.0,0.0,0.0,,,,0.0,0.0,0.0,0.0,0.0,0.0,,,35.3738781,-120.32021062499999,median of located nodes in SAN LUIS OBISPO,0.3,county-centroid,publicqueuereport.xlsx+cluster15.xlsx,2026-09-07,026fde9,2026-09-08T02:07:34Z
CRAZY EYES SUBSATION,CRAZY EYES SUBSATION,NYE,VEA,0.0,0.0,0.0,0.0,0.0,0.0,0.0,0.0,0.0,1.0,250.0,0.0,0.0,0.0,0.0,0.0,0.0,0.0,0.0,0.0,0.0,0.0,,,,0.0,0.0,0.0,0.0,0.0,0.0,,,35.086571649999996,-116.5531878,median of located nodes in NYE,0.3,county-centroid,publicqueuereport.xlsx+cluster15.xlsx,2026-09-07,026fde9,2026-09-08T02:07:34Z
DEVERS VISTA,DEVERS-VISTA #1,RIVERSIDE,SCE,0.0,0.0,0.0,0.0,0.0,0.0,0.0,0.0,0.0,1.0,150.0,0.0,0.0,0.0,0.0,0.0,0.0,0.0,150.0,0.0,0.0,0.0,,,,0.0,0.0,0.0,0.0,0.0,0.0,,,33.9893425,-116.9486256,Devers Substation | Vista Substation,1.0,line-midpoint,publicqueuereport.xlsx+cluster15.xlsx,2026-09-07,026fde9,2026-09-08T02:07:34Z
CREELMAN,CREELMAN SUBSTATION,SAN DIEGO,SDGE,0.0,0.0,0.0,0.0,0.0,0.0,0.0,0.0,0.0,3.0,170.0,155.275,2.0,150.0,155.275,0.0,0.0,0.0,150.0,0.0,0.0,0.0,,,,1.0,50.0,0.0,50.0,0.0,0.0,,,33.0180671,-116.8530464,Creelman Substation,1.0,exact,publicqueuereport.xlsx+cluster15.xlsx,2026-09-07,026fde9,2026-09-08T02:07:34Z
CRESTWOOD,CRESTWOOD,SAN DIEGO,SDGE,0.0,0.0,0.0,0.0,0.0,0.0,1.0,46.0,0.0,2.0,153.0,0.0,0.0,0.0,0.0,0.0,0.0,0.0,0.0,0.0,0.0,0.0,,3.33,,0.0,0.0,0.0,0.0,0.0,0.0,,,32.90258,-117.1167373,median of located nodes in SAN DIEGO,0.3,county-centroid,publicqueuereport.xlsx+cluster15.xlsx,2026-09-07,026fde9,2026-09-08T02:07:34Z
CRESTWOOD BOULEVARD EAST,CRESTWOOD-BOULEVARD EAST,SAN DIEGO,SDGE,0.0,0.0,0.0,0.0,0.0,0.0,0.0,0.0,0.0,1.0,30.0,0.0,0.0,0.0,0.0,0.0,0.0,0.0,0.0,0.0,0.0,0.0,,,,0.0,0.0,0.0,0.0,0.0,0.0,,,32.90258,-117.1167373,median of located nodes in SAN DIEGO,0.3,county-centroid,publicqueuereport.xlsx+cluster15.xlsx,2026-09-07,026fde9,2026-09-08T02:07:34Z
CROW CREEK,CROW CREEK SWITCHING STATION,STANISLAUS,PGAE,0.0,0.0,0.0,0.0,0.0,0.0,1.0,20.0,15.0,2.0,20.0,31.8295,2.0,20.0,31.8295,0.0,0.0,0.0,0.0,0.0,0.0,0.0,2.12,1.0,,0.0,0.0,0.0,0.0,0.0,0.0,,,37.4217214,-121.1207559,median of located nodes in STANISLAUS,0.3,county-centroid,publicqueuereport.xlsx+cluster15.xlsx,2026-09-07,026fde9,2026-09-08T02:07:34Z
CROWS LANDING,CROWS LANDING SUBSTATION,STANISLAUS,PGAE,0.0,0.0,0.0,0.0,0.0,0.0,0.0,0.0,0.0,2.0,150.64,112.4,1.0,110.0,112.4,0.0,0.0,0.0,0.0,0.0,0.0,0.0,,,,0.0,0.0,0.0,0.0,0.0,0.0,,,37.6091235,-120.9928555,Crows Landing Substation,1.0,exact,publicqueuereport.xlsx+cluster15.xlsx,2026-09-07,026fde9,2026-09-08T02:07:34Z
CUYAMA,CUYAMA SUBSTATION,SANTA BARBARA,PGAE,0.0,0.0,0.0,0.0,0.0,0.0,0.0,0.0,0.0,1.0,5.0,0.0,0.0,0.0,0.0,0.0,0.0,0.0,0.0,0.0,0.0,0.0,,,,0.0,0.0,0.0,0.0,0.0,0.0,,,34.555921850000004,-120.1607735,median of located nodes in SANTA BARBARA,0.3,county-centroid,publicqueuereport.xlsx+cluster15.xlsx,2026-09-07,026fde9,2026-09-08T02:07:34Z
CUYAMA 2,CUYAMA 2 SUBSTATION,SANTA BARBARA,PGAE,0.0,0.0,0.0,0.0,0.0,0.0,0.0,0.0,0.0,1.0,30.42,0.0,0.0,0.0,0.0,0.0,0.0,0.0,0.0,0.0,0.0,0.0,,,,0.0,0.0,0.0,0.0,0.0,0.0,,,34.555921850000004,-120.1607735,median of located nodes in SANTA BARBARA,0.3,county-centroid,publicqueuereport.xlsx+cluster15.xlsx,2026-09-07,026fde9,2026-09-08T02:07:34Z
DAIRYLAND LEGRAND,DAIRYLAND - LEGRAND,MADERA,PGAE,0.0,0.0,0.0,0.0,0.0,0.0,1.0,20.0,0.0,0.0,0.0,0.0,0.0,0.0,0.0,0.0,0.0,0.0,0.0,0.0,0.0,0.0,,0.0,,0.0,0.0,0.0,0.0,0.0,0.0,,,,,,0.78,none,publicqueuereport.xlsx+cluster15.xlsx,2026-09-07,026fde9,2026-09-08T02:07:34Z
DAIRYLAND MENDOTA,DAIRYLAND-MENDOTA,MADERA,PGAE,0.0,0.0,0.0,0.0,0.0,0.0,0.0,0.0,0.0,3.0,234.3,50.0,0.0,0.0,0.0,0.0,0.0,0.0,29.0,0.0,0.0,0.0,,,,0.0,0.0,0.0,0.0,0.0,0.0,,,,,,0.78,none,publicqueuereport.xlsx+cluster15.xlsx,2026-09-07,026fde9,2026-09-08T02:07:34Z
DAIRYLAND MENDOTA TRANSMISSION,DAIRYLAND-MENDOTA TRANSMISSION LINE,FRESNO,PGAE,0.0,0.0,0.0,0.0,0.0,0.0,0.0,0.0,0.0,1.0,105.3,0.0,0.0,0.0,0.0,0.0,0.0,0.0,0.0,0.0,0.0,0.0,,,,0.0,0.0,0.0,0.0,0.0,0.0,,,36.587580525,-120.1256622,median of located nodes in FRESNO,0.3,county-centroid,publicqueuereport.xlsx+cluster15.xlsx,2026-09-07,026fde9,2026-09-08T02:07:34Z
DEL DUR LANCASTER RITE AID,DEL-DUR-LANCASTER-RITE AID,LOS ANGELES,SCE,0.0,0.0,0.0,0.0,0.0,0.0,0.0,0.0,0.0,1.0,100.0,0.0,0.0,0.0,0.0,0.0,0.0,0.0,0.0,0.0,0.0,0.0,,,,0.0,0.0,0.0,0.0,0.0,0.0,,,34.47440665,-118.2627298,median of located nodes in LOS ANGELES,0.3,county-centroid,publicqueuereport.xlsx+cluster15.xlsx,2026-09-07,026fde9,2026-09-08T02:07:34Z
DEL SUR,DEL SUR SUBSTATION,LOS ANGELES,SCE,0.0,0.0,0.0,0.0,0.0,0.0,0.0,0.0,0.0,1.0,38.0,0.0,0.0,0.0,0.0,0.0,0.0,0.0,0.0,0.0,0.0,0.0,,,,0.0,0.0,0.0,0.0,0.0,0.0,,,34.47440665,-118.2627298,median of located nodes in LOS ANGELES,0.3,county-centroid,publicqueuereport.xlsx+cluster15.xlsx,2026-09-07,026fde9,2026-09-08T02:07:34Z
DELEVAN,DELEVAN,COLUSA,PGAE,0.0,0.0,0.0,0.0,0.0,0.0,0.0,0.0,0.0,2.0,800.0,660.0,1.0,500.0,510.0,0.0,0.0,0.0,500.0,0.0,0.0,0.0,,,,0.0,0.0,0.0,0.0,0.0,0.0,,,39.3682089,-122.2694681,Delevan Substation,1.0,exact,publicqueuereport.xlsx+cluster15.xlsx,2026-09-07,026fde9,2026-09-08T02:07:34Z
DELEVAN VACA,DELEVAN-VACA #3,YOLO,PGAE,0.0,0.0,0.0,0.0,0.0,0.0,0.0,0.0,0.0,3.0,550.0,166.905,0.0,0.0,0.0,0.0,0.0,0.0,0.0,0.0,0.0,0.0,,,,0.0,0.0,0.0,0.0,0.0,0.0,,,39.3682089,-122.2694681,Delevan Substation,0.7,line-one-end,publicqueuereport.xlsx+cluster15.xlsx,2026-09-07,026fde9,2026-09-08T02:07:34Z
DESERT VIEW,DESERT VIEW SUBSTATION,CLARK,GLW,0.0,0.0,0.0,0.0,0.0,0.0,0.0,0.0,0.0,2.0,189.95,0.0,0.0,0.0,0.0,0.0,0.0,0.0,100.0,0.0,0.0,0.0,,,,0.0,0.0,0.0,0.0,0.0,0.0,,,35.79368145,-115.12508027499999,median of located nodes in CLARK,0.3,county-centroid,publicqueuereport.xlsx+cluster15.xlsx,2026-09-07,026fde9,2026-09-08T02:07:34Z
DESERT VIEW INNOVATION,DESERT VIEW-INNOVATION,CLARK,GLW,0.0,0.0,0.0,0.0,0.0,0.0,0.0,0.0,0.0,1.0,350.0,352.9139,1.0,350.0,352.9139,1.0,350.0,352.9139,0.0,0.0,0.0,0.0,,,0.0,0.0,0.0,0.0,0.0,0.0,0.0,,,36.5822326,-115.9473218,Innovation Substation,0.7,line-one-end,publicqueuereport.xlsx+cluster15.xlsx,2026-09-07,026fde9,2026-09-08T02:07:34Z
DEVERS EL CASCO,DEVERS-EL CASCO LINE,KERN,SCE,0.0,0.0,0.0,0.0,0.0,0.0,0.0,0.0,0.0,1.0,300.0,303.856,1.0,300.0,303.856,0.0,0.0,0.0,0.0,0.0,0.0,0.0,,,,0.0,0.0,0.0,0.0,0.0,0.0,,,33.9379937,-116.5766239,Devers Substation,0.7,line-one-end,publicqueuereport.xlsx+cluster15.xlsx,2026-09-07,026fde9,2026-09-08T02:07:34Z
DEVERS FARREL,DEVERS-FARREL,RIVERSIDE,SCE,0.0,0.0,0.0,0.0,0.0,0.0,0.0,0.0,0.0,1.0,21.0,0.0,0.0,0.0,0.0,0.0,0.0,0.0,0.0,0.0,0.0,0.0,,,,0.0,0.0,0.0,0.0,0.0,0.0,,,33.9379937,-116.5766239,Devers Substation,0.7,line-one-end,publicqueuereport.xlsx+cluster15.xlsx,2026-09-07,026fde9,2026-09-08T02:07:34Z
DEVERS GARNET VENWIND,DEVERS-GARNET-VENWIND,RIVERSIDE,SCE,0.0,0.0,0.0,0.0,0.0,0.0,0.0,0.0,0.0,1.0,20.0,0.0,0.0,0.0,0.0,0.0,0.0,0.0,0.0,0.0,0.0,0.0,,,,0.0,0.0,0.0,0.0,0.0,0.0,,,33.9195175,-116.56035825000001,Devers Substation | Garnet Substation,1.0,line-midpoint,publicqueuereport.xlsx+cluster15.xlsx,2026-09-07,026fde9,2026-09-08T02:07:34Z
DEVERS MIRAGE JULIAN HINDS,DEVERS-MIRAGE-JULIAN HINDS,RIVERSIDE,SCE,0.0,0.0,0.0,0.0,0.0,0.0,0.0,0.0,0.0,1.0,228.0,0.0,0.0,0.0,0.0,0.0,0.0,0.0,0.0,0.0,0.0,0.0,,,,0.0,0.0,0.0,0.0,0.0,0.0,,,33.878169400000004,-116.47309824999999,Devers Substation | Mirage Substation,1.0,line-midpoint,publicqueuereport.xlsx+cluster15.xlsx,2026-09-07,026fde9,2026-09-08T02:07:34Z
DEVERS PALO VERDE,DEVERS-PALO VERDE,LA PAZ,SCE,0.0,0.0,0.0,0.0,0.0,0.0,0.0,0.0,0.0,4.0,2980.0,0.0,0.0,0.0,0.0,0.0,0.0,0.0,0.0,0.0,0.0,0.0,,,,0.0,0.0,0.0,0.0,0.0,0.0,,,33.9379937,-116.5766239,Devers Substation,0.7,line-one-end,publicqueuereport.xlsx+cluster15.xlsx,2026-09-07,026fde9,2026-09-08T02:07:34Z
DEVERS SAN BERNARDINO,DEVERS-SAN BERNARDINO LINE,RIVERSIDE,SCE,0.0,0.0,0.0,0.0,0.0,0.0,0.0,0.0,0.0,1.0,500.0,514.35,0.0,0.0,0.0,0.0,0.0,0.0,0.0,0.0,0.0,0.0,,,,0.0,0.0,0.0,0.0,0.0,0.0,,,34.0089733,-116.90780565,Devers Substation | San Bernardino Substation,1.0,line-midpoint,publicqueuereport.xlsx+cluster15.xlsx,2026-09-07,026fde9,2026-09-08T02:07:34Z
DEVERS VENWIND,DEVERS-VENWIND,RIVERSIDE,SCE,0.0,0.0,0.0,0.0,0.0,0.0,0.0,0.0,0.0,1.0,30.0,0.0,0.0,0.0,0.0,0.0,0.0,0.0,0.0,0.0,0.0,0.0,,,,0.0,0.0,0.0,0.0,0.0,0.0,,,33.9379937,-116.5766239,Devers Substation,0.7,line-one-end,publicqueuereport.xlsx+cluster15.xlsx,2026-09-07,026fde9,2026-09-08T02:07:34Z
CKT I 2 DELEVAN VACA AND CORTINA VACA LINES,CKT I & 2 DELEVAN-VACA AND CORTINA-VACA,YOLO,PGAE,0.0,0.0,0.0,0.0,0.0,0.0,0.0,0.0,0.0,1.0,100.0,0.0,0.0,0.0,0.0,0.0,0.0,0.0,0.0,0.0,0.0,0.0,,,,0.0,0.0,0.0,0.0,0.0,0.0,,,38.9351998,-121.8090741,median of located nodes in YOLO,0.3,county-centroid,publicqueuereport.xlsx+cluster15.xlsx,2026-09-07,026fde9,2026-09-08T02:07:34Z
CHRISTIE,CHRISTIE SUBSTATION,CONTRA COSTA,PGAE,0.0,0.0,0.0,0.0,0.0,0.0,0.0,0.0,0.0,1.0,20.0,20.0,1.0,20.0,20.0,0.0,0.0,0.0,20.0,0.0,0.0,0.0,,,,0.0,0.0,0.0,0.0,0.0,0.0,,,38.0027466,-122.2082843,Christie Substation,1.0,exact,publicqueuereport.xlsx+cluster15.xlsx,2026-09-07,026fde9,2026-09-08T02:07:34Z
CHOWCHILLA KERCKHOFF LIN3,CHOWCHILLA-KERCKHOFF #2,MADERA,PGAE,0.0,0.0,0.0,0.0,0.0,0.0,0.0,0.0,0.0,1.0,100.0,50.0,0.0,0.0,0.0,0.0,0.0,0.0,0.0,0.0,0.0,0.0,,,,0.0,0.0,0.0,0.0,0.0,0.0,,,,,,0.71,none,publicqueuereport.xlsx+cluster15.xlsx,2026-09-07,026fde9,2026-09-08T02:07:34Z
ARCO TWISSELMAN,ARCO-TWISSELMAN,KERN,PGAE,0.0,0.0,0.0,0.0,0.0,0.0,1.0,15.0,0.0,1.0,47.82,0.0,0.0,0.0,0.0,0.0,0.0,0.0,0.0,0.0,0.0,0.0,,3.19,,0.0,0.0,0.0,0.0,0.0,0.0,,,35.2460173,-118.975825,median of located nodes in KERN,0.3,county-centroid,publicqueuereport.xlsx+cluster15.xlsx,2026-09-07,026fde9,2026-09-08T02:07:34Z
ASH VALLEY CENTER,ASH - VALLEY CENTER,SAN DIEGO,SDGE,0.0,0.0,0.0,0.0,0.0,0.0,0.0,0.0,0.0,1.0,49.0,0.0,0.0,0.0,0.0,0.0,0.0,0.0,0.0,0.0,0.0,0.0,,,,0.0,0.0,0.0,0.0,0.0,0.0,,,32.90258,-117.1167373,median of located nodes in SAN DIEGO,0.3,county-centroid,publicqueuereport.xlsx+cluster15.xlsx,2026-09-07,026fde9,2026-09-08T02:07:34Z
AT 125 OUTSIDE HARTER,AT SWITCH 125 OUTSIDE HARTER SUB,SUTTER,PGAE,0.0,0.0,0.0,0.0,0.0,0.0,0.0,0.0,0.0,1.0,49.2,50.5,1.0,49.2,50.5,0.0,0.0,0.0,49.2,0.0,0.0,0.0,,,,0.0,0.0,0.0,0.0,0.0,0.0,,,38.975377075,-121.57517045,median of located nodes in SUTTER,0.3,county-centroid,publicqueuereport.xlsx+cluster15.xlsx,2026-09-07,026fde9,2026-09-08T02:07:34Z
AT OCOTILLO EXPRESS,,IMPERIAL,SDGE,0.0,0.0,0.0,0.0,0.0,0.0,0.0,0.0,0.0,1.0,150.0,0.0,0.0,0.0,0.0,0.0,0.0,0.0,0.0,0.0,0.0,0.0,,,,0.0,0.0,0.0,0.0,0.0,0.0,,,32.7179069,-115.7155553,median of located nodes in IMPERIAL,0.3,county-centroid,publicqueuereport.xlsx+cluster15.xlsx,2026-09-07,026fde9,2026-09-08T02:07:34Z
AT POSDEF QF FACILITY,,SAN JOAQUIN,PGAE,0.0,0.0,0.0,0.0,0.0,0.0,0.0,0.0,0.0,1.0,50.0,0.0,0.0,0.0,0.0,0.0,0.0,0.0,0.0,0.0,0.0,0.0,,,,0.0,0.0,0.0,0.0,0.0,0.0,,,37.7770366,-121.31472865,median of located nodes in SAN JOAQUIN,0.3,county-centroid,publicqueuereport.xlsx+cluster15.xlsx,2026-09-07,026fde9,2026-09-08T02:07:34Z
AT THE KELSO VIA THE MARIPOSA ENERGY TIE,,CONTRA COSTA,PGAE,0.0,0.0,0.0,0.0,0.0,0.0,0.0,0.0,0.0,1.0,20.0,20.0,0.0,0.0,0.0,0.0,0.0,0.0,0.0,0.0,0.0,0.0,,,,0.0,0.0,0.0,0.0,0.0,0.0,,,37.9454586,-121.8959532,median of located nodes in CONTRA COSTA,0.3,county-centroid,publicqueuereport.xlsx+cluster15.xlsx,2026-09-07,026fde9,2026-09-08T02:07:34Z
ATLANTIC,ATLANTIC,PLACER,PGAE,0.0,0.0,0.0,0.0,0.0,0.0,0.0,0.0,0.0,2.0,301.2,315.55,2.0,301.2,315.55,0.0,0.0,0.0,101.2,0.0,0.0,0.0,,,,0.0,0.0,0.0,0.0,0.0,0.0,,,38.7635707,-121.264042,Atlantic Substation,1.0,exact,publicqueuereport.xlsx+cluster15.xlsx,2026-09-07,026fde9,2026-09-08T02:07:34Z
AVOCADO MONSERATE APPROX 2 5 MILE FROM MONSERATE,AVOCADO-MONSERATE,SAN DIEGO,SDGE,0.0,0.0,0.0,0.0,0.0,0.0,0.0,0.0,0.0,1.0,99.0,0.0,0.0,0.0,0.0,0.0,0.0,0.0,0.0,0.0,0.0,0.0,,,,0.0,0.0,0.0,0.0,0.0,0.0,,,33.3702403,-117.1746401,Avocado Substation | Monserate,1.0,line-midpoint,publicqueuereport.xlsx+cluster15.xlsx,2026-09-07,026fde9,2026-09-08T02:07:34Z
BAHIA MORAGA,BAHIA   MORAGA,CONTRA COSTA,PGAE,0.0,0.0,0.0,0.0,0.0,0.0,0.0,0.0,0.0,1.0,100.0,0.0,0.0,0.0,0.0,0.0,0.0,0.0,0.0,0.0,0.0,0.0,,,,0.0,0.0,0.0,0.0,0.0,0.0,,,37.9454586,-121.8959532,median of located nodes in CONTRA COSTA,0.3,county-centroid,publicqueuereport.xlsx+cluster15.xlsx,2026-09-07,026fde9,2026-09-08T02:07:34Z
BAILEY,BAILEY SUBSTATION,LOS ANGELES,SCE,0.0,0.0,0.0,0.0,0.0,0.0,0.0,0.0,0.0,1.0,150.0,151.2,1.0,150.0,151.2,0.0,0.0,0.0,0.0,0.0,0.0,0.0,,,,0.0,0.0,0.0,0.0,0.0,0.0,,,34.7766122,-118.7746647,Bailey Substation,1.0,exact,publicqueuereport.xlsx+cluster15.xlsx,2026-09-07,026fde9,2026-09-08T02:07:34Z
BAIR,BAIR SUBSTATION,SAN MATEO,PGAE,0.0,0.0,0.0,0.0,0.0,0.0,0.0,0.0,0.0,1.0,40.0,40.0,0.0,0.0,0.0,0.0,0.0,0.0,0.0,0.0,0.0,0.0,,,,0.0,0.0,0.0,0.0,0.0,0.0,,,37.497030249999995,-122.3915473,median of located nodes in SAN MATEO,0.3,county-centroid,publicqueuereport.xlsx+cluster15.xlsx,2026-09-07,026fde9,2026-09-08T02:07:34Z
BAKER,BAKER SUBSTATION,RIVERSIDE,SCE,0.0,0.0,0.0,0.0,0.0,0.0,0.0,0.0,0.0,1.0,100.0,0.0,0.0,0.0,0.0,0.0,0.0,0.0,0.0,0.0,0.0,0.0,,,,0.0,0.0,0.0,0.0,0.0,0.0,,,35.2788987,-116.0744455,Baker Substation,1.0,exact,publicqueuereport.xlsx+cluster15.xlsx,2026-09-07,026fde9,2026-09-08T02:07:34Z
BARRETT CAMERON,BARRETT-CAMERON,SAN DIEGO,SDGE,0.0,0.0,0.0,0.0,0.0,0.0,0.0,0.0,0.0,1.0,0.1,0.0,0.0,0.0,0.0,0.0,0.0,0.0,0.1,0.0,0.0,0.0,,,,0.0,0.0,0.0,0.0,0.0,0.0,,,32.90258,-117.1167373,median of located nodes in SAN DIEGO,0.3,county-centroid,publicqueuereport.xlsx+cluster15.xlsx,2026-09-07,026fde9,2026-09-08T02:07:34Z
BAY BOULEVARD,BAY BOULEVARD,SAN DIEGO,SDGE,0.0,0.0,0.0,0.0,0.0,0.0,0.0,0.0,0.0,2.0,500.0,500.0,1.0,200.0,200.0,0.0,0.0,0.0,200.0,0.0,0.0,0.0,,,,0.0,0.0,0.0,0.0,0.0,0.0,,,32.6081616,-117.0945795,Bay Boulevard Substation,1.0,exact,publicqueuereport.xlsx+cluster15.xlsx,2026-09-07,026fde9,2026-09-08T02:07:34Z
BEAR MOUNTAIN BEAR MOUNTAIN,BEAR MOUNTAIN - BEAR MOUNTAIN TAP,KERN,PGAE,0.0,0.0,0.0,0.0,0.0,0.0,0.0,0.0,0.0,1.0,100.0,101.629085,1.0,100.0,101.629085,0.0,0.0,0.0,0.0,0.0,0.0,0.0,,,,0.0,0.0,0.0,0.0,0.0,0.0,,,35.2460173,-118.975825,median of located nodes in KERN,0.3,county-centroid,publicqueuereport.xlsx+cluster15.xlsx,2026-09-07,026fde9,2026-09-08T02:07:34Z
BELLOTA RIVERBANK,BELLOTA-RIVERBANK,SAN JOAQUIN,PGAE,0.0,0.0,0.0,0.0,0.0,0.0,0.0,0.0,0.0,1.0,150.0,153.69,1.0,150.0,153.69,1.0,150.0,153.69,0.0,0.0,0.0,0.0,,,0.0,0.0,0.0,0.0,0.0,0.0,0.0,,,37.936093299999996,-120.96306375,Bellota Substation | Riverbank Switching Station,1.0,line-midpoint,publicqueuereport.xlsx+cluster15.xlsx,2026-09-07,026fde9,2026-09-08T02:07:34Z
BELLOTA TESLA,BELLOTA - TESLA,SAN JOAQUIN,PGAE,0.0,0.0,0.0,0.0,0.0,0.0,0.0,0.0,0.0,2.0,200.0,0.0,0.0,0.0,0.0,0.0,0.0,0.0,0.0,0.0,0.0,0.0,,,,0.0,0.0,0.0,0.0,0.0,0.0,,,37.86390045,-121.289309,Bellota Substation | Tesla Substation,1.0,line-midpoint,publicqueuereport.xlsx+cluster15.xlsx,2026-09-07,026fde9,2026-09-08T02:07:34Z
BELLOTA WARNERVILLE,BELLOTA-WARNERVILLE,SAN JOAQUIN,PGAE,0.0,0.0,0.0,0.0,0.0,0.0,0.0,0.0,0.0,1.0,400.0,407.85,1.0,400.0,407.85,0.0,0.0,0.0,0.0,0.0,0.0,0.0,,,,0.0,0.0,0.0,0.0,0.0,0.0,,,37.87872695,-120.9081226,Bellota Substation | Warnerville Substation,1.0,line-midpoint,publicqueuereport.xlsx+cluster15.xlsx,2026-09-07,026fde9,2026-09-08T02:07:34Z
BELLOTA WARNERVILLE AND BELLOTA COTTLE LINES,BELLOTA-WARNERVILLE AND BELLOTA COTTLE LINES,STANISLAUS,PGAE,0.0,0.0,0.0,0.0,0.0,0.0,0.0,0.0,0.0,1.0,400.0,407.42,1.0,400.0,407.42,0.0,0.0,0.0,0.0,0.0,0.0,0.0,,,,0.0,0.0,0.0,0.0,0.0,0.0,,,38.0157488,-121.0138807,Bellota Substation,0.7,line-one-end,publicqueuereport.xlsx+cluster15.xlsx,2026-09-07,026fde9,2026-09-08T02:07:34Z
BELOTTA,BELOTTA,SAN JOAQUIN,PGAE,0.0,0.0,0.0,0.0,0.0,0.0,1.0,132.0,132.0,0.0,0.0,0.0,0.0,0.0,0.0,0.0,0.0,0.0,0.0,0.0,0.0,0.0,0.0,0.0,,0.0,0.0,0.0,0.0,0.0,0.0,,,37.7770366,-121.31472865,median of located nodes in SAN JOAQUIN,0.3,county-centroid,publicqueuereport.xlsx+cluster15.xlsx,2026-09-07,026fde9,2026-09-08T02:07:34Z
BERRENDA C,"BERRENDA ""C"" TAP",KERN,PGAE,0.0,0.0,0.0,0.0,0.0,0.0,0.0,0.0,0.0,1.0,110.0,113.325,1.0,110.0,113.325,0.0,0.0,0.0,0.0,0.0,0.0,0.0,,,,0.0,0.0,0.0,0.0,0.0,0.0,,,35.2460173,-118.975825,median of located nodes in KERN,0.3,county-centroid,publicqueuereport.xlsx+cluster15.xlsx,2026-09-07,026fde9,2026-09-08T02:07:34Z
BETWEEN COTTONWOOD AND VACA DIXON,BETWEEN COTTONWOOD AND VACA-DIXON,COLUSA,PGAE,0.0,0.0,0.0,0.0,0.0,0.0,1.0,715.0,0.0,0.0,0.0,0.0,0.0,0.0,0.0,0.0,0.0,0.0,0.0,0.0,0.0,0.0,,0.0,,0.0,0.0,0.0,0.0,0.0,0.0,,,38.4449851,-121.8262386,Dixon Substation,0.7,line-one-end,publicqueuereport.xlsx+cluster15.xlsx,2026-09-07,026fde9,2026-09-08T02:07:34Z
BETWEEN RIO DEL AND BRIDGEVILLE,BETWEEN RIO DEL JUNCTION AND BRIDGEVILLE,HUMBOLDT,PGAE,0.0,0.0,0.0,0.0,0.0,0.0,0.0,0.0,0.0,1.0,100.0,0.0,0.0,0.0,0.0,0.0,0.0,0.0,0.0,0.0,0.0,0.0,,,,0.0,0.0,0.0,0.0,0.0,0.0,,,41.2272733,-115.9399678,median of located nodes in HUMBOLDT,0.3,county-centroid,publicqueuereport.xlsx+cluster15.xlsx,2026-09-07,026fde9,2026-09-08T02:07:34Z
BISHOP,BISHOP  SUBSTATION,CHURCHILL,SCE,0.0,0.0,0.0,0.0,0.0,0.0,0.0,0.0,0.0,2.0,105.0,0.0,0.0,0.0,0.0,0.0,0.0,0.0,0.0,0.0,0.0,0.0,,,,0.0,0.0,0.0,0.0,0.0,0.0,,,,,,0.57,none,publicqueuereport.xlsx+cluster15.xlsx,2026-09-07,026fde9,2026-09-08T02:07:34Z
ARTESIAN RANCH,ARTESIAN RANCH SUBSTATION,SAN DIEGO,SDGE,0.0,0.0,0.0,0.0,0.0,0.0,0.0,0.0,0.0,1.0,150.0,157.0,1.0,150.0,157.0,0.0,0.0,0.0,0.0,0.0,0.0,0.0,,,,0.0,0.0,0.0,0.0,0.0,0.0,,,32.90258,-117.1167373,median of located nodes in SAN DIEGO,0.3,county-centroid,publicqueuereport.xlsx+cluster15.xlsx,2026-09-07,026fde9,2026-09-08T02:07:34Z
ARCO TULARE LAKE,ARCO-TULARE LAKE,KINGS,PGAE,0.0,0.0,0.0,0.0,0.0,0.0,0.0,0.0,0.0,2.0,42.8925,0.0,0.0,0.0,0.0,0.0,0.0,0.0,0.0,0.0,0.0,0.0,,,,0.0,0.0,0.0,0.0,0.0,0.0,,,36.1413374,-119.9028971,median of located nodes in KINGS,0.3,county-centroid,publicqueuereport.xlsx+cluster15.xlsx,2026-09-07,026fde9,2026-09-08T02:07:34Z
CHOWCHILLA,CHOWCHILLA,MADERA,PGAE,0.0,0.0,0.0,0.0,0.0,0.0,0.0,0.0,0.0,1.0,75.0,79.5871,1.0,75.0,79.5871,0.0,0.0,0.0,75.0,0.0,0.0,0.0,,,,0.0,0.0,0.0,0.0,1.0,0.0,,,,,,0.71,none,publicqueuereport.xlsx+cluster15.xlsx,2026-09-07,026fde9,2026-09-08T02:07:34Z
ARCO POLONIOS PASS,ARCO - POLONIOS PASS,KERN,PGAE,0.0,0.0,0.0,0.0,0.0,0.0,0.0,0.0,0.0,1.0,20.0,0.0,0.0,0.0,0.0,0.0,0.0,0.0,0.0,0.0,0.0,0.0,,,,0.0,0.0,0.0,0.0,0.0,0.0,,,35.2460173,-118.975825,median of located nodes in KERN,0.3,county-centroid,publicqueuereport.xlsx+cluster15.xlsx,2026-09-07,026fde9,2026-09-08T02:07:34Z
230 138 SOUTH BAY,230/138/,SAN DIEGO,SDGE,0.0,0.0,0.0,0.0,0.0,0.0,0.0,0.0,0.0,1.0,650.0,0.0,0.0,0.0,0.0,0.0,0.0,0.0,650.0,0.0,0.0,0.0,,,,0.0,0.0,0.0,0.0,0.0,0.0,,,32.90258,-117.1167373,median of located nodes in SAN DIEGO,0.3,county-centroid,publicqueuereport.xlsx+cluster15.xlsx,2026-09-07,026fde9,2026-09-08T02:07:34Z
3 230 COLLECTOR LOOP TEHACHAPI,SEGMENT 3 230 COLLECTOR LOOP TEHACHAPI,KERN,SCE,0.0,0.0,0.0,0.0,0.0,0.0,0.0,0.0,0.0,1.0,120.0,0.0,0.0,0.0,0.0,0.0,0.0,0.0,0.0,0.0,0.0,0.0,,,,0.0,0.0,0.0,0.0,0.0,0.0,,,35.2460173,-118.975825,median of located nodes in KERN,0.3,county-centroid,publicqueuereport.xlsx+cluster15.xlsx,2026-09-07,026fde9,2026-09-08T02:07:34Z
5,SUBSTATION 5 (AKA WHIRLWIND),KERN,SCE,0.0,0.0,0.0,0.0,0.0,0.0,0.0,0.0,0.0,1.0,150.0,0.0,0.0,0.0,0.0,0.0,0.0,0.0,0.0,0.0,0.0,0.0,,,,0.0,0.0,0.0,0.0,0.0,0.0,,,35.2460173,-118.975825,median of located nodes in KERN,0.3,county-centroid,publicqueuereport.xlsx+cluster15.xlsx,2026-09-07,026fde9,2026-09-08T02:07:34Z
7TH STANDARD,7TH STANDARD,KERN,PGAE,0.0,0.0,0.0,0.0,0.0,0.0,0.0,0.0,0.0,2.0,102.9,92.07,1.0,82.9,92.07,0.0,0.0,0.0,82.9,0.0,0.0,0.0,,,,0.0,0.0,0.0,0.0,0.0,0.0,,,35.2460173,-118.975825,median of located nodes in KERN,0.3,county-centroid,publicqueuereport.xlsx+cluster15.xlsx,2026-09-07,026fde9,2026-09-08T02:07:34Z
ALAMITOS,ALAMITOS SWITCHING STATION,LOS ANGELES,SCE,0.0,0.0,0.0,0.0,0.0,0.0,0.0,0.0,0.0,3.0,2438.8599999999997,541.5,1.0,236.0,241.5,0.0,0.0,0.0,236.0,0.0,0.0,0.0,,,,0.0,0.0,0.0,0.0,1.0,0.0,,,34.47440665,-118.2627298,median of located nodes in LOS ANGELES,0.3,county-centroid,publicqueuereport.xlsx+cluster15.xlsx,2026-09-07,026fde9,2026-09-08T02:07:34Z
ALPAUGH,ALPAUGH,TULARE,PGAE,0.0,0.0,0.0,0.0,0.0,0.0,0.0,0.0,0.0,3.0,320.0,369.395,2.0,300.0,369.395,0.0,0.0,0.0,160.0,0.0,0.0,0.0,,,,0.0,0.0,0.0,0.0,0.0,0.0,,,36.109471,-119.09165730000001,median of located nodes in TULARE,0.3,county-centroid,publicqueuereport.xlsx+cluster15.xlsx,2026-09-07,026fde9,2026-09-08T02:07:34Z
ALPAUGH SMYRNA,ALPAUGH-SMYRNA,TULARE,PGAE,0.0,0.0,0.0,0.0,0.0,0.0,0.0,0.0,0.0,1.0,40.0,0.0,0.0,0.0,0.0,0.0,0.0,0.0,0.0,0.0,0.0,0.0,,,,0.0,0.0,0.0,0.0,0.0,0.0,,,36.109471,-119.09165730000001,median of located nodes in TULARE,0.3,county-centroid,publicqueuereport.xlsx+cluster15.xlsx,2026-09-07,026fde9,2026-09-08T02:07:34Z
AMARGOSA,AMARGOSA SUB,CLARK,VEA,0.0,0.0,0.0,0.0,0.0,0.0,0.0,0.0,0.0,1.0,66.02,0.0,0.0,0.0,0.0,0.0,0.0,0.0,0.0,0.0,0.0,0.0,,,,0.0,0.0,0.0,0.0,0.0,0.0,,,35.79368145,-115.12508027499999,median of located nodes in CLARK,0.3,county-centroid,publicqueuereport.xlsx+cluster15.xlsx,2026-09-07,026fde9,2026-09-08T02:07:34Z
ANGIOLA,ANGIOLA SUB,KINGS,PGAE,0.0,0.0,0.0,0.0,0.0,0.0,0.0,0.0,0.0,1.0,150.0,0.0,0.0,0.0,0.0,0.0,0.0,0.0,0.0,0.0,0.0,0.0,,,,0.0,0.0,0.0,0.0,0.0,0.0,,,36.1413374,-119.9028971,median of located nodes in KINGS,0.3,county-centroid,publicqueuereport.xlsx+cluster15.xlsx,2026-09-07,026fde9,2026-09-08T02:07:34Z
ANTELOPE CAL CEMENT,ANTELOPE CAL CEMENT,KERN,SCE,0.0,0.0,0.0,0.0,0.0,0.0,0.0,0.0,0.0,2.0,100.0,0.0,0.0,0.0,0.0,0.0,0.0,0.0,0.0,0.0,0.0,0.0,,,,0.0,0.0,0.0,0.0,0.0,0.0,,,35.2460173,-118.975825,median of located nodes in KERN,0.3,county-centroid,publicqueuereport.xlsx+cluster15.xlsx,2026-09-07,026fde9,2026-09-08T02:07:34Z
ANTELOPE CALCEMENT,ANTELOPE-CALCEMENT,LOS ANGELES,SCE,0.0,0.0,0.0,0.0,0.0,0.0,0.0,0.0,0.0,1.0,33.0,0.0,0.0,0.0,0.0,0.0,0.0,0.0,0.0,0.0,0.0,0.0,,,,0.0,0.0,0.0,0.0,0.0,0.0,,,34.6858079,-118.2981161,Antelope Substation,0.7,line-one-end,publicqueuereport.xlsx+cluster15.xlsx,2026-09-07,026fde9,2026-09-08T02:07:34Z
ANTELOPE MAGUNDEN,ANTELOPE- MAGUNDEN #2,KERN,SCE,0.0,0.0,0.0,0.0,0.0,0.0,0.0,0.0,0.0,3.0,541.0,102.672,1.0,210.0,102.672,0.0,0.0,0.0,210.0,0.0,0.0,0.0,,,,0.0,0.0,0.0,0.0,0.0,0.0,,,35.023495499999996,-118.6104564,Antelope Substation | Magunden Substation,1.0,line-midpoint,publicqueuereport.xlsx+cluster15.xlsx,2026-09-07,026fde9,2026-09-08T02:07:34Z
ANTELOPE NEENACH,ANTELOPE-NEENACH,LOS ANGELES,SCE,0.0,0.0,0.0,0.0,0.0,0.0,0.0,0.0,0.0,5.0,100.0,12.0,1.0,20.0,12.0,0.0,0.0,0.0,0.0,0.0,0.0,0.0,,,,0.0,0.0,0.0,0.0,0.0,0.0,,,34.6858079,-118.2981161,Antelope Substation,0.7,line-one-end,publicqueuereport.xlsx+cluster15.xlsx,2026-09-07,026fde9,2026-09-08T02:07:34Z
ANTELOPE PIUTE,ANTELOPE-PIUTE,LOS ANGELES,SCE,0.0,0.0,0.0,0.0,0.0,0.0,0.0,0.0,0.0,1.0,33.0,0.0,0.0,0.0,0.0,0.0,0.0,0.0,0.0,0.0,0.0,0.0,,,,0.0,0.0,0.0,0.0,0.0,0.0,,,34.6858079,-118.2981161,Antelope Substation,0.7,line-one-end,publicqueuereport.xlsx+cluster15.xlsx,2026-09-07,026fde9,2026-09-08T02:07:34Z
ANTELOPE ROSAMOND,ANTELOPE-ROSAMOND,KERN,SCE,0.0,0.0,0.0,0.0,0.0,0.0,0.0,0.0,0.0,2.0,145.0,0.0,0.0,0.0,0.0,0.0,0.0,0.0,0.0,0.0,0.0,0.0,,,,0.0,0.0,0.0,0.0,0.0,0.0,,,34.6858079,-118.2981161,Antelope Substation,0.7,line-one-end,publicqueuereport.xlsx+cluster15.xlsx,2026-09-07,026fde9,2026-09-08T02:07:34Z
ANTLELOPE,ANTLELOPE SUB,LOS ANGELES,SCE,0.0,0.0,0.0,0.0,0.0,0.0,1.0,20.0,0.0,0.0,0.0,0.0,0.0,0.0,0.0,0.0,0.0,0.0,0.0,0.0,0.0,0.0,,0.0,,0.0,0.0,0.0,0.0,0.0,0.0,,,34.47440665,-118.2627298,median of located nodes in LOS ANGELES,0.3,county-centroid,publicqueuereport.xlsx+cluster15.xlsx,2026-09-07,026fde9,2026-09-08T02:07:34Z
APPLE HILL,APPLE HILL SUBSTATION,EL DORADO,PGAE,0.0,0.0,0.0,0.0,0.0,0.0,0.0,0.0,0.0,2.0,110.5,112.35,1.0,60.0,61.85,0.0,0.0,0.0,0.0,0.0,0.0,0.0,,,,0.0,0.0,0.0,0.0,0.0,0.0,,,38.7395774,-120.6771808,Apple Hill Substation,1.0,exact,publicqueuereport.xlsx+cluster15.xlsx,2026-09-07,026fde9,2026-09-08T02:07:34Z
APPROX 4 MI SOUTH OF THE PENASQUITOS ALONG THE EAST SIDE OF THE PENASQUITOS OLD TOWN,APPROX 4 MI SOUTH OF THE PENASQUITOS SUB ALONG THE EAST SIDE OF THE PENASQUITOS-OLD TOWN,SAN DIEGO,SDGE,0.0,0.0,0.0,0.0,0.0,0.0,0.0,0.0,0.0,1.0,300.0,0.0,0.0,0.0,0.0,0.0,0.0,0.0,0.0,0.0,0.0,0.0,,,,0.0,0.0,0.0,0.0,0.0,0.0,,,32.7660854,-117.1923901,Old Town Substation,0.7,line-one-end,publicqueuereport.xlsx+cluster15.xlsx,2026-09-07,026fde9,2026-09-08T02:07:34Z
ARCO CANERAS,ARCO CANERAS,KERN,PGAE,0.0,0.0,0.0,0.0,0.0,0.0,0.0,0.0,0.0,1.0,20.0,0.0,0.0,0.0,0.0,0.0,0.0,0.0,0.0,0.0,0.0,0.0,,,,0.0,0.0,0.0,0.0,0.0,0.0,,,35.2460173,-118.975825,median of located nodes in KERN,0.3,county-centroid,publicqueuereport.xlsx+cluster15.xlsx,2026-09-07,026fde9,2026-09-08T02:07:34Z
ARCO CARNERAS,ARCO-CARNERAS,KERN,PGAE,0.0,0.0,0.0,0.0,0.0,0.0,2.0,40.0,0.0,2.0,38.0,30.8,1.0,30.0,30.8,0.0,0.0,0.0,30.0,0.0,0.0,0.0,,0.95,,1.0,30.0,0.0,30.0,0.0,0.0,,,35.2460173,-118.975825,median of located nodes in KERN,0.3,county-centroid,publicqueuereport.xlsx+cluster15.xlsx,2026-09-07,026fde9,2026-09-08T02:07:34Z
ARCO GEN LINES,ARCO GEN #1 & #2,LOS ANGELES,SCE,0.0,0.0,0.0,0.0,0.0,0.0,0.0,0.0,0.0,1.0,85.0,0.0,0.0,0.0,0.0,0.0,0.0,0.0,85.0,0.0,0.0,0.0,,,,0.0,0.0,0.0,0.0,0.0,0.0,,,34.47440665,-118.2627298,median of located nodes in LOS ANGELES,0.3,county-centroid,publicqueuereport.xlsx+cluster15.xlsx,2026-09-07,026fde9,2026-09-08T02:07:34Z
ARCO MIDWAY GATES MIDWAY,ARCO-MIDWAY & GATES-MIDWAY,KERN,PGAE,0.0,0.0,0.0,0.0,0.0,0.0,0.0,0.0,0.0,1.0,150.0,37.0,0.0,0.0,0.0,0.0,0.0,0.0,0.0,0.0,0.0,0.0,,,,0.0,0.0,0.0,0.0,0.0,0.0,,,35.2460173,-118.975825,median of located nodes in KERN,0.3,county-centroid,publicqueuereport.xlsx+cluster15.xlsx,2026-09-07,026fde9,2026-09-08T02:07:34Z
ARCO POLONIO PASS,ARCO - POLONIO PASS,KERN,PGAE,0.0,0.0,0.0,0.0,0.0,0.0,0.0,0.0,0.0,2.0,41.7,0.0,0.0,0.0,0.0,0.0,0.0,0.0,0.0,0.0,0.0,0.0,,,,0.0,0.0,0.0,0.0,0.0,0.0,,,35.2460173,-118.975825,median of located nodes in KERN,0.3,county-centroid,publicqueuereport.xlsx+cluster15.xlsx,2026-09-07,026fde9,2026-09-08T02:07:34Z
BISHOP CONTROL,BISHOP CONTROL SUBSTATION,CHURCHILL,SCE,0.0,0.0,0.0,0.0,0.0,0.0,1.0,10.0,0.0,0.0,0.0,0.0,0.0,0.0,0.0,0.0,0.0,0.0,0.0,0.0,0.0,0.0,,0.0,,0.0,0.0,0.0,0.0,0.0,0.0,,,,,,0.67,none,publicqueuereport.xlsx+cluster15.xlsx,2026-09-07,026fde9,2026-09-08T02:07:34Z
BLACKWELL,BLACKWELL SUBSTATION,KERN,PGAE,0.0,0.0,0.0,0.0,0.0,0.0,0.0,0.0,0.0,2.0,36.345,0.0,0.0,0.0,0.0,0.0,0.0,0.0,0.0,0.0,0.0,0.0,,,,0.0,0.0,0.0,0.0,0.0,0.0,,,35.2460173,-118.975825,median of located nodes in KERN,0.3,county-centroid,publicqueuereport.xlsx+cluster15.xlsx,2026-09-07,026fde9,2026-09-08T02:07:34Z
BLACKWELL CARNERAS,BLACKWELL-CARNERAS,KERN,PGAE,0.0,0.0,0.0,0.0,0.0,0.0,0.0,0.0,0.0,1.0,20.0,0.0,0.0,0.0,0.0,0.0,0.0,0.0,0.0,0.0,0.0,0.0,,,,0.0,0.0,0.0,0.0,0.0,0.0,,,35.2460173,-118.975825,median of located nodes in KERN,0.3,county-centroid,publicqueuereport.xlsx+cluster15.xlsx,2026-09-07,026fde9,2026-09-08T02:07:34Z
BLM,BLM SUBSTATION,INYO,SCE,0.0,0.0,0.0,0.0,0.0,0.0,0.0,0.0,0.0,1.0,15.0,0.0,0.0,0.0,0.0,0.0,0.0,0.0,15.0,0.0,0.0,0.0,,,,0.0,0.0,0.0,0.0,0.0,0.0,,,36.073488775,-117.96730375,median of located nodes in INYO,0.3,county-centroid,publicqueuereport.xlsx+cluster15.xlsx,2026-09-07,026fde9,2026-09-08T02:07:34Z
CALIFORNIA FLATS,CALIFORNIA FLATS SWITCHING STATION,MONTEREY,PGAE,0.0,0.0,0.0,0.0,0.0,0.0,0.0,0.0,0.0,1.0,60.0,30.219999,1.0,60.0,30.219999,0.0,0.0,0.0,0.0,0.0,0.0,0.0,,,,0.0,0.0,0.0,0.0,0.0,0.0,,,36.4301332,-121.3325147,median of located nodes in MONTEREY,0.3,county-centroid,publicqueuereport.xlsx+cluster15.xlsx,2026-09-07,026fde9,2026-09-08T02:07:34Z
CALLENDER,CALLENDER SW STA,SAN LUIS OBISPO,PGAE,0.0,0.0,0.0,0.0,0.0,0.0,0.0,0.0,0.0,1.0,75.0,75.0,1.0,75.0,75.0,0.0,0.0,0.0,0.0,0.0,0.0,0.0,,,,0.0,0.0,0.0,0.0,0.0,0.0,,,35.3738781,-120.32021062499999,median of located nodes in SAN LUIS OBISPO,0.3,county-centroid,publicqueuereport.xlsx+cluster15.xlsx,2026-09-07,026fde9,2026-09-08T02:07:34Z
CAMANCHE VIA THE CAMANCHE POWERHOUSE,CAMANCHE,SAN JOAQUIN,PGAE,0.0,0.0,0.0,0.0,0.0,0.0,0.0,0.0,0.0,1.0,84.9,86.6,0.0,0.0,0.0,0.0,0.0,0.0,0.0,0.0,0.0,0.0,,,,0.0,0.0,0.0,0.0,0.0,0.0,,,37.7770366,-121.31472865,median of located nodes in SAN JOAQUIN,0.3,county-centroid,publicqueuereport.xlsx+cluster15.xlsx,2026-09-07,026fde9,2026-09-08T02:07:34Z
CAMDEN,CAMDEN SUBSTATION,FRESNO,PGAE,0.0,0.0,0.0,0.0,0.0,0.0,0.0,0.0,0.0,1.0,14.0,0.0,0.0,0.0,0.0,0.0,0.0,0.0,0.0,0.0,0.0,0.0,,,,0.0,0.0,0.0,0.0,0.0,0.0,,,33.7131376,-117.8836985,Camden Substation,1.0,exact,publicqueuereport.xlsx+cluster15.xlsx,2026-09-07,026fde9,2026-09-08T02:07:34Z
CAMDEN LEMOORE,CAMDEN JUNCTION-LEMOORE TAP,KINGS,PGAE,0.0,0.0,0.0,0.0,0.0,0.0,0.0,0.0,0.0,1.0,20.0,0.0,0.0,0.0,0.0,0.0,0.0,0.0,0.0,0.0,0.0,0.0,,,,0.0,0.0,0.0,0.0,0.0,0.0,,,33.7131376,-117.8836985,Camden Substation,0.7,line-one-end,publicqueuereport.xlsx+cluster15.xlsx,2026-09-07,026fde9,2026-09-08T02:07:34Z
CAMERON,CAMERON SUBSTATION,SAN DIEGO,SDGE,0.0,0.0,0.0,0.0,0.0,0.0,0.0,0.0,0.0,3.0,90.0,0.0,0.0,0.0,0.0,0.0,0.0,0.0,0.0,0.0,0.0,0.0,,,,0.0,0.0,0.0,0.0,0.0,0.0,,,32.90258,-117.1167373,median of located nodes in SAN DIEGO,0.3,county-centroid,publicqueuereport.xlsx+cluster15.xlsx,2026-09-07,026fde9,2026-09-08T02:07:34Z
CAMINO IRON MOUNTAIN,CAMINO-IRON MOUNTAIN,RIVERSIDE,SCE,0.0,0.0,0.0,0.0,0.0,0.0,0.0,0.0,0.0,2.0,99.0,0.0,0.0,0.0,0.0,0.0,0.0,0.0,0.0,0.0,0.0,0.0,,,,0.0,0.0,0.0,0.0,0.0,0.0,,,36.3225741,-115.2082305,Iron Mountain Substation,0.7,line-one-end,publicqueuereport.xlsx+cluster15.xlsx,2026-09-07,026fde9,2026-09-08T02:07:34Z
CANTUA,CANTUA,FRESNO,PGAE,0.0,0.0,0.0,0.0,0.0,0.0,0.0,0.0,0.0,2.0,121.08,0.0,0.0,0.0,0.0,0.0,0.0,0.0,0.0,0.0,0.0,0.0,,,,0.0,0.0,0.0,0.0,0.0,0.0,,,36.587580525,-120.1256622,median of located nodes in FRESNO,0.3,county-centroid,publicqueuereport.xlsx+cluster15.xlsx,2026-09-07,026fde9,2026-09-08T02:07:34Z
CANWIND,CANWIND SUBSTATION,KERN,SCE,0.0,0.0,0.0,0.0,0.0,0.0,0.0,0.0,0.0,1.0,34.0,0.0,0.0,0.0,0.0,0.0,0.0,0.0,34.0,0.0,0.0,0.0,,,,0.0,0.0,0.0,0.0,0.0,0.0,,,35.2460173,-118.975825,median of located nodes in KERN,0.3,county-centroid,publicqueuereport.xlsx+cluster15.xlsx,2026-09-07,026fde9,2026-09-08T02:07:34Z
CARBERRY,CARBERRY SWITCHING STATION,SHASTA,PGAE,0.0,0.0,0.0,0.0,0.0,0.0,0.0,0.0,0.0,1.0,110.0,110.0,0.0,0.0,0.0,0.0,0.0,0.0,0.0,0.0,0.0,0.0,,,,0.0,0.0,0.0,0.0,0.0,0.0,,,40.8592127,-121.7529606,Carberry Switching Station,1.0,exact,publicqueuereport.xlsx+cluster15.xlsx,2026-09-07,026fde9,2026-09-08T02:07:34Z
CARIBOU,CARIBOU,LASSEN,PGAE,0.0,0.0,0.0,0.0,0.0,0.0,0.0,0.0,0.0,2.0,301.0,0.0,0.0,0.0,0.0,0.0,0.0,0.0,0.0,0.0,0.0,0.0,,,,0.0,0.0,0.0,0.0,0.0,0.0,,,40.2998877,-121.0015104,median of located nodes in LASSEN,0.3,county-centroid,publicqueuereport.xlsx+cluster15.xlsx,2026-09-07,026fde9,2026-09-08T02:07:34Z
CARIBOU WESTWOOD,CARIBOU - WESTWOOD,LASSEN,PGAE,0.0,0.0,0.0,0.0,0.0,0.0,0.0,0.0,0.0,1.0,10.0,0.0,1.0,10.0,0.0,1.0,10.0,0.0,0.0,0.0,0.0,0.0,,,0.0,0.0,0.0,0.0,0.0,0.0,0.0,,,40.2998877,-121.0015104,Westwood Substation,0.7,line-one-end,publicqueuereport.xlsx+cluster15.xlsx,2026-09-07,026fde9,2026-09-08T02:07:34Z
CARNERAS TAFT,CARNERAS-TAFT,KERN,PGAE,0.0,0.0,0.0,0.0,0.0,0.0,0.0,0.0,0.0,1.0,75.0,0.0,0.0,0.0,0.0,0.0,0.0,0.0,0.0,0.0,0.0,0.0,,,,0.0,0.0,0.0,0.0,0.0,0.0,,,35.2460173,-118.975825,median of located nodes in KERN,0.3,county-centroid,publicqueuereport.xlsx+cluster15.xlsx,2026-09-07,026fde9,2026-09-08T02:07:34Z
CARUTHERS KINGSBURG,CARUTHERS - KINGSBURG,FRESNO,PGAE,0.0,0.0,0.0,0.0,0.0,0.0,0.0,0.0,0.0,1.0,7.0,0.0,0.0,0.0,0.0,0.0,0.0,0.0,0.0,0.0,0.0,0.0,,,,0.0,0.0,0.0,0.0,0.0,0.0,,,36.5321389,-119.8816492,Caruthers Substation,0.7,line-one-end,publicqueuereport.xlsx+cluster15.xlsx,2026-09-07,026fde9,2026-09-08T02:07:34Z
CASCADE COTTONWOOD,CASCADE-COTTONWOOD,,PGAE,0.0,0.0,0.0,0.0,0.0,0.0,1.0,27.15,0.0,0.0,0.0,0.0,0.0,0.0,0.0,0.0,0.0,0.0,0.0,0.0,0.0,0.0,,0.0,,0.0,0.0,0.0,0.0,0.0,0.0,,,40.3979023,-122.2642981,Cottonwood Substation,0.7,line-one-end,publicqueuereport.xlsx+cluster15.xlsx,2026-09-07,026fde9,2026-09-08T02:07:34Z
CENTER S,CENTER S SUBSTATION,LOS ANGELES,SCE,0.0,0.0,0.0,0.0,0.0,0.0,0.0,0.0,0.0,1.0,400.0,405.750882,1.0,400.0,405.750882,0.0,0.0,0.0,0.0,0.0,0.0,0.0,,,,0.0,0.0,0.0,0.0,0.0,0.0,,,33.9288306,-118.1057084,Center Substation,0.86,fuzzy,publicqueuereport.xlsx+cluster15.xlsx,2026-09-07,026fde9,2026-09-08T02:07:34Z
CENTERVILLE TABLE MOUNTAIN,CENTERVILLE-TABLE MOUNTAIN,BUTTE,PGAE,0.0,0.0,0.0,0.0,0.0,0.0,1.0,4.0,0.0,0.0,0.0,0.0,0.0,0.0,0.0,0.0,0.0,0.0,0.0,0.0,0.0,0.0,,0.0,,0.0,0.0,0.0,0.0,0.0,0.0,,,39.5551324,-121.6451687,Table Mountain Substation,0.7,line-one-end,publicqueuereport.xlsx+cluster15.xlsx,2026-09-07,026fde9,2026-09-08T02:07:34Z
CHANEY,CHANEY #1,FRESNO,PGAE,0.0,0.0,0.0,0.0,0.0,0.0,0.0,0.0,0.0,1.0,8.0,0.0,0.0,0.0,0.0,0.0,0.0,0.0,8.0,0.0,0.0,0.0,,,,0.0,0.0,0.0,0.0,0.0,0.0,,,36.587580525,-120.1256622,median of located nodes in FRESNO,0.3,county-centroid,publicqueuereport.xlsx+cluster15.xlsx,2026-09-07,026fde9,2026-09-08T02:07:34Z
CHARLESTON,CHARLESTON SUBSTATION,NYE,VEA,0.0,0.0,0.0,0.0,0.0,0.0,0.0,0.0,0.0,1.0,69.26,0.0,0.0,0.0,0.0,0.0,0.0,0.0,0.0,0.0,0.0,0.0,,,,0.0,0.0,0.0,0.0,0.0,0.0,,,35.086571649999996,-116.5531878,median of located nodes in NYE,0.3,county-centroid,publicqueuereport.xlsx+cluster15.xlsx,2026-09-07,026fde9,2026-09-08T02:07:34Z
CHENEY,CHENEY #1 TAP,FRESNO,PGAE,0.0,0.0,0.0,0.0,0.0,0.0,0.0,0.0,0.0,1.0,30.0,30.6,1.0,30.0,30.6,0.0,0.0,0.0,0.0,0.0,0.0,0.0,,,,0.0,0.0,0.0,0.0,0.0,0.0,,,36.587580525,-120.1256622,median of located nodes in FRESNO,0.3,county-centroid,publicqueuereport.xlsx+cluster15.xlsx,2026-09-07,026fde9,2026-09-08T02:07:34Z
CHEVGEN,CHEVGEN SUBSTATION,LOS ANGELES,SCE,0.0,0.0,0.0,0.0,0.0,0.0,0.0,0.0,0.0,1.0,49.85,0.0,0.0,0.0,0.0,0.0,0.0,0.0,0.0,0.0,0.0,0.0,,,,0.0,0.0,0.0,0.0,0.0,0.0,,,34.47440665,-118.2627298,median of located nodes in LOS ANGELES,0.3,county-centroid,publicqueuereport.xlsx+cluster15.xlsx,2026-09-07,026fde9,2026-09-08T02:07:34Z
CHICARITA,CHICARITA SUBSTATION,SAN DIEGO,SDGE,0.0,0.0,0.0,0.0,0.0,0.0,0.0,0.0,0.0,2.0,400.0,405.65329599999995,2.0,400.0,405.65329599999995,0.0,0.0,0.0,100.0,0.0,0.0,0.0,,,,0.0,0.0,0.0,0.0,0.0,0.0,,,32.90258,-117.1167373,median of located nodes in SAN DIEGO,0.3,county-centroid,publicqueuereport.xlsx+cluster15.xlsx,2026-09-07,026fde9,2026-09-08T02:07:34Z
CHINO VIEJO,CHINO-VIEJO,RIVERSIDE,SCE,0.0,0.0,0.0,0.0,0.0,0.0,0.0,0.0,0.0,1.0,910.0,50.0,0.0,0.0,0.0,0.0,0.0,0.0,0.0,0.0,0.0,0.0,,,,0.0,0.0,0.0,0.0,0.0,0.0,,,33.832733000000005,-117.66048235,Chino Substation | Viejo Substation,1.0,line-midpoint,publicqueuereport.xlsx+cluster15.xlsx,2026-09-07,026fde9,2026-09-08T02:07:34Z
CALIENTE MIDWAY,CALIENTE SW STA-MIDWAY #1,KERN,PGAE,0.0,0.0,0.0,0.0,0.0,0.0,0.0,0.0,0.0,1.0,250.0,259.36,1.0,250.0,259.36,1.0,250.0,259.36,0.0,0.0,0.0,0.0,,,0.0,0.0,0.0,0.0,0.0,0.0,0.0,,,35.4029429,-119.4522985,Midway Substation,0.7,line-one-end,publicqueuereport.xlsx+cluster15.xlsx,2026-09-07,026fde9,2026-09-08T02:07:34Z
CALIENTE,CALIENTE SWITCHING STATION,SAN LUIS OBISPO,PGAE,0.0,0.0,0.0,0.0,0.0,0.0,0.0,0.0,0.0,3.0,949.65,481.142,2.0,699.65,481.142,0.0,0.0,0.0,299.65,0.0,0.0,0.0,,,,0.0,0.0,0.0,0.0,0.0,0.0,,,35.3738781,-120.32021062499999,median of located nodes in SAN LUIS OBISPO,0.3,county-centroid,publicqueuereport.xlsx+cluster15.xlsx,2026-09-07,026fde9,2026-09-08T02:07:34Z
CALCITE GEN TIE AT,CALCITE SUBSTATION GEN-TIE AT,SAN BERNARDINO,SCE,0.0,0.0,0.0,0.0,0.0,0.0,0.0,0.0,0.0,1.0,167.55,30.8,0.0,0.0,0.0,0.0,0.0,0.0,0.0,0.0,0.0,0.0,,,,0.0,0.0,0.0,0.0,0.0,0.0,,,34.7816824,-117.3693963,median of located nodes in SAN BERNARDINO,0.3,county-centroid,publicqueuereport.xlsx+cluster15.xlsx,2026-09-07,026fde9,2026-09-08T02:07:34Z
BORREGO,BORREGO SUBSTATION,SAN DIEGO,SDGE,0.0,0.0,0.0,0.0,0.0,0.0,1.0,25.75,0.0,11.0,456.3,30.0,0.0,0.0,0.0,0.0,0.0,0.0,0.0,0.0,0.0,0.0,,17.72,,0.0,0.0,0.0,0.0,0.0,0.0,,,33.5976509,-117.7490005,Borrego Substation,1.0,exact,publicqueuereport.xlsx+cluster15.xlsx,2026-09-07,026fde9,2026-09-08T02:07:34Z
BLM WEST KRAMER,BLM WEST-KRAMER,SAN BERNARDINO,SCE,0.0,0.0,0.0,0.0,0.0,0.0,0.0,0.0,0.0,1.0,450.0,0.0,0.0,0.0,0.0,0.0,0.0,0.0,0.0,0.0,0.0,0.0,,,,0.0,0.0,0.0,0.0,0.0,0.0,,,34.9896952,-117.5421983,Kramer Substation,0.7,line-one-end,publicqueuereport.xlsx+cluster15.xlsx,2026-09-07,026fde9,2026-09-08T02:07:34Z
BLUE LAKE POWER,BLUE LAKE POWER SUBSTATION,,PGAE,0.0,0.0,0.0,0.0,0.0,0.0,1.0,0.0,0.0,0.0,0.0,0.0,0.0,0.0,0.0,0.0,0.0,0.0,0.0,0.0,0.0,0.0,,,,0.0,0.0,0.0,0.0,0.0,0.0,,,,,,0.75,none,publicqueuereport.xlsx+cluster15.xlsx,2026-09-07,026fde9,2026-09-08T02:07:34Z
BLYTHE,BLYTHE SUBSTATION,RIVERSIDE,SCE,0.0,0.0,0.0,0.0,0.0,0.0,0.0,0.0,0.0,2.0,237.0,205.92,1.0,200.0,205.92,0.0,0.0,0.0,0.0,0.0,0.0,0.0,,,,0.0,0.0,0.0,0.0,0.0,0.0,,,33.6112925,-114.6802861,Blythe Substation,1.0,exact,publicqueuereport.xlsx+cluster15.xlsx,2026-09-07,026fde9,2026-09-08T02:07:34Z
BLYTHE EAGLE MOUNTAIN,BLYTHE-EAGLE MOUNTAIN,RIVERSIDE,SCE,0.0,0.0,0.0,0.0,0.0,0.0,0.0,0.0,0.0,2.0,370.0,0.0,0.0,0.0,0.0,0.0,0.0,0.0,0.0,0.0,0.0,0.0,,,,0.0,0.0,0.0,0.0,0.0,0.0,,,33.71089485,-115.06650594999999,Blythe Substation | Eagle Mountain Substation,1.0,line-midpoint,publicqueuereport.xlsx+cluster15.xlsx,2026-09-07,026fde9,2026-09-08T02:07:34Z
BLYTHE ENERGY PARK,BLYTHE ENERGY PARK #1 (BEP1),RIVERSIDE,SCE,0.0,0.0,0.0,0.0,0.0,0.0,0.0,0.0,0.0,1.0,49.0,0.0,0.0,0.0,0.0,0.0,0.0,0.0,0.0,0.0,0.0,0.0,,,,0.0,0.0,0.0,0.0,0.0,0.0,,,33.832733000000005,-116.0744455,median of located nodes in RIVERSIDE,0.3,county-centroid,publicqueuereport.xlsx+cluster15.xlsx,2026-09-07,026fde9,2026-09-08T02:07:34Z
BOGUE RIO OSO,BOGUE - RIO OSO,SUTTER,PGAE,0.0,0.0,0.0,0.0,0.0,0.0,0.0,0.0,0.0,1.0,50.0,50.7,0.0,0.0,0.0,0.0,0.0,0.0,0.0,0.0,0.0,0.0,,,,0.0,0.0,0.0,0.0,0.0,0.0,,,39.01555435,-121.54538790000001,Bogue Substation | Rio Oso Substation,1.0,line-midpoint,publicqueuereport.xlsx+cluster15.xlsx,2026-09-07,026fde9,2026-09-08T02:07:34Z
BORDER,BORDER SUBSTATION,SAN DIEGO,SDGE,0.0,0.0,0.0,0.0,0.0,0.0,0.0,0.0,0.0,8.0,463.39,326.71500000000003,3.0,299.99,306.71500000000003,0.0,0.0,0.0,74.4,0.0,0.0,0.0,,,,0.0,0.0,0.0,0.0,0.0,0.0,,,32.90258,-117.1167373,median of located nodes in SAN DIEGO,0.3,county-centroid,publicqueuereport.xlsx+cluster15.xlsx,2026-09-07,026fde9,2026-09-08T02:07:34Z
BORDER ALTA AND OTAY MESA ROAD,BORDER SUBSTATION,SAN DIEGO,SDGE,0.0,0.0,0.0,0.0,0.0,0.0,0.0,0.0,0.0,1.0,5.0,5.0,0.0,0.0,0.0,0.0,0.0,0.0,0.0,0.0,0.0,0.0,,,,0.0,0.0,0.0,0.0,0.0,0.0,,,32.90258,-117.1167373,median of located nodes in SAN DIEGO,0.3,county-centroid,publicqueuereport.xlsx+cluster15.xlsx,2026-09-07,026fde9,2026-09-08T02:07:34Z
BORDER BORDER,BORDER - BORDER TAP,SAN DIEGO,SDGE,0.0,0.0,0.0,0.0,0.0,0.0,0.0,0.0,0.0,1.0,100.0,100.8,1.0,100.0,100.8,0.0,0.0,0.0,0.0,0.0,0.0,0.0,,,,0.0,0.0,0.0,0.0,0.0,0.0,,,32.90258,-117.1167373,median of located nodes in SAN DIEGO,0.3,county-centroid,publicqueuereport.xlsx+cluster15.xlsx,2026-09-07,026fde9,2026-09-08T02:07:34Z
BORDER SALT CREEK,BORDER-SALT CREEK,SAN DIEGO,SDGE,0.0,0.0,0.0,0.0,0.0,0.0,0.0,0.0,0.0,1.0,80.0,82.6,0.0,0.0,0.0,0.0,0.0,0.0,0.0,0.0,0.0,0.0,,,,0.0,0.0,0.0,0.0,0.0,0.0,,,32.90258,-117.1167373,median of located nodes in SAN DIEGO,0.3,county-centroid,publicqueuereport.xlsx+cluster15.xlsx,2026-09-07,026fde9,2026-09-08T02:07:34Z
BOULEVARD,BOULEVARD SUB,SAN DIEGO,SDGE,0.0,0.0,0.0,0.0,0.0,0.0,0.0,0.0,0.0,4.0,318.4,0.0,0.0,0.0,0.0,0.0,0.0,0.0,92.0,0.0,0.0,0.0,,,,0.0,0.0,0.0,0.0,0.0,0.0,,,32.90258,-117.1167373,median of located nodes in SAN DIEGO,0.3,county-centroid,publicqueuereport.xlsx+cluster15.xlsx,2026-09-07,026fde9,2026-09-08T02:07:34Z
CAL CEMENT ROSAMOND,CAL CEMENT-ROSAMOND,KERN,SCE,0.0,0.0,0.0,0.0,0.0,0.0,0.0,0.0,0.0,1.0,50.0,0.0,0.0,0.0,0.0,0.0,0.0,0.0,0.0,0.0,0.0,0.0,,,,0.0,0.0,0.0,0.0,0.0,0.0,,,35.2460173,-118.975825,median of located nodes in KERN,0.3,county-centroid,publicqueuereport.xlsx+cluster15.xlsx,2026-09-07,026fde9,2026-09-08T02:07:34Z
BRIDGEVILLE,BRIDGEVILLE SUBSTATION,HUMBOLDT,PGAE,0.0,0.0,0.0,0.0,0.0,0.0,0.0,0.0,0.0,3.0,375.0,111.88893999999999,1.0,150.0,61.01394,0.0,0.0,0.0,125.0,0.0,0.0,0.0,,,,0.0,0.0,0.0,0.0,0.0,0.0,,,41.2272733,-115.9399678,median of located nodes in HUMBOLDT,0.3,county-centroid,publicqueuereport.xlsx+cluster15.xlsx,2026-09-07,026fde9,2026-09-08T02:07:34Z
BRIGHTON BELLOTA,BRIGHTON-BELLOTA,SAN JOAQUIN,PGAE,0.0,0.0,0.0,0.0,0.0,0.0,0.0,0.0,0.0,1.0,350.0,356.796,0.0,0.0,0.0,0.0,0.0,0.0,0.0,0.0,0.0,0.0,,,,0.0,0.0,0.0,0.0,0.0,0.0,,,38.28199265,-121.21081625,Brighton Substation | Bellota Substation,1.0,line-midpoint,publicqueuereport.xlsx+cluster15.xlsx,2026-09-07,026fde9,2026-09-08T02:07:34Z
BRIGHTON CONTRA COSTA,BRIGHTON-CONTRA COSTA,SOLANO,PGAE,0.0,0.0,0.0,0.0,0.0,0.0,0.0,0.0,0.0,1.0,128.0,0.0,0.0,0.0,0.0,0.0,0.0,0.0,0.0,0.0,0.0,0.0,,,,0.0,0.0,0.0,0.0,0.0,0.0,,,38.2737963,-121.59508505,Brighton Substation | Contra Costa Substation,1.0,line-midpoint,publicqueuereport.xlsx+cluster15.xlsx,2026-09-07,026fde9,2026-09-08T02:07:34Z
BRIGHTON DAVIS,BRIGHTON-DAVIS,SOLANO,PGAE,0.0,0.0,0.0,0.0,0.0,0.0,0.0,0.0,0.0,2.0,29.6,0.0,0.0,0.0,0.0,0.0,0.0,0.0,20.0,0.0,0.0,0.0,,,,0.0,0.0,0.0,0.0,0.0,0.0,,,38.54671545,-121.57092265,Brighton Substation | Davis Substation,1.0,line-midpoint,publicqueuereport.xlsx+cluster15.xlsx,2026-09-07,026fde9,2026-09-08T02:07:34Z
BUTTE TABLE MOUNTAIN,BUTTE-TABLE MOUNTAIN,BUTTE,PGAE,0.0,0.0,0.0,0.0,0.0,0.0,0.0,0.0,0.0,1.0,75.0,0.0,0.0,0.0,0.0,0.0,0.0,0.0,0.0,0.0,0.0,0.0,,,,0.0,0.0,0.0,0.0,0.0,0.0,,,39.5551324,-121.6451687,Table Mountain Substation,0.7,line-one-end,publicqueuereport.xlsx+cluster15.xlsx,2026-09-07,026fde9,2026-09-08T02:07:34Z
CABRILL0 DIVIDE,CABRILL0-DIVIDE,KERN,PGAE,0.0,0.0,0.0,0.0,0.0,0.0,0.0,0.0,0.0,1.0,100.0,0.0,0.0,0.0,0.0,0.0,0.0,0.0,0.0,0.0,0.0,0.0,,,,0.0,0.0,0.0,0.0,0.0,0.0,,,35.2460173,-118.975825,median of located nodes in KERN,0.3,county-centroid,publicqueuereport.xlsx+cluster15.xlsx,2026-09-07,026fde9,2026-09-08T02:07:34Z
CABRILLO,CABRILLO SUBSTATION,SANTA BARBARA,PGAE,0.0,0.0,0.0,0.0,0.0,0.0,0.0,0.0,0.0,2.0,70.8,32.4,0.0,0.0,0.0,0.0,0.0,0.0,0.0,0.0,0.0,0.0,,,,0.0,0.0,0.0,0.0,0.0,0.0,,,34.6432014,-120.4372204,Cabrillo Substation,1.0,exact,publicqueuereport.xlsx+cluster15.xlsx,2026-09-07,026fde9,2026-09-08T02:07:34Z
CAL CEMENT ANTELOPE,CAL CEMENT-ANTELOPE,KERN,SCE,0.0,0.0,0.0,0.0,0.0,0.0,0.0,0.0,0.0,3.0,60.0,0.0,0.0,0.0,0.0,0.0,0.0,0.0,0.0,0.0,0.0,0.0,,,,0.0,0.0,0.0,0.0,0.0,0.0,,,34.6858079,-118.2981161,Antelope Substation,0.7,line-one-end,publicqueuereport.xlsx+cluster15.xlsx,2026-09-07,026fde9,2026-09-08T02:07:34Z
CAL CEMENT MONOLITH WINDLAND,CAL CEMENT-MONOLITH-WINDLAND,KERN,SCE,0.0,0.0,0.0,0.0,0.0,0.0,0.0,0.0,0.0,1.0,20.0,0.0,0.0,0.0,0.0,0.0,0.0,0.0,0.0,0.0,0.0,0.0,,,,0.0,0.0,0.0,0.0,0.0,0.0,,,35.2460173,-118.975825,median of located nodes in KERN,0.3,county-centroid,publicqueuereport.xlsx+cluster15.xlsx,2026-09-07,026fde9,2026-09-08T02:07:34Z
CAL CEMENT MONOLITH WINDLAND ARWIND,CAL CEMENT - MONOLITH - WINDLAND - ARWIND,KERN,SCE,0.0,0.0,0.0,0.0,0.0,0.0,0.0,0.0,0.0,1.0,20.0,0.0,0.0,0.0,0.0,0.0,0.0,0.0,0.0,0.0,0.0,0.0,,,,0.0,0.0,0.0,0.0,0.0,0.0,,,35.2460173,-118.975825,median of located nodes in KERN,0.3,county-centroid,publicqueuereport.xlsx+cluster15.xlsx,2026-09-07,026fde9,2026-09-08T02:07:34Z
EL CAPITAN,EL CAPITAN SUBSTATION,TBD,PGAE,0.0,0.0,0.0,0.0,0.0,0.0,0.0,0.0,0.0,1.0,175.0,178.881,1.0,175.0,178.881,0.0,0.0,0.0,0.0,0.0,0.0,0.0,,,,0.0,0.0,0.0,0.0,0.0,0.0,,,,,,0.7,none,publicqueuereport.xlsx+cluster15.xlsx,2026-09-07,026fde9,2026-09-08T02:07:34Z
EL CASCO,EL CASCO,RIVERSIDE,SCE,0.0,0.0,0.0,0.0,0.0,0.0,0.0,0.0,0.0,1.0,150.0,0.0,0.0,0.0,0.0,0.0,0.0,0.0,150.0,0.0,0.0,0.0,,,,0.0,0.0,0.0,0.0,0.0,0.0,,,33.832733000000005,-116.0744455,median of located nodes in RIVERSIDE,0.3,county-centroid,publicqueuereport.xlsx+cluster15.xlsx,2026-09-07,026fde9,2026-09-08T02:07:34Z
EL DORADO,EL DORADO,CLARK,SCE,0.0,0.0,0.0,0.0,0.0,0.0,0.0,0.0,0.0,3.0,779.0,0.0,0.0,0.0,0.0,0.0,0.0,0.0,639.0,0.0,0.0,0.0,,,,0.0,0.0,0.0,0.0,0.0,0.0,,,35.79368145,-115.12508027499999,median of located nodes in CLARK,0.3,county-centroid,publicqueuereport.xlsx+cluster15.xlsx,2026-09-07,026fde9,2026-09-08T02:07:34Z
KRAMER BLM WEST,KRAMER-BLM WEST,KERN,SCE,0.0,0.0,0.0,0.0,0.0,0.0,0.0,0.0,0.0,1.0,500.0,100.0,0.0,0.0,0.0,0.0,0.0,0.0,0.0,0.0,0.0,0.0,,,,0.0,0.0,0.0,0.0,0.0,0.0,,,34.9896952,-117.5421983,Kramer Substation,0.7,line-one-end,publicqueuereport.xlsx+cluster15.xlsx,2026-09-07,026fde9,2026-09-08T02:07:34Z
KRAMER INYOKERN RANDSBERG,KRAMER-INYOKERN-RANDSBERG NO. 1,KERN,SCE,0.0,0.0,0.0,0.0,0.0,0.0,0.0,0.0,0.0,2.0,200.0,0.0,0.0,0.0,0.0,0.0,0.0,0.0,0.0,0.0,0.0,0.0,,,,0.0,0.0,0.0,0.0,0.0,0.0,,,35.32117135,-117.6690451,Kramer Substation | Inyokern Substation,1.0,line-midpoint,publicqueuereport.xlsx+cluster15.xlsx,2026-09-07,026fde9,2026-09-08T02:07:34Z
KRAMER INYOKERN RANDSBURG,KRAMER-INYOKERN-RANDSBURG #1,KERN,SCE,0.0,0.0,0.0,0.0,0.0,0.0,0.0,0.0,0.0,3.0,295.0,78.378,0.0,0.0,0.0,0.0,0.0,0.0,100.0,0.0,0.0,0.0,,,,0.0,0.0,0.0,0.0,0.0,0.0,,,35.32117135,-117.6690451,Kramer Substation | Inyokern Substation,1.0,line-midpoint,publicqueuereport.xlsx+cluster15.xlsx,2026-09-07,026fde9,2026-09-08T02:07:34Z
KRAMER LUGO,KRAMER-LUGO #1,SAN BERNARDINO,SCE,0.0,0.0,0.0,0.0,0.0,0.0,0.0,0.0,0.0,1.0,400.0,408.12,1.0,400.0,408.12,0.0,0.0,0.0,400.0,0.0,0.0,0.0,,,,1.0,400.0,0.0,400.0,0.0,1.0,,,34.677758499999996,-117.4557973,Kramer Substation | Lugo Substation,1.0,line-midpoint,publicqueuereport.xlsx+cluster15.xlsx,2026-09-07,026fde9,2026-09-08T02:07:34Z
KRAMER RANSBURG,KRAMER-RANSBURG,KERN,SCE,0.0,0.0,0.0,0.0,0.0,0.0,0.0,0.0,0.0,1.0,20.0,0.0,0.0,0.0,0.0,0.0,0.0,0.0,0.0,0.0,0.0,0.0,,,,0.0,0.0,0.0,0.0,0.0,0.0,,,34.9896952,-117.5421983,Kramer Substation,0.7,line-one-end,publicqueuereport.xlsx+cluster15.xlsx,2026-09-07,026fde9,2026-09-08T02:07:34Z
KRAMER TORTILLA,KRAMER-TORTILLA,KERN,SCE,0.0,0.0,0.0,0.0,0.0,0.0,0.0,0.0,0.0,1.0,100.0,0.0,0.0,0.0,0.0,0.0,0.0,0.0,0.0,0.0,0.0,0.0,,,,0.0,0.0,0.0,0.0,0.0,0.0,,,34.9896952,-117.5421983,Kramer Substation,0.7,line-one-end,publicqueuereport.xlsx+cluster15.xlsx,2026-09-07,026fde9,2026-09-08T02:07:34Z
KRAMER VICTOR,KRAMER-VICTOR,SAN BERNARDINO,SCE,0.0,0.0,0.0,0.0,0.0,0.0,0.0,0.0,0.0,2.0,220.0,206.091,1.0,200.0,206.091,0.0,0.0,0.0,0.0,0.0,0.0,0.0,,,,0.0,0.0,0.0,0.0,0.0,0.0,,,34.9896952,-117.5421983,Kramer Substation,0.7,line-one-end,publicqueuereport.xlsx+cluster15.xlsx,2026-09-07,026fde9,2026-09-08T02:07:34Z
KYOHO,KYOHO TAP,SAN JOAQUIN,PGAE,0.0,0.0,0.0,0.0,0.0,0.0,0.0,0.0,0.0,1.0,60.0,60.0,0.0,0.0,0.0,0.0,0.0,0.0,0.0,0.0,0.0,0.0,,,,0.0,0.0,0.0,0.0,0.0,0.0,,,37.7770366,-121.31472865,median of located nodes in SAN JOAQUIN,0.3,county-centroid,publicqueuereport.xlsx+cluster15.xlsx,2026-09-07,026fde9,2026-09-08T02:07:34Z
LAKE HODGES METERING,LAKE HODGES METERING SWITCHYARD,SAN DIEGO,SDGE,0.0,0.0,0.0,0.0,0.0,0.0,1.0,40.0,40.0,0.0,0.0,0.0,0.0,0.0,0.0,0.0,0.0,0.0,0.0,0.0,0.0,0.0,0.0,0.0,,0.0,0.0,0.0,0.0,0.0,0.0,,,32.90258,-117.1167373,median of located nodes in SAN DIEGO,0.3,county-centroid,publicqueuereport.xlsx+cluster15.xlsx,2026-09-07,026fde9,2026-09-08T02:07:34Z
LAKEVILLE,LAKEVILLE,SONOMA,PGAE,0.0,0.0,0.0,0.0,0.0,0.0,0.0,0.0,0.0,5.0,609.9,618.75441,3.0,500.0,518.75441,0.0,0.0,0.0,500.0,0.0,0.0,0.0,,,,0.0,0.0,0.0,0.0,0.0,0.0,,,38.2508462,-122.5810974,Lakeville Substation,1.0,exact,publicqueuereport.xlsx+cluster15.xlsx,2026-09-07,026fde9,2026-09-08T02:07:34Z
LAMBIE BIRDS LANDING,LAMBIE SW STATION-BIRDS LANDING,SOLANO,PGAE,0.0,0.0,0.0,0.0,0.0,0.0,0.0,0.0,0.0,1.0,350.0,356.796,0.0,0.0,0.0,0.0,0.0,0.0,0.0,0.0,0.0,0.0,,,,0.0,0.0,0.0,0.0,0.0,0.0,,,38.173097999999996,-121.8485247,Lambie Substation | Birds Landing Switching Station,1.0,line-midpoint,publicqueuereport.xlsx+cluster15.xlsx,2026-09-07,026fde9,2026-09-08T02:07:34Z
LAMBIE CONTRA COSTA,LAMBIE-CONTRA COSTA,SOLANO,PGAE,0.0,0.0,0.0,0.0,0.0,0.0,1.0,128.0,0.0,1.0,390.4,0.0,0.0,0.0,0.0,0.0,0.0,0.0,0.0,0.0,0.0,0.0,,3.05,,0.0,0.0,0.0,0.0,0.0,0.0,,,38.1104254,-121.82466995,Lambie Substation | Contra Costa Substation,1.0,line-midpoint,publicqueuereport.xlsx+cluster15.xlsx,2026-09-07,026fde9,2026-09-08T02:07:34Z
LAMMERS,LAMMERS,SAN JOAQUIN,PGAE,0.0,0.0,0.0,0.0,0.0,0.0,0.0,0.0,0.0,2.0,249.0,253.45000000000002,2.0,249.0,253.45000000000002,1.0,99.0,102.15,150.0,0.0,0.0,0.0,,,0.0,0.0,0.0,0.0,0.0,0.0,0.0,,,37.713103,-121.4778009,Lammers Substation,1.0,exact,publicqueuereport.xlsx+cluster15.xlsx,2026-09-07,026fde9,2026-09-08T02:07:34Z
LANCASTER LITTLE ROCK PIUTE,LANCASTER-LITTLE ROCK-PIUTE,LOS ANGELES,SCE,0.0,0.0,0.0,0.0,0.0,0.0,0.0,0.0,0.0,6.0,320.0,0.0,0.0,0.0,0.0,0.0,0.0,0.0,20.0,0.0,0.0,0.0,,,,0.0,0.0,0.0,0.0,0.0,0.0,,,34.47440665,-118.2627298,median of located nodes in LOS ANGELES,0.3,county-centroid,publicqueuereport.xlsx+cluster15.xlsx,2026-09-07,026fde9,2026-09-08T02:07:34Z
LANCASTER PURIFY REDMAN,LANCASTER-PURIFY-REDMAN,LOS ANGELES,SCE,0.0,0.0,0.0,0.0,0.0,0.0,0.0,0.0,0.0,1.0,20.0,0.0,0.0,0.0,0.0,0.0,0.0,0.0,0.0,0.0,0.0,0.0,,,,0.0,0.0,0.0,0.0,0.0,0.0,,,34.47440665,-118.2627298,median of located nodes in LOS ANGELES,0.3,county-centroid,publicqueuereport.xlsx+cluster15.xlsx,2026-09-07,026fde9,2026-09-08T02:07:34Z
LANCASTER REDMAN,LANCASTER REDMAN,LOS ANGELES,SCE,0.0,0.0,0.0,0.0,0.0,0.0,0.0,0.0,0.0,2.0,130.0,0.0,0.0,0.0,0.0,0.0,0.0,0.0,0.0,0.0,0.0,0.0,,,,0.0,0.0,0.0,0.0,0.0,0.0,,,34.47440665,-118.2627298,median of located nodes in LOS ANGELES,0.3,county-centroid,publicqueuereport.xlsx+cluster15.xlsx,2026-09-07,026fde9,2026-09-08T02:07:34Z
LANCASTER REDMAN PURIFY,LANCASTER-REDMAN-PURIFY,LOS ANGELES,SCE,0.0,0.0,0.0,0.0,0.0,0.0,0.0,0.0,0.0,1.0,20.0,0.0,0.0,0.0,0.0,0.0,0.0,0.0,0.0,0.0,0.0,0.0,,,,0.0,0.0,0.0,0.0,0.0,0.0,,,34.47440665,-118.2627298,median of located nodes in LOS ANGELES,0.3,county-centroid,publicqueuereport.xlsx+cluster15.xlsx,2026-09-07,026fde9,2026-09-08T02:07:34Z
LAS POSITAS,LAS POSITAS,SAN MATEO,PGAE,0.0,0.0,0.0,0.0,0.0,0.0,0.0,0.0,0.0,1.0,50.0,50.0,0.0,0.0,0.0,0.0,0.0,0.0,0.0,0.0,0.0,0.0,,,,0.0,0.0,0.0,0.0,0.0,0.0,,,37.7005872,-121.7334824,Las Positas Substation,1.0,exact,publicqueuereport.xlsx+cluster15.xlsx,2026-09-07,026fde9,2026-09-08T02:07:34Z
LE GRAND,LE GRAND,MERCED,PGAE,0.0,0.0,0.0,0.0,0.0,0.0,0.0,0.0,0.0,6.0,630.0,506.575,4.0,560.0,506.575,1.0,180.0,185.643,130.0,0.0,0.0,0.0,,,0.0,0.0,0.0,0.0,0.0,0.0,0.0,,,37.0530047,-121.0205078,median of located nodes in MERCED,0.3,county-centroid,publicqueuereport.xlsx+cluster15.xlsx,2026-09-07,026fde9,2026-09-08T02:07:34Z
LE GRAND CHOWCILLA,LE GRAND-CHOWCILLA,MADERA,PGAE,0.0,0.0,0.0,0.0,0.0,0.0,1.0,10.5,0.0,0.0,0.0,0.0,0.0,0.0,0.0,0.0,0.0,0.0,0.0,0.0,0.0,0.0,,0.0,,0.0,0.0,0.0,0.0,0.0,0.0,,,,,,0.78,none,publicqueuereport.xlsx+cluster15.xlsx,2026-09-07,026fde9,2026-09-08T02:07:34Z
LEGRAND DAIRYLAND,LEGRAND - DAIRYLAND,MADERA,PGAE,0.0,0.0,0.0,0.0,0.0,0.0,0.0,0.0,0.0,1.0,101.97,0.0,0.0,0.0,0.0,0.0,0.0,0.0,0.0,0.0,0.0,0.0,,,,0.0,0.0,0.0,0.0,0.0,0.0,,,,,,0.78,none,publicqueuereport.xlsx+cluster15.xlsx,2026-09-07,026fde9,2026-09-08T02:07:34Z
LEMOORE HENRIETTA,LEMOORE-HENRIETTA,KINGS,PGAE,0.0,0.0,0.0,0.0,0.0,0.0,0.0,0.0,0.0,1.0,49.0,0.0,0.0,0.0,0.0,0.0,0.0,0.0,0.0,0.0,0.0,0.0,,,,0.0,0.0,0.0,0.0,0.0,0.0,,,36.2421264,-119.9028971,Henrietta Substation,0.7,line-one-end,publicqueuereport.xlsx+cluster15.xlsx,2026-09-07,026fde9,2026-09-08T02:07:34Z
LEPRINO FOOD,LEPRINO FOOD (LEMOORE),KINGS,PGAE,0.0,0.0,0.0,0.0,0.0,0.0,1.0,20.0,0.0,0.0,0.0,0.0,0.0,0.0,0.0,0.0,0.0,0.0,0.0,0.0,0.0,0.0,,0.0,,0.0,0.0,0.0,0.0,0.0,0.0,,,36.1413374,-119.9028971,median of located nodes in KINGS,0.3,county-centroid,publicqueuereport.xlsx+cluster15.xlsx,2026-09-07,026fde9,2026-09-08T02:07:34Z
LERDO,LERDO,KERN,PGAE,0.0,0.0,0.0,0.0,0.0,0.0,0.0,0.0,0.0,1.0,50.0,0.0,0.0,0.0,0.0,0.0,0.0,0.0,0.0,0.0,0.0,0.0,,,,0.0,0.0,0.0,0.0,0.0,0.0,,,35.5002365,-119.1519574,Lerdo Sub,1.0,exact,publicqueuereport.xlsx+cluster15.xlsx,2026-09-07,026fde9,2026-09-08T02:07:34Z
KRAMER COOL WATER,KRAMER-COOL WATER,KERN,SCE,0.0,0.0,0.0,0.0,0.0,0.0,0.0,0.0,0.0,1.0,100.0,0.0,0.0,0.0,0.0,0.0,0.0,0.0,0.0,0.0,0.0,0.0,,,,0.0,0.0,0.0,0.0,0.0,0.0,,,34.9896952,-117.5421983,Kramer Substation,0.7,line-one-end,publicqueuereport.xlsx+cluster15.xlsx,2026-09-07,026fde9,2026-09-08T02:07:34Z
KONOCTI,KONOCTI SUBSTATION,LAKE,PGAE,0.0,0.0,0.0,0.0,0.0,0.0,0.0,0.0,0.0,1.0,40.0,40.4,1.0,40.0,40.4,0.0,0.0,0.0,0.0,0.0,0.0,0.0,,,,0.0,0.0,0.0,0.0,0.0,0.0,,,38.4977484,-122.7605687,median of located nodes in LAKE,0.3,county-centroid,publicqueuereport.xlsx+cluster15.xlsx,2026-09-07,026fde9,2026-09-08T02:07:34Z
JACOBS CORNER,JACOBS CORNER SUBSTATION,KINGS,PGAE,0.0,0.0,0.0,0.0,0.0,0.0,0.0,0.0,0.0,3.0,60.0,0.0,0.0,0.0,0.0,0.0,0.0,0.0,0.0,0.0,0.0,0.0,,,,0.0,0.0,0.0,0.0,0.0,0.0,,,36.1413374,-119.9028971,median of located nodes in KINGS,0.3,county-centroid,publicqueuereport.xlsx+cluster15.xlsx,2026-09-07,026fde9,2026-09-08T02:07:34Z
KERN RIVER CUMMINGS,KERN RIVER-CUMMINGS,KERN,SCE,0.0,0.0,0.0,0.0,0.0,0.0,0.0,0.0,0.0,2.0,40.0,0.0,0.0,0.0,0.0,0.0,0.0,0.0,0.0,0.0,0.0,0.0,,,,0.0,0.0,0.0,0.0,0.0,0.0,,,35.2460173,-118.975825,median of located nodes in KERN,0.3,county-centroid,publicqueuereport.xlsx+cluster15.xlsx,2026-09-07,026fde9,2026-09-08T02:07:34Z
JAMESON,JAMESON SUBSTATION,SOLANO,PGAE,0.0,0.0,0.0,0.0,0.0,0.0,0.0,0.0,0.0,1.0,15.0,15.0,0.0,0.0,0.0,0.0,0.0,0.0,0.0,0.0,0.0,0.0,,,,0.0,0.0,0.0,0.0,0.0,0.0,,,38.2054582,-122.1479338,Jameson Substation,1.0,exact,publicqueuereport.xlsx+cluster15.xlsx,2026-09-07,026fde9,2026-09-08T02:07:34Z
JASPER,JASPER SUBSTATION,SAN BERNARDINO,SCE,0.0,0.0,0.0,0.0,0.0,0.0,0.0,0.0,0.0,5.0,990.0,0.0,0.0,0.0,0.0,0.0,0.0,0.0,150.0,0.0,0.0,0.0,,,,0.0,0.0,0.0,0.0,0.0,0.0,,,34.7816824,-117.3693963,median of located nodes in SAN BERNARDINO,0.3,county-centroid,publicqueuereport.xlsx+cluster15.xlsx,2026-09-07,026fde9,2026-09-08T02:07:34Z
JAYNE,JAYNE SUBSTATION,FRESNO,PGAE,0.0,0.0,0.0,0.0,0.0,0.0,0.0,0.0,0.0,3.0,134.3,47.3,0.0,0.0,0.0,0.0,0.0,0.0,0.0,0.0,0.0,0.0,,,,0.0,0.0,0.0,0.0,0.0,0.0,,,36.587580525,-120.1256622,median of located nodes in FRESNO,0.3,county-centroid,publicqueuereport.xlsx+cluster15.xlsx,2026-09-07,026fde9,2026-09-08T02:07:34Z
JAYNE COALINGA,JAYNE SW STA-COALINGA #1,FRESNO,PGAE,0.0,0.0,0.0,0.0,0.0,0.0,0.0,0.0,0.0,1.0,50.0,25.0,0.0,0.0,0.0,0.0,0.0,0.0,0.0,0.0,0.0,0.0,,,,0.0,0.0,0.0,0.0,0.0,0.0,,,36.587580525,-120.1256622,median of located nodes in FRESNO,0.3,county-centroid,publicqueuereport.xlsx+cluster15.xlsx,2026-09-07,026fde9,2026-09-08T02:07:34Z
JOINTLY OWNED MOHAVE,JOINTLY-OWNED MOHAVE SWITCHYARD,CLARK,SCE,0.0,0.0,0.0,0.0,0.0,0.0,0.0,0.0,0.0,1.0,400.0,0.0,1.0,400.0,0.0,0.0,0.0,0.0,400.0,0.0,0.0,0.0,,,,0.0,0.0,0.0,0.0,0.0,0.0,,,35.79368145,-115.12508027499999,median of located nodes in CLARK,0.3,county-centroid,publicqueuereport.xlsx+cluster15.xlsx,2026-09-07,026fde9,2026-09-08T02:07:34Z
JOLON,JOLON,MONTEREY,PGAE,0.0,0.0,0.0,0.0,0.0,0.0,0.0,0.0,0.0,1.0,20.0,0.0,0.0,0.0,0.0,0.0,0.0,0.0,0.0,0.0,0.0,0.0,,,,0.0,0.0,0.0,0.0,0.0,0.0,,,36.4301332,-121.3325147,median of located nodes in MONTEREY,0.3,county-centroid,publicqueuereport.xlsx+cluster15.xlsx,2026-09-07,026fde9,2026-09-08T02:07:34Z
JULIAN HINDS,JULIAN HINDS SUBSTATION,RIVERSIDE,SCE,0.0,0.0,0.0,0.0,0.0,0.0,1.0,520.0,0.0,2.0,422.5,510.21,1.0,122.5,510.21,0.0,0.0,0.0,0.0,0.0,0.0,0.0,,0.81,,0.0,0.0,0.0,0.0,0.0,0.0,,,33.7050285,-115.6266673,Julian Hinds Substation,1.0,exact,publicqueuereport.xlsx+cluster15.xlsx,2026-09-07,026fde9,2026-09-08T02:07:34Z
KASSON LAMMERS,KASSON-LAMMERS,SAN JOAQUIN,PGAE,0.0,0.0,0.0,0.0,0.0,0.0,0.0,0.0,0.0,1.0,148.84,151.2,0.0,0.0,0.0,0.0,0.0,0.0,0.0,0.0,0.0,0.0,,,,0.0,0.0,0.0,0.0,0.0,0.0,,,37.729444799999996,-121.4095926,Kasson Substation | Lammers Substation,1.0,line-midpoint,publicqueuereport.xlsx+cluster15.xlsx,2026-09-07,026fde9,2026-09-08T02:07:34Z
KASSON LOUISE,KASSON-LOUISE,SAN JOAQUIN,PGAE,0.0,0.0,0.0,0.0,0.0,0.0,0.0,0.0,0.0,1.0,10.0,10.0,0.0,0.0,0.0,0.0,0.0,0.0,10.0,0.0,0.0,0.0,,,,0.0,0.0,0.0,0.0,0.0,0.0,,,37.7770366,-121.31472865,Kasson Substation | Louise Substation,1.0,line-midpoint,publicqueuereport.xlsx+cluster15.xlsx,2026-09-07,026fde9,2026-09-08T02:07:34Z
KASSON MANTECA,KASSON-MANTECA,SAN JOAQUIN,PGAE,0.0,0.0,0.0,0.0,0.0,0.0,0.0,0.0,0.0,1.0,20.0,0.0,0.0,0.0,0.0,0.0,0.0,0.0,20.0,0.0,0.0,0.0,,,,0.0,0.0,0.0,0.0,0.0,0.0,,,37.77336685,-121.2828283,Kasson Substation | Manteca Substation,1.0,line-midpoint,publicqueuereport.xlsx+cluster15.xlsx,2026-09-07,026fde9,2026-09-08T02:07:34Z
KEARNEY,KEARNEY SUBSTATION,FRESNO,PGAE,0.0,0.0,0.0,0.0,0.0,0.0,0.0,0.0,0.0,3.0,285.0,214.07,1.0,200.0,204.07,0.0,0.0,0.0,0.0,0.0,0.0,0.0,,,,0.0,0.0,0.0,0.0,0.0,0.0,,,36.587580525,-120.1256622,median of located nodes in FRESNO,0.3,county-centroid,publicqueuereport.xlsx+cluster15.xlsx,2026-09-07,026fde9,2026-09-08T02:07:34Z
KEARNY,KEARNY SUBSTATION,SAN DIEGO,SDGE,0.0,0.0,0.0,0.0,0.0,0.0,0.0,0.0,0.0,1.0,120.0,30.0,0.0,0.0,0.0,0.0,0.0,0.0,0.0,0.0,0.0,0.0,,,,0.0,0.0,0.0,0.0,0.0,0.0,,,32.8330901,-117.134041,Kearny Substation,1.0,exact,publicqueuereport.xlsx+cluster15.xlsx,2026-09-07,026fde9,2026-09-08T02:07:34Z
KEARNY WEST,KEARNY WEST SUBSTATION,SAN DIEGO,SDGE,0.0,0.0,0.0,0.0,0.0,0.0,0.0,0.0,0.0,1.0,10.0,10.0,1.0,10.0,10.0,0.0,0.0,0.0,10.0,0.0,0.0,0.0,,,,0.0,0.0,0.0,0.0,0.0,0.0,,,32.90258,-117.1167373,median of located nodes in SAN DIEGO,0.3,county-centroid,publicqueuereport.xlsx+cluster15.xlsx,2026-09-07,026fde9,2026-09-08T02:07:34Z
KEIM 7 1 MILES NORTHEAST OF COLORADO RIVER,"KEIM SUBSTATION,",RIVERSIDE,SCE,0.0,0.0,0.0,0.0,0.0,0.0,0.0,0.0,0.0,1.0,200.0,0.0,0.0,0.0,0.0,0.0,0.0,0.0,0.0,0.0,0.0,0.0,,,,0.0,0.0,0.0,0.0,0.0,0.0,,,33.832733000000005,-116.0744455,median of located nodes in RIVERSIDE,0.3,county-centroid,publicqueuereport.xlsx+cluster15.xlsx,2026-09-07,026fde9,2026-09-08T02:07:34Z
KELSO,KELSO SUBSTATION,ALAMEDA,PGAE,0.0,0.0,0.0,0.0,0.0,0.0,1.0,195.9,0.0,4.0,348.6,129.6,1.0,34.1,27.0,0.0,0.0,0.0,0.0,0.0,0.0,0.0,,1.78,,0.0,0.0,0.0,0.0,0.0,0.0,,,37.7974253,-121.6032072,Kelso Substation,1.0,exact,publicqueuereport.xlsx+cluster15.xlsx,2026-09-07,026fde9,2026-09-08T02:07:34Z
KENT,KENT SW STA,KINGS,PGAE,0.0,0.0,0.0,0.0,0.0,0.0,1.0,19.88,0.0,2.0,70.0,0.0,0.0,0.0,0.0,0.0,0.0,0.0,0.0,0.0,0.0,0.0,,3.52,,1.0,19.9,19.9,0.0,0.0,0.0,,,36.1413374,-119.9028971,median of located nodes in KINGS,0.3,county-centroid,publicqueuereport.xlsx+cluster15.xlsx,2026-09-07,026fde9,2026-09-08T02:07:34Z
KENT TULARE LAKE,KENT SW STA-TULARE LAKE,KINGS,PGAE,0.0,0.0,0.0,0.0,0.0,0.0,0.0,0.0,0.0,1.0,0.0,20.4,1.0,0.0,20.4,0.0,0.0,0.0,0.0,0.0,0.0,0.0,,,,0.0,0.0,0.0,0.0,0.0,0.0,,,36.1413374,-119.9028971,median of located nodes in KINGS,0.3,county-centroid,publicqueuereport.xlsx+cluster15.xlsx,2026-09-07,026fde9,2026-09-08T02:07:34Z
KERMAN HELM,KERMAN-HELM,FRESNO,PGAE,0.0,0.0,0.0,0.0,0.0,0.0,1.0,0.55,0.0,0.0,0.0,0.0,0.0,0.0,0.0,0.0,0.0,0.0,0.0,0.0,0.0,0.0,,0.0,,0.0,0.0,0.0,0.0,0.0,0.0,,,36.587580525,-120.1256622,median of located nodes in FRESNO,0.3,county-centroid,publicqueuereport.xlsx+cluster15.xlsx,2026-09-07,026fde9,2026-09-08T02:07:34Z
KERMAN HELMS,KERMAN-HELMS,FRESNO,PGAE,0.0,0.0,0.0,0.0,0.0,0.0,0.0,0.0,0.0,1.0,10.0,0.0,0.0,0.0,0.0,0.0,0.0,0.0,0.0,0.0,0.0,0.0,,,,0.0,0.0,0.0,0.0,0.0,0.0,,,36.587580525,-120.1256622,median of located nodes in FRESNO,0.3,county-centroid,publicqueuereport.xlsx+cluster15.xlsx,2026-09-07,026fde9,2026-09-08T02:07:34Z
KERMAN SAN JOAQUIN,KERMAN-SAN JOAQUIN,FRESNO,PGAE,0.0,0.0,0.0,0.0,0.0,0.0,0.0,0.0,0.0,1.0,10.0,0.0,0.0,0.0,0.0,0.0,0.0,0.0,0.0,0.0,0.0,0.0,,,,0.0,0.0,0.0,0.0,0.0,0.0,,,36.587580525,-120.1256622,median of located nodes in FRESNO,0.3,county-centroid,publicqueuereport.xlsx+cluster15.xlsx,2026-09-07,026fde9,2026-09-08T02:07:34Z
KERN OIL,KERN OIL SUBSTATION,KERN,PGAE,0.0,0.0,0.0,0.0,0.0,0.0,0.0,0.0,0.0,1.0,94.0,0.0,0.0,0.0,0.0,0.0,0.0,0.0,94.0,0.0,0.0,0.0,,,,0.0,0.0,0.0,0.0,0.0,0.0,,,35.2460173,-118.975825,median of located nodes in KERN,0.3,county-centroid,publicqueuereport.xlsx+cluster15.xlsx,2026-09-07,026fde9,2026-09-08T02:07:34Z
KERN OLD RIVER,KERN - OLD RIVER #1,KERN,PGAE,0.0,0.0,0.0,0.0,0.0,0.0,1.0,20.0,0.0,3.0,270.0,252.28140000000002,2.0,250.0,252.28140000000002,0.0,0.0,0.0,0.0,0.0,0.0,0.0,,13.5,,0.0,0.0,0.0,0.0,0.0,0.0,,,35.2460173,-118.975825,median of located nodes in KERN,0.3,county-centroid,publicqueuereport.xlsx+cluster15.xlsx,2026-09-07,026fde9,2026-09-08T02:07:34Z
KERN RIDGE,KERN RIDGE SUBSTATION,KERN,PGAE,0.0,0.0,0.0,0.0,0.0,0.0,0.0,0.0,0.0,1.0,0.0,0.0,0.0,0.0,0.0,0.0,0.0,0.0,0.0,0.0,0.0,0.0,,,,0.0,0.0,0.0,0.0,0.0,0.0,,,35.2460173,-118.975825,median of located nodes in KERN,0.3,county-centroid,publicqueuereport.xlsx+cluster15.xlsx,2026-09-07,026fde9,2026-09-08T02:07:34Z
LIEBERT,LIEBERT,IMPERIAL,IID,0.0,0.0,0.0,0.0,0.0,0.0,0.0,0.0,0.0,1.0,103.0,103.0,0.0,0.0,0.0,0.0,0.0,0.0,0.0,0.0,0.0,0.0,,,,0.0,0.0,0.0,0.0,0.0,0.0,,,32.7179069,-115.7155553,median of located nodes in IMPERIAL,0.3,county-centroid,publicqueuereport.xlsx+cluster15.xlsx,2026-09-07,026fde9,2026-09-08T02:07:34Z
LIGHTHIPE BATTERIES INVERTERS STEP UP TRANSFORMER AND A GEN TIE,"LIGHTHIPE SUBSTATION  BATTERIES, INVERTERS, STEP UP TRANSFORMER AND A",LOS ANGELES,SCE,0.0,0.0,0.0,0.0,0.0,0.0,0.0,0.0,0.0,1.0,201.5,203.7,0.0,0.0,0.0,0.0,0.0,0.0,0.0,0.0,0.0,0.0,,,,0.0,0.0,0.0,0.0,0.0,0.0,,,34.47440665,-118.2627298,median of located nodes in LOS ANGELES,0.3,county-centroid,publicqueuereport.xlsx+cluster15.xlsx,2026-09-07,026fde9,2026-09-08T02:07:34Z
LILAC RINCON,LILAC RINCON,SAN DIEGO,SDGE,0.0,0.0,0.0,0.0,0.0,0.0,0.0,0.0,0.0,1.0,49.0,0.0,0.0,0.0,0.0,0.0,0.0,0.0,0.0,0.0,0.0,0.0,,,,0.0,0.0,0.0,0.0,0.0,0.0,,,32.90258,-117.1167373,median of located nodes in SAN DIEGO,0.3,county-centroid,publicqueuereport.xlsx+cluster15.xlsx,2026-09-07,026fde9,2026-09-08T02:07:34Z
LITTLE ROCK,LITTLE ROCK SUBSTATION,KERN,SCE,0.0,0.0,0.0,0.0,0.0,0.0,0.0,0.0,0.0,1.0,40.0,0.0,0.0,0.0,0.0,0.0,0.0,0.0,0.0,0.0,0.0,0.0,,,,0.0,0.0,0.0,0.0,0.0,0.0,,,35.2460173,-118.975825,median of located nodes in KERN,0.3,county-centroid,publicqueuereport.xlsx+cluster15.xlsx,2026-09-07,026fde9,2026-09-08T02:07:34Z
LOVELAND ALPINE,LOVELAND - ALPINE,SAN DIEGO,SDGE,0.0,0.0,0.0,0.0,0.0,0.0,0.0,0.0,0.0,1.0,100.0,100.6499,1.0,100.0,100.6499,0.0,0.0,0.0,100.0,0.0,0.0,0.0,,,,0.0,0.0,0.0,0.0,0.0,0.0,,,32.8123447,-116.79107450000001,Loveland Substation | Alpine Substation,1.0,line-midpoint,publicqueuereport.xlsx+cluster15.xlsx,2026-09-07,026fde9,2026-09-08T02:07:34Z
LUGO ELDORADO,LUGO-ELDORADO,SAN BERNARDINO,SCE,0.0,0.0,0.0,0.0,0.0,0.0,0.0,0.0,0.0,1.0,290.0,0.0,0.0,0.0,0.0,0.0,0.0,0.0,0.0,0.0,0.0,0.0,,,,0.0,0.0,0.0,0.0,0.0,0.0,,,35.08157855,-116.18893785,Lugo Substation | Eldorado Substation,1.0,line-midpoint,publicqueuereport.xlsx+cluster15.xlsx,2026-09-07,026fde9,2026-09-08T02:07:34Z
LUGO MOHAVE,LUGO-MOHAVE,SAN BERNARDINO,SCE,0.0,0.0,0.0,0.0,0.0,0.0,0.0,0.0,0.0,2.0,445.0,0.0,0.0,0.0,0.0,0.0,0.0,0.0,0.0,0.0,0.0,0.0,,,,0.0,0.0,0.0,0.0,0.0,0.0,,,34.756450099999995,-115.98327365,Lugo Substation | Mohave Substation,1.0,line-midpoint,publicqueuereport.xlsx+cluster15.xlsx,2026-09-07,026fde9,2026-09-08T02:07:34Z
LUGO MOJAVE,LUGO-MOJAVE,SAN BERNARDINO,SCE,0.0,0.0,0.0,0.0,0.0,0.0,0.0,0.0,0.0,2.0,1500.0,0.0,0.0,0.0,0.0,0.0,0.0,0.0,0.0,0.0,0.0,0.0,,,,0.0,0.0,0.0,0.0,0.0,0.0,,,34.3658218,-117.3693963,Lugo Substation,0.7,line-one-end,publicqueuereport.xlsx+cluster15.xlsx,2026-09-07,026fde9,2026-09-08T02:07:34Z
LUGO PISGAH TRAN,LUGO-PISGAH NO. 2,SAN BERNARDINO,SCE,0.0,0.0,0.0,0.0,0.0,0.0,0.0,0.0,0.0,1.0,60.0,0.0,0.0,0.0,0.0,0.0,0.0,0.0,0.0,0.0,0.0,0.0,,,,0.0,0.0,0.0,0.0,0.0,0.0,,,34.5737521,-116.87704595,Lugo Substation | Pisgah Switchyard,1.0,line-midpoint,publicqueuereport.xlsx+cluster15.xlsx,2026-09-07,026fde9,2026-09-08T02:07:34Z
LUGO VINCENT,LUGO-VINCENT,LOS ANGELES,SCE,0.0,0.0,0.0,0.0,0.0,0.0,0.0,0.0,0.0,1.0,387.0,0.0,0.0,0.0,0.0,0.0,0.0,0.0,0.0,0.0,0.0,0.0,,,,0.0,0.0,0.0,0.0,0.0,0.0,,,34.42588295,-117.74453675000001,Lugo Substation | Vincent Substation,1.0,line-midpoint,publicqueuereport.xlsx+cluster15.xlsx,2026-09-07,026fde9,2026-09-08T02:07:34Z
MABURY,MABURY TAP,SANTA CLARA,PGAE,0.0,0.0,0.0,0.0,0.0,0.0,0.0,0.0,0.0,1.0,100.0,100.4,0.0,0.0,0.0,0.0,0.0,0.0,0.0,0.0,0.0,0.0,,,,0.0,0.0,0.0,0.0,0.0,0.0,,,37.286053249999995,-121.815797,median of located nodes in SANTA CLARA,0.3,county-centroid,publicqueuereport.xlsx+cluster15.xlsx,2026-09-07,026fde9,2026-09-08T02:07:34Z
MADISON,MADISON,YOLO,PGAE,0.0,0.0,0.0,0.0,0.0,0.0,0.0,0.0,0.0,1.0,158.4,0.0,0.0,0.0,0.0,0.0,0.0,0.0,0.0,0.0,0.0,0.0,,,,0.0,0.0,0.0,0.0,0.0,0.0,,,38.9351998,-121.8090741,median of located nodes in YOLO,0.3,county-centroid,publicqueuereport.xlsx+cluster15.xlsx,2026-09-07,026fde9,2026-09-08T02:07:34Z
MAGUNDEN,MAGUNDEN,KERN,PGAE,0.0,0.0,0.0,0.0,0.0,0.0,0.0,0.0,0.0,2.0,266.0,206.0,0.0,0.0,0.0,0.0,0.0,0.0,0.0,0.0,0.0,0.0,,,,0.0,0.0,0.0,0.0,0.0,0.0,,,35.3611831,-118.9227967,Magunden Substation,1.0,exact,publicqueuereport.xlsx+cluster15.xlsx,2026-09-07,026fde9,2026-09-08T02:07:34Z
MAGUNDEN SPRINGVILLE,MAGUNDEN-SPRINGVILLE #1,TULARE,SCE,0.0,0.0,0.0,0.0,0.0,0.0,0.0,0.0,0.0,2.0,700.0,722.019348,1.0,500.0,522.019348,1.0,500.0,522.019348,0.0,0.0,0.0,0.0,,,0.0,0.0,0.0,0.0,0.0,0.0,0.0,,,35.7345777,-118.93047695000001,Magunden Substation | Springville Substation,1.0,line-midpoint,publicqueuereport.xlsx+cluster15.xlsx,2026-09-07,026fde9,2026-09-08T02:07:34Z
MAGUNDEN VESTAL,MAGUNDEN-VESTAL #1,KERN,SCE,0.0,0.0,0.0,0.0,0.0,0.0,0.0,0.0,0.0,1.0,100.0,0.0,0.0,0.0,0.0,0.0,0.0,0.0,0.0,0.0,0.0,0.0,,,,0.0,0.0,0.0,0.0,0.0,0.0,,,35.60120695,-119.0037159,Magunden Substation | Vestal Substation,1.0,line-midpoint,publicqueuereport.xlsx+cluster15.xlsx,2026-09-07,026fde9,2026-09-08T02:07:34Z
MALAGA,MALAGA,FRESNO,PGAE,0.0,0.0,0.0,0.0,0.0,0.0,0.0,0.0,0.0,2.0,94.83,98.48,1.0,44.0,46.28,0.0,0.0,0.0,0.0,0.0,0.0,0.0,,,,0.0,0.0,0.0,0.0,0.0,0.0,,,36.587580525,-120.1256622,median of located nodes in FRESNO,0.3,county-centroid,publicqueuereport.xlsx+cluster15.xlsx,2026-09-07,026fde9,2026-09-08T02:07:34Z
MANDALAY SANTA CLARA,MANDALAY-SANTA CLARA,VENTURA,SCE,0.0,0.0,0.0,0.0,0.0,0.0,0.0,0.0,0.0,1.0,100.0,100.0,0.0,0.0,0.0,0.0,0.0,0.0,0.0,0.0,0.0,0.0,,,,0.0,0.0,0.0,0.0,0.0,0.0,,,34.2549738,-119.21616055,Mandalay Switchyard | Santa Clara Substation,1.0,line-midpoint,publicqueuereport.xlsx+cluster15.xlsx,2026-09-07,026fde9,2026-09-08T02:07:34Z
MANNING TRANQUILITY,MANNING - TRANQUILITY #1,FRESNO,PGAE,0.0,0.0,0.0,0.0,0.0,0.0,0.0,0.0,0.0,1.0,250.0,0.0,1.0,250.0,0.0,1.0,250.0,0.0,0.0,0.0,0.0,0.0,,,0.0,0.0,0.0,0.0,0.0,0.0,0.0,,,36.57799,-120.40699,OSM relation 8376979 'Tranquillity Solar Project' plant centroid (Recurrent Ener,0.7,line-one-end,publicqueuereport.xlsx+cluster15.xlsx,2026-09-07,026fde9,2026-09-08T02:07:34Z
MARICOPA,MARICOPA SUBSTATION,KERN,PGAE,0.0,0.0,0.0,0.0,0.0,0.0,0.0,0.0,0.0,1.0,20.0,0.0,0.0,0.0,0.0,0.0,0.0,0.0,0.0,0.0,0.0,0.0,,,,0.0,0.0,0.0,0.0,0.0,0.0,,,35.2460173,-118.975825,median of located nodes in KERN,0.3,county-centroid,publicqueuereport.xlsx+cluster15.xlsx,2026-09-07,026fde9,2026-09-08T02:07:34Z
MARICOPA COPUS,MARICOPA-COPUS,KERN,PGAE,0.0,0.0,0.0,0.0,0.0,0.0,0.0,0.0,0.0,2.0,40.0,0.0,0.0,0.0,0.0,0.0,0.0,0.0,20.0,0.0,0.0,0.0,,,,0.0,0.0,0.0,0.0,0.0,0.0,,,35.2460173,-118.975825,median of located nodes in KERN,0.3,county-centroid,publicqueuereport.xlsx+cluster15.xlsx,2026-09-07,026fde9,2026-09-08T02:07:34Z
MARIPOSA ENERGY CENTER,MARIPOSA ENERGY CENTER,CONTRA COSTA,PGAE,0.0,0.0,0.0,0.0,0.0,0.0,0.0,0.0,0.0,1.0,34.1,26.21,0.0,0.0,0.0,0.0,0.0,0.0,0.0,0.0,0.0,0.0,,,,0.0,0.0,0.0,0.0,0.0,0.0,,,37.9454586,-121.8959532,median of located nodes in CONTRA COSTA,0.3,county-centroid,publicqueuereport.xlsx+cluster15.xlsx,2026-09-07,026fde9,2026-09-08T02:07:34Z
MCCALL,MCCALL SUBSTATION,FRESNO,PGAE,0.0,0.0,0.0,0.0,0.0,0.0,0.0,0.0,0.0,3.0,1650.0,772.245,1.0,750.0,772.245,0.0,0.0,0.0,300.0,0.0,0.0,0.0,,,,0.0,0.0,0.0,0.0,0.0,0.0,,,36.6108289,-119.6395996,McCall Substation,1.0,exact,publicqueuereport.xlsx+cluster15.xlsx,2026-09-07,026fde9,2026-09-08T02:07:34Z
MCCALL KINGSBURG LINES,MCCALL-KINGSBURG #1 & #2,FRESNO,PGAE,0.0,0.0,0.0,0.0,0.0,0.0,0.0,0.0,0.0,1.0,337.5,0.0,0.0,0.0,0.0,0.0,0.0,0.0,0.0,0.0,0.0,0.0,,,,0.0,0.0,0.0,0.0,0.0,0.0,,,36.6108289,-119.6395996,McCall Substation,0.7,line-one-end,publicqueuereport.xlsx+cluster15.xlsx,2026-09-07,026fde9,2026-09-08T02:07:34Z
MEAD ELDORADO,MEAD-ELDORADO,CLARK,SCE,0.0,0.0,0.0,0.0,0.0,0.0,0.0,0.0,0.0,1.0,242.0,0.0,0.0,0.0,0.0,0.0,0.0,0.0,0.0,0.0,0.0,0.0,,,,0.0,0.0,0.0,0.0,0.0,0.0,,,35.8623658,-114.92115154999999,Mead Substation | Eldorado Substation,1.0,line-midpoint,publicqueuereport.xlsx+cluster15.xlsx,2026-09-07,026fde9,2026-09-08T02:07:34Z
MELONES CURTIS,MELONES-CURTIS,TUOLUMNE,PGAE,0.0,0.0,0.0,0.0,0.0,0.0,1.0,10.0,10.0,0.0,0.0,0.0,0.0,0.0,0.0,0.0,0.0,0.0,0.0,0.0,0.0,0.0,0.0,0.0,,0.0,0.0,0.0,0.0,0.0,0.0,,,37.9462693,-120.5276918,Melones Substation,0.7,line-one-end,publicqueuereport.xlsx+cluster15.xlsx,2026-09-07,026fde9,2026-09-08T02:07:34Z
MELROSE,MELROSE SUBSTATION,SAN DIEGO,SDGE,0.0,0.0,0.0,0.0,0.0,0.0,2.0,40.0,40.0,0.0,0.0,0.0,0.0,0.0,0.0,0.0,0.0,0.0,0.0,0.0,0.0,0.0,0.0,0.0,,0.0,0.0,0.0,0.0,0.0,0.0,,,32.90258,-117.1167373,median of located nodes in SAN DIEGO,0.3,county-centroid,publicqueuereport.xlsx+cluster15.xlsx,2026-09-07,026fde9,2026-09-08T02:07:34Z
MENDOTA BIOMASS,MENDOTA BIOMASS SUBSTATION,FRESNO,PGAE,0.0,0.0,0.0,0.0,0.0,0.0,0.0,0.0,0.0,2.0,31.25,0.0,0.0,0.0,0.0,0.0,0.0,0.0,0.0,0.0,0.0,0.0,,,,0.0,0.0,0.0,0.0,0.0,0.0,,,36.587580525,-120.1256622,median of located nodes in FRESNO,0.3,county-centroid,publicqueuereport.xlsx+cluster15.xlsx,2026-09-07,026fde9,2026-09-08T02:07:34Z
LOS COCHES,LOS COCHES SUBSTATION,SAN DIEGO,SDGE,0.0,0.0,0.0,0.0,0.0,0.0,0.0,0.0,0.0,1.0,100.0,101.9,1.0,100.0,101.9,0.0,0.0,0.0,100.0,0.0,0.0,0.0,,,,0.0,0.0,0.0,0.0,0.0,0.0,,,32.8597308,-116.8992272,Los Coches Substation,1.0,exact,publicqueuereport.xlsx+cluster15.xlsx,2026-09-07,026fde9,2026-09-08T02:07:34Z
LOS BANOS WESTLY,LOS BANOS-WESTLY,MERCED,PGAE,0.0,0.0,0.0,0.0,0.0,0.0,0.0,0.0,0.0,1.0,150.0,0.0,0.0,0.0,0.0,0.0,0.0,0.0,0.0,0.0,0.0,0.0,,,,0.0,0.0,0.0,0.0,0.0,0.0,,,37.0530047,-121.0205078,Los Banos Substation,0.7,line-one-end,publicqueuereport.xlsx+cluster15.xlsx,2026-09-07,026fde9,2026-09-08T02:07:34Z
LOS BANOS WESTLEY,LOS BANOS-WESTLEY,MERCED,PGAE,0.0,0.0,0.0,0.0,0.0,0.0,1.0,110.0,0.0,0.0,0.0,0.0,0.0,0.0,0.0,0.0,0.0,0.0,0.0,0.0,0.0,0.0,,0.0,,0.0,0.0,0.0,0.0,0.0,0.0,,,37.284516100000005,-121.1256537,Los Banos Substation | Westley Substation,1.0,line-midpoint,publicqueuereport.xlsx+cluster15.xlsx,2026-09-07,026fde9,2026-09-08T02:07:34Z
LOOP LAKESVILLE SOBRANTE AND LAKESVILLE IGNACIO LINES,LOOP LAKESVILLE-SOBRANTE AND LAKESVILLE-IGNACIO,SOLANO,PGAE,0.0,0.0,0.0,0.0,0.0,0.0,0.0,0.0,0.0,1.0,730.0,0.0,0.0,0.0,0.0,0.0,0.0,0.0,0.0,0.0,0.0,0.0,,,,0.0,0.0,0.0,0.0,0.0,0.0,,,38.2214947,-121.83932625,median of located nodes in SOLANO,0.3,county-centroid,publicqueuereport.xlsx+cluster15.xlsx,2026-09-07,026fde9,2026-09-08T02:07:34Z
LITTLE ROCK PIUTE,LITTLE ROCK-PIUTE,LOS ANGELES,SCE,0.0,0.0,0.0,0.0,0.0,0.0,0.0,0.0,0.0,1.0,20.0,0.0,0.0,0.0,0.0,0.0,0.0,0.0,0.0,0.0,0.0,0.0,,,,0.0,0.0,0.0,0.0,0.0,0.0,,,34.47440665,-118.2627298,median of located nodes in LOS ANGELES,0.3,county-centroid,publicqueuereport.xlsx+cluster15.xlsx,2026-09-07,026fde9,2026-09-08T02:07:34Z
LIVINGSTON,LIVINGSTON SUBSTATION,MERCED,PGAE,0.0,0.0,0.0,0.0,0.0,0.0,0.0,0.0,0.0,1.0,65.0,31.88,0.0,0.0,0.0,0.0,0.0,0.0,0.0,0.0,0.0,0.0,,,,0.0,0.0,0.0,0.0,0.0,0.0,,,37.0530047,-121.0205078,median of located nodes in MERCED,0.3,county-centroid,publicqueuereport.xlsx+cluster15.xlsx,2026-09-07,026fde9,2026-09-08T02:07:34Z
LLAGAS,LLAGAS,SANTA CLARA,PGAE,0.0,0.0,0.0,0.0,0.0,0.0,0.0,0.0,0.0,2.0,150.0,156.2484,2.0,150.0,156.2484,1.0,50.0,50.46,0.0,0.0,0.0,0.0,,,0.0,0.0,0.0,0.0,0.0,0.0,0.0,,,37.0072605,-121.5573635,Llagas Substation,1.0,exact,publicqueuereport.xlsx+cluster15.xlsx,2026-09-07,026fde9,2026-09-08T02:07:34Z
LODI STIG,LODI STIG,SAN JOAQUIN,PGAE,0.0,0.0,0.0,0.0,0.0,0.0,1.0,24.0,0.0,0.0,0.0,0.0,0.0,0.0,0.0,0.0,0.0,0.0,0.0,0.0,0.0,0.0,,0.0,,0.0,0.0,0.0,0.0,0.0,0.0,,,37.7770366,-121.31472865,median of located nodes in SAN JOAQUIN,0.3,county-centroid,publicqueuereport.xlsx+cluster15.xlsx,2026-09-07,026fde9,2026-09-08T02:07:34Z
LOGAN CREEK DELEVAN,LOGAN CREEK - DELEVAN LINE TAP,COLUSA,PGAE,0.0,0.0,0.0,0.0,0.0,0.0,0.0,0.0,0.0,2.0,650.0,669.418,1.0,150.0,159.418,0.0,0.0,0.0,150.0,0.0,0.0,0.0,,,,0.0,0.0,0.0,0.0,0.0,0.0,,,39.4538584,-122.26624285,Logan Creek Substation | Delevan Substation,1.0,line-midpoint,publicqueuereport.xlsx+cluster15.xlsx,2026-09-07,026fde9,2026-09-08T02:07:34Z
LONE TREE CAYETANO AT THE JACKSON,LONE TREE-CAYETANO AT THE JACKSON SUBSTATION,CONTRA COSTA,PGAE,0.0,0.0,0.0,0.0,0.0,0.0,1.0,3.1,0.0,0.0,0.0,0.0,0.0,0.0,0.0,0.0,0.0,0.0,0.0,0.0,0.0,0.0,,0.0,,0.0,0.0,0.0,0.0,0.0,0.0,,,37.9461825,-121.7597517,Lone Tree Substation,0.7,line-one-end,publicqueuereport.xlsx+cluster15.xlsx,2026-09-07,026fde9,2026-09-08T02:07:34Z
LONG BEACH,LONG BEACH SUBSTATION,LOS ANGELES,SCE,0.0,0.0,0.0,0.0,0.0,0.0,0.0,0.0,0.0,1.0,557.3,0.0,0.0,0.0,0.0,0.0,0.0,0.0,0.0,0.0,0.0,0.0,,,,0.0,0.0,0.0,0.0,0.0,0.0,,,34.47440665,-118.2627298,median of located nodes in LOS ANGELES,0.3,county-centroid,publicqueuereport.xlsx+cluster15.xlsx,2026-09-07,026fde9,2026-09-08T02:07:34Z
LONG BEACH GEN,LONG BEACH GEN STATION,LOS ANGELES,SCE,0.0,0.0,0.0,0.0,0.0,0.0,0.0,0.0,0.0,1.0,424.8,0.0,0.0,0.0,0.0,0.0,0.0,0.0,424.8,0.0,0.0,0.0,,,,0.0,0.0,0.0,0.0,0.0,0.0,,,34.47440665,-118.2627298,median of located nodes in LOS ANGELES,0.3,county-centroid,publicqueuereport.xlsx+cluster15.xlsx,2026-09-07,026fde9,2026-09-08T02:07:34Z
LOOP CENTER MESA AND CENTER OLINDA LINES,LOOP CENTER-MESA AND CENTER-OLINDA,LOS ANGELES,SCE,0.0,0.0,0.0,0.0,0.0,0.0,0.0,0.0,0.0,1.0,910.0,0.0,0.0,0.0,0.0,0.0,0.0,0.0,910.0,0.0,0.0,0.0,,,,0.0,0.0,0.0,0.0,0.0,0.0,,,34.47440665,-118.2627298,median of located nodes in LOS ANGELES,0.3,county-centroid,publicqueuereport.xlsx+cluster15.xlsx,2026-09-07,026fde9,2026-09-08T02:07:34Z
LOOP GOLD HILL EIGHT MILE ROAD,LOOP GOLD HILL-EIGHT MILE ROAD,SAN JOAQUIN,PGAE,0.0,0.0,0.0,0.0,0.0,0.0,0.0,0.0,0.0,1.0,260.0,0.0,0.0,0.0,0.0,0.0,0.0,0.0,0.0,0.0,0.0,0.0,,,,0.0,0.0,0.0,0.0,0.0,0.0,,,37.7770366,-121.31472865,median of located nodes in SAN JOAQUIN,0.3,county-centroid,publicqueuereport.xlsx+cluster15.xlsx,2026-09-07,026fde9,2026-09-08T02:07:34Z
LOOP LOVELAND LOS COCHES,LOOP LOVELAND - LOS COCHES,SAN DIEGO,SDGE,0.0,0.0,0.0,0.0,0.0,0.0,0.0,0.0,0.0,1.0,80.0,81.375,1.0,80.0,81.375,0.0,0.0,0.0,0.0,0.0,0.0,0.0,,,,0.0,0.0,0.0,0.0,0.0,0.0,,,32.8597308,-116.8992272,Los Coches Substation,0.7,line-one-end,publicqueuereport.xlsx+cluster15.xlsx,2026-09-07,026fde9,2026-09-08T02:07:34Z
LOS BANOS SAN LUIS PGP,LOS BANOS-SAN LUIS PGP #1,FRESNO,PGAE,0.0,0.0,0.0,0.0,0.0,0.0,0.0,0.0,0.0,1.0,149.5,0.0,0.0,0.0,0.0,0.0,0.0,0.0,0.0,0.0,0.0,0.0,,,,0.0,0.0,0.0,0.0,0.0,0.0,,,37.0530047,-121.0205078,Los Banos Substation,0.7,line-one-end,publicqueuereport.xlsx+cluster15.xlsx,2026-09-07,026fde9,2026-09-08T02:07:34Z
LOOP REDMAN LANCASTER,LOOP REDMAN-LANCASTER,LOS ANGELES,SCE,0.0,0.0,0.0,0.0,0.0,0.0,0.0,0.0,0.0,1.0,20.0,0.0,0.0,0.0,0.0,0.0,0.0,0.0,0.0,0.0,0.0,0.0,,,,0.0,0.0,0.0,0.0,0.0,0.0,,,34.47440665,-118.2627298,median of located nodes in LOS ANGELES,0.3,county-centroid,publicqueuereport.xlsx+cluster15.xlsx,2026-09-07,026fde9,2026-09-08T02:07:34Z
LOOP TALEGA ESCONDIDO,LOOP TALEGA-ESCONDIDO,SAN DIEGO,SDGE,0.0,0.0,0.0,0.0,0.0,0.0,0.0,0.0,0.0,1.0,98.8,0.0,0.0,0.0,0.0,0.0,0.0,0.0,0.0,0.0,0.0,0.0,,,,0.0,0.0,0.0,0.0,0.0,0.0,,,33.1257327,-117.1167373,Escondido Substation,0.7,line-one-end,publicqueuereport.xlsx+cluster15.xlsx,2026-09-07,026fde9,2026-09-08T02:07:34Z
LOOP TESLA STAGG AND TESLA EIGHT MILE LINES,LOOP TESLA STAGG AND TESLA-EIGHT MILE,SAN JOAQUIN,PGAE,0.0,0.0,0.0,0.0,0.0,0.0,0.0,0.0,0.0,2.0,815.0,0.0,0.0,0.0,0.0,0.0,0.0,0.0,0.0,0.0,0.0,0.0,,,,0.0,0.0,0.0,0.0,0.0,0.0,,,38.058747,-121.3768414,Eight Mile Substation,0.7,line-one-end,publicqueuereport.xlsx+cluster15.xlsx,2026-09-07,026fde9,2026-09-08T02:07:34Z
LOOP VACA DIXON PEABODY VACA DIXON LAMBIE LINES,LOOP VACA DIXON-PEABODY & VACA DIXON-LAMBIE,SOLANO,PGAE,0.0,0.0,0.0,0.0,0.0,0.0,0.0,0.0,0.0,1.0,630.0,0.0,0.0,0.0,0.0,0.0,0.0,0.0,0.0,0.0,0.0,0.0,,,,0.0,0.0,0.0,0.0,0.0,0.0,,,38.2214947,-121.83932625,median of located nodes in SOLANO,0.3,county-centroid,publicqueuereport.xlsx+cluster15.xlsx,2026-09-07,026fde9,2026-09-08T02:07:34Z
0 2 MILES FROM MONSRATE ON THE MONSRATE PALA,0.2 MILES FROM MONSRATE TAP  ON THE MONSRATE TAP-PALA,SAN DIEGO,SDGE,0.0,0.0,0.0,0.0,0.0,0.0,0.0,0.0,0.0,1.0,84.0,20.0,0.0,0.0,0.0,0.0,0.0,0.0,0.0,0.0,0.0,0.0,,,,0.0,0.0,0.0,0.0,0.0,0.0,,,32.90258,-117.1167373,median of located nodes in SAN DIEGO,0.3,county-centroid,publicqueuereport.xlsx+cluster15.xlsx,2026-09-07,026fde9,2026-09-08T02:07:34Z
LOS BANOS DOS AMIGOS,LOS BANOS-DOS AMIGOS,MERCED,PGAE,0.0,0.0,0.0,0.0,0.0,0.0,0.0,0.0,0.0,1.0,100.0,0.0,0.0,0.0,0.0,0.0,0.0,0.0,100.0,0.0,0.0,0.0,,,,0.0,0.0,0.0,0.0,0.0,0.0,,,36.98911615,-120.92516610000001,Los Banos Substation | Dos Amigos Substation,1.0,line-midpoint,publicqueuereport.xlsx+cluster15.xlsx,2026-09-07,026fde9,2026-09-08T02:07:34Z
LOS BANOS LIVINGSTON CANAL,LOS BANOS-LIVINGSTON-CANAL,MERCED,PGAE,0.0,0.0,0.0,0.0,0.0,0.0,0.0,0.0,0.0,1.0,100.0,105.735,1.0,100.0,105.735,0.0,0.0,0.0,0.0,0.0,0.0,0.0,,,,0.0,0.0,0.0,0.0,0.0,0.0,,,37.0530047,-121.0205078,Los Banos Substation,0.7,line-one-end,publicqueuereport.xlsx+cluster15.xlsx,2026-09-07,026fde9,2026-09-08T02:07:34Z
LOS BANOS NEAR PACHECO PASS,LOS BANOS,MERCED,PGAE,0.0,0.0,0.0,0.0,0.0,0.0,0.0,0.0,0.0,1.0,100.0,0.0,0.0,0.0,0.0,0.0,0.0,0.0,0.0,0.0,0.0,0.0,,,,0.0,0.0,0.0,0.0,0.0,0.0,,,37.0530047,-121.0205078,Los Banos Substation,1.0,exact,publicqueuereport.xlsx+cluster15.xlsx,2026-09-07,026fde9,2026-09-08T02:07:34Z
LOS BANOS O NEIL PGP,LOS BANOS-O'NEIL PGP,MERCED,PGAE,0.0,0.0,0.0,0.0,0.0,0.0,0.0,0.0,0.0,1.0,26.5,0.0,1.0,26.5,0.0,0.0,0.0,0.0,26.5,0.0,0.0,0.0,,,,0.0,0.0,0.0,0.0,0.0,0.0,,,37.0530047,-121.0205078,Los Banos Substation,0.7,line-one-end,publicqueuereport.xlsx+cluster15.xlsx,2026-09-07,026fde9,2026-09-08T02:07:34Z
LOS BANOS PACHECO VIA DINOSAUR POINT,LOS BANOS-PACHECO,MERCED,PGAE,0.0,0.0,0.0,0.0,0.0,0.0,0.0,0.0,0.0,1.0,117.405,0.0,0.0,0.0,0.0,0.0,0.0,0.0,0.0,0.0,0.0,0.0,,,,0.0,0.0,0.0,0.0,0.0,0.0,,,37.0530047,-121.0205078,Los Banos Substation,0.7,line-one-end,publicqueuereport.xlsx+cluster15.xlsx,2026-09-07,026fde9,2026-09-08T02:07:34Z
JAMACHA MIGUEL,JAMACHA - MIGUEL,SAN DIEGO,SDGE,0.0,0.0,0.0,0.0,0.0,0.0,0.0,0.0,0.0,1.0,150.0,157.0,1.0,150.0,157.0,0.0,0.0,0.0,0.0,0.0,0.0,0.0,,,,0.0,0.0,0.0,0.0,0.0,0.0,,,32.711559449999996,-116.97059304999999,Jamacha Substation | Miguel Substation,1.0,line-midpoint,publicqueuereport.xlsx+cluster15.xlsx,2026-09-07,026fde9,2026-09-08T02:07:34Z
JACOB CORNER,JACOB CORNER SUBSTATION,KINGS,PGAE,0.0,0.0,0.0,0.0,0.0,0.0,0.0,0.0,0.0,1.0,13.5,0.0,0.0,0.0,0.0,0.0,0.0,0.0,0.0,0.0,0.0,0.0,,,,0.0,0.0,0.0,0.0,0.0,0.0,,,36.1413374,-119.9028971,median of located nodes in KINGS,0.3,county-centroid,publicqueuereport.xlsx+cluster15.xlsx,2026-09-07,026fde9,2026-09-08T02:07:34Z
EL DORADO IVANPAH,EL DORADO-IVANPAH,SAN BERNARDINO,SCE,0.0,0.0,0.0,0.0,0.0,0.0,0.0,0.0,0.0,1.0,375.0,0.0,0.0,0.0,0.0,0.0,0.0,0.0,0.0,0.0,0.0,0.0,,,,0.0,0.0,0.0,0.0,0.0,0.0,,,35.5444422,-115.4687507,Ivanpah Substation,0.7,line-one-end,publicqueuereport.xlsx+cluster15.xlsx,2026-09-07,026fde9,2026-09-08T02:07:34Z
FOUR CORNERS,FOUR CORNERS SUB,LINCOLN,SCE,0.0,0.0,0.0,0.0,0.0,0.0,0.0,0.0,0.0,1.0,1700.0,0.0,0.0,0.0,0.0,0.0,0.0,0.0,0.0,0.0,0.0,0.0,,,,0.0,0.0,0.0,0.0,0.0,0.0,,,,,,0.61,none,publicqueuereport.xlsx+cluster15.xlsx,2026-09-07,026fde9,2026-09-08T02:07:34Z
FULTON IGNACIO,FULTON-IGNACIO,MARIN,PGAE,0.0,0.0,0.0,0.0,0.0,0.0,0.0,0.0,0.0,1.0,175.0,0.0,0.0,0.0,0.0,0.0,0.0,0.0,0.0,0.0,0.0,0.0,,,,0.0,0.0,0.0,0.0,0.0,0.0,,,38.2872713,-122.65046375,Fulton Substation | Ignacio Substation,1.0,line-midpoint,publicqueuereport.xlsx+cluster15.xlsx,2026-09-07,026fde9,2026-09-08T02:07:34Z
GATES COALINGA,GATES - COALINGA #1,FRESNO,PGAE,0.0,0.0,0.0,0.0,0.0,0.0,1.0,18.0,0.0,8.0,260.06,124.25,0.0,0.0,0.0,0.0,0.0,0.0,0.0,0.0,0.0,0.0,,14.45,,0.0,0.0,0.0,0.0,0.0,0.0,,,36.1413374,-120.1256622,Gates Substation,0.7,line-one-end,publicqueuereport.xlsx+cluster15.xlsx,2026-09-07,026fde9,2026-09-08T02:07:34Z
GATES COALINGA AT JACALITO,GATES-COALINGA #1,FRESNO,PGAE,0.0,0.0,0.0,0.0,0.0,0.0,0.0,0.0,0.0,1.0,40.0,0.0,0.0,0.0,0.0,0.0,0.0,0.0,0.0,0.0,0.0,0.0,,,,0.0,0.0,0.0,0.0,0.0,0.0,,,36.1413374,-120.1256622,Gates Substation,0.7,line-one-end,publicqueuereport.xlsx+cluster15.xlsx,2026-09-07,026fde9,2026-09-08T02:07:34Z
GATES GREGG,GATES-GREGG,KINGS,PGAE,0.0,0.0,0.0,0.0,0.0,0.0,0.0,0.0,0.0,1.0,600.0,0.0,0.0,0.0,0.0,0.0,0.0,0.0,0.0,0.0,0.0,0.0,,,,0.0,0.0,0.0,0.0,0.0,0.0,,,36.1413374,-120.1256622,Gates Substation,0.7,line-one-end,publicqueuereport.xlsx+cluster15.xlsx,2026-09-07,026fde9,2026-09-08T02:07:34Z
GATES GREGG AND GATES MCCALL,GATES-GREGG,KINGS,PGAE,0.0,0.0,0.0,0.0,0.0,0.0,1.0,100.0,75.0,0.0,0.0,0.0,0.0,0.0,0.0,0.0,0.0,0.0,0.0,0.0,0.0,0.0,0.0,0.0,,0.0,0.0,0.0,0.0,0.0,0.0,,,36.1413374,-120.1256622,Gates Substation,0.7,line-one-end,publicqueuereport.xlsx+cluster15.xlsx,2026-09-07,026fde9,2026-09-08T02:07:34Z
GATES MCCALL,GATES-MCCALL,FRESNO,PGAE,0.0,0.0,0.0,0.0,0.0,0.0,0.0,0.0,0.0,1.0,100.0,0.0,0.0,0.0,0.0,0.0,0.0,0.0,0.0,0.0,0.0,0.0,,,,0.0,0.0,0.0,0.0,0.0,0.0,,,36.37608315,-119.8826309,Gates Substation | McCall Substation,1.0,line-midpoint,publicqueuereport.xlsx+cluster15.xlsx,2026-09-07,026fde9,2026-09-08T02:07:34Z
GEYERS 17 FULTON,GEYERS 17- FULTON #2,LAKE,PGAE,0.0,0.0,0.0,0.0,0.0,0.0,0.0,0.0,0.0,1.0,50.0,0.0,0.0,0.0,0.0,0.0,0.0,0.0,0.0,0.0,0.0,0.0,,,,0.0,0.0,0.0,0.0,0.0,0.0,,,38.4977484,-122.7605687,Fulton Substation,0.7,line-one-end,publicqueuereport.xlsx+cluster15.xlsx,2026-09-07,026fde9,2026-09-08T02:07:34Z
GEYSERS 17 FULTON TRANSMISSION,GEYSERS 17-FULTON,SONOMA,PGAE,0.0,0.0,0.0,0.0,0.0,0.0,0.0,0.0,0.0,1.0,74.0,0.0,0.0,0.0,0.0,0.0,0.0,0.0,0.0,0.0,0.0,0.0,,,,0.0,0.0,0.0,0.0,0.0,0.0,,,38.4977484,-122.7605687,Fulton Substation,0.7,line-one-end,publicqueuereport.xlsx+cluster15.xlsx,2026-09-07,026fde9,2026-09-08T02:07:34Z
GEYSERS FULTON TRANSMISSION,GEYSERS-FULTON,SONOMA,PGAE,0.0,0.0,0.0,0.0,0.0,0.0,0.0,0.0,0.0,1.0,50.0,0.0,0.0,0.0,0.0,0.0,0.0,0.0,0.0,0.0,0.0,0.0,,,,0.0,0.0,0.0,0.0,0.0,0.0,,,38.4977484,-122.7605687,Fulton Substation,0.7,line-one-end,publicqueuereport.xlsx+cluster15.xlsx,2026-09-07,026fde9,2026-09-08T02:07:34Z
GLENN,GLENN,BUTTE,PGAE,0.0,0.0,0.0,0.0,0.0,0.0,0.0,0.0,0.0,2.0,120.0,103.0,1.0,100.0,103.0,1.0,100.0,103.0,0.0,0.0,0.0,0.0,,,0.0,0.0,0.0,0.0,0.0,0.0,0.0,,,39.7778665,-122.1426369,Glenn Substation,1.0,exact,publicqueuereport.xlsx+cluster15.xlsx,2026-09-07,026fde9,2026-09-08T02:07:34Z
GOLD HILL EIGHT MILE LINES,GOLD HILL-EIGHT MILE,SAN JOAQUIN,PGAE,0.0,0.0,0.0,0.0,0.0,0.0,1.0,280.0,0.0,0.0,0.0,0.0,0.0,0.0,0.0,0.0,0.0,0.0,0.0,0.0,0.0,0.0,,0.0,,0.0,0.0,0.0,0.0,0.0,0.0,,,38.3581642,-121.256827,Gold Hill Substation | Eight Mile Substation,1.0,line-midpoint,publicqueuereport.xlsx+cluster15.xlsx,2026-09-07,026fde9,2026-09-08T02:07:34Z
GOLD HILL EIGHT MILE ROAD,GOLD HILL-EIGHT MILE ROAD,SACRAMENTO,PGAE,0.0,0.0,0.0,0.0,0.0,0.0,0.0,0.0,0.0,2.0,400.0,418.7451,2.0,400.0,418.7451,1.0,200.0,204.9,0.0,0.0,0.0,0.0,,,0.0,0.0,0.0,0.0,0.0,0.0,0.0,,,38.6575814,-121.1368126,Gold Hill Substation,0.7,line-one-end,publicqueuereport.xlsx+cluster15.xlsx,2026-09-07,026fde9,2026-09-08T02:07:34Z
GOLDTOWN,GOLDTOWN SUBSTATION,KERN,SCE,0.0,0.0,0.0,0.0,0.0,0.0,0.0,0.0,0.0,2.0,79.9,0.0,0.0,0.0,0.0,0.0,0.0,0.0,0.0,0.0,0.0,0.0,,,,0.0,0.0,0.0,0.0,0.0,0.0,,,35.2460173,-118.975825,median of located nodes in KERN,0.3,county-centroid,publicqueuereport.xlsx+cluster15.xlsx,2026-09-07,026fde9,2026-09-08T02:07:34Z
GOLDTOWN CORUM,GOLDTOWN-CORUM,KERN,SCE,0.0,0.0,0.0,0.0,0.0,0.0,0.0,0.0,0.0,2.0,39.9,0.0,0.0,0.0,0.0,0.0,0.0,0.0,0.0,0.0,0.0,0.0,,,,0.0,0.0,0.0,0.0,0.0,0.0,,,35.2460173,-118.975825,median of located nodes in KERN,0.3,county-centroid,publicqueuereport.xlsx+cluster15.xlsx,2026-09-07,026fde9,2026-09-08T02:07:34Z
GOLDTOWN CORUM OR GOLDTOWN LANCASTER,GOLDTOWN-CORUM OR GOLDTOWN-LANCASTER,KERN,SCE,0.0,0.0,0.0,0.0,0.0,0.0,0.0,0.0,0.0,1.0,19.98,0.0,0.0,0.0,0.0,0.0,0.0,0.0,0.0,0.0,0.0,0.0,,,,0.0,0.0,0.0,0.0,0.0,0.0,,,35.2460173,-118.975825,median of located nodes in KERN,0.3,county-centroid,publicqueuereport.xlsx+cluster15.xlsx,2026-09-07,026fde9,2026-09-08T02:07:34Z
GOLDTOWN LANCASTER,GOLDTOWN-LANCASTER,KERN,SCE,0.0,0.0,0.0,0.0,0.0,0.0,0.0,0.0,0.0,3.0,212.6,0.0,0.0,0.0,0.0,0.0,0.0,0.0,20.0,0.0,0.0,0.0,,,,0.0,0.0,0.0,0.0,0.0,0.0,,,35.2460173,-118.975825,median of located nodes in KERN,0.3,county-centroid,publicqueuereport.xlsx+cluster15.xlsx,2026-09-07,026fde9,2026-09-08T02:07:34Z
GOLETA,GOLETA SUBSTATION,SANTA BARBARA,SCE,0.0,0.0,0.0,0.0,0.0,0.0,0.0,0.0,0.0,2.0,950.0,0.0,0.0,0.0,0.0,0.0,0.0,0.0,0.0,0.0,0.0,0.0,,,,0.0,0.0,0.0,0.0,0.0,0.0,,,34.4686423,-119.8843266,Goleta Substation,1.0,exact,publicqueuereport.xlsx+cluster15.xlsx,2026-09-07,026fde9,2026-09-08T02:07:34Z
GORMAN KERN RIVER,GORMAN-KERN RIVER,KERN,SCE,0.0,0.0,0.0,0.0,0.0,0.0,0.0,0.0,0.0,1.0,49.0,0.0,0.0,0.0,0.0,0.0,0.0,0.0,0.0,0.0,0.0,0.0,,,,0.0,0.0,0.0,0.0,0.0,0.0,,,34.7904804,-118.827152,Gorman Substation,0.7,line-one-end,publicqueuereport.xlsx+cluster15.xlsx,2026-09-07,026fde9,2026-09-08T02:07:34Z
GRANT EASTSHORE,GRANT - EASTSHORE #2,ALAMEDA,PGAE,0.0,0.0,0.0,0.0,0.0,0.0,0.0,0.0,0.0,4.0,599.0,602.6226369999999,3.0,500.0,503.622637,0.0,0.0,0.0,250.0,0.0,0.0,0.0,,,,0.0,0.0,0.0,0.0,0.0,0.0,,,37.6481294,-122.1383307,Grant Substation | Eastshore Substation,1.0,line-midpoint,publicqueuereport.xlsx+cluster15.xlsx,2026-09-07,026fde9,2026-09-08T02:07:34Z
GREGG,GREGG SUBSTATION,MADERA,PGAE,0.0,0.0,0.0,0.0,0.0,0.0,0.0,0.0,0.0,3.0,650.0,589.2796,2.0,500.0,511.9396,0.0,0.0,0.0,150.0,0.0,0.0,0.0,,,,0.0,0.0,0.0,0.0,0.0,0.0,,,,,,0.67,none,publicqueuereport.xlsx+cluster15.xlsx,2026-09-07,026fde9,2026-09-08T02:07:34Z
GUERNSEY,GUERNSEY SUBSTATION,KINGS,PGAE,0.0,0.0,0.0,0.0,0.0,0.0,0.0,0.0,0.0,1.0,60.0,60.0,1.0,60.0,60.0,0.0,0.0,0.0,0.0,0.0,0.0,0.0,,,,0.0,0.0,0.0,0.0,0.0,0.0,,,36.1413374,-119.9028971,median of located nodes in KINGS,0.3,county-centroid,publicqueuereport.xlsx+cluster15.xlsx,2026-09-07,026fde9,2026-09-08T02:07:34Z
GUERNSEY HENRIETTA,GUERNSEY - HENRIETTA,KINGS,PGAE,0.0,0.0,0.0,0.0,0.0,0.0,0.0,0.0,0.0,3.0,89.8,70.879997,1.0,70.0,70.879997,0.0,0.0,0.0,12.0,0.0,0.0,0.0,,,,0.0,0.0,0.0,0.0,0.0,0.0,,,36.2421264,-119.9028971,Henrietta Substation,0.7,line-one-end,publicqueuereport.xlsx+cluster15.xlsx,2026-09-07,026fde9,2026-09-08T02:07:34Z
GWF HANFORD,GWF HANFORD,KINGS,PGAE,0.0,0.0,0.0,0.0,0.0,0.0,1.0,32.0,32.7,0.0,0.0,0.0,0.0,0.0,0.0,0.0,0.0,0.0,0.0,0.0,0.0,0.0,0.0,0.0,,0.0,0.0,0.0,0.0,0.0,0.0,,,36.1413374,-119.9028971,median of located nodes in KINGS,0.3,county-centroid,publicqueuereport.xlsx+cluster15.xlsx,2026-09-07,026fde9,2026-09-08T02:07:34Z
FRIARS,FRIARS SUBSTATION,SAN DIEGO,SDGE,0.0,0.0,0.0,0.0,0.0,0.0,0.0,0.0,0.0,1.0,50.0,51.099,1.0,50.0,51.099,0.0,0.0,0.0,0.0,0.0,0.0,0.0,,,,0.0,0.0,0.0,0.0,0.0,0.0,,,32.7717391,-117.1644077,Friars Substation,1.0,exact,publicqueuereport.xlsx+cluster15.xlsx,2026-09-07,026fde9,2026-09-08T02:07:34Z
FORT BRAGG,FORT BRAGG SUBSTATION,MENDOCINO,PGAE,0.0,0.0,0.0,0.0,0.0,0.0,0.0,0.0,0.0,1.0,40.0,0.0,0.0,0.0,0.0,0.0,0.0,0.0,0.0,0.0,0.0,0.0,,,,0.0,0.0,0.0,0.0,0.0,0.0,,,,,,0.74,none,publicqueuereport.xlsx+cluster15.xlsx,2026-09-07,026fde9,2026-09-08T02:07:34Z
IVANPAH,IVANPAH SUBSTATION,SAN BERNARDINO,SCE,0.0,0.0,0.0,0.0,0.0,0.0,1.0,132.0,0.0,2.0,450.0,0.0,0.0,0.0,0.0,0.0,0.0,0.0,0.0,0.0,0.0,0.0,,3.41,,0.0,0.0,0.0,0.0,0.0,0.0,,,35.5444422,-115.4687507,Ivanpah Substation,1.0,exact,publicqueuereport.xlsx+cluster15.xlsx,2026-09-07,026fde9,2026-09-08T02:07:34Z
FMC,FMC SUBSTATION,SANTA CLARA,PGAE,0.0,0.0,0.0,0.0,0.0,0.0,0.0,0.0,0.0,2.0,170.0,172.2,1.0,150.0,152.2,0.0,0.0,0.0,0.0,0.0,0.0,0.0,,,,0.0,0.0,0.0,0.0,0.0,0.0,,,37.3472911,-121.921986,FMC Substation,1.0,exact,publicqueuereport.xlsx+cluster15.xlsx,2026-09-07,026fde9,2026-09-08T02:07:34Z
EL SEGUNDO,EL SEGUNDO,LOS ANGELES,SCE,0.0,0.0,0.0,0.0,0.0,0.0,1.0,570.0,0.0,1.0,435.0,0.0,0.0,0.0,0.0,0.0,0.0,0.0,435.0,0.0,0.0,0.0,,0.76,,0.0,0.0,0.0,0.0,0.0,0.0,,,34.47440665,-118.2627298,median of located nodes in LOS ANGELES,0.3,county-centroid,publicqueuereport.xlsx+cluster15.xlsx,2026-09-07,026fde9,2026-09-08T02:07:34Z
EL SEQUNDO,EL SEQUNDO,LOS ANGELES,SCE,0.0,0.0,0.0,0.0,0.0,0.0,0.0,0.0,0.0,1.0,200.0,0.0,0.0,0.0,0.0,0.0,0.0,0.0,0.0,0.0,0.0,0.0,,,,0.0,0.0,0.0,0.0,0.0,0.0,,,34.47440665,-118.2627298,median of located nodes in LOS ANGELES,0.3,county-centroid,publicqueuereport.xlsx+cluster15.xlsx,2026-09-07,026fde9,2026-09-08T02:07:34Z
ELDORADO 500,ELDORADO 500/,CLARK,SCE,0.0,0.0,0.0,0.0,0.0,0.0,0.0,0.0,0.0,1.0,591.0,0.0,0.0,0.0,0.0,0.0,0.0,0.0,0.0,0.0,0.0,0.0,,,,0.0,0.0,0.0,0.0,0.0,0.0,,,35.79368145,-115.12508027499999,median of located nodes in CLARK,0.3,county-centroid,publicqueuereport.xlsx+cluster15.xlsx,2026-09-07,026fde9,2026-09-08T02:07:34Z
ELDORADO BAKER COOL WATER DUNN SIDING MOUNTAIN PASS,ELDORADO-BAKER-COOL WATER-DUNN SIDING-MOUNTAIN PASS,SAN BERNARDINO,SCE,0.0,0.0,0.0,0.0,0.0,0.0,2.0,258.0,0.0,2.0,600.0,0.0,0.0,0.0,0.0,0.0,0.0,0.0,0.0,0.0,0.0,0.0,,2.33,,0.0,0.0,0.0,0.0,0.0,0.0,,,35.538117,-115.54146245,Eldorado Substation | Baker Substation,1.0,line-midpoint,publicqueuereport.xlsx+cluster15.xlsx,2026-09-07,026fde9,2026-09-08T02:07:34Z
ELDORADO BAKER COOLWATER DUNN SIDING MOUNTAIN PASS,ELDORADO-BAKER- COOLWATER-DUNN SIDING-MOUNTAIN PASS,SAN BERNARDINO,SCE,0.0,0.0,0.0,0.0,0.0,0.0,0.0,0.0,0.0,1.0,80.0,0.0,0.0,0.0,0.0,0.0,0.0,0.0,0.0,0.0,0.0,0.0,,,,0.0,0.0,0.0,0.0,0.0,0.0,,,35.538117,-115.54146245,Eldorado Substation | Baker Substation,1.0,line-midpoint,publicqueuereport.xlsx+cluster15.xlsx,2026-09-07,026fde9,2026-09-08T02:07:34Z
ELDORADO IVANPAH,ELDORADO-IVANPAH,CLARK,SCE,0.0,0.0,0.0,0.0,0.0,0.0,2.0,250.0,200.0,0.0,0.0,0.0,0.0,0.0,0.0,0.0,0.0,0.0,0.0,0.0,0.0,0.0,0.0,0.0,,0.0,0.0,0.0,0.0,0.0,0.0,,,35.67088875,-115.23861504999999,Eldorado Substation | Ivanpah Substation,1.0,line-midpoint,publicqueuereport.xlsx+cluster15.xlsx,2026-09-07,026fde9,2026-09-08T02:07:34Z
ELDORADO NCP MERCHANT,ELDORADO SWITCHYARD,CLARK,SCE,0.0,0.0,0.0,0.0,0.0,0.0,0.0,0.0,0.0,1.0,634.0,0.0,0.0,0.0,0.0,0.0,0.0,0.0,0.0,0.0,0.0,0.0,,,,0.0,0.0,0.0,0.0,0.0,0.0,,,35.7973353,-115.0084794,Eldorado Substation,1.0,exact,publicqueuereport.xlsx+cluster15.xlsx,2026-09-07,026fde9,2026-09-08T02:07:34Z
ELDORADO PISGAH,ELDORADO-PISGAH #2,SAN BERNARDINO,SCE,0.0,0.0,0.0,0.0,0.0,0.0,0.0,0.0,0.0,1.0,20.0,0.0,0.0,0.0,0.0,0.0,0.0,0.0,0.0,0.0,0.0,0.0,,,,0.0,0.0,0.0,0.0,0.0,0.0,,,35.289508850000004,-115.69658749999999,Eldorado Substation | Pisgah Switchyard,1.0,line-midpoint,publicqueuereport.xlsx+cluster15.xlsx,2026-09-07,026fde9,2026-09-08T02:07:34Z
ELDORADO SUBSATION,ELDORADO SUBSATION,CLARK,SCE,0.0,0.0,0.0,0.0,0.0,0.0,0.0,0.0,0.0,1.0,240.0,0.0,0.0,0.0,0.0,0.0,0.0,0.0,0.0,0.0,0.0,0.0,,,,0.0,0.0,0.0,0.0,0.0,0.0,,,35.79368145,-115.12508027499999,median of located nodes in CLARK,0.3,county-centroid,publicqueuereport.xlsx+cluster15.xlsx,2026-09-07,026fde9,2026-09-08T02:07:34Z
ELK CREEK,ELK CREEK,GLENN,PGAE,0.0,0.0,0.0,0.0,0.0,0.0,0.0,0.0,0.0,2.0,38.0,0.0,0.0,0.0,0.0,0.0,0.0,0.0,20.0,0.0,0.0,0.0,,,,0.0,0.0,0.0,0.0,0.0,0.0,,,,,,0.5,none,publicqueuereport.xlsx+cluster15.xlsx,2026-09-07,026fde9,2026-09-08T02:07:34Z
ELK GUALALA,ELK-GUALALA,MENDOCINO,PGAE,0.0,0.0,0.0,0.0,0.0,0.0,0.0,0.0,0.0,1.0,30.0,30.58,0.0,0.0,0.0,0.0,0.0,0.0,0.0,0.0,0.0,0.0,,,,0.0,0.0,0.0,0.0,0.0,0.0,,,39.1293206,-123.7117919,Elk Substation,0.7,line-one-end,publicqueuereport.xlsx+cluster15.xlsx,2026-09-07,026fde9,2026-09-08T02:07:34Z
ELK HILLS TAFT,ELK HILLS TAFT,KERN,PGAE,0.0,0.0,0.0,0.0,0.0,0.0,0.0,0.0,0.0,1.0,20.0,0.0,0.0,0.0,0.0,0.0,0.0,0.0,0.0,0.0,0.0,0.0,,,,0.0,0.0,0.0,0.0,0.0,0.0,,,35.2460173,-118.975825,median of located nodes in KERN,0.3,county-centroid,publicqueuereport.xlsx+cluster15.xlsx,2026-09-07,026fde9,2026-09-08T02:07:34Z
ELLIS,ELLIS SUBSTATION,ORANGE,SCE,0.0,0.0,0.0,0.0,0.0,0.0,0.0,0.0,0.0,1.0,200.0,203.41,0.0,0.0,0.0,0.0,0.0,0.0,0.0,0.0,0.0,0.0,,,,0.0,0.0,0.0,0.0,0.0,0.0,,,33.6852045,-117.9431126,Ellis Substation,1.0,exact,publicqueuereport.xlsx+cluster15.xlsx,2026-09-07,026fde9,2026-09-08T02:07:34Z
ELLIS SANTIAGO,ELLIS-SANTIAGO LINE,ORANGE,SCE,0.0,0.0,0.0,0.0,0.0,0.0,0.0,0.0,0.0,3.0,1121.4,236.0,0.0,0.0,0.0,0.0,0.0,0.0,0.0,0.0,0.0,0.0,,,,0.0,0.0,0.0,0.0,0.0,0.0,,,33.675063800000004,-117.85583555,Ellis Substation | Santiago Substation,1.0,line-midpoint,publicqueuereport.xlsx+cluster15.xlsx,2026-09-07,026fde9,2026-09-08T02:07:34Z
ENCINA,ENCINA SUBSTATION,SAN DIEGO,SDGE,0.0,0.0,0.0,0.0,0.0,0.0,2.0,316.8,0.0,5.0,1501.0,604.3999200000001,2.0,460.0,464.39992,0.0,0.0,0.0,460.0,0.0,0.0,0.0,,4.74,,1.0,300.0,0.0,300.0,0.0,0.0,,,32.90258,-117.1167373,median of located nodes in SAN DIEGO,0.3,county-centroid,publicqueuereport.xlsx+cluster15.xlsx,2026-09-07,026fde9,2026-09-08T02:07:34Z
EVERGREEN,EVERGREEN,SANTA CLARA,PGAE,0.0,0.0,0.0,0.0,0.0,0.0,0.0,0.0,0.0,2.0,115.0,115.8,1.0,95.0,95.8,0.0,0.0,0.0,95.0,0.0,0.0,0.0,,,,0.0,0.0,0.0,0.0,0.0,0.0,,,37.3031783,-121.8408334,Evergreen Substation,1.0,exact,publicqueuereport.xlsx+cluster15.xlsx,2026-09-07,026fde9,2026-09-08T02:07:34Z
EXCELSIOR LOCATED ON THE PANOCHE SCHINDLER 2,EXCELSIOR SWITCHING STATION LOCATED ON THE PANOCHE-SCHINDLER NO.1 & 2,FRESNO,PGAE,0.0,0.0,0.0,0.0,0.0,0.0,0.0,0.0,0.0,1.0,80.77,20.7,0.0,0.0,0.0,0.0,0.0,0.0,0.0,0.0,0.0,0.0,,,,0.0,0.0,0.0,0.0,0.0,0.0,,,36.587580525,-120.1256622,median of located nodes in FRESNO,0.3,county-centroid,publicqueuereport.xlsx+cluster15.xlsx,2026-09-07,026fde9,2026-09-08T02:07:34Z
EXCHEQUER LEGRAND,EXCHEQUER-LEGRAND,MARIPOSA,PGAE,0.0,0.0,0.0,0.0,0.0,0.0,0.0,0.0,0.0,1.0,110.0,0.0,0.0,0.0,0.0,0.0,0.0,0.0,0.0,0.0,0.0,0.0,,,,0.0,0.0,0.0,0.0,0.0,0.0,,,,,,0.71,none,publicqueuereport.xlsx+cluster15.xlsx,2026-09-07,026fde9,2026-09-08T02:07:34Z
EXISTING RADIAL GEN TIE TO TL6929,EXISTING RADIAL,SAN DIEGO,SDGE,0.0,0.0,0.0,0.0,0.0,0.0,0.0,0.0,0.0,1.0,93.0,0.0,0.0,0.0,0.0,0.0,0.0,0.0,93.0,0.0,0.0,0.0,,,,0.0,0.0,0.0,0.0,0.0,0.0,,,32.90258,-117.1167373,median of located nodes in SAN DIEGO,0.3,county-centroid,publicqueuereport.xlsx+cluster15.xlsx,2026-09-07,026fde9,2026-09-08T02:07:34Z
FAIRHAVEN,FAIRHAVEN SUBSTATION,HUMBOLDT,PGAE,0.0,0.0,0.0,0.0,0.0,0.0,0.0,0.0,0.0,1.0,40.0,0.0,0.0,0.0,0.0,0.0,0.0,0.0,0.0,0.0,0.0,0.0,,,,0.0,0.0,0.0,0.0,0.0,0.0,,,41.2272733,-115.9399678,median of located nodes in HUMBOLDT,0.3,county-centroid,publicqueuereport.xlsx+cluster15.xlsx,2026-09-07,026fde9,2026-09-08T02:07:34Z
FAMOSO,FAMOSO SUBSTATION,KERN,PGAE,0.0,0.0,0.0,0.0,0.0,0.0,0.0,0.0,0.0,3.0,174.9,0.0,0.0,0.0,0.0,0.0,0.0,0.0,0.0,0.0,0.0,0.0,,,,0.0,0.0,0.0,0.0,0.0,0.0,,,35.2460173,-118.975825,median of located nodes in KERN,0.3,county-centroid,publicqueuereport.xlsx+cluster15.xlsx,2026-09-07,026fde9,2026-09-08T02:07:34Z
FIBREBOARD,FIBREBOARD TAP,CONTRA COSTA,PGAE,0.0,0.0,0.0,0.0,0.0,0.0,0.0,0.0,0.0,1.0,160.0,165.048,1.0,160.0,165.048,0.0,0.0,0.0,0.0,0.0,0.0,0.0,,,,0.0,0.0,0.0,0.0,0.0,0.0,,,37.9454586,-121.8959532,median of located nodes in CONTRA COSTA,0.3,county-centroid,publicqueuereport.xlsx+cluster15.xlsx,2026-09-07,026fde9,2026-09-08T02:07:34Z
FIVE POINTS,FIVE POINTS SUBSTATION,FRESNO,PGAE,0.0,0.0,0.0,0.0,0.0,0.0,0.0,0.0,0.0,1.0,60.0,10.45,1.0,60.0,10.45,0.0,0.0,0.0,60.0,0.0,0.0,0.0,,,,0.0,0.0,0.0,0.0,0.0,0.0,,,36.587580525,-120.1256622,median of located nodes in FRESNO,0.3,county-centroid,publicqueuereport.xlsx+cluster15.xlsx,2026-09-07,026fde9,2026-09-08T02:07:34Z
HALF MOON BAY,HALF MOON BAY SUBSTATION,SAN MATEO,PGAE,0.0,0.0,0.0,0.0,0.0,0.0,0.0,0.0,0.0,1.0,20.0,22.99,0.0,0.0,0.0,0.0,0.0,0.0,0.0,0.0,0.0,0.0,,,,0.0,0.0,0.0,0.0,0.0,0.0,,,37.4689833,-122.4302864,Half Moon Bay Substation,1.0,exact,publicqueuereport.xlsx+cluster15.xlsx,2026-09-07,026fde9,2026-09-08T02:07:34Z
HALSEY,HALSEY SUBSTATION,PLACER,PGAE,0.0,0.0,0.0,0.0,0.0,0.0,0.0,0.0,0.0,2.0,31.0,0.0,0.0,0.0,0.0,0.0,0.0,0.0,0.0,0.0,0.0,0.0,,,,0.0,0.0,0.0,0.0,0.0,0.0,,,38.835742825,-121.335965725,median of located nodes in PLACER,0.3,county-centroid,publicqueuereport.xlsx+cluster15.xlsx,2026-09-07,026fde9,2026-09-08T02:07:34Z
HAMMOND,HAMMOND SUB,FRESNO,PGAE,0.0,0.0,0.0,0.0,0.0,0.0,0.0,0.0,0.0,1.0,90.0,0.0,0.0,0.0,0.0,0.0,0.0,0.0,0.0,0.0,0.0,0.0,,,,0.0,0.0,0.0,0.0,0.0,0.0,,,36.587580525,-120.1256622,median of located nodes in FRESNO,0.3,county-centroid,publicqueuereport.xlsx+cluster15.xlsx,2026-09-07,026fde9,2026-09-08T02:07:34Z
HANFORD,HANFORD SWITCHYARD,KINGS,PGAE,0.0,0.0,0.0,0.0,0.0,0.0,0.0,0.0,0.0,2.0,126.0,0.0,0.0,0.0,0.0,0.0,0.0,0.0,27.0,0.0,0.0,0.0,,,,0.0,0.0,0.0,0.0,0.0,0.0,,,36.3235784,-119.6488609,Hanford Substation,1.0,exact,publicqueuereport.xlsx+cluster15.xlsx,2026-09-07,026fde9,2026-09-08T02:07:34Z
HERNDON KEARNEY,HERNDON - KEARNEY,FRESNO,PGAE,0.0,0.0,0.0,0.0,0.0,0.0,0.0,0.0,0.0,1.0,200.6,0.0,0.0,0.0,0.0,0.0,0.0,0.0,200.6,0.0,0.0,0.0,,,,0.0,0.0,0.0,0.0,0.0,0.0,,,36.8446681,-119.922563,Herndon Substation,0.7,line-one-end,publicqueuereport.xlsx+cluster15.xlsx,2026-09-07,026fde9,2026-09-08T02:07:34Z
HIGH WINDS CONTRA COSTA,HIGH WINDS/CONTRA COSTA PP,SOLANO,PGAE,0.0,0.0,0.0,0.0,0.0,0.0,1.0,150.0,0.0,0.0,0.0,0.0,0.0,0.0,0.0,0.0,0.0,0.0,0.0,0.0,0.0,0.0,,0.0,,0.0,0.0,0.0,0.0,0.0,0.0,,,38.2214947,-121.83932625,median of located nodes in SOLANO,0.3,county-centroid,publicqueuereport.xlsx+cluster15.xlsx,2026-09-07,026fde9,2026-09-08T02:07:34Z
HIGHWIND,HIGHWIND SUBSTATION,KERN,SCE,0.0,0.0,0.0,0.0,0.0,0.0,1.0,162.0,0.0,17.0,3659.8,1158.8,2.0,450.0,457.82,0.0,0.0,0.0,703.4,0.0,0.0,0.0,,22.59,,0.0,0.0,0.0,0.0,0.0,0.0,,,35.2460173,-118.975825,median of located nodes in KERN,0.3,county-centroid,publicqueuereport.xlsx+cluster15.xlsx,2026-09-07,026fde9,2026-09-08T02:07:34Z
HIGHWIND WINDHUB,HIGHWIND-WINDHUB,KERN,SCE,0.0,0.0,0.0,0.0,0.0,0.0,0.0,0.0,0.0,1.0,1100.0,0.0,0.0,0.0,0.0,0.0,0.0,0.0,0.0,0.0,0.0,0.0,,,,0.0,0.0,0.0,0.0,0.0,0.0,,,35.0349893,-118.2808562,Windhub Substation,0.7,line-one-end,publicqueuereport.xlsx+cluster15.xlsx,2026-09-07,026fde9,2026-09-08T02:07:34Z
HILLSDALE HALF MOON BAY,HILLSDALE JUNCTION-HALF MOON BAY,SAN MATEO,PGAE,0.0,0.0,0.0,0.0,0.0,0.0,1.0,12.6,0.0,0.0,0.0,0.0,0.0,0.0,0.0,0.0,0.0,0.0,0.0,0.0,0.0,0.0,,0.0,,0.0,0.0,0.0,0.0,0.0,0.0,,,37.497030249999995,-122.39329565,Hillsdale Junction | Half Moon Bay Substation,1.0,line-midpoint,publicqueuereport.xlsx+cluster15.xlsx,2026-09-07,026fde9,2026-09-08T02:07:34Z
HOLLISTER,HOLLISTER SUBSTATION,SAN BENITO,PGAE,0.0,0.0,0.0,0.0,0.0,0.0,0.0,0.0,0.0,1.0,110.0,114.5529,1.0,110.0,114.5529,0.0,0.0,0.0,0.0,0.0,0.0,0.0,,,,0.0,0.0,0.0,0.0,0.0,0.0,,,36.8627977,-121.4062132,Hollister Substation,1.0,exact,publicqueuereport.xlsx+cluster15.xlsx,2026-09-07,026fde9,2026-09-08T02:07:34Z
HONEY LAKE,HONEY LAKE SUBSTATION,LASSEN,PGAE,0.0,0.0,0.0,0.0,0.0,0.0,0.0,0.0,0.0,1.0,20.0,0.0,0.0,0.0,0.0,0.0,0.0,0.0,0.0,0.0,0.0,0.0,,,,0.0,0.0,0.0,0.0,0.0,0.0,,,40.3682671,-120.2648492,Honey Lake Substation,1.0,exact,publicqueuereport.xlsx+cluster15.xlsx,2026-09-07,026fde9,2026-09-08T02:07:34Z
HOODOO WASH HASSAYAMPA,HOODOO WASH - HASSAYAMPA,MARICOPA,SDGE,0.0,0.0,0.0,0.0,0.0,0.0,0.0,0.0,0.0,1.0,800.0,823.85,1.0,800.0,823.85,0.0,0.0,0.0,800.0,0.0,0.0,0.0,,,,0.0,0.0,0.0,0.0,0.0,0.0,,,,,,0.63,none,publicqueuereport.xlsx+cluster15.xlsx,2026-09-07,026fde9,2026-09-08T02:07:34Z
HUMBOLDT,HUMBOLDT,HUMBOLDT,PGAE,0.0,0.0,0.0,0.0,0.0,0.0,1.0,146.4,0.0,1.0,156.0,0.0,1.0,156.0,0.0,0.0,0.0,0.0,156.0,0.0,0.0,0.0,,1.07,,0.0,0.0,0.0,0.0,0.0,0.0,,,41.2272733,-115.9399678,Humboldt,1.0,exact,publicqueuereport.xlsx+cluster15.xlsx,2026-09-07,026fde9,2026-09-08T02:07:34Z
HUMBOLDT BAY,HUMBOLDT BAY POWER PLANT SUB,HUMBOLDT,PGAE,0.0,0.0,0.0,0.0,0.0,0.0,0.0,0.0,0.0,1.0,147.0,0.0,0.0,0.0,0.0,0.0,0.0,0.0,0.0,0.0,0.0,0.0,,,,0.0,0.0,0.0,0.0,0.0,0.0,,,41.2272733,-115.9399678,median of located nodes in HUMBOLDT,0.3,county-centroid,publicqueuereport.xlsx+cluster15.xlsx,2026-09-07,026fde9,2026-09-08T02:07:34Z
HUMBOLDT BAY HUMBOLDT,HUMBOLDT BAY-HUMBOLDT #1,HUMBOLDT,PGAE,0.0,0.0,0.0,0.0,0.0,0.0,0.0,0.0,0.0,1.0,166.5,0.0,0.0,0.0,0.0,0.0,0.0,0.0,0.0,0.0,0.0,0.0,,,,0.0,0.0,0.0,0.0,0.0,0.0,,,41.2272733,-115.9399678,Humboldt,0.7,line-one-end,publicqueuereport.xlsx+cluster15.xlsx,2026-09-07,026fde9,2026-09-08T02:07:34Z
HUMBOLDT BRIDGEVILLE,HUMBOLDT-BRIDGEVILLE,HUMBOLDT,PGAE,0.0,0.0,0.0,0.0,0.0,0.0,0.0,0.0,0.0,1.0,72.0,0.0,0.0,0.0,0.0,0.0,0.0,0.0,0.0,0.0,0.0,0.0,,,,0.0,0.0,0.0,0.0,0.0,0.0,,,41.2272733,-115.9399678,Humboldt,0.7,line-one-end,publicqueuereport.xlsx+cluster15.xlsx,2026-09-07,026fde9,2026-09-08T02:07:34Z
HUNTINGTON BEACH,HUNTINGTON BEACH SWITCHING STATION,ORANGE,SCE,0.0,0.0,0.0,0.0,0.0,0.0,0.0,0.0,0.0,2.0,997.9300000000001,0.0,0.0,0.0,0.0,0.0,0.0,0.0,938.61,0.0,0.0,0.0,,,,0.0,0.0,0.0,0.0,0.0,0.0,,,33.6709714,-117.7316303,median of located nodes in ORANGE,0.3,county-centroid,publicqueuereport.xlsx+cluster15.xlsx,2026-09-07,026fde9,2026-09-08T02:07:34Z
HURON,HURON SUBSTATION,FRESNO,PGAE,0.0,0.0,0.0,0.0,0.0,0.0,0.0,0.0,0.0,2.0,191.74,100.93,1.0,100.0,100.93,0.0,0.0,0.0,0.0,0.0,0.0,0.0,,,,0.0,0.0,0.0,0.0,0.0,0.0,,,36.587580525,-120.1256622,median of located nodes in FRESNO,0.3,county-centroid,publicqueuereport.xlsx+cluster15.xlsx,2026-09-07,026fde9,2026-09-08T02:07:34Z
IGNACIO,IGNACIO,MARIN,PGAE,0.0,0.0,0.0,0.0,0.0,0.0,0.0,0.0,0.0,2.0,600.0,619.04321,1.0,300.0,313.79321,0.0,0.0,0.0,300.0,0.0,0.0,0.0,,,,0.0,0.0,0.0,0.0,0.0,0.0,,,38.0767942,-122.5403588,Ignacio Substation,1.0,exact,publicqueuereport.xlsx+cluster15.xlsx,2026-09-07,026fde9,2026-09-08T02:07:34Z
IMPERIAL VALLEY 230 KV,IMPERIAL VALLEY 230-KV SUBSTATION,IMPERIAL,SDGE,0.0,0.0,0.0,0.0,0.0,0.0,0.0,0.0,0.0,1.0,510.0,0.0,0.0,0.0,0.0,0.0,0.0,0.0,0.0,0.0,0.0,0.0,,,,0.0,0.0,0.0,0.0,0.0,0.0,,,32.7179069,-115.7155553,Imperial Valley Substation,0.88,fuzzy,publicqueuereport.xlsx+cluster15.xlsx,2026-09-07,026fde9,2026-09-08T02:07:34Z
IMPERIAL VALLEY MIGUEL,IMPERIAL VALLEY - MIGUEL,BAJA CALIFORNIA,SDGE,0.0,0.0,0.0,0.0,0.0,0.0,0.0,0.0,0.0,1.0,500.0,0.0,0.0,0.0,0.0,0.0,0.0,0.0,0.0,0.0,0.0,0.0,,,,0.0,0.0,0.0,0.0,0.0,0.0,,,32.6984666,-116.34969875,Imperial Valley Substation | Miguel Substation,1.0,line-midpoint,publicqueuereport.xlsx+cluster15.xlsx,2026-09-07,026fde9,2026-09-08T02:07:34Z
IMPERIAL VALLEY MIGUEL TRANS,,SAN DIEGO,SDGE,0.0,0.0,0.0,0.0,0.0,0.0,0.0,0.0,0.0,1.0,300.0,0.0,0.0,0.0,0.0,0.0,0.0,0.0,0.0,0.0,0.0,0.0,,,,0.0,0.0,0.0,0.0,0.0,0.0,,,32.90258,-117.1167373,median of located nodes in SAN DIEGO,0.3,county-centroid,publicqueuereport.xlsx+cluster15.xlsx,2026-09-07,026fde9,2026-09-08T02:07:34Z
INTERCONNECTION ON SITE,INTERCONNECTION ON SITE,SAN DIEGO,SDGE,0.0,0.0,0.0,0.0,0.0,0.0,0.0,0.0,0.0,1.0,99.0,0.0,0.0,0.0,0.0,0.0,0.0,0.0,0.0,0.0,0.0,0.0,,,,0.0,0.0,0.0,0.0,0.0,0.0,,,32.90258,-117.1167373,median of located nodes in SAN DIEGO,0.3,county-centroid,publicqueuereport.xlsx+cluster15.xlsx,2026-09-07,026fde9,2026-09-08T02:07:34Z
INYOKERN,INYOKERN SUBSTATION,INYO,SCE,0.0,0.0,0.0,0.0,0.0,0.0,0.0,0.0,0.0,3.0,415.0,0.0,1.0,150.0,0.0,1.0,150.0,0.0,265.0,0.0,0.0,0.0,,,0.0,0.0,0.0,0.0,0.0,0.0,0.0,,,35.6526475,-117.7958919,Inyokern Substation,1.0,exact,publicqueuereport.xlsx+cluster15.xlsx,2026-09-07,026fde9,2026-09-08T02:07:34Z
INYOKERN RANDSBURG,INYOKERN-RANDSBURG,KERN,SCE,0.0,0.0,0.0,0.0,0.0,0.0,0.0,0.0,0.0,1.0,200.0,202.98,0.0,0.0,0.0,0.0,0.0,0.0,0.0,0.0,0.0,0.0,,,,0.0,0.0,0.0,0.0,0.0,0.0,,,35.6526475,-117.7958919,Inyokern Substation,0.7,line-one-end,publicqueuereport.xlsx+cluster15.xlsx,2026-09-07,026fde9,2026-09-08T02:07:34Z
INYOKERN SUBSTATION115 KV,INYOKERN SUBSTATION,KERN,SCE,0.0,0.0,0.0,0.0,0.0,0.0,0.0,0.0,0.0,1.0,40.0,0.0,0.0,0.0,0.0,0.0,0.0,0.0,0.0,0.0,0.0,0.0,,,,0.0,0.0,0.0,0.0,0.0,0.0,,,35.6526475,-117.7958919,Inyokern Substation,1.0,exact,publicqueuereport.xlsx+cluster15.xlsx,2026-09-07,026fde9,2026-09-08T02:07:34Z
IRON MOUNTAIN,IRON MOUNTAIN SUBSTATION,SAN BERNARDINO,SCE,0.0,0.0,0.0,0.0,0.0,0.0,0.0,0.0,0.0,1.0,250.0,0.0,0.0,0.0,0.0,0.0,0.0,0.0,0.0,0.0,0.0,0.0,,,,0.0,0.0,0.0,0.0,0.0,0.0,,,36.3225741,-115.2082305,Iron Mountain Substation,1.0,exact,publicqueuereport.xlsx+cluster15.xlsx,2026-09-07,026fde9,2026-09-08T02:07:34Z
HERDLYN TRACY LONG 121 577185 LAT 37 800654,HERDLYN - TRACY,ALAMEDA,PGAE,0.0,0.0,0.0,0.0,0.0,0.0,0.0,0.0,0.0,1.0,38.5,20.5,0.0,0.0,0.0,0.0,0.0,0.0,0.0,0.0,0.0,0.0,,,,0.0,0.0,0.0,0.0,0.0,0.0,,,37.7979179,-121.5807052,Tracy Substation,0.7,line-one-end,publicqueuereport.xlsx+cluster15.xlsx,2026-09-07,026fde9,2026-09-08T02:07:34Z
HERDLYN TRACY,HERDLYN-TRACY LINE,ALAMEDA,PGAE,0.0,0.0,0.0,0.0,0.0,0.0,0.0,0.0,0.0,1.0,37.7,20.5,0.0,0.0,0.0,0.0,0.0,0.0,0.0,0.0,0.0,0.0,,,,0.0,0.0,0.0,0.0,0.0,0.0,,,37.7979179,-121.5807052,Tracy Substation,0.7,line-one-end,publicqueuereport.xlsx+cluster15.xlsx,2026-09-07,026fde9,2026-09-08T02:07:34Z
HERDLYN BALFOUR,HERDLYN-BALFOUR,CONTRA COSTA,PGAE,0.0,0.0,0.0,0.0,0.0,0.0,0.0,0.0,0.0,1.0,100.0,50.8,1.0,100.0,50.8,0.0,0.0,0.0,0.0,0.0,0.0,0.0,,,,0.0,0.0,0.0,0.0,0.0,0.0,,,37.9454586,-121.8959532,median of located nodes in CONTRA COSTA,0.3,county-centroid,publicqueuereport.xlsx+cluster15.xlsx,2026-09-07,026fde9,2026-09-08T02:07:34Z
HELM FIREBAUGH,HELM-FIREBAUGH,FRESNO,PGAE,0.0,0.0,0.0,0.0,0.0,0.0,0.0,0.0,0.0,1.0,247.0,0.0,0.0,0.0,0.0,0.0,0.0,0.0,0.0,0.0,0.0,0.0,,,,0.0,0.0,0.0,0.0,0.0,0.0,,,36.587580525,-120.1256622,median of located nodes in FRESNO,0.3,county-centroid,publicqueuereport.xlsx+cluster15.xlsx,2026-09-07,026fde9,2026-09-08T02:07:34Z
HARBOR COGENERATION FACILITY,HARBOR COGENERATION FACILITY,LOS ANGELES,SCE,0.0,0.0,0.0,0.0,0.0,0.0,0.0,0.0,0.0,1.0,28.0,0.0,0.0,0.0,0.0,0.0,0.0,0.0,0.0,0.0,0.0,0.0,,,,0.0,0.0,0.0,0.0,0.0,0.0,,,34.47440665,-118.2627298,median of located nodes in LOS ANGELES,0.3,county-centroid,publicqueuereport.xlsx+cluster15.xlsx,2026-09-07,026fde9,2026-09-08T02:07:34Z
HARBORGEN,HARBORGEN SUBSTATION,LOS ANGELES,SCE,0.0,0.0,0.0,0.0,0.0,0.0,0.0,0.0,0.0,1.0,220.0,0.0,0.0,0.0,0.0,0.0,0.0,0.0,0.0,0.0,0.0,0.0,,,,0.0,0.0,0.0,0.0,0.0,0.0,,,33.778822,-118.2273435,HarborGen Substation,1.0,exact,publicqueuereport.xlsx+cluster15.xlsx,2026-09-07,026fde9,2026-09-08T02:07:34Z
HARDWICK,HARDWICK,KINGS,PGAE,0.0,0.0,0.0,0.0,0.0,0.0,0.0,0.0,0.0,1.0,13.4,0.0,0.0,0.0,0.0,0.0,0.0,0.0,0.0,0.0,0.0,0.0,,,,0.0,0.0,0.0,0.0,0.0,0.0,,,36.1413374,-119.9028971,median of located nodes in KINGS,0.3,county-centroid,publicqueuereport.xlsx+cluster15.xlsx,2026-09-07,026fde9,2026-09-08T02:07:34Z
HARQUAHALA,HARQUAHALA SUBSTATION,MARICOPA,SCE,0.0,0.0,0.0,0.0,0.0,0.0,0.0,0.0,0.0,2.0,1000.0,0.0,0.0,0.0,0.0,0.0,0.0,0.0,0.0,0.0,0.0,0.0,,,,0.0,0.0,0.0,0.0,0.0,0.0,,,,,,0.59,none,publicqueuereport.xlsx+cluster15.xlsx,2026-09-07,026fde9,2026-09-08T02:07:34Z
HARRY ALLEN ELDORADO,HARRY ALLEN-ELDORADO,LINCOLN,DSLK,0.0,0.0,0.0,0.0,0.0,0.0,0.0,0.0,0.0,2.0,1850.0,1030.1785,2.0,1850.0,1030.1785,0.0,0.0,0.0,0.0,0.0,0.0,0.0,,,,0.0,0.0,0.0,0.0,0.0,0.0,,,36.1123678,-114.95770565000001,Harry Allen Substation | Eldorado Substation,1.0,line-midpoint,publicqueuereport.xlsx+cluster15.xlsx,2026-09-07,026fde9,2026-09-08T02:07:34Z
HASSAYAMPA HOODOO WASH,HASSAYAMPA-HOODOO WASH,YUMA,SDGE,0.0,0.0,0.0,0.0,0.0,0.0,0.0,0.0,0.0,1.0,500.0,514.599,1.0,500.0,514.599,1.0,500.0,514.599,0.0,0.0,0.0,0.0,,,0.0,0.0,0.0,0.0,0.0,0.0,0.0,,,32.7456924,-114.4912811,median of located nodes in YUMA,0.3,county-centroid,publicqueuereport.xlsx+cluster15.xlsx,2026-09-07,026fde9,2026-09-08T02:07:34Z
HASSAYAMPA N GILA,HASSAYAMPA - N. GILA,MARICOPA,SDGE,0.0,0.0,0.0,0.0,0.0,0.0,0.0,0.0,0.0,1.0,250.0,0.0,0.0,0.0,0.0,0.0,0.0,0.0,0.0,0.0,0.0,0.0,,,,0.0,0.0,0.0,0.0,0.0,0.0,,,,,,0.8,none,publicqueuereport.xlsx+cluster15.xlsx,2026-09-07,026fde9,2026-09-08T02:07:34Z
HASSAYAMPA NORTH GILA,HASSAYAMPA-NORTH GILA,YUMA,SDGE,0.0,0.0,0.0,0.0,0.0,0.0,0.0,0.0,0.0,4.0,1476.0,0.0,0.0,0.0,0.0,0.0,0.0,0.0,0.0,0.0,0.0,0.0,,,,0.0,0.0,0.0,0.0,0.0,0.0,,,32.7456924,-114.4912811,North Gila Substation,0.7,line-one-end,publicqueuereport.xlsx+cluster15.xlsx,2026-09-07,026fde9,2026-09-08T02:07:34Z
HELIJET LITTLE ROCK PALMDALE ROCKAIR,HELIJET-LITTLE ROCK-PALMDALE-ROCKAIR,LOS ANGELES,SCE,0.0,0.0,0.0,0.0,0.0,0.0,0.0,0.0,0.0,3.0,250.0,0.0,0.0,0.0,0.0,0.0,0.0,0.0,0.0,0.0,0.0,0.0,,,,0.0,0.0,0.0,0.0,0.0,0.0,,,34.47440665,-118.2627298,median of located nodes in LOS ANGELES,0.3,county-centroid,publicqueuereport.xlsx+cluster15.xlsx,2026-09-07,026fde9,2026-09-08T02:07:34Z
HELM,HELM SUBSTATION,FRESNO,PGAE,0.0,0.0,0.0,0.0,0.0,0.0,0.0,0.0,0.0,6.0,699.75,643.884,2.0,625.0,643.884,0.0,0.0,0.0,54.75,0.0,0.0,0.0,,,,0.0,0.0,0.0,0.0,0.0,0.0,,,36.587580525,-120.1256622,median of located nodes in FRESNO,0.3,county-centroid,publicqueuereport.xlsx+cluster15.xlsx,2026-09-07,026fde9,2026-09-08T02:07:34Z
HELM PANOCHE AND PANOCHE KEARNEY,HELM-PANOCHE,FRESNO,PGAE,0.0,0.0,0.0,0.0,0.0,0.0,1.0,200.0,72.0,0.0,0.0,0.0,0.0,0.0,0.0,0.0,0.0,0.0,0.0,0.0,0.0,0.0,0.0,0.0,,0.0,0.0,0.0,0.0,0.0,0.0,,,36.6523145,-120.5815969,Panoche Substation,0.7,line-one-end,publicqueuereport.xlsx+cluster15.xlsx,2026-09-07,026fde9,2026-09-08T02:07:34Z
HENRIETTA TULARE,HENRIETTA TULARE,KINGS,PGAE,0.0,0.0,0.0,0.0,0.0,0.0,0.0,0.0,0.0,3.0,52.75,0.0,0.0,0.0,0.0,0.0,0.0,0.0,0.0,0.0,0.0,0.0,,,,0.0,0.0,0.0,0.0,0.0,0.0,,,36.1413374,-119.9028971,median of located nodes in KINGS,0.3,county-centroid,publicqueuereport.xlsx+cluster15.xlsx,2026-09-07,026fde9,2026-09-08T02:07:34Z
HELM STROUD,HELM-STROUD SW STA,FRESNO,PGAE,0.0,0.0,0.0,0.0,0.0,0.0,0.0,0.0,0.0,1.0,169.0,0.0,0.0,0.0,0.0,0.0,0.0,0.0,0.0,0.0,0.0,0.0,,,,0.0,0.0,0.0,0.0,0.0,0.0,,,36.587580525,-120.1256622,median of located nodes in FRESNO,0.3,county-centroid,publicqueuereport.xlsx+cluster15.xlsx,2026-09-07,026fde9,2026-09-08T02:07:34Z
HELM VALLEY NITROGEN,TAP HELM-VALLEY NITROGEN,FRESNO,PGAE,0.0,0.0,0.0,0.0,0.0,0.0,0.0,0.0,0.0,1.0,49.0,0.0,0.0,0.0,0.0,0.0,0.0,0.0,0.0,0.0,0.0,0.0,,,,0.0,0.0,0.0,0.0,0.0,0.0,,,36.549599,-120.1113287,Valley Nitrogen,0.7,line-one-end,publicqueuereport.xlsx+cluster15.xlsx,2026-09-07,026fde9,2026-09-08T02:07:34Z
HELMS SCHINDLER,HELMS-SCHINDLER,FRESNO,PGAE,0.0,0.0,0.0,0.0,0.0,0.0,0.0,0.0,0.0,1.0,20.0,0.0,0.0,0.0,0.0,0.0,0.0,0.0,0.0,0.0,0.0,0.0,,,,0.0,0.0,0.0,0.0,0.0,0.0,,,36.587580525,-120.1256622,median of located nodes in FRESNO,0.3,county-centroid,publicqueuereport.xlsx+cluster15.xlsx,2026-09-07,026fde9,2026-09-08T02:07:34Z
HENREITTA GWF,HENREITTA-GWF,KINGS,PGAE,0.0,0.0,0.0,0.0,0.0,0.0,0.0,0.0,0.0,1.0,20.0,0.0,0.0,0.0,0.0,0.0,0.0,0.0,0.0,0.0,0.0,0.0,,,,0.0,0.0,0.0,0.0,0.0,0.0,,,36.1413374,-119.9028971,median of located nodes in KINGS,0.3,county-centroid,publicqueuereport.xlsx+cluster15.xlsx,2026-09-07,026fde9,2026-09-08T02:07:34Z
HENRIETTA GUERNSEY,HENRIETTA-GUERNSEY,KINGS,PGAE,0.0,0.0,0.0,0.0,0.0,0.0,0.0,0.0,0.0,1.0,20.0,0.0,0.0,0.0,0.0,0.0,0.0,0.0,0.0,0.0,0.0,0.0,,,,0.0,0.0,0.0,0.0,0.0,0.0,,,36.2421264,-119.9028971,Henrietta Substation,0.7,line-one-end,publicqueuereport.xlsx+cluster15.xlsx,2026-09-07,026fde9,2026-09-08T02:07:34Z
HENRIETTA GWF,HENRIETTA-GWF,KINGS,PGAE,0.0,0.0,0.0,0.0,0.0,0.0,2.0,113.5,0.0,3.0,60.0,0.0,0.0,0.0,0.0,0.0,0.0,0.0,0.0,0.0,0.0,0.0,,0.53,,0.0,0.0,0.0,0.0,0.0,0.0,,,36.2421264,-119.9028971,Henrietta Substation,0.7,line-one-end,publicqueuereport.xlsx+cluster15.xlsx,2026-09-07,026fde9,2026-09-08T02:07:34Z
HENRIETTA JACOBS CORNER,HENRIETTA-JACOBS CORNER,KINGS,PGAE,0.0,0.0,0.0,0.0,0.0,0.0,1.0,20.0,0.0,0.0,0.0,0.0,0.0,0.0,0.0,0.0,0.0,0.0,0.0,0.0,0.0,0.0,,0.0,,0.0,0.0,0.0,0.0,0.0,0.0,,,36.2421264,-119.9028971,Henrietta Substation,0.7,line-one-end,publicqueuereport.xlsx+cluster15.xlsx,2026-09-07,026fde9,2026-09-08T02:07:34Z
HENRIETTA LEMOORE,HENRIETTA - LEMOORE,KINGS,PGAE,0.0,0.0,0.0,0.0,0.0,0.0,0.0,0.0,0.0,1.0,19.2,0.0,0.0,0.0,0.0,0.0,0.0,0.0,19.2,0.0,0.0,0.0,,,,0.0,0.0,0.0,0.0,0.0,0.0,,,36.2421264,-119.9028971,Henrietta Substation,0.7,line-one-end,publicqueuereport.xlsx+cluster15.xlsx,2026-09-07,026fde9,2026-09-08T02:07:34Z
HENRIETTA LEPRINO FOOD,HENRIETTA-LEPRINO FOOD,KINGS,PGAE,0.0,0.0,0.0,0.0,0.0,0.0,0.0,0.0,0.0,1.0,80.0,0.0,0.0,0.0,0.0,0.0,0.0,0.0,0.0,0.0,0.0,0.0,,,,0.0,0.0,0.0,0.0,0.0,0.0,,,36.2421264,-119.9028971,Henrietta Substation,0.7,line-one-end,publicqueuereport.xlsx+cluster15.xlsx,2026-09-07,026fde9,2026-09-08T02:07:34Z
HENRIETTA SUBSTANTION,HENRIETTA SUBSTANTION,KINGS,PGAE,0.0,0.0,0.0,0.0,0.0,0.0,0.0,0.0,0.0,1.0,97.2,0.0,0.0,0.0,0.0,0.0,0.0,0.0,97.2,0.0,0.0,0.0,,,,0.0,0.0,0.0,0.0,0.0,0.0,,,36.1413374,-119.9028971,median of located nodes in KINGS,0.3,county-centroid,publicqueuereport.xlsx+cluster15.xlsx,2026-09-07,026fde9,2026-09-08T02:07:34Z
ZONDWIND,ZONDWIND SUB,KERN,SCE,0.0,0.0,0.0,0.0,0.0,0.0,0.0,0.0,0.0,1.0,20.0,0.0,0.0,0.0,0.0,0.0,0.0,0.0,0.0,0.0,0.0,0.0,,,,0.0,0.0,0.0,0.0,0.0,0.0,,,35.2460173,-118.975825,median of located nodes in KERN,0.3,county-centroid,publicqueuereport.xlsx+cluster15.xlsx,2026-09-07,026fde9,2026-09-08T02:07:34Z
